,merclng,merclat,locations,latitude,longitude,number,radius,HTML
0,-139635.47344398804,6755913.94771293,University of Oxford,51.7548164,-1.2543668,46.0,24.78868651539773,"<table border=""1"" class=""dataframe"">
  <thead>
    <tr style=""text-align: left;"">
      <th>ISRCTN link</th>
      <th>Title</th>
      <th>Condition category</th>
      <th>Age group</th>
      <th>Target number of participants</th>
    </tr>
  </thead>
  <tbody>
    <tr>
      <td><a href='https://www.isrctn.com/ISRCTN97555789' target='_blank'><div>ISRCTN97555789</div></a></td>
      <td>ProMOTE EMI-137: Prostate Molecular Targeting to Enhance surgery using EMI-...</td>
      <td>Cancer</td>
      <td>Adult</td>
      <td>120</td>
    </tr>
    <tr>
      <td><a href='https://www.isrctn.com/ISRCTN38834571' target='_blank'><div>ISRCTN38834571</div></a></td>
      <td>FUTURE-GB: Functional and ultrasound-guided resection of glioblastoma: asse...</td>
      <td>Cancer</td>
      <td>Adult</td>
      <td>357</td>
    </tr>
    <tr>
      <td><a href='https://www.isrctn.com/ISRCTN60983694' target='_blank'><div>ISRCTN60983694</div></a></td>
      <td>Partial rotator cuff tear repair trial</td>
      <td>Injury, Occupational Diseases, Poisoning</td>
      <td>Adult</td>
      <td>386</td>
    </tr>
    <tr>
      <td><a href='https://www.isrctn.com/ISRCTN17108318' target='_blank'><div>ISRCTN17108318</div></a></td>
      <td>The humeral shaft fracture trial: surgical versus non-surgical intervention...</td>
      <td>Injury, Occupational Diseases, Poisoning</td>
      <td>Adult</td>
      <td>334</td>
    </tr>
    <tr>
      <td><a href='https://www.isrctn.com/ISRCTN14196090' target='_blank'><div>ISRCTN14196090</div></a></td>
      <td>Identifying and investigating abnormal areas on the lung by UV-light</td>
      <td>Respiratory</td>
      <td>Adult</td>
      <td>28</td>
    </tr>
    <tr>
      <td><a href='https://www.isrctn.com/ISRCTN16211574' target='_blank'><div>ISRCTN16211574</div></a></td>
      <td>Microsurgical nerve repair in adult patients with recent traumatic digital ...</td>
      <td>Injury, Occupational Diseases, Poisoning</td>
      <td>Adult</td>
      <td>478</td>
    </tr>
    <tr>
      <td><a href='https://www.isrctn.com/ISRCTN10931294' target='_blank'><div>ISRCTN10931294</div></a></td>
      <td>When children up to 11 years old break the bones in their wrists, do they n...</td>
      <td>Injury, Occupational Diseases, Poisoning</td>
      <td>Child</td>
      <td>750</td>
    </tr>
    <tr>
      <td><a href='https://www.isrctn.com/ISRCTN51601294' target='_blank'><div>ISRCTN51601294</div></a></td>
      <td>Finding brain signals that might guide the delivery of deep brain stimulati...</td>
      <td>Nervous System Diseases</td>
      <td>Adult</td>
      <td>38</td>
    </tr>
    <tr>
      <td><a href='https://www.isrctn.com/ISRCTN19920744' target='_blank'><div>ISRCTN19920744</div></a></td>
      <td>Investigating immune cells in the lungs of people with severe community-acq...</td>
      <td>Respiratory</td>
      <td>Adult</td>
      <td>15</td>
    </tr>
    <tr>
      <td><a href='https://www.isrctn.com/ISRCTN67007305' target='_blank'><div>ISRCTN67007305</div></a></td>
      <td>In younger adults with unstable ankle fractures treated with close contact ...</td>
      <td>Injury, Occupational Diseases, Poisoning</td>
      <td>Adult</td>
      <td>890</td>
    </tr>
    <tr>
      <td><a href='https://www.isrctn.com/ISRCTN15462386' target='_blank'><div>ISRCTN15462386</div></a></td>
      <td>The spinal fusion indications and outcomes randomised trial</td>
      <td>Surgery</td>
      <td>Adult</td>
      <td>60</td>
    </tr>
    <tr>
      <td><a href='https://www.isrctn.com/ISRCTN16619778' target='_blank'><div>ISRCTN16619778</div></a></td>
      <td>Surgery or cast for injuries of the epicondyle in children’s elbows</td>
      <td>Injury, Occupational Diseases, Poisoning</td>
      <td>Adult</td>
      <td>334</td>
    </tr>
    <tr>
      <td><a href='https://www.isrctn.com/ISRCTN40062191' target='_blank'><div>ISRCTN40062191</div></a></td>
      <td>Diabetic peripheral neuropathy treatment with dorsal root ganglion stimulat...</td>
      <td>Nervous System Diseases</td>
      <td>Adult</td>
      <td>56</td>
    </tr>
    <tr>
      <td><a href='https://www.isrctn.com/ISRCTN14040914' target='_blank'><div>ISRCTN14040914</div></a></td>
      <td>NeoCLEAR: optimising lumbar punctures in newborns</td>
      <td>Nervous System Diseases</td>
      <td>Neonate</td>
      <td>1020</td>
    </tr>
    <tr>
      <td><a href='https://www.isrctn.com/ISRCTN44551796' target='_blank'><div>ISRCTN44551796</div></a></td>
      <td>Nail bed INJury Analysis (NINJA)</td>
      <td>Injury, Occupational Diseases, Poisoning</td>
      <td>Child</td>
      <td>416</td>
    </tr>
    <tr>
      <td><a href='https://www.isrctn.com/ISRCTN55305726' target='_blank'><div>ISRCTN55305726</div></a></td>
      <td>WHITE 7 - WHISH – Wound Healing in Surgery for Hip fractures</td>
      <td>Musculoskeletal Diseases</td>
      <td>Adult</td>
      <td>464</td>
    </tr>
    <tr>
      <td><a href='https://www.isrctn.com/ISRCTN90128107' target='_blank'><div>ISRCTN90128107</div></a></td>
      <td>Investigating the use of a new fluorescent compound to identify pre cancero...</td>
      <td>Cancer</td>
      <td>Adult</td>
      <td>50</td>
    </tr>
    <tr>
      <td><a href='https://www.isrctn.com/ISRCTN13706230' target='_blank'><div>ISRCTN13706230</div></a></td>
      <td>A study of two different types of routinely used casts for people who have ...</td>
      <td>Musculoskeletal Diseases</td>
      <td>Adult</td>
      <td>120</td>
    </tr>
    <tr>
      <td><a href='https://www.isrctn.com/ISRCTN11980540' target='_blank'><div>ISRCTN11980540</div></a></td>
      <td>Comparison of surgical procedures for patients with a fracture of the wrist</td>
      <td>Musculoskeletal Diseases</td>
      <td>Adult</td>
      <td>476</td>
    </tr>
    <tr>
      <td><a href='https://www.isrctn.com/ISRCTN92089567' target='_blank'><div>ISRCTN92089567</div></a></td>
      <td>Trial of acute femoral fracture fixation</td>
      <td>Musculoskeletal Diseases</td>
      <td>Adult</td>
      <td>52</td>
    </tr>
    <tr>
      <td><a href='https://www.isrctn.com/ISRCTN92825709' target='_blank'><div>ISRCTN92825709</div></a></td>
      <td>World hip trauma evaluation four</td>
      <td>Musculoskeletal Diseases</td>
      <td>Adult</td>
      <td>1128</td>
    </tr>
    <tr>
      <td><a href='https://www.isrctn.com/ISRCTN16441661' target='_blank'><div>ISRCTN16441661</div></a></td>
      <td>The efficacy of sonographic and biological pleurodesis indicators of malign...</td>
      <td>Cancer</td>
      <td>Adult</td>
      <td>344</td>
    </tr>
    <tr>
      <td><a href='https://www.isrctn.com/ISRCTN15704862' target='_blank'><div>ISRCTN15704862</div></a></td>
      <td>Testing radical prostatectomy in men with oligometastatic prostate cancer t...</td>
      <td>Cancer</td>
      <td>Mixed</td>
      <td>50</td>
    </tr>
    <tr>
      <td><a href='https://www.isrctn.com/ISRCTN12702354' target='_blank'><div>ISRCTN12702354</div></a></td>
      <td>Wound healing in surgical trauma</td>
      <td>Musculoskeletal Diseases</td>
      <td>Adult</td>
      <td>1540</td>
    </tr>
    <tr>
      <td><a href='https://www.isrctn.com/ISRCTN16571591' target='_blank'><div>ISRCTN16571591</div></a></td>
      <td>Nail bed INJury Analysis (NINJA-P)</td>
      <td>Injury, Occupational Diseases, Poisoning</td>
      <td>Child</td>
      <td>60</td>
    </tr>
    <tr>
      <td><a href='https://www.isrctn.com/ISRCTN14286726' target='_blank'><div>ISRCTN14286726</div></a></td>
      <td>Long-term outcomes in children born with abdominal wall defects V1</td>
      <td>Surgery</td>
      <td>Adult</td>
      <td>500</td>
    </tr>
    <tr>
      <td><a href='https://www.isrctn.com/ISRCTN13517704' target='_blank'><div>ISRCTN13517704</div></a></td>
      <td>COmmunity-based Rehabilitation after Knee Arthroplasty (CORKA)</td>
      <td>Musculoskeletal Diseases</td>
      <td>Senior</td>
      <td>635</td>
    </tr>
    <tr>
      <td><a href='https://www.isrctn.com/ISRCTN54992179' target='_blank'><div>ISRCTN54992179</div></a></td>
      <td>PATH2: Platelet rich plasma in Achilles tendon healing</td>
      <td>Musculoskeletal Diseases</td>
      <td>Adult</td>
      <td>230</td>
    </tr>
    <tr>
      <td><a href='https://www.isrctn.com/ISRCTN78082983' target='_blank'><div>ISRCTN78082983</div></a></td>
      <td>Obstructive sleep apnoea and retinal vasculature reactivity</td>
      <td>Nervous System Diseases</td>
      <td>Adult</td>
      <td>50</td>
    </tr>
    <tr>
      <td><a href='https://www.isrctn.com/ISRCTN99760303' target='_blank'><div>ISRCTN99760303</div></a></td>
      <td>Partial prostate Ablation versus Radical prosTatectomy</td>
      <td>Cancer</td>
      <td>Adult</td>
      <td>80</td>
    </tr>
    <tr>
      <td><a href='https://www.isrctn.com/ISRCTN63852508' target='_blank'><div>ISRCTN63852508</div></a></td>
      <td>COPE-POMP: in house pre-implantation oxygenated hypothermic machine perfu...</td>
      <td>Surgery</td>
      <td>Adult</td>
      <td>262</td>
    </tr>
    <tr>
      <td><a href='https://www.isrctn.com/ISRCTN39731134' target='_blank'><div>ISRCTN39731134</div></a></td>
      <td>Work Package 2 (WP2) - Normothermic Liver Perfusion Vs Cold Storage in Live...</td>
      <td>Surgery</td>
      <td>Adult</td>
      <td>260</td>
    </tr>
    <tr>
      <td><a href='https://www.isrctn.com/ISRCTN46280267' target='_blank'><div>ISRCTN46280267</div></a></td>
      <td>Temporal artery biopsy vs ultrasound in diagnosis of giant cell arteritis</td>
      <td>Musculoskeletal Diseases</td>
      <td>Adult</td>
      <td>445</td>
    </tr>
    <tr>
      <td><a href='https://www.isrctn.com/ISRCTN33864128' target='_blank'><div>ISRCTN33864128</div></a></td>
      <td>Can Shoulder Arthroscopy Work: What is the clinical and cost effectiveness ...</td>
      <td>Musculoskeletal Diseases</td>
      <td>Adult</td>
      <td>300</td>
    </tr>
    <tr>
      <td><a href='https://www.isrctn.com/ISRCTN63982700' target='_blank'><div>ISRCTN63982700</div></a></td>
      <td>World Hip Trauma Evaluation</td>
      <td>Injury, Occupational Diseases, Poisoning</td>
      <td>Senior</td>
      <td>6000</td>
    </tr>
    <tr>
      <td><a href='https://www.isrctn.com/ISRCTN70772394' target='_blank'><div>ISRCTN70772394</div></a></td>
      <td>Treating fibroids with either embolisation or myomectomy to measure the eff...</td>
      <td>Urological and Genital Diseases</td>
      <td>Adult</td>
      <td>216</td>
    </tr>
    <tr>
      <td><a href='https://www.isrctn.com/ISRCTN10464365' target='_blank'><div>ISRCTN10464365</div></a></td>
      <td>Platelet rich plasma and rotator cuff tendons</td>
      <td>Injury, Occupational Diseases, Poisoning</td>
      <td>Adult</td>
      <td>34</td>
    </tr>
    <tr>
      <td><a href='https://www.isrctn.com/ISRCTN04180738' target='_blank'><div>ISRCTN04180738</div></a></td>
      <td>Comparison of close contact cast (CCC) technique to open surgical reduction...</td>
      <td>Injury, Occupational Diseases, Poisoning</td>
      <td>Senior</td>
      <td>620</td>
    </tr>
    <tr>
      <td><a href='https://www.isrctn.com/ISRCTN03013488' target='_blank'><div>ISRCTN03013488</div></a></td>
      <td>Total or partial knee arthroplasty trial</td>
      <td>Musculoskeletal Diseases</td>
      <td>Adult</td>
      <td>500</td>
    </tr>
    <tr>
      <td><a href='https://www.isrctn.com/ISRCTN29161170' target='_blank'><div>ISRCTN29161170</div></a></td>
      <td>Coronary artery grafting in high risk patients randomised to off-pump or on...</td>
      <td>Circulatory System</td>
      <td>Adult</td>
      <td>5420</td>
    </tr>
    <tr>
      <td><a href='https://www.isrctn.com/ISRCTN10416500' target='_blank'><div>ISRCTN10416500</div></a></td>
      <td>Conventional positive pressure ventilation or High Frequency Oscillatory Ve...</td>
      <td>Respiratory</td>
      <td>Adult</td>
      <td>1006</td>
    </tr>
    <tr>
      <td><a href='https://www.isrctn.com/ISRCTN21144362' target='_blank'><div>ISRCTN21144362</div></a></td>
      <td>Asymptomatic Carotid Surgery Trial 2: an international randomised trial to ...</td>
      <td>Circulatory System</td>
      <td>Adult</td>
      <td>5000</td>
    </tr>
    <tr>
      <td><a href='https://www.isrctn.com/ISRCTN20472718' target='_blank'><div>ISRCTN20472718</div></a></td>
      <td>Effects of off pump versus on pump coronary surgery on reversible and irrev...</td>
      <td>Circulatory System</td>
      <td>Adult</td>
      <td>50</td>
    </tr>
    <tr>
      <td><a href='https://www.isrctn.com/ISRCTN46552265' target='_blank'><div>ISRCTN46552265</div></a></td>
      <td>Arterial Revascularisation Trial - a randomised trial to compare survival f...</td>
      <td>Circulatory System</td>
      <td>Adult</td>
      <td>3000</td>
    </tr>
    <tr>
      <td><a href='https://www.isrctn.com/ISRCTN26156392' target='_blank'><div>ISRCTN26156392</div></a></td>
      <td>Asymptomatic Carotid Surgery Trial (ACST-1)</td>
      <td>Circulatory System</td>
      <td>Adult</td>
      <td>3120</td>
    </tr>
    <tr>
      <td><a href='https://www.isrctn.com/ISRCTN67566265' target='_blank'><div>ISRCTN67566265</div></a></td>
      <td>A survey of CAesarean section Surgical Techniques</td>
      <td>Surgery</td>
      <td>Not Specified</td>
      <td>0</td>
    </tr>
  </tbody>
</table>"
1,-67739.89163464309,6664057.162404566,Royal Surrey County Hospital NHS Foundation Trust,51.2411243,-0.6085178,1.0,1.0,"<table border=""1"" class=""dataframe"">
  <thead>
    <tr style=""text-align: left;"">
      <th>ISRCTN link</th>
      <th>Title</th>
      <th>Condition category</th>
      <th>Age group</th>
      <th>Target number of participants</th>
    </tr>
  </thead>
  <tbody>
    <tr>
      <td><a href='https://www.isrctn.com/ISRCTN74222598' target='_blank'><div>ISRCTN74222598</div></a></td>
      <td>Robotic surgery for advanced ovarian cancer</td>
      <td>Cancer</td>
      <td>Adult</td>
      <td>20</td>
    </tr>
  </tbody>
</table>"
2,-181976.75458703414,7363080.99091819,Newcastle upon Tyne Hospitals NHS Foundation Trust,55.0062592,-1.634725,17.0,18.603744277225882,"<table border=""1"" class=""dataframe"">
  <thead>
    <tr style=""text-align: left;"">
      <th>ISRCTN link</th>
      <th>Title</th>
      <th>Condition category</th>
      <th>Age group</th>
      <th>Target number of participants</th>
    </tr>
  </thead>
  <tbody>
    <tr>
      <td><a href='https://www.isrctn.com/ISRCTN44977207' target='_blank'><div>ISRCTN44977207</div></a></td>
      <td>Personalised ultraviolet B treatment of psoriasis</td>
      <td>Skin and Connective Tissue Diseases</td>
      <td>Adult</td>
      <td>135</td>
    </tr>
    <tr>
      <td><a href='https://www.isrctn.com/ISRCTN18295405' target='_blank'><div>ISRCTN18295405</div></a></td>
      <td>How is urination flow rate, volume and frequency affected in men who have h...</td>
      <td>Urological and Genital Diseases</td>
      <td>Adult</td>
      <td>40</td>
    </tr>
    <tr>
      <td><a href='https://www.isrctn.com/ISRCTN18225522' target='_blank'><div>ISRCTN18225522</div></a></td>
      <td>Study comparing the response of psoriasis to narrow-band UVB phototherapy i...</td>
      <td>Skin and Connective Tissue Diseases</td>
      <td>Adult</td>
      <td>20</td>
    </tr>
    <tr>
      <td><a href='https://www.isrctn.com/ISRCTN47889316' target='_blank'><div>ISRCTN47889316</div></a></td>
      <td>A comparison between robotic and orthosensor-assisted total knee replacemen...</td>
      <td>Musculoskeletal Diseases</td>
      <td>Adult</td>
      <td>90</td>
    </tr>
    <tr>
      <td><a href='https://www.isrctn.com/ISRCTN31010214' target='_blank'><div>ISRCTN31010214</div></a></td>
      <td>Assessing the safety of removing the inflamed joint lining tissue during kn...</td>
      <td>Musculoskeletal Diseases</td>
      <td>Adult</td>
      <td>40</td>
    </tr>
    <tr>
      <td><a href='https://www.isrctn.com/ISRCTN15960635' target='_blank'><div>ISRCTN15960635</div></a></td>
      <td>Treatment of poor-grade subarachnoid haemorrhage trial 2</td>
      <td>Circulatory System</td>
      <td>Adult</td>
      <td>346</td>
    </tr>
    <tr>
      <td><a href='https://www.isrctn.com/ISRCTN70523327' target='_blank'><div>ISRCTN70523327</div></a></td>
      <td>The effects of cardiopulmonary bypass on the function of white blood cells</td>
      <td>Circulatory System</td>
      <td>Adult</td>
      <td>35</td>
    </tr>
    <tr>
      <td><a href='https://www.isrctn.com/ISRCTN84503751' target='_blank'><div>ISRCTN84503751</div></a></td>
      <td>Ranibizumab for DMO PRP trial (RDP trial)</td>
      <td>Eye Diseases</td>
      <td>Adult</td>
      <td>70</td>
    </tr>
    <tr>
      <td><a href='https://www.isrctn.com/ISRCTN15698516' target='_blank'><div>ISRCTN15698516</div></a></td>
      <td>Stroke: an evaluation of thrombectomy in the ageing brain version 1 (STABIL...</td>
      <td>Circulatory System</td>
      <td>Adult</td>
      <td>120</td>
    </tr>
    <tr>
      <td><a href='https://www.isrctn.com/ISRCTN55284102' target='_blank'><div>ISRCTN55284102</div></a></td>
      <td>The National Trial of Tonsillectomy in Adults</td>
      <td>Ear, Nose and Throat</td>
      <td>Adult</td>
      <td>645</td>
    </tr>
    <tr>
      <td><a href='https://www.isrctn.com/ISRCTN48569216' target='_blank'><div>ISRCTN48569216</div></a></td>
      <td>Pre-treatment gastrostomy tube versus oral feeding plus as-needed nasogastr...</td>
      <td>Cancer</td>
      <td>Adult</td>
      <td>60</td>
    </tr>
    <tr>
      <td><a href='https://www.isrctn.com/ISRCTN40214749' target='_blank'><div>ISRCTN40214749</div></a></td>
      <td>Biomedical Research Unit: Acute and Chronic effects of transcranial Direct ...</td>
      <td>Nervous System Diseases</td>
      <td>Adult</td>
      <td>40</td>
    </tr>
    <tr>
      <td><a href='https://www.isrctn.com/ISRCTN98009168' target='_blank'><div>ISRCTN98009168</div></a></td>
      <td>The OPEN Trial: Open Urethroplasty versus Endoscopic Urethrotomy: Clarifyin...</td>
      <td>Urological and Genital Diseases</td>
      <td>Adult</td>
      <td>500</td>
    </tr>
    <tr>
      <td><a href='https://www.isrctn.com/ISRCTN95411896' target='_blank'><div>ISRCTN95411896</div></a></td>
      <td>Continuous positive airway pressure (CPAP) in patients with impaired vision...</td>
      <td>Nervous System Diseases</td>
      <td>Adult</td>
      <td>150</td>
    </tr>
    <tr>
      <td><a href='https://www.isrctn.com/ISRCTN55761337' target='_blank'><div>ISRCTN55761337</div></a></td>
      <td>Comparison of haemodialysis and peritoneal dialysis in babies</td>
      <td>Urological and Genital Diseases</td>
      <td>Neonate</td>
      <td>16</td>
    </tr>
    <tr>
      <td><a href='https://www.isrctn.com/ISRCTN44114892' target='_blank'><div>ISRCTN44114892</div></a></td>
      <td>An External Pilot Study to Test the Feasibility of a Randomised Controlled ...</td>
      <td>Eye Diseases</td>
      <td>Child</td>
      <td>144</td>
    </tr>
    <tr>
      <td><a href='https://www.isrctn.com/ISRCTN19321911' target='_blank'><div>ISRCTN19321911</div></a></td>
      <td>Surgical Trial In Traumatic intraCerebral Haemorrhage</td>
      <td>Injury, Occupational Diseases, Poisoning</td>
      <td>Adult</td>
      <td>840</td>
    </tr>
  </tbody>
</table>"
4,-14921.27567787947,6714611.999375625,University College London,51.52455920000001,-0.1340401,18.0,18.958889470453634,"<table border=""1"" class=""dataframe"">
  <thead>
    <tr style=""text-align: left;"">
      <th>ISRCTN link</th>
      <th>Title</th>
      <th>Condition category</th>
      <th>Age group</th>
      <th>Target number of participants</th>
    </tr>
  </thead>
  <tbody>
    <tr>
      <td><a href='https://www.isrctn.com/ISRCTN48651822' target='_blank'><div>ISRCTN48651822</div></a></td>
      <td>Examining and measuring the pelvic veins on transvaginal ultrasound</td>
      <td>Urological and Genital Diseases</td>
      <td>Adult</td>
      <td>1500</td>
    </tr>
    <tr>
      <td><a href='https://www.isrctn.com/ISRCTN17793055' target='_blank'><div>ISRCTN17793055</div></a></td>
      <td>A study of the benefit of fat transfer to the peri-oral area for scleroderm...</td>
      <td>Musculoskeletal Diseases</td>
      <td>Adult</td>
      <td>50</td>
    </tr>
    <tr>
      <td><a href='https://www.isrctn.com/ISRCTN34622173' target='_blank'><div>ISRCTN34622173</div></a></td>
      <td>The effect of surgical approach on hearing preservation in cochlear implant...</td>
      <td>Ear, Nose and Throat</td>
      <td>Adult</td>
      <td>54</td>
    </tr>
    <tr>
      <td><a href='https://www.isrctn.com/ISRCTN64724266' target='_blank'><div>ISRCTN64724266</div></a></td>
      <td>Comparing two optical technologies when screening for bowel cancer: a trial...</td>
      <td>Cancer</td>
      <td>Adult</td>
      <td>340</td>
    </tr>
    <tr>
      <td><a href='https://www.isrctn.com/ISRCTN17987569' target='_blank'><div>ISRCTN17987569</div></a></td>
      <td>Safe surgery for multiple breast cancers</td>
      <td>Cancer</td>
      <td>Adult</td>
      <td>50</td>
    </tr>
    <tr>
      <td><a href='https://www.isrctn.com/ISRCTN86062633' target='_blank'><div>ISRCTN86062633</div></a></td>
      <td>Feasibility study of radiofrequency endoscopic ablation, with ultrasound gu...</td>
      <td>Circulatory System</td>
      <td>Adult</td>
      <td>30</td>
    </tr>
    <tr>
      <td><a href='https://www.isrctn.com/ISRCTN13680280' target='_blank'><div>ISRCTN13680280</div></a></td>
      <td>Standard open radical cystectomy (ORC) versus robotically assisted radical ...</td>
      <td>Cancer</td>
      <td>Adult</td>
      <td>320</td>
    </tr>
    <tr>
      <td><a href='https://www.isrctn.com/ISRCTN13565602' target='_blank'><div>ISRCTN13565602</div></a></td>
      <td>Investigation into the use of radiofrequency ablation for the treatment of ...</td>
      <td>Circulatory System</td>
      <td>Adult</td>
      <td>30</td>
    </tr>
    <tr>
      <td><a href='https://www.isrctn.com/ISRCTN52040363' target='_blank'><div>ISRCTN52040363</div></a></td>
      <td>Liver resection surgery versus thermal ablation for colorectal liver metast...</td>
      <td>Cancer</td>
      <td>Adult</td>
      <td>252</td>
    </tr>
    <tr>
      <td><a href='https://www.isrctn.com/ISRCTN77602616' target='_blank'><div>ISRCTN77602616</div></a></td>
      <td>FACT: laser-assisted versus standard ultrasound cataract surgery</td>
      <td>Eye Diseases</td>
      <td>Adult</td>
      <td>808</td>
    </tr>
    <tr>
      <td><a href='https://www.isrctn.com/ISRCTN55599282' target='_blank'><div>ISRCTN55599282</div></a></td>
      <td>Sling versus sphincter for post prostatectomy incontinence</td>
      <td>Surgery</td>
      <td>Adult</td>
      <td>50</td>
    </tr>
    <tr>
      <td><a href='https://www.isrctn.com/ISRCTN21430045' target='_blank'><div>ISRCTN21430045</div></a></td>
      <td>A randomised controlled trial of triclosan coated sutures in primary total ...</td>
      <td>Surgery</td>
      <td>Adult</td>
      <td>420</td>
    </tr>
    <tr>
      <td><a href='https://www.isrctn.com/ISRCTN20301599' target='_blank'><div>ISRCTN20301599</div></a></td>
      <td>POMX (Post Operative Morbidity): randomized controlled trial of chewing gum...</td>
      <td>Surgery</td>
      <td>Adult</td>
      <td>106</td>
    </tr>
    <tr>
      <td><a href='https://www.isrctn.com/ISRCTN30083294' target='_blank'><div>ISRCTN30083294</div></a></td>
      <td>Renal protection against ischaemia-reperfusion in transplantation</td>
      <td>Injury, Occupational Diseases, Poisoning</td>
      <td>Adult</td>
      <td>400</td>
    </tr>
    <tr>
      <td><a href='https://www.isrctn.com/ISRCTN25337470' target='_blank'><div>ISRCTN25337470</div></a></td>
      <td>A randomised comparison of the risks, benefits and cost effectiveness of pr...</td>
      <td>Circulatory System</td>
      <td>Adult</td>
      <td>36</td>
    </tr>
    <tr>
      <td><a href='https://www.isrctn.com/ISRCTN88456378' target='_blank'><div>ISRCTN88456378</div></a></td>
      <td>The role of autonomic responses to cardiopulmonary exercise testing in pred...</td>
      <td>Surgery</td>
      <td>Adult</td>
      <td>778</td>
    </tr>
    <tr>
      <td><a href='https://www.isrctn.com/ISRCTN13384956' target='_blank'><div>ISRCTN13384956</div></a></td>
      <td>Intensive care unit randomised trial comparing two approaches to oxygen the...</td>
      <td>Not Applicable</td>
      <td>Adult</td>
      <td>16500</td>
    </tr>
    <tr>
      <td><a href='https://www.isrctn.com/ISRCTN67306656' target='_blank'><div>ISRCTN67306656</div></a></td>
      <td>Effects of root canal treatment with or without manual-dynamic irrigation o...</td>
      <td>Oral Health</td>
      <td>Adult</td>
      <td>300</td>
    </tr>
  </tbody>
</table>"
5,-19154.466482071603,6719549.4513150705,Royal Free London NHS Foundation Trust,51.5521469,-0.1720675,4.0,9.613531161467861,"<table border=""1"" class=""dataframe"">
  <thead>
    <tr style=""text-align: left;"">
      <th>ISRCTN link</th>
      <th>Title</th>
      <th>Condition category</th>
      <th>Age group</th>
      <th>Target number of participants</th>
    </tr>
  </thead>
  <tbody>
    <tr>
      <td><a href='https://www.isrctn.com/ISRCTN18156881' target='_blank'><div>ISRCTN18156881</div></a></td>
      <td>Nephron-sparing treatment for small renal masses</td>
      <td>Cancer</td>
      <td>Adult</td>
      <td>200</td>
    </tr>
    <tr>
      <td><a href='https://www.isrctn.com/ISRCTN55643149' target='_blank'><div>ISRCTN55643149</div></a></td>
      <td>Scleroderma heart study</td>
      <td>Circulatory System</td>
      <td>Adult</td>
      <td>20</td>
    </tr>
    <tr>
      <td><a href='https://www.isrctn.com/ISRCTN77923416' target='_blank'><div>ISRCTN77923416</div></a></td>
      <td>Image guidance with image overlay for laparoscopic surgery</td>
      <td>Surgery</td>
      <td>Adult</td>
      <td>10</td>
    </tr>
    <tr>
      <td><a href='https://www.isrctn.com/ISRCTN14071325' target='_blank'><div>ISRCTN14071325</div></a></td>
      <td>An international study to investigate rates of death and illness following ...</td>
      <td>Surgery</td>
      <td>Adult</td>
      <td>2000</td>
    </tr>
  </tbody>
</table>"
7,-173105.45946283842,7133628.765905515,University of Leeds,53.8066815,-1.5550328,7.0,13.090619551221675,"<table border=""1"" class=""dataframe"">
  <thead>
    <tr style=""text-align: left;"">
      <th>ISRCTN link</th>
      <th>Title</th>
      <th>Condition category</th>
      <th>Age group</th>
      <th>Target number of participants</th>
    </tr>
  </thead>
  <tbody>
    <tr>
      <td><a href='https://www.isrctn.com/ISRCTN14879004' target='_blank'><div>ISRCTN14879004</div></a></td>
      <td>A comparison of knee replacement surgery and knee joint distraction for tre...</td>
      <td>Musculoskeletal Diseases</td>
      <td>Adult</td>
      <td>344</td>
    </tr>
    <tr>
      <td><a href='https://www.isrctn.com/ISRCTN88881254' target='_blank'><div>ISRCTN88881254</div></a></td>
      <td>Can changing the structure of fat in a meal improve risk factors for cardio...</td>
      <td>Nutritional, Metabolic, Endocrine</td>
      <td>Adult</td>
      <td>18</td>
    </tr>
    <tr>
      <td><a href='https://www.isrctn.com/ISRCTN62033341' target='_blank'><div>ISRCTN62033341</div></a></td>
      <td>Vagus nerve stimulation to improve bowel function after surgery</td>
      <td>Surgery</td>
      <td>Adult</td>
      <td>140</td>
    </tr>
    <tr>
      <td><a href='https://www.isrctn.com/ISRCTN13334746' target='_blank'><div>ISRCTN13334746</div></a></td>
      <td>IntAct- IFA to prevent anastomotic leak in rectal cancer surgery</td>
      <td>Cancer</td>
      <td>Adult</td>
      <td>880</td>
    </tr>
    <tr>
      <td><a href='https://www.isrctn.com/ISRCTN49693042' target='_blank'><div>ISRCTN49693042</div></a></td>
      <td>Stimulation of pudendal nerve for management of adult faecal incontinence u...</td>
      <td>Signs and Symptoms</td>
      <td>Adult</td>
      <td>10</td>
    </tr>
    <tr>
      <td><a href='https://www.isrctn.com/ISRCTN99214271' target='_blank'><div>ISRCTN99214271</div></a></td>
      <td>HABSelect: a new sperm selection process for ICSI (Intracytoplasmic Sperm I...</td>
      <td>Pregnancy and Childbirth</td>
      <td>Adult</td>
      <td>3730</td>
    </tr>
    <tr>
      <td><a href='https://www.isrctn.com/ISRCTN63230740' target='_blank'><div>ISRCTN63230740</div></a></td>
      <td>ED95 bupivacaine and supraclavicular block</td>
      <td>Surgery</td>
      <td>Adult</td>
      <td>40</td>
    </tr>
  </tbody>
</table>"
9,60285.994190870886,6688692.997519654,Medway NHS Foundation Trust,51.37946400000001,0.5415582999999999,1.0,1.0,"<table border=""1"" class=""dataframe"">
  <thead>
    <tr style=""text-align: left;"">
      <th>ISRCTN link</th>
      <th>Title</th>
      <th>Condition category</th>
      <th>Age group</th>
      <th>Target number of participants</th>
    </tr>
  </thead>
  <tbody>
    <tr>
      <td><a href='https://www.isrctn.com/ISRCTN12692904' target='_blank'><div>ISRCTN12692904</div></a></td>
      <td>Does the use of sutures reduce the wound complication rate following surger...</td>
      <td>Surgery</td>
      <td>Adult</td>
      <td>500</td>
    </tr>
  </tbody>
</table>"
10,-125193.51722956625,6913224.121171489,University of Leicester,52.6211393,-1.1246325,4.0,9.613531161467861,"<table border=""1"" class=""dataframe"">
  <thead>
    <tr style=""text-align: left;"">
      <th>ISRCTN link</th>
      <th>Title</th>
      <th>Condition category</th>
      <th>Age group</th>
      <th>Target number of participants</th>
    </tr>
  </thead>
  <tbody>
    <tr>
      <td><a href='https://www.isrctn.com/ISRCTN87042063' target='_blank'><div>ISRCTN87042063</div></a></td>
      <td>Does NIGHT-time dialysis improve quality of LIFE?</td>
      <td>Urological and Genital Diseases</td>
      <td>Adult</td>
      <td>350</td>
    </tr>
    <tr>
      <td><a href='https://www.isrctn.com/ISRCTN15915394' target='_blank'><div>ISRCTN15915394</div></a></td>
      <td>SurfON: Surfactant or not for babies born early with breathing problems</td>
      <td>Neonatal Diseases</td>
      <td>Neonate</td>
      <td>1522</td>
    </tr>
    <tr>
      <td><a href='https://www.isrctn.com/ISRCTN83130211' target='_blank'><div>ISRCTN83130211</div></a></td>
      <td>Evaluating vaginal closure techniques during colporrhaphy and effects on po...</td>
      <td>Urological and Genital Diseases</td>
      <td>Adult</td>
      <td>110</td>
    </tr>
    <tr>
      <td><a href='https://www.isrctn.com/ISRCTN66437627' target='_blank'><div>ISRCTN66437627</div></a></td>
      <td>Remote Post-Conditioning (RPC) in renal transplantation</td>
      <td>Urological and Genital Diseases</td>
      <td>Adult</td>
      <td>80</td>
    </tr>
  </tbody>
</table>"
11,-214903.77978954036,6882052.998582191,University of Birmingham,52.4508168,-1.9305135,17.0,18.603744277225882,"<table border=""1"" class=""dataframe"">
  <thead>
    <tr style=""text-align: left;"">
      <th>ISRCTN link</th>
      <th>Title</th>
      <th>Condition category</th>
      <th>Age group</th>
      <th>Target number of participants</th>
    </tr>
  </thead>
  <tbody>
    <tr>
      <td><a href='https://www.isrctn.com/ISRCTN14566195' target='_blank'><div>ISRCTN14566195</div></a></td>
      <td>Comparing the complications between open and keyhole hysterectomy</td>
      <td>Urological and Genital Diseases</td>
      <td>Adult</td>
      <td>3250</td>
    </tr>
    <tr>
      <td><a href='https://www.isrctn.com/ISRCTN60945764' target='_blank'><div>ISRCTN60945764</div></a></td>
      <td>ACCURE-UK 2: the effects of appendix removal on ulcerative colitis</td>
      <td>Digestive System</td>
      <td>Adult</td>
      <td>272</td>
    </tr>
    <tr>
      <td><a href='https://www.isrctn.com/ISRCTN78305317' target='_blank'><div>ISRCTN78305317</div></a></td>
      <td>Reduction Of Surgical Site Infection using several Novel Interventions</td>
      <td>Surgery</td>
      <td>Adult</td>
      <td>6610</td>
    </tr>
    <tr>
      <td><a href='https://www.isrctn.com/ISRCTN35296862' target='_blank'><div>ISRCTN35296862</div></a></td>
      <td>Replacement of a surgical procedure called transurethral resection of bladd...</td>
      <td>Cancer</td>
      <td>Adult</td>
      <td>950</td>
    </tr>
    <tr>
      <td><a href='https://www.isrctn.com/ISRCTN14240288' target='_blank'><div>ISRCTN14240288</div></a></td>
      <td>Can we save the rectum by watchful waiting or transanal surgery following (...</td>
      <td>Cancer</td>
      <td>Adult</td>
      <td>60</td>
    </tr>
    <tr>
      <td><a href='https://www.isrctn.com/ISRCTN12923441' target='_blank'><div>ISRCTN12923441</div></a></td>
      <td>Protecting the heart with remote ischaemic preconditioning during children'...</td>
      <td>Circulatory System</td>
      <td>Child</td>
      <td>104</td>
    </tr>
    <tr>
      <td><a href='https://www.isrctn.com/ISRCTN16290169' target='_blank'><div>ISRCTN16290169</div></a></td>
      <td>Rational treatment selection for Merkel Cell Carcinoma (MCC)</td>
      <td>Cancer</td>
      <td>Adult</td>
      <td>400</td>
    </tr>
    <tr>
      <td><a href='https://www.isrctn.com/ISRCTN14469736' target='_blank'><div>ISRCTN14469736</div></a></td>
      <td>The BASIL-3 Trial: Balloon vs. Stenting in Severe Ischaemia of the Leg-3</td>
      <td>Circulatory System</td>
      <td>Adult</td>
      <td>480</td>
    </tr>
    <tr>
      <td><a href='https://www.isrctn.com/ISRCTN81826545' target='_blank'><div>ISRCTN81826545</div></a></td>
      <td>ENDCaP-C test accuracy study</td>
      <td>Digestive System</td>
      <td>Adult</td>
      <td>1000</td>
    </tr>
    <tr>
      <td><a href='https://www.isrctn.com/ISRCTN10227738' target='_blank'><div>ISRCTN10227738</div></a></td>
      <td>Influence of successful periodontal intervention on renal disease</td>
      <td>Oral Health</td>
      <td>Adult</td>
      <td>140</td>
    </tr>
    <tr>
      <td><a href='https://www.isrctn.com/ISRCTN18261857' target='_blank'><div>ISRCTN18261857</div></a></td>
      <td>Real time ultrasound elastography in the investigation of thyroid nodules a...</td>
      <td>Cancer</td>
      <td>Adult</td>
      <td>968</td>
    </tr>
    <tr>
      <td><a href='https://www.isrctn.com/ISRCTN56523019' target='_blank'><div>ISRCTN56523019</div></a></td>
      <td>The feasibility of undertaking Appendicectomy to impact upon the Clinical C...</td>
      <td>Digestive System</td>
      <td>Adult</td>
      <td>48</td>
    </tr>
    <tr>
      <td><a href='https://www.isrctn.com/ISRCTN27728689' target='_blank'><div>ISRCTN27728689</div></a></td>
      <td>BASIL-2: Bypass v Angioplasty in Severe Ischaemia of the Leg - 2</td>
      <td>Circulatory System</td>
      <td>Adult</td>
      <td>600</td>
    </tr>
    <tr>
      <td><a href='https://www.isrctn.com/ISRCTN46330337' target='_blank'><div>ISRCTN46330337</div></a></td>
      <td>Reinforcement of closure of stoma site using a biological mesh</td>
      <td>Surgery</td>
      <td>Adult</td>
      <td>790</td>
    </tr>
    <tr>
      <td><a href='https://www.isrctn.com/ISRCTN21973627' target='_blank'><div>ISRCTN21973627</div></a></td>
      <td>Dexamethasone Reduces Emesis After Major gastrointestinal Surgery (DREAMS t...</td>
      <td>Surgery</td>
      <td>Adult</td>
      <td>1350</td>
    </tr>
    <tr>
      <td><a href='https://www.isrctn.com/ISRCTN13846816' target='_blank'><div>ISRCTN13846816</div></a></td>
      <td>The role of endoluminal stenting in the acute management of obstructing col...</td>
      <td>Cancer</td>
      <td>All</td>
      <td>246</td>
    </tr>
    <tr>
      <td><a href='https://www.isrctn.com/ISRCTN17599457' target='_blank'><div>ISRCTN17599457</div></a></td>
      <td>Single use negative pressure dressing for reduction in surgical site infect...</td>
      <td>Infections and Infestations</td>
      <td>Adult</td>
      <td>840</td>
    </tr>
  </tbody>
</table>"
12,-132804.10798857908,6971867.107989617,University of Nottingham,52.93978269999999,-1.1929996,6.0,12.132827525593784,"<table border=""1"" class=""dataframe"">
  <thead>
    <tr style=""text-align: left;"">
      <th>ISRCTN link</th>
      <th>Title</th>
      <th>Condition category</th>
      <th>Age group</th>
      <th>Target number of participants</th>
    </tr>
  </thead>
  <tbody>
    <tr>
      <td><a href='https://www.isrctn.com/ISRCTN16489086' target='_blank'><div>ISRCTN16489086</div></a></td>
      <td>Early electrical stimulation to the wrist extensors and wrist flexors to pr...</td>
      <td>Circulatory System</td>
      <td>Adult</td>
      <td>40</td>
    </tr>
    <tr>
      <td><a href='https://www.isrctn.com/ISRCTN22848383' target='_blank'><div>ISRCTN22848383</div></a></td>
      <td>Peritoneal dialysis using icodextrin-based solutions for patients with adva...</td>
      <td>Circulatory System</td>
      <td>Adult</td>
      <td>130</td>
    </tr>
    <tr>
      <td><a href='https://www.isrctn.com/ISRCTN89449867' target='_blank'><div>ISRCTN89449867</div></a></td>
      <td>To explore general practitioners' views on post-surgical outcomes utilising...</td>
      <td>Surgery</td>
      <td>Adult</td>
      <td>20</td>
    </tr>
    <tr>
      <td><a href='https://www.isrctn.com/ISRCTN91109766' target='_blank'><div>ISRCTN91109766</div></a></td>
      <td>Feasibility and metabolic effects of carbohydrate loading in patients with ...</td>
      <td>Musculoskeletal Diseases</td>
      <td>Senior</td>
      <td>30</td>
    </tr>
    <tr>
      <td><a href='https://www.isrctn.com/ISRCTN76424792' target='_blank'><div>ISRCTN76424792</div></a></td>
      <td>The effect of intravenous iron on postoperative transfusion requirements in...</td>
      <td>Surgery</td>
      <td>Senior</td>
      <td>80</td>
    </tr>
    <tr>
      <td><a href='https://www.isrctn.com/ISRCTN65605485' target='_blank'><div>ISRCTN65605485</div></a></td>
      <td>Effects of short-term energy restriction on liver lipids</td>
      <td>Surgery</td>
      <td>Adult</td>
      <td>100</td>
    </tr>
  </tbody>
</table>"
14,-331970.6179688271,7650185.350090201,University of Dundee,56.45824469999999,-2.9821428,3.0,7.826061944859854,"<table border=""1"" class=""dataframe"">
  <thead>
    <tr style=""text-align: left;"">
      <th>ISRCTN link</th>
      <th>Title</th>
      <th>Condition category</th>
      <th>Age group</th>
      <th>Target number of participants</th>
    </tr>
  </thead>
  <tbody>
    <tr>
      <td><a href='https://www.isrctn.com/ISRCTN76503940' target='_blank'><div>ISRCTN76503940</div></a></td>
      <td>Comparing complete and partial removal of decay in molar teeth</td>
      <td>Oral Health</td>
      <td>Mixed</td>
      <td>623</td>
    </tr>
    <tr>
      <td><a href='https://www.isrctn.com/ISRCTN77044005' target='_blank'><div>ISRCTN77044005</div></a></td>
      <td>FiCTION - Filling Children's Teeth: Indicated Or Not? a pilot trial</td>
      <td>Oral Health</td>
      <td>Child</td>
      <td>1113</td>
    </tr>
    <tr>
      <td><a href='https://www.isrctn.com/ISRCTN28048472' target='_blank'><div>ISRCTN28048472</div></a></td>
      <td>Effect of early mobilisation on respiratory complications following abdomin...</td>
      <td>Surgery</td>
      <td>Adult</td>
      <td>200</td>
    </tr>
  </tbody>
</table>"
15,-288495.2695133245,6709912.247835172,North Bristol NHS Trust,51.4982841,-2.5915971,11.0,15.898961024049783,"<table border=""1"" class=""dataframe"">
  <thead>
    <tr style=""text-align: left;"">
      <th>ISRCTN link</th>
      <th>Title</th>
      <th>Condition category</th>
      <th>Age group</th>
      <th>Target number of participants</th>
    </tr>
  </thead>
  <tbody>
    <tr>
      <td><a href='https://www.isrctn.com/ISRCTN10081873' target='_blank'><div>ISRCTN10081873</div></a></td>
      <td>Is implant placement under or above the chest muscle best in immediate brea...</td>
      <td>Cancer</td>
      <td>Adult</td>
      <td>100</td>
    </tr>
    <tr>
      <td><a href='https://www.isrctn.com/ISRCTN90992837' target='_blank'><div>ISRCTN90992837</div></a></td>
      <td>Surgery for knee articular cartilage injuries</td>
      <td>Musculoskeletal Diseases</td>
      <td>Adult</td>
      <td>176</td>
    </tr>
    <tr>
      <td><a href='https://www.isrctn.com/ISRCTN12201059' target='_blank'><div>ISRCTN12201059</div></a></td>
      <td>Proper understanding of recurrent stress urinary incontinence treatment in ...</td>
      <td>Urological and Genital Diseases</td>
      <td>Adult</td>
      <td>250</td>
    </tr>
    <tr>
      <td><a href='https://www.isrctn.com/ISRCTN84674413' target='_blank'><div>ISRCTN84674413</div></a></td>
      <td>Comparing aspiration to chest tube drainage for treating infected fluid aro...</td>
      <td>Respiratory</td>
      <td>Adult</td>
      <td>30</td>
    </tr>
    <tr>
      <td><a href='https://www.isrctn.com/ISRCTN10649958' target='_blank'><div>ISRCTN10649958</div></a></td>
      <td>Surgical vs non-surgical treatment of LC1 pelvic injuries</td>
      <td>Injury, Occupational Diseases, Poisoning</td>
      <td>Adult</td>
      <td>60</td>
    </tr>
    <tr>
      <td><a href='https://www.isrctn.com/ISRCTN14024829' target='_blank'><div>ISRCTN14024829</div></a></td>
      <td>TARGET Trial</td>
      <td>Cancer</td>
      <td>Adult</td>
      <td>78</td>
    </tr>
    <tr>
      <td><a href='https://www.isrctn.com/ISRCTN00788389' target='_blank'><div>ISRCTN00788389</div></a></td>
      <td>UNBLOCS: UriNary oBstruction relieved by Laser Or Conventional Surgery</td>
      <td>Urological and Genital Diseases</td>
      <td>Adult</td>
      <td>410</td>
    </tr>
    <tr>
      <td><a href='https://www.isrctn.com/ISRCTN73255764' target='_blank'><div>ISRCTN73255764</div></a></td>
      <td>The efficacy of Indwelling Pleural Catheter placement versus IPC placement ...</td>
      <td>Cancer</td>
      <td>Adult</td>
      <td>154</td>
    </tr>
    <tr>
      <td><a href='https://www.isrctn.com/ISRCTN47845793' target='_blank'><div>ISRCTN47845793</div></a></td>
      <td>A randomised trial to determine the best method for delivering talc for the...</td>
      <td>Cancer</td>
      <td>Adult</td>
      <td>330</td>
    </tr>
    <tr>
      <td><a href='https://www.isrctn.com/ISRCTN21646859' target='_blank'><div>ISRCTN21646859</div></a></td>
      <td>Pleural Infection Trial  (PIT-1)</td>
      <td>Respiratory</td>
      <td>Adult</td>
      <td>40</td>
    </tr>
    <tr>
      <td><a href='https://www.isrctn.com/ISRCTN19332276' target='_blank'><div>ISRCTN19332276</div></a></td>
      <td>A study to assess the feasibility and effects of introducing remote ischaem...</td>
      <td>Circulatory System</td>
      <td>Adult</td>
      <td>60</td>
    </tr>
  </tbody>
</table>"
17,-173822.0898167692,6868991.812706135,University of Warwick,52.3792525,-1.5614704,9.0,14.652123889719707,"<table border=""1"" class=""dataframe"">
  <thead>
    <tr style=""text-align: left;"">
      <th>ISRCTN link</th>
      <th>Title</th>
      <th>Condition category</th>
      <th>Age group</th>
      <th>Target number of participants</th>
    </tr>
  </thead>
  <tbody>
    <tr>
      <td><a href='https://www.isrctn.com/ISRCTN16912075' target='_blank'><div>ISRCTN16912075</div></a></td>
      <td>RECOVERY Respiratory Support: Respiratory Strategies in patients with coron...</td>
      <td>Respiratory</td>
      <td>Adult</td>
      <td>4002</td>
    </tr>
    <tr>
      <td><a href='https://www.isrctn.com/ISRCTN10428536' target='_blank'><div>ISRCTN10428536</div></a></td>
      <td>Out of hospital cardiac arrest outcomes</td>
      <td>Circulatory System</td>
      <td>All</td>
      <td>35000</td>
    </tr>
    <tr>
      <td><a href='https://www.isrctn.com/ISRCTN14194954' target='_blank'><div>ISRCTN14194954</div></a></td>
      <td>Meniscal Transplantation and its Effect on Osteoarthritis Risk: a clinical ...</td>
      <td>Musculoskeletal Diseases</td>
      <td>Adult</td>
      <td>18</td>
    </tr>
    <tr>
      <td><a href='https://www.isrctn.com/ISRCTN99771224' target='_blank'><div>ISRCTN99771224</div></a></td>
      <td>UK FixDT: Fixation of Distal Tibia fractures</td>
      <td>Injury, Occupational Diseases, Poisoning</td>
      <td>Adult</td>
      <td>320</td>
    </tr>
    <tr>
      <td><a href='https://www.isrctn.com/ISRCTN18607924' target='_blank'><div>ISRCTN18607924</div></a></td>
      <td>Shoulder Arthroplasty Trial</td>
      <td>Musculoskeletal Diseases</td>
      <td>Adult</td>
      <td>30</td>
    </tr>
    <tr>
      <td><a href='https://www.isrctn.com/ISRCTN33756652' target='_blank'><div>ISRCTN33756652</div></a></td>
      <td>Wound management of Open Lower Limb Fractures (WOLLF)</td>
      <td>Injury, Occupational Diseases, Poisoning</td>
      <td>Adult</td>
      <td>460</td>
    </tr>
    <tr>
      <td><a href='https://www.isrctn.com/ISRCTN18046709' target='_blank'><div>ISRCTN18046709</div></a></td>
      <td>Peri-operative Implementation Study Evaluation</td>
      <td>Surgery</td>
      <td>Adult</td>
      <td>3505</td>
    </tr>
    <tr>
      <td><a href='https://www.isrctn.com/ISRCTN31379280' target='_blank'><div>ISRCTN31379280</div></a></td>
      <td>Comparison of surgical procedures for patients with a fracture of the wrist</td>
      <td>Injury, Occupational Diseases, Poisoning</td>
      <td>Adult</td>
      <td>390</td>
    </tr>
    <tr>
      <td><a href='https://www.isrctn.com/ISRCTN34863373' target='_blank'><div>ISRCTN34863373</div></a></td>
      <td>Total knee arthroplasty versus patellofemoral arthroplasty in patients with...</td>
      <td>Musculoskeletal Diseases</td>
      <td>Adult</td>
      <td>64</td>
    </tr>
  </tbody>
</table>"
18,-330095.57472980337,7058225.529810573,University of Liverpool,53.40478239999999,-2.965299,3.0,7.826061944859854,"<table border=""1"" class=""dataframe"">
  <thead>
    <tr style=""text-align: left;"">
      <th>ISRCTN link</th>
      <th>Title</th>
      <th>Condition category</th>
      <th>Age group</th>
      <th>Target number of participants</th>
    </tr>
  </thead>
  <tbody>
    <tr>
      <td><a href='https://www.isrctn.com/ISRCTN99181100' target='_blank'><div>ISRCTN99181100</div></a></td>
      <td>Determining the effectiveness of Fibrin Sealants in reducing complications ...</td>
      <td>Cancer</td>
      <td>Adult</td>
      <td>50</td>
    </tr>
    <tr>
      <td><a href='https://www.isrctn.com/ISRCTN52263879' target='_blank'><div>ISRCTN52263879</div></a></td>
      <td>Cattell-Warren versus Blumgart techniques of pancreatico-jejunostomy follow...</td>
      <td>Digestive System</td>
      <td>Adult</td>
      <td>506</td>
    </tr>
    <tr>
      <td><a href='https://www.isrctn.com/ISRCTN73852054' target='_blank'><div>ISRCTN73852054</div></a></td>
      <td>The impact of combined modality positron emission tomography with computeri...</td>
      <td>Cancer</td>
      <td>Adult</td>
      <td>600</td>
    </tr>
  </tbody>
</table>"
20,-155375.22567792505,6609823.30843706,University of Southampton,50.9351092,-1.3957594,1.0,1.0,"<table border=""1"" class=""dataframe"">
  <thead>
    <tr style=""text-align: left;"">
      <th>ISRCTN link</th>
      <th>Title</th>
      <th>Condition category</th>
      <th>Age group</th>
      <th>Target number of participants</th>
    </tr>
  </thead>
  <tbody>
    <tr>
      <td><a href='https://www.isrctn.com/ISRCTN51268626' target='_blank'><div>ISRCTN51268626</div></a></td>
      <td>Quality of minor surgery carried out in primary or secondary care: populati...</td>
      <td>Surgery</td>
      <td>Other</td>
      <td>490</td>
    </tr>
  </tbody>
</table>"
21,-248674.7959753939,7069823.728924356,University of Manchester,53.4668498,-2.2338837,5.0,11.0,"<table border=""1"" class=""dataframe"">
  <thead>
    <tr style=""text-align: left;"">
      <th>ISRCTN link</th>
      <th>Title</th>
      <th>Condition category</th>
      <th>Age group</th>
      <th>Target number of participants</th>
    </tr>
  </thead>
  <tbody>
    <tr>
      <td><a href='https://www.isrctn.com/ISRCTN17870623' target='_blank'><div>ISRCTN17870623</div></a></td>
      <td>Measuring patient preferences for the treatment of rectal cancer</td>
      <td>Cancer</td>
      <td>Adult</td>
      <td>600</td>
    </tr>
    <tr>
      <td><a href='https://www.isrctn.com/ISRCTN25297151' target='_blank'><div>ISRCTN25297151</div></a></td>
      <td>Producing heart cells from patients with inherited heart rhythm disorders f...</td>
      <td>Circulatory System</td>
      <td>Adult</td>
      <td>50</td>
    </tr>
    <tr>
      <td><a href='https://www.isrctn.com/ISRCTN90048218' target='_blank'><div>ISRCTN90048218</div></a></td>
      <td>Identifying a blood test to predict risk of deterioration of brain haemorrh...</td>
      <td>Circulatory System</td>
      <td>Adult</td>
      <td>40</td>
    </tr>
    <tr>
      <td><a href='https://www.isrctn.com/ISRCTN93596854' target='_blank'><div>ISRCTN93596854</div></a></td>
      <td>Real-time functional brain imaging using Electrical Impedance Tomography of...</td>
      <td>Surgery</td>
      <td>Adult</td>
      <td>40</td>
    </tr>
    <tr>
      <td><a href='https://www.isrctn.com/ISRCTN29932826' target='_blank'><div>ISRCTN29932826</div></a></td>
      <td>The Scandcleft project</td>
      <td>Genetic Diseases</td>
      <td>Child</td>
      <td>450</td>
    </tr>
  </tbody>
</table>"
22,-52626.211348876524,6715968.262466871,Brunel University London,51.5321389,-0.4727493,2.0,5.306765580733931,"<table border=""1"" class=""dataframe"">
  <thead>
    <tr style=""text-align: left;"">
      <th>ISRCTN link</th>
      <th>Title</th>
      <th>Condition category</th>
      <th>Age group</th>
      <th>Target number of participants</th>
    </tr>
  </thead>
  <tbody>
    <tr>
      <td><a href='https://www.isrctn.com/ISRCTN96689245' target='_blank'><div>ISRCTN96689245</div></a></td>
      <td>Patellar taping will reduce pain but will not provide any measurable change...</td>
      <td>Musculoskeletal Diseases</td>
      <td>Adult</td>
      <td>20</td>
    </tr>
    <tr>
      <td><a href='https://www.isrctn.com/ISRCTN96689245' target='_blank'><div>ISRCTN96689245</div></a></td>
      <td>Patellar taping will reduce pain but will not provide any measurable change...</td>
      <td>Musculoskeletal Diseases</td>
      <td>Adult</td>
      <td>20</td>
    </tr>
  </tbody>
</table>"
23,-12912.726973547356,6712273.366431493,King's College London,51.5114864,-0.115997,10.0,15.306765580733934,"<table border=""1"" class=""dataframe"">
  <thead>
    <tr style=""text-align: left;"">
      <th>ISRCTN link</th>
      <th>Title</th>
      <th>Condition category</th>
      <th>Age group</th>
      <th>Target number of participants</th>
    </tr>
  </thead>
  <tbody>
    <tr>
      <td><a href='https://www.isrctn.com/ISRCTN15606951' target='_blank'><div>ISRCTN15606951</div></a></td>
      <td>Is a PET/MRI scan better than a PET/CT scan at visualising bone lesions and...</td>
      <td>Cancer</td>
      <td>Adult</td>
      <td>20</td>
    </tr>
    <tr>
      <td><a href='https://www.isrctn.com/ISRCTN14284759' target='_blank'><div>ISRCTN14284759</div></a></td>
      <td>Paclitaxel assisted balloon angioplasty of venous stenosis in haemodialysis...</td>
      <td>Circulatory System</td>
      <td>Adult</td>
      <td>211</td>
    </tr>
    <tr>
      <td><a href='https://www.isrctn.com/ISRCTN11188205' target='_blank'><div>ISRCTN11188205</div></a></td>
      <td>A study of an abnormal heart rhythm occurring after transcatheter aortic va...</td>
      <td>Circulatory System</td>
      <td>Adult</td>
      <td>400</td>
    </tr>
    <tr>
      <td><a href='https://www.isrctn.com/ISRCTN22851337' target='_blank'><div>ISRCTN22851337</div></a></td>
      <td>Repetitive Transcranial Magnetic Stimulation in Anorexia Nervosa</td>
      <td>Mental and Behavioural Disorders</td>
      <td>Adult</td>
      <td>74</td>
    </tr>
    <tr>
      <td><a href='https://www.isrctn.com/ISRCTN20110108' target='_blank'><div>ISRCTN20110108</div></a></td>
      <td>Clinical comparison of bioglass air abrasion vs tungsten carbide bur</td>
      <td>Oral Health</td>
      <td>Adult</td>
      <td>25</td>
    </tr>
    <tr>
      <td><a href='https://www.isrctn.com/ISRCTN33404560' target='_blank'><div>ISRCTN33404560</div></a></td>
      <td>A multicentre randomised controlled trial of transabdominal versus transvag...</td>
      <td>Pregnancy and Childbirth</td>
      <td>Adult</td>
      <td>129</td>
    </tr>
    <tr>
      <td><a href='https://www.isrctn.com/ISRCTN39503939' target='_blank'><div>ISRCTN39503939</div></a></td>
      <td>A prospective, randomised, controlled evaluation of the effects of optimisa...</td>
      <td>Surgery</td>
      <td>Senior</td>
      <td>250</td>
    </tr>
    <tr>
      <td><a href='https://www.isrctn.com/ISRCTN45979711' target='_blank'><div>ISRCTN45979711</div></a></td>
      <td>REVascularisation for Ischaemic VEntricular Dysfunction</td>
      <td>Circulatory System</td>
      <td>Adult</td>
      <td>700</td>
    </tr>
    <tr>
      <td><a href='https://www.isrctn.com/ISRCTN77258279' target='_blank'><div>ISRCTN77258279</div></a></td>
      <td>When to induce labour to limit risk in pregnancy hypertension</td>
      <td>Pregnancy and Childbirth</td>
      <td>Adult</td>
      <td>1080</td>
    </tr>
    <tr>
      <td><a href='https://www.isrctn.com/ISRCTN15068651' target='_blank'><div>ISRCTN15068651</div></a></td>
      <td>An investigation into the role of previous in-labour caesarean section in f...</td>
      <td>Pregnancy and Childbirth</td>
      <td>Adult</td>
      <td>2200</td>
    </tr>
  </tbody>
</table>"
24,15764.29818165693,6831813.114718777,Cambridge University Hospitals NHS Foundation Trust,52.1749083,0.1416131,15.0,17.826061944859852,"<table border=""1"" class=""dataframe"">
  <thead>
    <tr style=""text-align: left;"">
      <th>ISRCTN link</th>
      <th>Title</th>
      <th>Condition category</th>
      <th>Age group</th>
      <th>Target number of participants</th>
    </tr>
  </thead>
  <tbody>
    <tr>
      <td><a href='https://www.isrctn.com/ISRCTN10578843' target='_blank'><div>ISRCTN10578843</div></a></td>
      <td>Corneal transplant clinical trial</td>
      <td>Eye Diseases</td>
      <td>Adult</td>
      <td>56</td>
    </tr>
    <tr>
      <td><a href='https://www.isrctn.com/ISRCTN16739011' target='_blank'><div>ISRCTN16739011</div></a></td>
      <td>AceFIT – a study comparing three methods of treatment of acetabular fractur...</td>
      <td>Musculoskeletal Diseases</td>
      <td>Senior</td>
      <td>60</td>
    </tr>
    <tr>
      <td><a href='https://www.isrctn.com/ISRCTN16109266' target='_blank'><div>ISRCTN16109266</div></a></td>
      <td>KFORT:­ Knee fix or replacement trial</td>
      <td>Musculoskeletal Diseases</td>
      <td>Adult</td>
      <td>46</td>
    </tr>
    <tr>
      <td><a href='https://www.isrctn.com/ISRCTN42322435' target='_blank'><div>ISRCTN42322435</div></a></td>
      <td>Induction of operational tolerance in stable liver graft recipients</td>
      <td>Surgery</td>
      <td>Adult</td>
      <td>100</td>
    </tr>
    <tr>
      <td><a href='https://www.isrctn.com/ISRCTN50082383' target='_blank'><div>ISRCTN50082383</div></a></td>
      <td>CArdiac Death kidney Machine Perfusion trial</td>
      <td>Surgery</td>
      <td>Adult</td>
      <td>270</td>
    </tr>
    <tr>
      <td><a href='https://www.isrctn.com/ISRCTN52446152' target='_blank'><div>ISRCTN52446152</div></a></td>
      <td>Fluid restriction following open aortic aneurysm surgery</td>
      <td>Surgery</td>
      <td>Adult</td>
      <td>24</td>
    </tr>
    <tr>
      <td><a href='https://www.isrctn.com/ISRCTN55042368' target='_blank'><div>ISRCTN55042368</div></a></td>
      <td>Magnetic resonance imaging (MRI) fluoroscopy for imaging childhood gastroin...</td>
      <td>Surgery</td>
      <td>Child</td>
      <td>50</td>
    </tr>
    <tr>
      <td><a href='https://www.isrctn.com/ISRCTN98320102' target='_blank'><div>ISRCTN98320102</div></a></td>
      <td>Magnetic resonance imaging (MRI) fluoroscopy for imaging childhood vesicour...</td>
      <td>Surgery</td>
      <td>Child</td>
      <td>50</td>
    </tr>
    <tr>
      <td><a href='https://www.isrctn.com/ISRCTN45311436' target='_blank'><div>ISRCTN45311436</div></a></td>
      <td>A Pilot study to evaluate the Clinical Application of Ultrasound Elastograp...</td>
      <td>Surgery</td>
      <td>Not Specified</td>
      <td>600</td>
    </tr>
    <tr>
      <td><a href='https://www.isrctn.com/ISRCTN86060133' target='_blank'><div>ISRCTN86060133</div></a></td>
      <td>The incidence of hand ischaemia following different techniques for formatio...</td>
      <td>Urological and Genital Diseases</td>
      <td>Adult</td>
      <td>70</td>
    </tr>
    <tr>
      <td><a href='https://www.isrctn.com/ISRCTN89667087' target='_blank'><div>ISRCTN89667087</div></a></td>
      <td>A study of a new technique for organ preservation</td>
      <td>Surgery</td>
      <td>Adult</td>
      <td>40</td>
    </tr>
    <tr>
      <td><a href='https://www.isrctn.com/ISRCTN35082773' target='_blank'><div>ISRCTN35082773</div></a></td>
      <td>Pre-transplant machine perfusion of heart-beating donor kidneys prior to re...</td>
      <td>Surgery</td>
      <td>Adult</td>
      <td>200</td>
    </tr>
    <tr>
      <td><a href='https://www.isrctn.com/ISRCTN95022818' target='_blank'><div>ISRCTN95022818</div></a></td>
      <td>Cold Pulsatile Perfusion in Asystolic donor Renal Transplantation</td>
      <td>Surgery</td>
      <td>Adult</td>
      <td>205</td>
    </tr>
    <tr>
      <td><a href='https://www.isrctn.com/ISRCTN91655550' target='_blank'><div>ISRCTN91655550</div></a></td>
      <td>Introducing a non-endoscopic diagnostic test into the clinical pathway to i...</td>
      <td>Cancer</td>
      <td>Adult</td>
      <td>3000</td>
    </tr>
    <tr>
      <td><a href='https://www.isrctn.com/ISRCTN95212240' target='_blank'><div>ISRCTN95212240</div></a></td>
      <td>Vertebral artery Ischaemia Stenting Trial</td>
      <td>Circulatory System</td>
      <td>Adult</td>
      <td>540</td>
    </tr>
  </tbody>
</table>"
25,-169496.79326589472,7133925.454259742,Leeds Teaching Hospitals NHS Trust,53.8082553,-1.5226156,5.0,11.0,"<table border=""1"" class=""dataframe"">
  <thead>
    <tr style=""text-align: left;"">
      <th>ISRCTN link</th>
      <th>Title</th>
      <th>Condition category</th>
      <th>Age group</th>
      <th>Target number of participants</th>
    </tr>
  </thead>
  <tbody>
    <tr>
      <td><a href='https://www.isrctn.com/ISRCTN10133661' target='_blank'><div>ISRCTN10133661</div></a></td>
      <td>Comparing the clinical and cost effectiveness of two types of neck surgery,...</td>
      <td>Nervous System Diseases</td>
      <td>Adult</td>
      <td>252</td>
    </tr>
    <tr>
      <td><a href='https://www.isrctn.com/ISRCTN64926597' target='_blank'><div>ISRCTN64926597</div></a></td>
      <td>Comparing treatments for diabetic foot ulcers</td>
      <td>Nutritional, Metabolic, Endocrine</td>
      <td>Adult</td>
      <td>447</td>
    </tr>
    <tr>
      <td><a href='https://www.isrctn.com/ISRCTN15681041' target='_blank'><div>ISRCTN15681041</div></a></td>
      <td>LaCeS Feasibility: Laparoscopic versus open colorectal surgery in the acute...</td>
      <td>Surgery</td>
      <td>Adult</td>
      <td>66</td>
    </tr>
    <tr>
      <td><a href='https://www.isrctn.com/ISRCTN16447784' target='_blank'><div>ISRCTN16447784</div></a></td>
      <td>Comparison of epidural catheters and wound catheters for pain control after...</td>
      <td>Surgery</td>
      <td>Adult</td>
      <td>80</td>
    </tr>
    <tr>
      <td><a href='https://www.isrctn.com/ISRCTN34165059' target='_blank'><div>ISRCTN34165059</div></a></td>
      <td>Role of MRI and PET CT for radiotherapy planning for head and neck cancer</td>
      <td>Cancer</td>
      <td>Adult</td>
      <td>15</td>
    </tr>
  </tbody>
</table>"
26,-136281.6843531646,6755938.296665334,Oxford Brookes University,51.7549518,-1.2242392,1.0,1.0,"<table border=""1"" class=""dataframe"">
  <thead>
    <tr style=""text-align: left;"">
      <th>ISRCTN link</th>
      <th>Title</th>
      <th>Condition category</th>
      <th>Age group</th>
      <th>Target number of participants</th>
    </tr>
  </thead>
  <tbody>
    <tr>
      <td><a href='https://www.isrctn.com/ISRCTN74235136' target='_blank'><div>ISRCTN74235136</div></a></td>
      <td>Brain stimulation to improve movement in children with cerebral palsy</td>
      <td>Nervous System Diseases</td>
      <td>Child</td>
      <td>30</td>
    </tr>
  </tbody>
</table>"
27,-289762.31908948265,6702786.54140238,University of Bristol,51.4584172,-2.6029792,10.0,15.306765580733934,"<table border=""1"" class=""dataframe"">
  <thead>
    <tr style=""text-align: left;"">
      <th>ISRCTN link</th>
      <th>Title</th>
      <th>Condition category</th>
      <th>Age group</th>
      <th>Target number of participants</th>
    </tr>
  </thead>
  <tbody>
    <tr>
      <td><a href='https://www.isrctn.com/ISRCTN18238549' target='_blank'><div>ISRCTN18238549</div></a></td>
      <td>A study to determine the feasibility of undertaking a large scale study com...</td>
      <td>Cancer</td>
      <td>Adult</td>
      <td>250</td>
    </tr>
    <tr>
      <td><a href='https://www.isrctn.com/ISRCTN11898000' target='_blank'><div>ISRCTN11898000</div></a></td>
      <td>The pre-pectoral breast reconstruction evaluation study</td>
      <td>Surgery</td>
      <td>Adult</td>
      <td>341</td>
    </tr>
    <tr>
      <td><a href='https://www.isrctn.com/ISRCTN15573995' target='_blank'><div>ISRCTN15573995</div></a></td>
      <td>To compare patient experience using two ultrasonic scalers, a magnetostrict...</td>
      <td>Oral Health</td>
      <td>Adult</td>
      <td>140</td>
    </tr>
    <tr>
      <td><a href='https://www.isrctn.com/ISRCTN74980794' target='_blank'><div>ISRCTN74980794</div></a></td>
      <td>Reducing oral bacteria in those with mild dementia</td>
      <td>Oral Health</td>
      <td>Adult</td>
      <td>20</td>
    </tr>
    <tr>
      <td><a href='https://www.isrctn.com/ISRCTN37664281' target='_blank'><div>ISRCTN37664281</div></a></td>
      <td>The iBRA (implant breast reconstruction evaluation) study</td>
      <td>Cancer</td>
      <td>Adult</td>
      <td>0</td>
    </tr>
    <tr>
      <td><a href='https://www.isrctn.com/ISRCTN14300834' target='_blank'><div>ISRCTN14300834</div></a></td>
      <td>A study to test the effect of a new treatment designed to improve the outco...</td>
      <td>Oral Health</td>
      <td>Adult</td>
      <td>40</td>
    </tr>
    <tr>
      <td><a href='https://www.isrctn.com/ISRCTN31193447' target='_blank'><div>ISRCTN31193447</div></a></td>
      <td>A study to test the effect of a new treatment designed to improve the outco...</td>
      <td>Oral Health</td>
      <td>Adult</td>
      <td>20</td>
    </tr>
    <tr>
      <td><a href='https://www.isrctn.com/ISRCTN59036820' target='_blank'><div>ISRCTN59036820</div></a></td>
      <td>ROMIO feasibility: Randomised controlled trial of minimally invasive or ope...</td>
      <td>Cancer</td>
      <td>Adult</td>
      <td>72</td>
    </tr>
    <tr>
      <td><a href='https://www.isrctn.com/ISRCTN22146594' target='_blank'><div>ISRCTN22146594</div></a></td>
      <td>Ultradian rhythms of cortisol after cardiac surgery</td>
      <td>Surgery</td>
      <td>Adult</td>
      <td>60</td>
    </tr>
    <tr>
      <td><a href='https://www.isrctn.com/ISRCTN00786323' target='_blank'><div>ISRCTN00786323</div></a></td>
      <td>Gastric bypass, adjustable gastric banding or sleeve gastrectomy surgery to...</td>
      <td>Nutritional, Metabolic, Endocrine</td>
      <td>Adult</td>
      <td>1341</td>
    </tr>
  </tbody>
</table>"
31,-19466.828973237527,6710008.469052965,Imperial College London,51.49882220000001,-0.1748735,12.0,16.439593106327717,"<table border=""1"" class=""dataframe"">
  <thead>
    <tr style=""text-align: left;"">
      <th>ISRCTN link</th>
      <th>Title</th>
      <th>Condition category</th>
      <th>Age group</th>
      <th>Target number of participants</th>
    </tr>
  </thead>
  <tbody>
    <tr>
      <td><a href='https://www.isrctn.com/ISRCTN65113000' target='_blank'><div>ISRCTN65113000</div></a></td>
      <td>What is the impact of a modified Roux-en-Y-gastric bypass operation on peop...</td>
      <td>Nutritional, Metabolic, Endocrine</td>
      <td>Adult</td>
      <td>72</td>
    </tr>
    <tr>
      <td><a href='https://www.isrctn.com/ISRCTN51550701' target='_blank'><div>ISRCTN51550701</div></a></td>
      <td>Testing of a machine which monitors ventilator settings and advises the car...</td>
      <td>Respiratory</td>
      <td>Adult</td>
      <td>110</td>
    </tr>
    <tr>
      <td><a href='https://www.isrctn.com/ISRCTN33458649' target='_blank'><div>ISRCTN33458649</div></a></td>
      <td>Developing a non-invasive treatment for twin-twin transfusion syndrome</td>
      <td>Neonatal Diseases</td>
      <td>Adult</td>
      <td>13</td>
    </tr>
    <tr>
      <td><a href='https://www.isrctn.com/ISRCTN16668711' target='_blank'><div>ISRCTN16668711</div></a></td>
      <td>BAMBINI: Bariatric surgery vs. Medical care for obesity and polycystic ovar...</td>
      <td>Nutritional, Metabolic, Endocrine</td>
      <td>Adult</td>
      <td>80</td>
    </tr>
    <tr>
      <td><a href='https://www.isrctn.com/ISRCTN16371361' target='_blank'><div>ISRCTN16371361</div></a></td>
      <td>UK lung volume reduction trial</td>
      <td>Respiratory</td>
      <td>Adult</td>
      <td>300</td>
    </tr>
    <tr>
      <td><a href='https://www.isrctn.com/ISRCTN15283219' target='_blank'><div>ISRCTN15283219</div></a></td>
      <td>Are gut hormone changes the reason why the long-limb gastric bypass is more...</td>
      <td>Nutritional, Metabolic, Endocrine</td>
      <td>Adult</td>
      <td>50</td>
    </tr>
    <tr>
      <td><a href='https://www.isrctn.com/ISRCTN33084113' target='_blank'><div>ISRCTN33084113</div></a></td>
      <td>Cardioprotection in CABG and AVR patients with RIPC</td>
      <td>Circulatory System</td>
      <td>Adult</td>
      <td>120</td>
    </tr>
    <tr>
      <td><a href='https://www.isrctn.com/ISRCTN04761234' target='_blank'><div>ISRCTN04761234</div></a></td>
      <td>Bronchoscopic lung volume reduction for patients with emphysema</td>
      <td>Respiratory</td>
      <td>Adult</td>
      <td>50</td>
    </tr>
    <tr>
      <td><a href='https://www.isrctn.com/ISRCTN48334791' target='_blank'><div>ISRCTN48334791</div></a></td>
      <td>Immediate management of patients with ruptured aneurysm: open versus endova...</td>
      <td>Circulatory System</td>
      <td>Adult</td>
      <td>600</td>
    </tr>
    <tr>
      <td><a href='https://www.isrctn.com/ISRCTN95152621' target='_blank'><div>ISRCTN95152621</div></a></td>
      <td>Computed tomography (CT) colonography, colonoscopy, or barium enema for dia...</td>
      <td>Cancer</td>
      <td>Senior</td>
      <td>5025</td>
    </tr>
    <tr>
      <td><a href='https://www.isrctn.com/ISRCTN55703451' target='_blank'><div>ISRCTN55703451</div></a></td>
      <td>Endovascular aneurysm repair (EVAR) trials 1 and 2</td>
      <td>Circulatory System</td>
      <td>Senior</td>
      <td>2645</td>
    </tr>
    <tr>
      <td><a href='https://www.isrctn.com/ISRCTN21541209' target='_blank'><div>ISRCTN21541209</div></a></td>
      <td>Can the use of decellularised dermis allograft (DCD) help improve ulcer hea...</td>
      <td>Circulatory System</td>
      <td>Adult</td>
      <td>196</td>
    </tr>
  </tbody>
</table>"
32,-353869.5329130179,6707828.061418129,Cardiff University,51.48662710000001,-3.1788641,4.0,9.613531161467861,"<table border=""1"" class=""dataframe"">
  <thead>
    <tr style=""text-align: left;"">
      <th>ISRCTN link</th>
      <th>Title</th>
      <th>Condition category</th>
      <th>Age group</th>
      <th>Target number of participants</th>
    </tr>
  </thead>
  <tbody>
    <tr>
      <td><a href='https://www.isrctn.com/ISRCTN98539180' target='_blank'><div>ISRCTN98539180</div></a></td>
      <td>Randomised controlled trial of contrast-enhanced colonoscopy in the reducti...</td>
      <td>Cancer</td>
      <td>Adult</td>
      <td>2652</td>
    </tr>
    <tr>
      <td><a href='https://www.isrctn.com/ISRCTN52651778' target='_blank'><div>ISRCTN52651778</div></a></td>
      <td>A single site, open label, phase I study to assess the safety and feasibili...</td>
      <td>Nervous System Diseases</td>
      <td>Adult</td>
      <td>30</td>
    </tr>
    <tr>
      <td><a href='https://www.isrctn.com/ISRCTN17029222' target='_blank'><div>ISRCTN17029222</div></a></td>
      <td>Seal or Varnish? A comparison of the cost and effectiveness of sealants and...</td>
      <td>Oral Health</td>
      <td>Child</td>
      <td>920</td>
    </tr>
    <tr>
      <td><a href='https://www.isrctn.com/ISRCTN38528926' target='_blank'><div>ISRCTN38528926</div></a></td>
      <td>Bladder cancer: Open versus Laparoscopic or RObotic cystectomy</td>
      <td>Cancer</td>
      <td>Adult</td>
      <td>72</td>
    </tr>
  </tbody>
</table>"
35,-166122.46572901995,7053444.597670693,Sheffield Teaching Hospitals NHS Foundation Trust,53.379171,-1.4923035,2.0,5.306765580733931,"<table border=""1"" class=""dataframe"">
  <thead>
    <tr style=""text-align: left;"">
      <th>ISRCTN link</th>
      <th>Title</th>
      <th>Condition category</th>
      <th>Age group</th>
      <th>Target number of participants</th>
    </tr>
  </thead>
  <tbody>
    <tr>
      <td><a href='https://www.isrctn.com/ISRCTN12509361' target='_blank'><div>ISRCTN12509361</div></a></td>
      <td>BRAVO Study: Surgery vs. Immunotherapy – Which treatment is best in bladder...</td>
      <td>Cancer</td>
      <td>Adult</td>
      <td>60</td>
    </tr>
    <tr>
      <td><a href='https://www.isrctn.com/ISRCTN41394716' target='_blank'><div>ISRCTN41394716</div></a></td>
      <td>The HubBLe Trial: Haemorrhoidal Artery Ligation (HAL) versus Rubber Band Li...</td>
      <td>Circulatory System</td>
      <td>Adult</td>
      <td>350</td>
    </tr>
  </tbody>
</table>"
38,-119174.39443873038,6594754.863302128,Portsmouth Hospitals NHS Trust,50.8497257,-1.0705618,4.0,9.613531161467861,"<table border=""1"" class=""dataframe"">
  <thead>
    <tr style=""text-align: left;"">
      <th>ISRCTN link</th>
      <th>Title</th>
      <th>Condition category</th>
      <th>Age group</th>
      <th>Target number of participants</th>
    </tr>
  </thead>
  <tbody>
    <tr>
      <td><a href='https://www.isrctn.com/ISRCTN26729280' target='_blank'><div>ISRCTN26729280</div></a></td>
      <td>The PLUG Study – A Feasibility Study Investigating the Prevention of Post-o...</td>
      <td>Surgery</td>
      <td>Adult</td>
      <td>30</td>
    </tr>
    <tr>
      <td><a href='https://www.isrctn.com/ISRCTN76437720' target='_blank'><div>ISRCTN76437720</div></a></td>
      <td>The DYNAMIC Study - comparing standard stitch repair versus mesh-and-stitch...</td>
      <td>Digestive System</td>
      <td>Adult</td>
      <td>40</td>
    </tr>
    <tr>
      <td><a href='https://www.isrctn.com/ISRCTN37028168' target='_blank'><div>ISRCTN37028168</div></a></td>
      <td>Superficial Endometriosis Treatment trial</td>
      <td>Urological and Genital Diseases</td>
      <td>Adult</td>
      <td>32</td>
    </tr>
    <tr>
      <td><a href='https://www.isrctn.com/ISRCTN45051056' target='_blank'><div>ISRCTN45051056</div></a></td>
      <td>Complete mesocolic excision vs. standard right hemicolectomy trial</td>
      <td>Cancer</td>
      <td>Adult</td>
      <td>80</td>
    </tr>
  </tbody>
</table>"
39,-129447.76968141648,6981081.701203768,Nottingham University Hospitals NHS Trust,52.9896393,-1.1628491,5.0,11.0,"<table border=""1"" class=""dataframe"">
  <thead>
    <tr style=""text-align: left;"">
      <th>ISRCTN link</th>
      <th>Title</th>
      <th>Condition category</th>
      <th>Age group</th>
      <th>Target number of participants</th>
    </tr>
  </thead>
  <tbody>
    <tr>
      <td><a href='https://www.isrctn.com/ISRCTN12525655' target='_blank'><div>ISRCTN12525655</div></a></td>
      <td>Study of treatments for Dupuytren’s contractures</td>
      <td>Musculoskeletal Diseases</td>
      <td>Adult</td>
      <td>406</td>
    </tr>
    <tr>
      <td><a href='https://www.isrctn.com/ISRCTN10777575' target='_blank'><div>ISRCTN10777575</div></a></td>
      <td>The Operative Rib Fixation (ORiF) study</td>
      <td>Injury, Occupational Diseases, Poisoning</td>
      <td>Adult</td>
      <td>532</td>
    </tr>
    <tr>
      <td><a href='https://www.isrctn.com/ISRCTN16719542' target='_blank'><div>ISRCTN16719542</div></a></td>
      <td>The ASSERT (Acute Sacral inSufficiEncy fractuRe augmenTation) study</td>
      <td>Injury, Occupational Diseases, Poisoning</td>
      <td>Adult</td>
      <td>45</td>
    </tr>
    <tr>
      <td><a href='https://www.isrctn.com/ISRCTN28960271' target='_blank'><div>ISRCTN28960271</div></a></td>
      <td>Pilot randomised controlled trial of hysteroscopic septal resection</td>
      <td>Pregnancy and Childbirth</td>
      <td>Adult</td>
      <td>10</td>
    </tr>
    <tr>
      <td><a href='https://www.isrctn.com/ISRCTN21456601' target='_blank'><div>ISRCTN21456601</div></a></td>
      <td>Cord Pilot Trial</td>
      <td>Pregnancy and Childbirth</td>
      <td>Adult</td>
      <td>261</td>
    </tr>
  </tbody>
</table>"
43,-659946.2020520652,7285291.2192702135,University of Ulster,54.6035026,-5.928397599999999,1.0,1.0,"<table border=""1"" class=""dataframe"">
  <thead>
    <tr style=""text-align: left;"">
      <th>ISRCTN link</th>
      <th>Title</th>
      <th>Condition category</th>
      <th>Age group</th>
      <th>Target number of participants</th>
    </tr>
  </thead>
  <tbody>
    <tr>
      <td><a href='https://www.isrctn.com/ISRCTN22105243' target='_blank'><div>ISRCTN22105243</div></a></td>
      <td>Constraint Induced Movement Therapy (CIMT) for acquired brain injury: a cli...</td>
      <td>Nervous System Diseases</td>
      <td>Mixed</td>
      <td>30</td>
    </tr>
  </tbody>
</table>"
46,12791.555707818878,6837144.079148998,University of Cambridge,52.2042666,0.1149085,3.0,7.826061944859854,"<table border=""1"" class=""dataframe"">
  <thead>
    <tr style=""text-align: left;"">
      <th>ISRCTN link</th>
      <th>Title</th>
      <th>Condition category</th>
      <th>Age group</th>
      <th>Target number of participants</th>
    </tr>
  </thead>
  <tbody>
    <tr>
      <td><a href='https://www.isrctn.com/ISRCTN16939438' target='_blank'><div>ISRCTN16939438</div></a></td>
      <td>Screening for atrial fibrillation with ECG to reduce stroke</td>
      <td>Circulatory System</td>
      <td>Adult</td>
      <td>4800</td>
    </tr>
    <tr>
      <td><a href='https://www.isrctn.com/ISRCTN91655550' target='_blank'><div>ISRCTN91655550</div></a></td>
      <td>Introducing a non-endoscopic diagnostic test into the clinical pathway to i...</td>
      <td>Cancer</td>
      <td>Adult</td>
      <td>3000</td>
    </tr>
    <tr>
      <td><a href='https://www.isrctn.com/ISRCTN95212240' target='_blank'><div>ISRCTN95212240</div></a></td>
      <td>Vertebral artery Ischaemia Stenting Trial</td>
      <td>Circulatory System</td>
      <td>Adult</td>
      <td>540</td>
    </tr>
  </tbody>
</table>"
49,120964.14468390832,6668518.098329724,East Kent Hospitals University NHS Foundation Trust,51.2662051,1.0866394,1.0,1.0,"<table border=""1"" class=""dataframe"">
  <thead>
    <tr style=""text-align: left;"">
      <th>ISRCTN link</th>
      <th>Title</th>
      <th>Condition category</th>
      <th>Age group</th>
      <th>Target number of participants</th>
    </tr>
  </thead>
  <tbody>
    <tr>
      <td><a href='https://www.isrctn.com/ISRCTN35657537' target='_blank'><div>ISRCTN35657537</div></a></td>
      <td>Optokinetic chart stimulation-based protocol and conventional functional ac...</td>
      <td>Circulatory System</td>
      <td>Senior</td>
      <td>8</td>
    </tr>
  </tbody>
</table>"
54,-168073.3732010193,7365882.694883192,Northumbria Healthcare NHS Foundation Trust,55.0206902,-1.5098288,3.0,7.826061944859854,"<table border=""1"" class=""dataframe"">
  <thead>
    <tr style=""text-align: left;"">
      <th>ISRCTN link</th>
      <th>Title</th>
      <th>Condition category</th>
      <th>Age group</th>
      <th>Target number of participants</th>
    </tr>
  </thead>
  <tbody>
    <tr>
      <td><a href='https://www.isrctn.com/ISRCTN15606075' target='_blank'><div>ISRCTN15606075</div></a></td>
      <td>A randomised controlled trial of  single antibiotic cement versus  dual ant...</td>
      <td>Surgery</td>
      <td>Senior</td>
      <td>4920</td>
    </tr>
    <tr>
      <td><a href='https://www.isrctn.com/ISRCTN95459522' target='_blank'><div>ISRCTN95459522</div></a></td>
      <td>Biomarkers Of Colorectal cancer After Bariatric Surgery</td>
      <td>Nutritional, Metabolic, Endocrine</td>
      <td>Adult</td>
      <td>60</td>
    </tr>
    <tr>
      <td><a href='https://www.isrctn.com/ISRCTN17635882' target='_blank'><div>ISRCTN17635882</div></a></td>
      <td>Comparing open and minimally invasive osteotomy for the surgical correction...</td>
      <td>Musculoskeletal Diseases</td>
      <td>Adult</td>
      <td>100</td>
    </tr>
  </tbody>
</table>"
61,-13441.40549922277,6714129.541447256,Great Ormond Street Hospital for Children NHS Foundation Trust,51.5218626,-0.1207462,1.0,1.0,"<table border=""1"" class=""dataframe"">
  <thead>
    <tr style=""text-align: left;"">
      <th>ISRCTN link</th>
      <th>Title</th>
      <th>Condition category</th>
      <th>Age group</th>
      <th>Target number of participants</th>
    </tr>
  </thead>
  <tbody>
    <tr>
      <td><a href='https://www.isrctn.com/ISRCTN60048867' target='_blank'><div>ISRCTN60048867</div></a></td>
      <td>First-line support for assistance in breathing in children</td>
      <td>Respiratory</td>
      <td>Child</td>
      <td>1200</td>
    </tr>
  </tbody>
</table>"
62,-301886.18049152347,7092980.874647756,Wrightington Hospital,53.5905035,-2.7118897,2.0,5.306765580733931,"<table border=""1"" class=""dataframe"">
  <thead>
    <tr style=""text-align: left;"">
      <th>ISRCTN link</th>
      <th>Title</th>
      <th>Condition category</th>
      <th>Age group</th>
      <th>Target number of participants</th>
    </tr>
  </thead>
  <tbody>
    <tr>
      <td><a href='https://www.isrctn.com/ISRCTN21981284' target='_blank'><div>ISRCTN21981284</div></a></td>
      <td>Comparison of two shoulder replacement methods after trauma</td>
      <td>Injury, Occupational Diseases, Poisoning</td>
      <td>Senior</td>
      <td>50</td>
    </tr>
    <tr>
      <td><a href='https://www.isrctn.com/ISRCTN87904264' target='_blank'><div>ISRCTN87904264</div></a></td>
      <td>A comparison of two methods of surgical fixation for the treatment of simpl...</td>
      <td>Injury, Occupational Diseases, Poisoning</td>
      <td>Adult</td>
      <td>280</td>
    </tr>
  </tbody>
</table>"
68,-159707.9806346827,6609566.652367846,Southampton University Hospitals NHS Trust,50.93365619999999,-1.4346812,6.0,12.132827525593784,"<table border=""1"" class=""dataframe"">
  <thead>
    <tr style=""text-align: left;"">
      <th>ISRCTN link</th>
      <th>Title</th>
      <th>Condition category</th>
      <th>Age group</th>
      <th>Target number of participants</th>
    </tr>
  </thead>
  <tbody>
    <tr>
      <td><a href='https://www.isrctn.com/ISRCTN10171587' target='_blank'><div>ISRCTN10171587</div></a></td>
      <td>Autotransplantation of the spleen after distal pancreatectomy and splenecto...</td>
      <td>Surgery</td>
      <td>Adult</td>
      <td>45</td>
    </tr>
    <tr>
      <td><a href='https://www.isrctn.com/ISRCTN46012373' target='_blank'><div>ISRCTN46012373</div></a></td>
      <td>Improvement of pain and quality of life in patients with sickle cell diseas...</td>
      <td>Haematological Disorders</td>
      <td>Mixed</td>
      <td>60</td>
    </tr>
    <tr>
      <td><a href='https://www.isrctn.com/ISRCTN73037149' target='_blank'><div>ISRCTN73037149</div></a></td>
      <td>PROMOTE: A prospective randomised trial comparing embryo development</td>
      <td>Pregnancy and Childbirth</td>
      <td>Adult</td>
      <td>120</td>
    </tr>
    <tr>
      <td><a href='https://www.isrctn.com/ISRCTN73378715' target='_blank'><div>ISRCTN73378715</div></a></td>
      <td>Do individuals with red hair need more anaesthetic than those with dark hai...</td>
      <td>Surgery</td>
      <td>Adult</td>
      <td>14</td>
    </tr>
    <tr>
      <td><a href='https://www.isrctn.com/ISRCTN93815412' target='_blank'><div>ISRCTN93815412</div></a></td>
      <td>The CHildrens INterval Appendicectomy (CHINA) Study</td>
      <td>Infections and Infestations</td>
      <td>Child</td>
      <td>100</td>
    </tr>
    <tr>
      <td><a href='https://www.isrctn.com/ISRCTN44897265' target='_blank'><div>ISRCTN44897265</div></a></td>
      <td>Distal pancreatectomy, minimally invasive or open, for malignancy</td>
      <td>Surgery</td>
      <td>Adult</td>
      <td>258</td>
    </tr>
  </tbody>
</table>"
69,-19408.40850446922,6713404.673761457,Imperial College Healthcare NHS Trust,51.5178108,-0.1743487,5.0,11.0,"<table border=""1"" class=""dataframe"">
  <thead>
    <tr style=""text-align: left;"">
      <th>ISRCTN link</th>
      <th>Title</th>
      <th>Condition category</th>
      <th>Age group</th>
      <th>Target number of participants</th>
    </tr>
  </thead>
  <tbody>
    <tr>
      <td><a href='https://www.isrctn.com/ISRCTN13424423' target='_blank'><div>ISRCTN13424423</div></a></td>
      <td>Paravertebral nerve blocks for analgesia after cardiac surgery</td>
      <td>Signs and Symptoms</td>
      <td>Adult</td>
      <td>50</td>
    </tr>
    <tr>
      <td><a href='https://www.isrctn.com/ISRCTN34428459' target='_blank'><div>ISRCTN34428459</div></a></td>
      <td>Low Frequency Ventilation during cardiopulmonary bypass for lung protection</td>
      <td>Surgery</td>
      <td>Adult</td>
      <td>32</td>
    </tr>
    <tr>
      <td><a href='https://www.isrctn.com/ISRCTN82938832' target='_blank'><div>ISRCTN82938832</div></a></td>
      <td>Remote ischaemic preconditioning to reduce myocardial complications followi...</td>
      <td>Cancer</td>
      <td>Adult</td>
      <td>92</td>
    </tr>
    <tr>
      <td><a href='https://www.isrctn.com/ISRCTN44012204' target='_blank'><div>ISRCTN44012204</div></a></td>
      <td>Cost-effectiveness of surgical simulation</td>
      <td>Surgery</td>
      <td>Adult</td>
      <td>30</td>
    </tr>
    <tr>
      <td><a href='https://www.isrctn.com/ISRCTN44012204' target='_blank'><div>ISRCTN44012204</div></a></td>
      <td>Cost-effectiveness of surgical simulation</td>
      <td>Surgery</td>
      <td>Adult</td>
      <td>30</td>
    </tr>
  </tbody>
</table>"
76,-4494.468781033024,6714523.953950477,Queen Mary University of London,51.5240671,-0.0403745,8.0,13.920296742201792,"<table border=""1"" class=""dataframe"">
  <thead>
    <tr style=""text-align: left;"">
      <th>ISRCTN link</th>
      <th>Title</th>
      <th>Condition category</th>
      <th>Age group</th>
      <th>Target number of participants</th>
    </tr>
  </thead>
  <tbody>
    <tr>
      <td><a href='https://www.isrctn.com/ISRCTN14479873' target='_blank'><div>ISRCTN14479873</div></a></td>
      <td>How effective are toothpastes in improving tooth discoloration marks after ...</td>
      <td>Oral Health</td>
      <td>Child</td>
      <td>20</td>
    </tr>
    <tr>
      <td><a href='https://www.isrctn.com/ISRCTN12146519' target='_blank'><div>ISRCTN12146519</div></a></td>
      <td>Administering cryoprecipitate in obstetric bleeding at an earlier time</td>
      <td>Pregnancy and Childbirth</td>
      <td>Adult</td>
      <td>200</td>
    </tr>
    <tr>
      <td><a href='https://www.isrctn.com/ISRCTN25173360' target='_blank'><div>ISRCTN25173360</div></a></td>
      <td>Early removal of Fallopian tubes and delayed removal of ovaries in women at...</td>
      <td>Cancer</td>
      <td>Adult</td>
      <td>1000</td>
    </tr>
    <tr>
      <td><a href='https://www.isrctn.com/ISRCTN80682973' target='_blank'><div>ISRCTN80682973</div></a></td>
      <td>A medical trial looking at ways to improve the quality and delivery of care...</td>
      <td>Surgery</td>
      <td>Adult</td>
      <td>27500</td>
    </tr>
    <tr>
      <td><a href='https://www.isrctn.com/ISRCTN51817007' target='_blank'><div>ISRCTN51817007</div></a></td>
      <td>International Surgical Outcomes Study (ISOS)</td>
      <td>Surgery</td>
      <td>Adult</td>
      <td>50000</td>
    </tr>
    <tr>
      <td><a href='https://www.isrctn.com/ISRCTN94850719' target='_blank'><div>ISRCTN94850719</div></a></td>
      <td>Physiological effects of goal directed therapy (incorportating dopexamine i...</td>
      <td>Surgery</td>
      <td>Not Specified</td>
      <td>135</td>
    </tr>
    <tr>
      <td><a href='https://www.isrctn.com/ISRCTN66118656' target='_blank'><div>ISRCTN66118656</div></a></td>
      <td>Cell SALVage in Obstetrics</td>
      <td>Pregnancy and Childbirth</td>
      <td>Adult</td>
      <td>3050</td>
    </tr>
    <tr>
      <td><a href='https://www.isrctn.com/ISRCTN94943190' target='_blank'><div>ISRCTN94943190</div></a></td>
      <td>Stapled mesh stoma reinforcement technique (SMART) to prevent parastomal he...</td>
      <td>Digestive System</td>
      <td>Adult</td>
      <td>116</td>
    </tr>
  </tbody>
</table>"
82,-258694.8637167799,7073682.91178754,Salford Royal NHS Foundation Trust,53.487482,-2.3238955,1.0,1.0,"<table border=""1"" class=""dataframe"">
  <thead>
    <tr style=""text-align: left;"">
      <th>ISRCTN link</th>
      <th>Title</th>
      <th>Condition category</th>
      <th>Age group</th>
      <th>Target number of participants</th>
    </tr>
  </thead>
  <tbody>
    <tr>
      <td><a href='https://www.isrctn.com/ISRCTN12259569' target='_blank'><div>ISRCTN12259569</div></a></td>
      <td>Dedicated Endoscopy for Barrett's Oesophagus (DEBO) compared to current Bar...</td>
      <td>Digestive System</td>
      <td>Adult</td>
      <td>100</td>
    </tr>
  </tbody>
</table>"
84,-252923.78301532974,6983633.7531679515,Keele University,53.00343729999999,-2.272053000000001,2.0,5.306765580733931,"<table border=""1"" class=""dataframe"">
  <thead>
    <tr style=""text-align: left;"">
      <th>ISRCTN link</th>
      <th>Title</th>
      <th>Condition category</th>
      <th>Age group</th>
      <th>Target number of participants</th>
    </tr>
  </thead>
  <tbody>
    <tr>
      <td><a href='https://www.isrctn.com/ISRCTN87141084' target='_blank'><div>ISRCTN87141084</div></a></td>
      <td>The treatment and advice for tennis elbow study</td>
      <td>Musculoskeletal Diseases</td>
      <td>Adult</td>
      <td>240</td>
    </tr>
    <tr>
      <td><a href='https://www.isrctn.com/ISRCTN48911177' target='_blank'><div>ISRCTN48911177</div></a></td>
      <td>Autologous chondrocyte transplantation/implantation versus existing treatme...</td>
      <td>Musculoskeletal Diseases</td>
      <td>Not Specified</td>
      <td>400</td>
    </tr>
  </tbody>
</table>"
92,-288970.57034316455,6702900.955636583,University Hospitals Bristol NHS Foundation Trust,51.45905759999999,-2.5958668,13.0,16.936926411670825,"<table border=""1"" class=""dataframe"">
  <thead>
    <tr style=""text-align: left;"">
      <th>ISRCTN link</th>
      <th>Title</th>
      <th>Condition category</th>
      <th>Age group</th>
      <th>Target number of participants</th>
    </tr>
  </thead>
  <tbody>
    <tr>
      <td><a href='https://www.isrctn.com/ISRCTN13292620' target='_blank'><div>ISRCTN13292620</div></a></td>
      <td>Evaluating whether surgical reconstruction is better than non-surgical trea...</td>
      <td>Skin and Connective Tissue Diseases</td>
      <td>Adult</td>
      <td>245000</td>
    </tr>
    <tr>
      <td><a href='https://www.isrctn.com/ISRCTN13467772' target='_blank'><div>ISRCTN13467772</div></a></td>
      <td>Intermittent antegrade warm blood versus cold blood cardioplegia in childre...</td>
      <td>Surgery</td>
      <td>Child</td>
      <td>94</td>
    </tr>
    <tr>
      <td><a href='https://www.isrctn.com/ISRCTN49328913' target='_blank'><div>ISRCTN49328913</div></a></td>
      <td>The Bluebelle pilot trial: Is it possible to recruit participants to a tria...</td>
      <td>Surgery</td>
      <td>Adult</td>
      <td>330</td>
    </tr>
    <tr>
      <td><a href='https://www.isrctn.com/ISRCTN22628285' target='_blank'><div>ISRCTN22628285</div></a></td>
      <td>Optical coherence tomography to guide stent placement during percutaneous c...</td>
      <td>Circulatory System</td>
      <td>Adult</td>
      <td>128</td>
    </tr>
    <tr>
      <td><a href='https://www.isrctn.com/ISRCTN75795633' target='_blank'><div>ISRCTN75795633</div></a></td>
      <td>To investigate whether during cardiac surgery with cardiopulmonary bypass t...</td>
      <td>Surgery</td>
      <td>Adult</td>
      <td>60</td>
    </tr>
    <tr>
      <td><a href='https://www.isrctn.com/ISRCTN38846532' target='_blank'><div>ISRCTN38846532</div></a></td>
      <td>QUEST Trial A - Quality of life following mastectomy and breast reconstruct...</td>
      <td>Cancer</td>
      <td>Adult</td>
      <td>55</td>
    </tr>
    <tr>
      <td><a href='https://www.isrctn.com/ISRCTN92581226' target='_blank'><div>ISRCTN92581226</div></a></td>
      <td>QUEST Trial B - Quality of life following mastectomy and breast reconstruct...</td>
      <td>Cancer</td>
      <td>Adult</td>
      <td>55</td>
    </tr>
    <tr>
      <td><a href='https://www.isrctn.com/ISRCTN10567790' target='_blank'><div>ISRCTN10567790</div></a></td>
      <td>The extent of intimal hyperplasia and atherogenesis in bypass vein grafts f...</td>
      <td>Circulatory System</td>
      <td>Adult</td>
      <td>96</td>
    </tr>
    <tr>
      <td><a href='https://www.isrctn.com/ISRCTN93129502' target='_blank'><div>ISRCTN93129502</div></a></td>
      <td>Normothermic versus hypothermic cardiopulmonary bypass in paediatric open h...</td>
      <td>Surgery</td>
      <td>Child</td>
      <td>110</td>
    </tr>
    <tr>
      <td><a href='https://www.isrctn.com/ISRCTN23557269' target='_blank'><div>ISRCTN23557269</div></a></td>
      <td>A randomised controlled trial of patient-specific oxygen monitoring to redu...</td>
      <td>Surgery</td>
      <td>Adult</td>
      <td>200</td>
    </tr>
    <tr>
      <td><a href='https://www.isrctn.com/ISRCTN02159606' target='_blank'><div>ISRCTN02159606</div></a></td>
      <td>Pre-operative volume replacement versus usual care in diabetic patients hav...</td>
      <td>Circulatory System</td>
      <td>Adult</td>
      <td>170</td>
    </tr>
    <tr>
      <td><a href='https://www.isrctn.com/ISRCTN70923932' target='_blank'><div>ISRCTN70923932</div></a></td>
      <td>A multi-centre randomised controlled trial of the effects of a reduction in...</td>
      <td>Surgery</td>
      <td>Adult</td>
      <td>2000</td>
    </tr>
    <tr>
      <td><a href='https://www.isrctn.com/ISRCTN81773762' target='_blank'><div>ISRCTN81773762</div></a></td>
      <td>A randomised controlled trial to compare normoxic versus standard cardiopul...</td>
      <td>Surgery</td>
      <td>Child</td>
      <td>90</td>
    </tr>
  </tbody>
</table>"
93,-355024.71753287787,7547378.240693045,University of Edinburgh,55.9445158,-3.1892413,3.0,7.826061944859854,"<table border=""1"" class=""dataframe"">
  <thead>
    <tr style=""text-align: left;"">
      <th>ISRCTN link</th>
      <th>Title</th>
      <th>Condition category</th>
      <th>Age group</th>
      <th>Target number of participants</th>
    </tr>
  </thead>
  <tbody>
    <tr>
      <td><a href='https://www.isrctn.com/ISRCTN08227262' target='_blank'><div>ISRCTN08227262</div></a></td>
      <td>Transnasal endoscopy: image quality and patient acceptability</td>
      <td>Surgery</td>
      <td>Adult</td>
      <td>250</td>
    </tr>
    <tr>
      <td><a href='https://www.isrctn.com/ISRCTN85418379' target='_blank'><div>ISRCTN85418379</div></a></td>
      <td>The effect of implant design on patient outcomes following total knee repla...</td>
      <td>Musculoskeletal Diseases</td>
      <td>Adult</td>
      <td>204</td>
    </tr>
    <tr>
      <td><a href='https://www.isrctn.com/ISRCTN24842715' target='_blank'><div>ISRCTN24842715</div></a></td>
      <td>Restrictive and Liberal Transfusion Strategies in Intensive Care (RELIEVE)</td>
      <td>Surgery</td>
      <td>Other</td>
      <td>100</td>
    </tr>
  </tbody>
</table>"
96,-233940.7708129778,7793869.012440783,University of Aberdeen,57.16475999999999,-2.1015257,9.0,14.652123889719707,"<table border=""1"" class=""dataframe"">
  <thead>
    <tr style=""text-align: left;"">
      <th>ISRCTN link</th>
      <th>Title</th>
      <th>Condition category</th>
      <th>Age group</th>
      <th>Target number of participants</th>
    </tr>
  </thead>
  <tbody>
    <tr>
      <td><a href='https://www.isrctn.com/ISRCTN49912293' target='_blank'><div>ISRCTN49912293</div></a></td>
      <td>Measurement of the movement of shoulder replacements in bone</td>
      <td>Musculoskeletal Diseases</td>
      <td>Adult</td>
      <td>15</td>
    </tr>
    <tr>
      <td><a href='https://www.isrctn.com/ISRCTN86784244' target='_blank'><div>ISRCTN86784244</div></a></td>
      <td>Vault or uterine prolapse surgery evaluation: the VUE study</td>
      <td>Urological and Genital Diseases</td>
      <td>Adult</td>
      <td>800</td>
    </tr>
    <tr>
      <td><a href='https://www.isrctn.com/ISRCTN60695184' target='_blank'><div>ISRCTN60695184</div></a></td>
      <td>Surgery for women with pelvic organ prolapse</td>
      <td>Urological and Genital Diseases</td>
      <td>Adult</td>
      <td>4500</td>
    </tr>
    <tr>
      <td><a href='https://www.isrctn.com/ISRCTN51995477' target='_blank'><div>ISRCTN51995477</div></a></td>
      <td>Randomised controlled trial comparing foam sclerotherapy, alone or in combi...</td>
      <td>Circulatory System</td>
      <td>Adult</td>
      <td>1015</td>
    </tr>
    <tr>
      <td><a href='https://www.isrctn.com/ISRCTN32188676' target='_blank'><div>ISRCTN32188676</div></a></td>
      <td>A pragmatic multi-centre randomised controlled evaluation of level of depen...</td>
      <td>Surgery</td>
      <td>Not Specified</td>
      <td>204</td>
    </tr>
    <tr>
      <td><a href='https://www.isrctn.com/ISRCTN61225414' target='_blank'><div>ISRCTN61225414</div></a></td>
      <td>E-Freeze: Freezing of embryos in assisted conception</td>
      <td>Pregnancy and Childbirth</td>
      <td>Adult</td>
      <td>1086</td>
    </tr>
    <tr>
      <td><a href='https://www.isrctn.com/ISRCTN44464607' target='_blank'><div>ISRCTN44464607</div></a></td>
      <td>The effectiveness of early lens extraction with intraocular lens implantati...</td>
      <td>Eye Diseases</td>
      <td>Senior</td>
      <td>400</td>
    </tr>
    <tr>
      <td><a href='https://www.isrctn.com/ISRCTN98970319' target='_blank'><div>ISRCTN98970319</div></a></td>
      <td>PUrE: percutaneous nephrolithotomy, flexible ureterorenoscopy and extracorp...</td>
      <td>Urological and Genital Diseases</td>
      <td>Adult</td>
      <td>1044</td>
    </tr>
    <tr>
      <td><a href='https://www.isrctn.com/ISRCTN55215960' target='_blank'><div>ISRCTN55215960</div></a></td>
      <td>A randomised controlled trial comparing surgery with watchful waiting for p...</td>
      <td>Digestive System</td>
      <td>Adult</td>
      <td>430</td>
    </tr>
  </tbody>
</table>"
99,-15299.205349122634,6714813.893758078,University College London Hospitals NHS Foundation Trust,51.5256876,-0.1374351,7.0,13.090619551221675,"<table border=""1"" class=""dataframe"">
  <thead>
    <tr style=""text-align: left;"">
      <th>ISRCTN link</th>
      <th>Title</th>
      <th>Condition category</th>
      <th>Age group</th>
      <th>Target number of participants</th>
    </tr>
  </thead>
  <tbody>
    <tr>
      <td><a href='https://www.isrctn.com/ISRCTN10094287' target='_blank'><div>ISRCTN10094287</div></a></td>
      <td>Can we predict the risk of cancer or precancer in postmenopausal women with...</td>
      <td>Urological and Genital Diseases</td>
      <td>Adult</td>
      <td>200</td>
    </tr>
    <tr>
      <td><a href='https://www.isrctn.com/ISRCTN78400671' target='_blank'><div>ISRCTN78400671</div></a></td>
      <td>Optimum intrauterine filling pressures needed to perform outpatient diagnos...</td>
      <td>Surgery</td>
      <td>Adult</td>
      <td>230</td>
    </tr>
    <tr>
      <td><a href='https://www.isrctn.com/ISRCTN90019424' target='_blank'><div>ISRCTN90019424</div></a></td>
      <td>Post-Operative Morbidity-Exercise: pre-operative exercise biology and post-...</td>
      <td>Surgery</td>
      <td>Adult</td>
      <td>106</td>
    </tr>
    <tr>
      <td><a href='https://www.isrctn.com/ISRCTN76894700' target='_blank'><div>ISRCTN76894700</div></a></td>
      <td>Post-operative oxygen delivery in patients undergoing major non-cardiac sur...</td>
      <td>Surgery</td>
      <td>Adult</td>
      <td>204</td>
    </tr>
    <tr>
      <td><a href='https://www.isrctn.com/ISRCTN48522433' target='_blank'><div>ISRCTN48522433</div></a></td>
      <td>Improving the bearing surface in total hip replacement (THR): the use of ox...</td>
      <td>Musculoskeletal Diseases</td>
      <td>Adult</td>
      <td>200</td>
    </tr>
    <tr>
      <td><a href='https://www.isrctn.com/ISRCTN88456378' target='_blank'><div>ISRCTN88456378</div></a></td>
      <td>The role of autonomic responses to cardiopulmonary exercise testing in pred...</td>
      <td>Surgery</td>
      <td>Adult</td>
      <td>778</td>
    </tr>
    <tr>
      <td><a href='https://www.isrctn.com/ISRCTN67306656' target='_blank'><div>ISRCTN67306656</div></a></td>
      <td>Effects of root canal treatment with or without manual-dynamic irrigation o...</td>
      <td>Oral Health</td>
      <td>Adult</td>
      <td>300</td>
    </tr>
  </tbody>
</table>"
103,-135684.81150742923,6757635.9259120105,Oxford Radcliffe Hospitals NHS Trust,51.764391,-1.2188774,5.0,11.0,"<table border=""1"" class=""dataframe"">
  <thead>
    <tr style=""text-align: left;"">
      <th>ISRCTN link</th>
      <th>Title</th>
      <th>Condition category</th>
      <th>Age group</th>
      <th>Target number of participants</th>
    </tr>
  </thead>
  <tbody>
    <tr>
      <td><a href='https://www.isrctn.com/ISRCTN13986854' target='_blank'><div>ISRCTN13986854</div></a></td>
      <td>Biatrial global high-density electroanatomical mapping of atrial fibrillati...</td>
      <td>Circulatory System</td>
      <td>Adult</td>
      <td>22</td>
    </tr>
    <tr>
      <td><a href='https://www.isrctn.com/ISRCTN20038720' target='_blank'><div>ISRCTN20038720</div></a></td>
      <td>A study to assess factors that may be influenced by reducing pressure in th...</td>
      <td>Cancer</td>
      <td>Adult</td>
      <td>12</td>
    </tr>
    <tr>
      <td><a href='https://www.isrctn.com/ISRCTN93472653' target='_blank'><div>ISRCTN93472653</div></a></td>
      <td>Assessing the length of Crohn's resection on disease recurrence</td>
      <td>Digestive System</td>
      <td>Adult</td>
      <td>190</td>
    </tr>
    <tr>
      <td><a href='https://www.isrctn.com/ISRCTN73047833' target='_blank'><div>ISRCTN73047833</div></a></td>
      <td>Oxidative stress and obstructive sleep apnoea; effect of withdrawing contin...</td>
      <td>Nervous System Diseases</td>
      <td>Adult</td>
      <td>42</td>
    </tr>
    <tr>
      <td><a href='https://www.isrctn.com/ISRCTN49866681' target='_blank'><div>ISRCTN49866681</div></a></td>
      <td>International Subarachnoid Aneurysm Trial</td>
      <td>Nervous System Diseases</td>
      <td>Adult</td>
      <td>2143</td>
    </tr>
  </tbody>
</table>"
105,15126.059013142776,6831543.32168535,Papworth Hospital NHS Foundation Trust,52.173422,0.1358797,8.0,13.920296742201792,"<table border=""1"" class=""dataframe"">
  <thead>
    <tr style=""text-align: left;"">
      <th>ISRCTN link</th>
      <th>Title</th>
      <th>Condition category</th>
      <th>Age group</th>
      <th>Target number of participants</th>
    </tr>
  </thead>
  <tbody>
    <tr>
      <td><a href='https://www.isrctn.com/ISRCTN04561506' target='_blank'><div>ISRCTN04561506</div></a></td>
      <td>High flow nasal oxygen after lung resection surgery</td>
      <td>Surgery</td>
      <td>Adult</td>
      <td>64</td>
    </tr>
    <tr>
      <td><a href='https://www.isrctn.com/ISRCTN58128724' target='_blank'><div>ISRCTN58128724</div></a></td>
      <td>A pragmatic, prospective, randomised controlled trial comparing upper minis...</td>
      <td>Surgery</td>
      <td>Adult</td>
      <td>240</td>
    </tr>
    <tr>
      <td><a href='https://www.isrctn.com/ISRCTN50922450' target='_blank'><div>ISRCTN50922450</div></a></td>
      <td>Biochemical effects of lipopolysaccharide (LPS) adsorber treatment during c...</td>
      <td>Surgery</td>
      <td>Adult</td>
      <td>16</td>
    </tr>
    <tr>
      <td><a href='https://www.isrctn.com/ISRCTN84972261' target='_blank'><div>ISRCTN84972261</div></a></td>
      <td>Cognitive function and surgical success following pulmonary endarterectomy....</td>
      <td>Surgery</td>
      <td>Not Specified</td>
      <td>110</td>
    </tr>
    <tr>
      <td><a href='https://www.isrctn.com/ISRCTN97311620' target='_blank'><div>ISRCTN97311620</div></a></td>
      <td>A randomised, controlled trial of surgical staging with endobronchial and e...</td>
      <td>Cancer</td>
      <td>Adult</td>
      <td>142</td>
    </tr>
    <tr>
      <td><a href='https://www.isrctn.com/ISRCTN17970029' target='_blank'><div>ISRCTN17970029</div></a></td>
      <td>Randomised trial to compare the clinical value of cyclosporin C12 and C2 mo...</td>
      <td>Surgery</td>
      <td>Adult</td>
      <td>90</td>
    </tr>
    <tr>
      <td><a href='https://www.isrctn.com/ISRCTN17615029' target='_blank'><div>ISRCTN17615029</div></a></td>
      <td>Does routine peri-operative continuous cell salvage in cardiac surgery redu...</td>
      <td>Surgery</td>
      <td>Adult</td>
      <td>206</td>
    </tr>
    <tr>
      <td><a href='https://www.isrctn.com/ISRCTN34321019' target='_blank'><div>ISRCTN34321019</div></a></td>
      <td>Prospective randomised controlled trial of video assisted cytoreductive ple...</td>
      <td>Cancer</td>
      <td>Adult</td>
      <td>196</td>
    </tr>
  </tbody>
</table>"
113,-357660.29553300125,7544532.960093776,NHS Lothian,55.9301999,-3.2129171,3.0,7.826061944859854,"<table border=""1"" class=""dataframe"">
  <thead>
    <tr style=""text-align: left;"">
      <th>ISRCTN link</th>
      <th>Title</th>
      <th>Condition category</th>
      <th>Age group</th>
      <th>Target number of participants</th>
    </tr>
  </thead>
  <tbody>
    <tr>
      <td><a href='https://www.isrctn.com/ISRCTN13532658' target='_blank'><div>ISRCTN13532658</div></a></td>
      <td>Treatment of Intracranial Aneurysms using vascular Reconstruction Assist de...</td>
      <td>Circulatory System</td>
      <td>Adult</td>
      <td>550</td>
    </tr>
    <tr>
      <td><a href='https://www.isrctn.com/ISRCTN23203142' target='_blank'><div>ISRCTN23203142</div></a></td>
      <td>Comparison of two airway devices to aid breathing during percutaneous trach...</td>
      <td>Surgery</td>
      <td>Adult</td>
      <td>50</td>
    </tr>
    <tr>
      <td><a href='https://www.isrctn.com/ISRCTN62147629' target='_blank'><div>ISRCTN62147629</div></a></td>
      <td>Can new ultrasound scanning methods improve detection of prostate cancer?</td>
      <td>Cancer</td>
      <td>Adult</td>
      <td>25</td>
    </tr>
  </tbody>
</table>"
119,-9995.555189513303,6715108.585518302,Moorfields Eye Hospital NHS Foundation Trust,51.5273346,-0.0897916,3.0,7.826061944859854,"<table border=""1"" class=""dataframe"">
  <thead>
    <tr style=""text-align: left;"">
      <th>ISRCTN link</th>
      <th>Title</th>
      <th>Condition category</th>
      <th>Age group</th>
      <th>Target number of participants</th>
    </tr>
  </thead>
  <tbody>
    <tr>
      <td><a href='https://www.isrctn.com/ISRCTN49681405' target='_blank'><div>ISRCTN49681405</div></a></td>
      <td>Evaluating femtosecond laser assisted cataract and lens surgery</td>
      <td>Eye Diseases</td>
      <td>Adult</td>
      <td>100</td>
    </tr>
    <tr>
      <td><a href='https://www.isrctn.com/ISRCTN32038223' target='_blank'><div>ISRCTN32038223</div></a></td>
      <td>Laser-1st vs Drops-1st for Glaucoma and Ocular Hypertension</td>
      <td>Eye Diseases</td>
      <td>Adult</td>
      <td>718</td>
    </tr>
    <tr>
      <td><a href='https://www.isrctn.com/ISRCTN29378493' target='_blank'><div>ISRCTN29378493</div></a></td>
      <td>Corneal Collagen Cross-linking with Riboflavin (C3R) with orthokeratology</td>
      <td>Eye Diseases</td>
      <td>Adult</td>
      <td>20</td>
    </tr>
  </tbody>
</table>"
120,-330907.49456785317,6678516.5702633355,Weston Area Health NHS Trust,51.32237,-2.9725926,1.0,1.0,"<table border=""1"" class=""dataframe"">
  <thead>
    <tr style=""text-align: left;"">
      <th>ISRCTN link</th>
      <th>Title</th>
      <th>Condition category</th>
      <th>Age group</th>
      <th>Target number of participants</th>
    </tr>
  </thead>
  <tbody>
    <tr>
      <td><a href='https://www.isrctn.com/ISRCTN13723185' target='_blank'><div>ISRCTN13723185</div></a></td>
      <td>Comparison of two different approaches to knee replacement surgery</td>
      <td>Musculoskeletal Diseases</td>
      <td>Adult</td>
      <td>60</td>
    </tr>
  </tbody>
</table>"
124,-329201.00016983954,7341741.699359122,North Cumbria University Hospitals NHS Trust,54.8961744,-2.9572629,1.0,1.0,"<table border=""1"" class=""dataframe"">
  <thead>
    <tr style=""text-align: left;"">
      <th>ISRCTN link</th>
      <th>Title</th>
      <th>Condition category</th>
      <th>Age group</th>
      <th>Target number of participants</th>
    </tr>
  </thead>
  <tbody>
    <tr>
      <td><a href='https://www.isrctn.com/ISRCTN16307168' target='_blank'><div>ISRCTN16307168</div></a></td>
      <td>GONDOLA: Gonorrhoea detection using laboratory assessment</td>
      <td>Infections and Infestations</td>
      <td>Adult</td>
      <td>60</td>
    </tr>
  </tbody>
</table>"
125,-19985.73364762129,6697193.457059231,St George’s University Hospitals NHS Foundation Trust,51.4271006,-0.1795349,1.0,1.0,"<table border=""1"" class=""dataframe"">
  <thead>
    <tr style=""text-align: left;"">
      <th>ISRCTN link</th>
      <th>Title</th>
      <th>Condition category</th>
      <th>Age group</th>
      <th>Target number of participants</th>
    </tr>
  </thead>
  <tbody>
    <tr>
      <td><a href='https://www.isrctn.com/ISRCTN11229660' target='_blank'><div>ISRCTN11229660</div></a></td>
      <td>Segmental tibial fracture fixation - a feasibility study</td>
      <td>Injury, Occupational Diseases, Poisoning</td>
      <td>Adult</td>
      <td>50</td>
    </tr>
  </tbody>
</table>"
130,-253081.24443505672,7073603.847066523,University of Salford,53.4870594,-2.2734675,2.0,5.306765580733931,"<table border=""1"" class=""dataframe"">
  <thead>
    <tr style=""text-align: left;"">
      <th>ISRCTN link</th>
      <th>Title</th>
      <th>Condition category</th>
      <th>Age group</th>
      <th>Target number of participants</th>
    </tr>
  </thead>
  <tbody>
    <tr>
      <td><a href='https://www.isrctn.com/ISRCTN14751843' target='_blank'><div>ISRCTN14751843</div></a></td>
      <td>A study evaluating three treatments for foot callus</td>
      <td>Skin and Connective Tissue Diseases</td>
      <td>Adult</td>
      <td>60</td>
    </tr>
    <tr>
      <td><a href='https://www.isrctn.com/ISRCTN16429440' target='_blank'><div>ISRCTN16429440</div></a></td>
      <td>EVerT2: dry needling versus nonsurgical debridement for the treatment of ve...</td>
      <td>Infections and Infestations</td>
      <td>Adult</td>
      <td>58</td>
    </tr>
  </tbody>
</table>"
131,-190397.472940295,7355842.174687841,North East Ambulance Service NHS Foundation Trust,54.9689495,-1.7103696,1.0,1.0,"<table border=""1"" class=""dataframe"">
  <thead>
    <tr style=""text-align: left;"">
      <th>ISRCTN link</th>
      <th>Title</th>
      <th>Condition category</th>
      <th>Age group</th>
      <th>Target number of participants</th>
    </tr>
  </thead>
  <tbody>
    <tr>
      <td><a href='https://www.isrctn.com/ISRCTN11400471' target='_blank'><div>ISRCTN11400471</div></a></td>
      <td>Is it possible to conduct a study to compare using and not using a rigid ne...</td>
      <td>Injury, Occupational Diseases, Poisoning</td>
      <td>Adult</td>
      <td>200</td>
    </tr>
  </tbody>
</table>"
134,-104842.44414511052,6699750.487666,University of Reading,51.4414205,-0.9418157,1.0,1.0,"<table border=""1"" class=""dataframe"">
  <thead>
    <tr style=""text-align: left;"">
      <th>ISRCTN link</th>
      <th>Title</th>
      <th>Condition category</th>
      <th>Age group</th>
      <th>Target number of participants</th>
    </tr>
  </thead>
  <tbody>
    <tr>
      <td><a href='https://www.isrctn.com/ISRCTN18266598' target='_blank'><div>ISRCTN18266598</div></a></td>
      <td>Can osteoarthritis of the knee be treated by blocking abnormal blood vesse...</td>
      <td>Musculoskeletal Diseases</td>
      <td>Adult</td>
      <td>100</td>
    </tr>
  </tbody>
</table>"
135,-216069.76240000725,6882322.40535961,University Hospitals Birmingham NHS Foundation Trust,52.4522917,-1.9409877,6.0,12.132827525593784,"<table border=""1"" class=""dataframe"">
  <thead>
    <tr style=""text-align: left;"">
      <th>ISRCTN link</th>
      <th>Title</th>
      <th>Condition category</th>
      <th>Age group</th>
      <th>Target number of participants</th>
    </tr>
  </thead>
  <tbody>
    <tr>
      <td><a href='https://www.isrctn.com/ISRCTN62534664' target='_blank'><div>ISRCTN62534664</div></a></td>
      <td>RAPIER: Can a new hearing referral pathway reduce the time taken to diagnos...</td>
      <td>Ear, Nose and Throat</td>
      <td>Adult</td>
      <td>1200</td>
    </tr>
    <tr>
      <td><a href='https://www.isrctn.com/ISRCTN55542036' target='_blank'><div>ISRCTN55542036</div></a></td>
      <td>Comparing two surgical techniques for anterior cruciate ligament (ACL) reco...</td>
      <td>Surgery</td>
      <td>Adult</td>
      <td>50</td>
    </tr>
    <tr>
      <td><a href='https://www.isrctn.com/ISRCTN18006607' target='_blank'><div>ISRCTN18006607</div></a></td>
      <td>SUBMIT study: metacarpal fracture fixation</td>
      <td>Musculoskeletal Diseases</td>
      <td>Adult</td>
      <td>290</td>
    </tr>
    <tr>
      <td><a href='https://www.isrctn.com/ISRCTN27017084' target='_blank'><div>ISRCTN27017084</div></a></td>
      <td>Steroid tape to treat overgranulating peritoneal dialysis catheter exit sit...</td>
      <td>Urological and Genital Diseases</td>
      <td>Adult</td>
      <td>80</td>
    </tr>
    <tr>
      <td><a href='https://www.isrctn.com/ISRCTN34483199' target='_blank'><div>ISRCTN34483199</div></a></td>
      <td>A feasibility study and open pilot two-arm randomised controlled trial comp...</td>
      <td>Injury, Occupational Diseases, Poisoning</td>
      <td>All</td>
      <td>88</td>
    </tr>
    <tr>
      <td><a href='https://www.isrctn.com/ISRCTN45455499' target='_blank'><div>ISRCTN45455499</div></a></td>
      <td>Pilot randomised controlled trial of deep brain stimulation in Tourette syn...</td>
      <td>Mental and Behavioural Disorders</td>
      <td>Adult</td>
      <td>20</td>
    </tr>
  </tbody>
</table>"
136,-35927.02981963953,6723721.029958438,North West London Hospitals NHS Trust,51.57544230000001,-0.322738,3.0,7.826061944859854,"<table border=""1"" class=""dataframe"">
  <thead>
    <tr style=""text-align: left;"">
      <th>ISRCTN link</th>
      <th>Title</th>
      <th>Condition category</th>
      <th>Age group</th>
      <th>Target number of participants</th>
    </tr>
  </thead>
  <tbody>
    <tr>
      <td><a href='https://www.isrctn.com/ISRCTN99658893' target='_blank'><div>ISRCTN99658893</div></a></td>
      <td>Complex colorectal polyps</td>
      <td>Cancer</td>
      <td>Adult</td>
      <td>300</td>
    </tr>
    <tr>
      <td><a href='https://www.isrctn.com/ISRCTN76735966' target='_blank'><div>ISRCTN76735966</div></a></td>
      <td>Bowel surgery influences body's water, electrolyte and sugar control</td>
      <td>Surgery</td>
      <td>Adult</td>
      <td>150</td>
    </tr>
    <tr>
      <td><a href='https://www.isrctn.com/ISRCTN77510548' target='_blank'><div>ISRCTN77510548</div></a></td>
      <td>St Mark's double balloon colonoscopy versus conventional colonoscopy study</td>
      <td>Surgery</td>
      <td>Senior</td>
      <td>44</td>
    </tr>
  </tbody>
</table>"
144,-10435.022275266989,6704483.374082789,King's College Hospital NHS Foundation Trust,51.4679138,-0.0937394,1.0,1.0,"<table border=""1"" class=""dataframe"">
  <thead>
    <tr style=""text-align: left;"">
      <th>ISRCTN link</th>
      <th>Title</th>
      <th>Condition category</th>
      <th>Age group</th>
      <th>Target number of participants</th>
    </tr>
  </thead>
  <tbody>
    <tr>
      <td><a href='https://www.isrctn.com/ISRCTN87850962' target='_blank'><div>ISRCTN87850962</div></a></td>
      <td>Efficacy and safety of retinal rejuvenation using Ellex 2RT laser in age-re...</td>
      <td>Eye Diseases</td>
      <td>Adult</td>
      <td>80</td>
    </tr>
  </tbody>
</table>"
145,-325895.9133562383,7341065.344468118,Cumbria Partnership NHS Foundation Trust,54.89268029999999,-2.927572800000001,1.0,1.0,"<table border=""1"" class=""dataframe"">
  <thead>
    <tr style=""text-align: left;"">
      <th>ISRCTN link</th>
      <th>Title</th>
      <th>Condition category</th>
      <th>Age group</th>
      <th>Target number of participants</th>
    </tr>
  </thead>
  <tbody>
    <tr>
      <td><a href='https://www.isrctn.com/ISRCTN10430251' target='_blank'><div>ISRCTN10430251</div></a></td>
      <td>Patient reported outcomes after GON block</td>
      <td>Nervous System Diseases</td>
      <td>Adult</td>
      <td>84</td>
    </tr>
  </tbody>
</table>"
146,-21018.266452525222,6682449.373414582,Institute of Cancer Research,51.3444431,-0.1888103,2.0,5.306765580733931,"<table border=""1"" class=""dataframe"">
  <thead>
    <tr style=""text-align: left;"">
      <th>ISRCTN link</th>
      <th>Title</th>
      <th>Condition category</th>
      <th>Age group</th>
      <th>Target number of participants</th>
    </tr>
  </thead>
  <tbody>
    <tr>
      <td><a href='https://www.isrctn.com/ISRCTN80146950' target='_blank'><div>ISRCTN80146950</div></a></td>
      <td>A phase III randomised controlled trial of prostate and pelvis versus prost...</td>
      <td>Cancer</td>
      <td>Adult</td>
      <td>1952</td>
    </tr>
    <tr>
      <td><a href='https://www.isrctn.com/ISRCTN26779187' target='_blank'><div>ISRCTN26779187</div></a></td>
      <td>Study of tumour focused radiotherapy for bladder cancer</td>
      <td>Cancer</td>
      <td>Adult</td>
      <td>180</td>
    </tr>
  </tbody>
</table>"
148,-161635.03233980507,7298006.716310594,Ibex Innovations (United Kingdom),54.6696117,-1.4519922,1.0,1.0,"<table border=""1"" class=""dataframe"">
  <thead>
    <tr style=""text-align: left;"">
      <th>ISRCTN link</th>
      <th>Title</th>
      <th>Condition category</th>
      <th>Age group</th>
      <th>Target number of participants</th>
    </tr>
  </thead>
  <tbody>
    <tr>
      <td><a href='https://www.isrctn.com/ISRCTN98160454' target='_blank'><div>ISRCTN98160454</div></a></td>
      <td>IBEX Trueview® Study, version 1.0</td>
      <td>Musculoskeletal Diseases</td>
      <td>Adult</td>
      <td>190</td>
    </tr>
  </tbody>
</table>"
149,-177353.03274524107,7362485.32925916,The Newcastle Upon Tyne Hospitals NHS Foundation Trust,55.0031904,-1.5931894,3.0,7.826061944859854,"<table border=""1"" class=""dataframe"">
  <thead>
    <tr style=""text-align: left;"">
      <th>ISRCTN link</th>
      <th>Title</th>
      <th>Condition category</th>
      <th>Age group</th>
      <th>Target number of participants</th>
    </tr>
  </thead>
  <tbody>
    <tr>
      <td><a href='https://www.isrctn.com/ISRCTN65732978' target='_blank'><div>ISRCTN65732978</div></a></td>
      <td>A comparison between total hip replacement surgery using the Modular Dual M...</td>
      <td>Surgery</td>
      <td>Adult</td>
      <td>100</td>
    </tr>
    <tr>
      <td><a href='https://www.isrctn.com/ISRCTN13787486' target='_blank'><div>ISRCTN13787486</div></a></td>
      <td>Infant kidney dialysis and filtration: the I-KID study</td>
      <td>Urological and Genital Diseases</td>
      <td>Neonate</td>
      <td>95</td>
    </tr>
    <tr>
      <td><a href='https://www.isrctn.com/ISRCTN80717736' target='_blank'><div>ISRCTN80717736</div></a></td>
      <td>Phase 1 study of use of 5% Carbogen in treatment of paediatric nonconvulsiv...</td>
      <td>Nervous System Diseases</td>
      <td>Child</td>
      <td>30</td>
    </tr>
  </tbody>
</table>"
158,-15264.796494518432,6714519.337898758,Joint UCLH and UCL Biomedical Research Unit,51.5240413,-0.137126,8.0,13.920296742201792,"<table border=""1"" class=""dataframe"">
  <thead>
    <tr style=""text-align: left;"">
      <th>ISRCTN link</th>
      <th>Title</th>
      <th>Condition category</th>
      <th>Age group</th>
      <th>Target number of participants</th>
    </tr>
  </thead>
  <tbody>
    <tr>
      <td><a href='https://www.isrctn.com/ISRCTN15750232' target='_blank'><div>ISRCTN15750232</div></a></td>
      <td>How common are pelvic blood clots in women visiting a gynaecology clinic?</td>
      <td>Circulatory System</td>
      <td>Adult</td>
      <td>1298</td>
    </tr>
    <tr>
      <td><a href='https://www.isrctn.com/ISRCTN11696305' target='_blank'><div>ISRCTN11696305</div></a></td>
      <td>Study to compare the effects of steroid injection vs steroid injection and ...</td>
      <td>Musculoskeletal Diseases</td>
      <td>Adult</td>
      <td>170</td>
    </tr>
    <tr>
      <td><a href='https://www.isrctn.com/ISRCTN81577353' target='_blank'><div>ISRCTN81577353</div></a></td>
      <td>Clinical study comparing cementless Polar stem and the cementless Corail st...</td>
      <td>Musculoskeletal Diseases</td>
      <td>Mixed</td>
      <td>75</td>
    </tr>
    <tr>
      <td><a href='https://www.isrctn.com/ISRCTN93069556' target='_blank'><div>ISRCTN93069556</div></a></td>
      <td>A national patient registry for radiofrequency ablation (RFA) for Barrett's...</td>
      <td>Cancer</td>
      <td>Adult</td>
      <td>1000</td>
    </tr>
    <tr>
      <td><a href='https://www.isrctn.com/ISRCTN14838813' target='_blank'><div>ISRCTN14838813</div></a></td>
      <td>Periodontitis and obesity</td>
      <td>Oral Health</td>
      <td>Adult</td>
      <td>114</td>
    </tr>
    <tr>
      <td><a href='https://www.isrctn.com/ISRCTN11320405' target='_blank'><div>ISRCTN11320405</div></a></td>
      <td>Surveillance of hip replacements using radiostereometric analysis</td>
      <td>Musculoskeletal Diseases</td>
      <td>Adult</td>
      <td>60</td>
    </tr>
    <tr>
      <td><a href='https://www.isrctn.com/ISRCTN09755245' target='_blank'><div>ISRCTN09755245</div></a></td>
      <td>Using autologous mesenchymal stem cells (MSC) to treat human fractures</td>
      <td>Musculoskeletal Diseases</td>
      <td>Adult</td>
      <td>60</td>
    </tr>
    <tr>
      <td><a href='https://www.isrctn.com/ISRCTN09755245' target='_blank'><div>ISRCTN09755245</div></a></td>
      <td>Using autologous mesenchymal stem cells (MSC) to treat human fractures</td>
      <td>Musculoskeletal Diseases</td>
      <td>Adult</td>
      <td>60</td>
    </tr>
  </tbody>
</table>"
159,-660575.3464181816,7281622.521041222,Queen's University Belfast,54.5844087,-5.9340493,1.0,1.0,"<table border=""1"" class=""dataframe"">
  <thead>
    <tr style=""text-align: left;"">
      <th>ISRCTN link</th>
      <th>Title</th>
      <th>Condition category</th>
      <th>Age group</th>
      <th>Target number of participants</th>
    </tr>
  </thead>
  <tbody>
    <tr>
      <td><a href='https://www.isrctn.com/ISRCTN73863246' target='_blank'><div>ISRCTN73863246</div></a></td>
      <td>Comparison of skin disinfection procedures before surgery to determine if s...</td>
      <td>Surgery</td>
      <td>Adult</td>
      <td>400</td>
    </tr>
  </tbody>
</table>"
160,-120620.79084650557,7164473.235862453,York Teaching Hospital NHS Foundation Trust,53.9699817,-1.083555,1.0,1.0,"<table border=""1"" class=""dataframe"">
  <thead>
    <tr style=""text-align: left;"">
      <th>ISRCTN link</th>
      <th>Title</th>
      <th>Condition category</th>
      <th>Age group</th>
      <th>Target number of participants</th>
    </tr>
  </thead>
  <tbody>
    <tr>
      <td><a href='https://www.isrctn.com/ISRCTN40219584' target='_blank'><div>ISRCTN40219584</div></a></td>
      <td>Serotonin transporter gene as predictor of recovery after surgery</td>
      <td>Surgery</td>
      <td>Adult</td>
      <td>250</td>
    </tr>
  </tbody>
</table>"
164,-458162.2034889477,6518740.385367721,Plymouth Hospitals NHS Trust,50.4166098,-4.1157411,2.0,5.306765580733931,"<table border=""1"" class=""dataframe"">
  <thead>
    <tr style=""text-align: left;"">
      <th>ISRCTN link</th>
      <th>Title</th>
      <th>Condition category</th>
      <th>Age group</th>
      <th>Target number of participants</th>
    </tr>
  </thead>
  <tbody>
    <tr>
      <td><a href='https://www.isrctn.com/ISRCTN21597243' target='_blank'><div>ISRCTN21597243</div></a></td>
      <td>Microvascular Imaging During Abdominal Surgery (MIDAS)</td>
      <td>Surgery</td>
      <td>Adult</td>
      <td>220</td>
    </tr>
    <tr>
      <td><a href='https://www.isrctn.com/ISRCTN14680495' target='_blank'><div>ISRCTN14680495</div></a></td>
      <td>Cardiac Output Monitoring and Pre-operative Exercise Testing for Colorectal...</td>
      <td>Surgery</td>
      <td>Adult</td>
      <td>168</td>
    </tr>
  </tbody>
</table>"
165,-240641.65869322798,7790655.39373056,NHS Grampian,57.1491035,-2.1617208,7.0,13.090619551221675,"<table border=""1"" class=""dataframe"">
  <thead>
    <tr style=""text-align: left;"">
      <th>ISRCTN link</th>
      <th>Title</th>
      <th>Condition category</th>
      <th>Age group</th>
      <th>Target number of participants</th>
    </tr>
  </thead>
  <tbody>
    <tr>
      <td><a href='https://www.isrctn.com/ISRCTN17116445' target='_blank'><div>ISRCTN17116445</div></a></td>
      <td>Randomised controlled trial comparing the clinical and cost-effectiveness o...</td>
      <td>Nervous System Diseases</td>
      <td>Adult</td>
      <td>600</td>
    </tr>
    <tr>
      <td><a href='https://www.isrctn.com/ISRCTN43442156' target='_blank'><div>ISRCTN43442156</div></a></td>
      <td>Blind versus visual endometrial ablation: a randomised controlled trial</td>
      <td>Urological and Genital Diseases</td>
      <td>Adult</td>
      <td>220</td>
    </tr>
    <tr>
      <td><a href='https://www.isrctn.com/ISRCTN45883421' target='_blank'><div>ISRCTN45883421</div></a></td>
      <td>Colles Fracture Brace prospective randomised study</td>
      <td>Injury, Occupational Diseases, Poisoning</td>
      <td>Adult</td>
      <td>340</td>
    </tr>
    <tr>
      <td><a href='https://www.isrctn.com/ISRCTN61225414' target='_blank'><div>ISRCTN61225414</div></a></td>
      <td>E-Freeze: Freezing of embryos in assisted conception</td>
      <td>Pregnancy and Childbirth</td>
      <td>Adult</td>
      <td>1086</td>
    </tr>
    <tr>
      <td><a href='https://www.isrctn.com/ISRCTN44464607' target='_blank'><div>ISRCTN44464607</div></a></td>
      <td>The effectiveness of early lens extraction with intraocular lens implantati...</td>
      <td>Eye Diseases</td>
      <td>Senior</td>
      <td>400</td>
    </tr>
    <tr>
      <td><a href='https://www.isrctn.com/ISRCTN98970319' target='_blank'><div>ISRCTN98970319</div></a></td>
      <td>PUrE: percutaneous nephrolithotomy, flexible ureterorenoscopy and extracorp...</td>
      <td>Urological and Genital Diseases</td>
      <td>Adult</td>
      <td>1044</td>
    </tr>
    <tr>
      <td><a href='https://www.isrctn.com/ISRCTN55215960' target='_blank'><div>ISRCTN55215960</div></a></td>
      <td>A randomised controlled trial comparing surgery with watchful waiting for p...</td>
      <td>Digestive System</td>
      <td>Adult</td>
      <td>430</td>
    </tr>
  </tbody>
</table>"
168,-135503.29394574172,7275518.420243988,South Tees Hospitals NHS Foundation Trust,54.5526198,-1.2172468,3.0,7.826061944859854,"<table border=""1"" class=""dataframe"">
  <thead>
    <tr style=""text-align: left;"">
      <th>ISRCTN link</th>
      <th>Title</th>
      <th>Condition category</th>
      <th>Age group</th>
      <th>Target number of participants</th>
    </tr>
  </thead>
  <tbody>
    <tr>
      <td><a href='https://www.isrctn.com/ISRCTN76296703' target='_blank'><div>ISRCTN76296703</div></a></td>
      <td>Effectiveness and cost-effectiveness of reverse shoulder arthroplasty versu...</td>
      <td>Injury, Occupational Diseases, Poisoning</td>
      <td>Adult</td>
      <td>380</td>
    </tr>
    <tr>
      <td><a href='https://www.isrctn.com/ISRCTN29567910' target='_blank'><div>ISRCTN29567910</div></a></td>
      <td>Manubrium-limited ministernotomy versus conventional sternotomy for aortic ...</td>
      <td>Circulatory System</td>
      <td>Adult</td>
      <td>220</td>
    </tr>
    <tr>
      <td><a href='https://www.isrctn.com/ISRCTN64287972' target='_blank'><div>ISRCTN64287972</div></a></td>
      <td>Functional outcome of the P.F.C. Sigma® RP-F knee system and the P.F.C. Sig...</td>
      <td>Musculoskeletal Diseases</td>
      <td>Adult</td>
      <td>84</td>
    </tr>
  </tbody>
</table>"
171,-322518.53566531563,7021901.093929497,Countess of Chester NHS Foundation Trust,53.2098063,-2.8972333,1.0,1.0,"<table border=""1"" class=""dataframe"">
  <thead>
    <tr style=""text-align: left;"">
      <th>ISRCTN link</th>
      <th>Title</th>
      <th>Condition category</th>
      <th>Age group</th>
      <th>Target number of participants</th>
    </tr>
  </thead>
  <tbody>
    <tr>
      <td><a href='https://www.isrctn.com/ISRCTN71562338' target='_blank'><div>ISRCTN71562338</div></a></td>
      <td>Randomised controlled trial of transvaginal tension-free vaginal tape-obtur...</td>
      <td>Urological and Genital Diseases</td>
      <td>Adult</td>
      <td>320</td>
    </tr>
  </tbody>
</table>"
173,-15190.167907890624,6714706.415329954,UCLH,51.5250869,-0.1364556,3.0,7.826061944859854,"<table border=""1"" class=""dataframe"">
  <thead>
    <tr style=""text-align: left;"">
      <th>ISRCTN link</th>
      <th>Title</th>
      <th>Condition category</th>
      <th>Age group</th>
      <th>Target number of participants</th>
    </tr>
  </thead>
  <tbody>
    <tr>
      <td><a href='https://www.isrctn.com/ISRCTN18431435' target='_blank'><div>ISRCTN18431435</div></a></td>
      <td>A Study on the accuracy and development of best practices using fluorescenc...</td>
      <td>Cancer</td>
      <td>Adult</td>
      <td>50</td>
    </tr>
    <tr>
      <td><a href='https://www.isrctn.com/ISRCTN81577353' target='_blank'><div>ISRCTN81577353</div></a></td>
      <td>Clinical study comparing cementless Polar stem and the cementless Corail st...</td>
      <td>Musculoskeletal Diseases</td>
      <td>Mixed</td>
      <td>75</td>
    </tr>
    <tr>
      <td><a href='https://www.isrctn.com/ISRCTN11320405' target='_blank'><div>ISRCTN11320405</div></a></td>
      <td>Surveillance of hip replacements using radiostereometric analysis</td>
      <td>Musculoskeletal Diseases</td>
      <td>Adult</td>
      <td>60</td>
    </tr>
  </tbody>
</table>"
176,-126341.62192981176,6914257.025768537,University Hospitals of Leicester NHS Trust,52.62677189999999,-1.1349461,7.0,13.090619551221675,"<table border=""1"" class=""dataframe"">
  <thead>
    <tr style=""text-align: left;"">
      <th>ISRCTN link</th>
      <th>Title</th>
      <th>Condition category</th>
      <th>Age group</th>
      <th>Target number of participants</th>
    </tr>
  </thead>
  <tbody>
    <tr>
      <td><a href='https://www.isrctn.com/ISRCTN67901257' target='_blank'><div>ISRCTN67901257</div></a></td>
      <td>Scaphoid Waist Internal Fixation for Fractures Trial: A trial evaluating ca...</td>
      <td>Musculoskeletal Diseases</td>
      <td>Adult</td>
      <td>438</td>
    </tr>
    <tr>
      <td><a href='https://www.isrctn.com/ISRCTN99313141' target='_blank'><div>ISRCTN99313141</div></a></td>
      <td>Comparison of analgesic efficacy of posterior Transversus Abdominis Plane (...</td>
      <td>Surgery</td>
      <td>Adult</td>
      <td>70</td>
    </tr>
    <tr>
      <td><a href='https://www.isrctn.com/ISRCTN70913605' target='_blank'><div>ISRCTN70913605</div></a></td>
      <td>Complete Versus Lesion-only Primary PCI Pilot Study</td>
      <td>Circulatory System</td>
      <td>Adult</td>
      <td>1250</td>
    </tr>
    <tr>
      <td><a href='https://www.isrctn.com/ISRCTN55802603' target='_blank'><div>ISRCTN55802603</div></a></td>
      <td>Conventional open versus laparoscopic surgery for peritoneal dialysis (PD) ...</td>
      <td>Digestive System</td>
      <td>Adult</td>
      <td>60</td>
    </tr>
    <tr>
      <td><a href='https://www.isrctn.com/ISRCTN08486065' target='_blank'><div>ISRCTN08486065</div></a></td>
      <td>The comparison of pain relieving efficay of subcostal transversus abdominis...</td>
      <td>Surgery</td>
      <td>Adult</td>
      <td>66</td>
    </tr>
    <tr>
      <td><a href='https://www.isrctn.com/ISRCTN06654497' target='_blank'><div>ISRCTN06654497</div></a></td>
      <td>Randomised controlled trial of nail brushes and nail picks during surgical ...</td>
      <td>Surgery</td>
      <td>Adult</td>
      <td>150</td>
    </tr>
    <tr>
      <td><a href='https://www.isrctn.com/ISRCTN55951882' target='_blank'><div>ISRCTN55951882</div></a></td>
      <td>A prospective controlled trial comparing silicone and polyvinyl chloride (P...</td>
      <td>Surgery</td>
      <td>Adult</td>
      <td>30</td>
    </tr>
  </tbody>
</table>"
177,-39883.53602946498,7121862.737414685,Hull and East Yorkshire Hospitals NHS Trust,53.74422029999999,-0.3582799,3.0,7.826061944859854,"<table border=""1"" class=""dataframe"">
  <thead>
    <tr style=""text-align: left;"">
      <th>ISRCTN link</th>
      <th>Title</th>
      <th>Condition category</th>
      <th>Age group</th>
      <th>Target number of participants</th>
    </tr>
  </thead>
  <tbody>
    <tr>
      <td><a href='https://www.isrctn.com/ISRCTN31383218' target='_blank'><div>ISRCTN31383218</div></a></td>
      <td>The Hull and East Yorkshire Angioplasty (HEYA): A study investigating the e...</td>
      <td>Circulatory System</td>
      <td>Adult</td>
      <td>50</td>
    </tr>
    <tr>
      <td><a href='https://www.isrctn.com/ISRCTN76715050' target='_blank'><div>ISRCTN76715050</div></a></td>
      <td>Stoma formation using the sutured trephine annular reinforcement technique</td>
      <td>Surgery</td>
      <td>Adult</td>
      <td>100</td>
    </tr>
    <tr>
      <td><a href='https://www.isrctn.com/ISRCTN98152560' target='_blank'><div>ISRCTN98152560</div></a></td>
      <td>External frame versus internal locking plate for articular pilon fracture f...</td>
      <td>Injury, Occupational Diseases, Poisoning</td>
      <td>Adult</td>
      <td>334</td>
    </tr>
  </tbody>
</table>"
181,-5087.089222220096,6719298.333728903,Homerton University Hospital NHS Foundation Trust,51.5507442,-0.04569810000000001,1.0,1.0,"<table border=""1"" class=""dataframe"">
  <thead>
    <tr style=""text-align: left;"">
      <th>ISRCTN link</th>
      <th>Title</th>
      <th>Condition category</th>
      <th>Age group</th>
      <th>Target number of participants</th>
    </tr>
  </thead>
  <tbody>
    <tr>
      <td><a href='https://www.isrctn.com/ISRCTN14067023' target='_blank'><div>ISRCTN14067023</div></a></td>
      <td>A trial to establish whether laser treatment of anal precancer prevents dev...</td>
      <td>Cancer</td>
      <td>Adult</td>
      <td>3500</td>
    </tr>
  </tbody>
</table>"
182,-163237.19811104724,6967189.358494778,Derby Hospitals NHS Foundation Trust,52.91445119999999,-1.4663847,1.0,1.0,"<table border=""1"" class=""dataframe"">
  <thead>
    <tr style=""text-align: left;"">
      <th>ISRCTN link</th>
      <th>Title</th>
      <th>Condition category</th>
      <th>Age group</th>
      <th>Target number of participants</th>
    </tr>
  </thead>
  <tbody>
    <tr>
      <td><a href='https://www.isrctn.com/ISRCTN16275275' target='_blank'><div>ISRCTN16275275</div></a></td>
      <td>Is it feasible to compare two methods of needle insertions for use in kidne...</td>
      <td>Urological and Genital Diseases</td>
      <td>Adult</td>
      <td>40</td>
    </tr>
  </tbody>
</table>"
184,-38419.796045024224,6757310.120189646,Hertfordshire Partnership Foundation NHS Trust,51.7625796,-0.3451309,1.0,1.0,"<table border=""1"" class=""dataframe"">
  <thead>
    <tr style=""text-align: left;"">
      <th>ISRCTN link</th>
      <th>Title</th>
      <th>Condition category</th>
      <th>Age group</th>
      <th>Target number of participants</th>
    </tr>
  </thead>
  <tbody>
    <tr>
      <td><a href='https://www.isrctn.com/ISRCTN17937049' target='_blank'><div>ISRCTN17937049</div></a></td>
      <td>Feasibility and acceptability of transcranial stimulation in obsessive-comp...</td>
      <td>Mental and Behavioural Disorders</td>
      <td>Adult</td>
      <td>25</td>
    </tr>
  </tbody>
</table>"
196,-45770.344473543955,6593253.52949072,Sussex Partnership NHS Foundation Trust,50.84121,-0.411162,1.0,1.0,"<table border=""1"" class=""dataframe"">
  <thead>
    <tr style=""text-align: left;"">
      <th>ISRCTN link</th>
      <th>Title</th>
      <th>Condition category</th>
      <th>Age group</th>
      <th>Target number of participants</th>
    </tr>
  </thead>
  <tbody>
    <tr>
      <td><a href='https://www.isrctn.com/ISRCTN17685148' target='_blank'><div>ISRCTN17685148</div></a></td>
      <td>Amyloid positron emission tomography (PET) imaging in the timely diagnosis ...</td>
      <td>Mental and Behavioural Disorders</td>
      <td>Adult</td>
      <td>10</td>
    </tr>
  </tbody>
</table>"
200,-6553.233707661985,6713415.407300916,Barts and The London NHS Trust,51.5178708,-0.0588687,1.0,1.0,"<table border=""1"" class=""dataframe"">
  <thead>
    <tr style=""text-align: left;"">
      <th>ISRCTN link</th>
      <th>Title</th>
      <th>Condition category</th>
      <th>Age group</th>
      <th>Target number of participants</th>
    </tr>
  </thead>
  <tbody>
    <tr>
      <td><a href='https://www.isrctn.com/ISRCTN12838218' target='_blank'><div>ISRCTN12838218</div></a></td>
      <td>Randomised prospective multicentre trial on the effect of early enteral nut...</td>
      <td>Digestive System</td>
      <td>Adult</td>
      <td>66</td>
    </tr>
  </tbody>
</table>"
211,-8838316.925423292,5413116.088182444,University of Toronto,43.66090860000001,-79.39595179999999,2.0,5.306765580733931,"<table border=""1"" class=""dataframe"">
  <thead>
    <tr style=""text-align: left;"">
      <th>ISRCTN link</th>
      <th>Title</th>
      <th>Condition category</th>
      <th>Age group</th>
      <th>Target number of participants</th>
    </tr>
  </thead>
  <tbody>
    <tr>
      <td><a href='https://www.isrctn.com/ISRCTN13470139' target='_blank'><div>ISRCTN13470139</div></a></td>
      <td>The effect of starting dialysis earlier than usual in patients with damaged...</td>
      <td>Urological and Genital Diseases</td>
      <td>Adult</td>
      <td>580</td>
    </tr>
    <tr>
      <td><a href='https://www.isrctn.com/ISRCTN74420086' target='_blank'><div>ISRCTN74420086</div></a></td>
      <td>The Twin Birth Study: planned caesarean section versus planned vaginal birt...</td>
      <td>Pregnancy and Childbirth</td>
      <td>Adult</td>
      <td>2800</td>
    </tr>
  </tbody>
</table>"
223,-337697.7497353122,6961655.988043773,The Orthopaedic Institute,52.88446709999999,-3.0335905,1.0,1.0,"<table border=""1"" class=""dataframe"">
  <thead>
    <tr style=""text-align: left;"">
      <th>ISRCTN link</th>
      <th>Title</th>
      <th>Condition category</th>
      <th>Age group</th>
      <th>Target number of participants</th>
    </tr>
  </thead>
  <tbody>
    <tr>
      <td><a href='https://www.isrctn.com/ISRCTN92903493' target='_blank'><div>ISRCTN92903493</div></a></td>
      <td>Post-operative wound management</td>
      <td>Surgery</td>
      <td>Adult</td>
      <td>220</td>
    </tr>
  </tbody>
</table>"
228,-13365.685981585186,6714388.318265595,Institute of Child Health,51.523309,-0.120066,1.0,1.0,"<table border=""1"" class=""dataframe"">
  <thead>
    <tr style=""text-align: left;"">
      <th>ISRCTN link</th>
      <th>Title</th>
      <th>Condition category</th>
      <th>Age group</th>
      <th>Target number of participants</th>
    </tr>
  </thead>
  <tbody>
    <tr>
      <td><a href='https://www.isrctn.com/ISRCTN34884569' target='_blank'><div>ISRCTN34884569</div></a></td>
      <td>CATCH - CATheter Infections in CHildren</td>
      <td>Not Applicable</td>
      <td>Child</td>
      <td>1200</td>
    </tr>
  </tbody>
</table>"
229,-219718.50361363654,6572151.6785112135,Poole Hospital NHS Foundation Trust,50.7213539,-1.9737649,4.0,9.613531161467861,"<table border=""1"" class=""dataframe"">
  <thead>
    <tr style=""text-align: left;"">
      <th>ISRCTN link</th>
      <th>Title</th>
      <th>Condition category</th>
      <th>Age group</th>
      <th>Target number of participants</th>
    </tr>
  </thead>
  <tbody>
    <tr>
      <td><a href='https://www.isrctn.com/ISRCTN61603070' target='_blank'><div>ISRCTN61603070</div></a></td>
      <td>Anal Sphinkeeper in patients with faecal incontinence: a multicentre prospe...</td>
      <td>Digestive System</td>
      <td>Adult</td>
      <td>20</td>
    </tr>
    <tr>
      <td><a href='https://www.isrctn.com/ISRCTN15497399' target='_blank'><div>ISRCTN15497399</div></a></td>
      <td>Does early mobilisation after ankle fracture surgery enhance recovery?</td>
      <td>Surgery</td>
      <td>Adult</td>
      <td>246</td>
    </tr>
    <tr>
      <td><a href='https://www.isrctn.com/ISRCTN49286846' target='_blank'><div>ISRCTN49286846</div></a></td>
      <td>Mii-vitaliSe: a pilot randomised controlled trial of a home gaming system (...</td>
      <td>Nervous System Diseases</td>
      <td>Adult</td>
      <td>30</td>
    </tr>
    <tr>
      <td><a href='https://www.isrctn.com/ISRCTN94812137' target='_blank'><div>ISRCTN94812137</div></a></td>
      <td>Contrast ultrasound study to image the circulation in reconstructive head a...</td>
      <td>Surgery</td>
      <td>Adult</td>
      <td>36</td>
    </tr>
  </tbody>
</table>"
230,-424589.458448146,6730584.303541024,Abertawe Bro Morgannwg University Health Board,51.613743,-3.814152,1.0,1.0,"<table border=""1"" class=""dataframe"">
  <thead>
    <tr style=""text-align: left;"">
      <th>ISRCTN link</th>
      <th>Title</th>
      <th>Condition category</th>
      <th>Age group</th>
      <th>Target number of participants</th>
    </tr>
  </thead>
  <tbody>
    <tr>
      <td><a href='https://www.isrctn.com/ISRCTN12542398' target='_blank'><div>ISRCTN12542398</div></a></td>
      <td>Immune response and pathogen-fertility</td>
      <td>Urological and Genital Diseases</td>
      <td>Mixed</td>
      <td>40</td>
    </tr>
  </tbody>
</table>"
238,-337638.20493968687,7651395.375952595,NHS Tayside,56.4642503,-3.0330556,3.0,7.826061944859854,"<table border=""1"" class=""dataframe"">
  <thead>
    <tr style=""text-align: left;"">
      <th>ISRCTN link</th>
      <th>Title</th>
      <th>Condition category</th>
      <th>Age group</th>
      <th>Target number of participants</th>
    </tr>
  </thead>
  <tbody>
    <tr>
      <td><a href='https://www.isrctn.com/ISRCTN14180589' target='_blank'><div>ISRCTN14180589</div></a></td>
      <td>Nerve block simulation training and translation to patient care</td>
      <td>Surgery</td>
      <td>Adult</td>
      <td>72</td>
    </tr>
    <tr>
      <td><a href='https://www.isrctn.com/ISRCTN12691785' target='_blank'><div>ISRCTN12691785</div></a></td>
      <td>CONTEST Study - Accuracy of contrast enhanced breast tomosynthesis: A compa...</td>
      <td>Cancer</td>
      <td>Adult</td>
      <td>200</td>
    </tr>
    <tr>
      <td><a href='https://www.isrctn.com/ISRCTN12691785' target='_blank'><div>ISRCTN12691785</div></a></td>
      <td>CONTEST Study - Accuracy of contrast enhanced breast tomosynthesis: A compa...</td>
      <td>Cancer</td>
      <td>Adult</td>
      <td>200</td>
    </tr>
  </tbody>
</table>"
241,-301253.7522004287,7130511.553403362,Lancashire Teaching Hospitals NHS Trust,53.79014249999999,-2.7062085,3.0,7.826061944859854,"<table border=""1"" class=""dataframe"">
  <thead>
    <tr style=""text-align: left;"">
      <th>ISRCTN link</th>
      <th>Title</th>
      <th>Condition category</th>
      <th>Age group</th>
      <th>Target number of participants</th>
    </tr>
  </thead>
  <tbody>
    <tr>
      <td><a href='https://www.isrctn.com/ISRCTN42045594' target='_blank'><div>ISRCTN42045594</div></a></td>
      <td>Post operative pain relief following knee replacement</td>
      <td>Surgery</td>
      <td>Adult</td>
      <td>40</td>
    </tr>
    <tr>
      <td><a href='https://www.isrctn.com/ISRCTN07668752' target='_blank'><div>ISRCTN07668752</div></a></td>
      <td>Study of need for thrombolytic therapy and incidence of bacteremia using ta...</td>
      <td>Surgery</td>
      <td>Adult</td>
      <td>106</td>
    </tr>
    <tr>
      <td><a href='https://www.isrctn.com/ISRCTN77331907' target='_blank'><div>ISRCTN77331907</div></a></td>
      <td>A randomised comparison of two different methods of intrabronchial lignocai...</td>
      <td>Surgery</td>
      <td>Adult</td>
      <td>100</td>
    </tr>
  </tbody>
</table>"
252,-168536.9632204279,6966485.703142064,Derby Teaching Hospitals NHS Foundation Trust,52.9106394,-1.5139933,1.0,1.0,"<table border=""1"" class=""dataframe"">
  <thead>
    <tr style=""text-align: left;"">
      <th>ISRCTN link</th>
      <th>Title</th>
      <th>Condition category</th>
      <th>Age group</th>
      <th>Target number of participants</th>
    </tr>
  </thead>
  <tbody>
    <tr>
      <td><a href='https://www.isrctn.com/ISRCTN31227822' target='_blank'><div>ISRCTN31227822</div></a></td>
      <td>Is there a role for acupuncture in basal thumb arthritis? A randomised cont...</td>
      <td>Musculoskeletal Diseases</td>
      <td>Adult</td>
      <td>80</td>
    </tr>
  </tbody>
</table>"
254,253110.2765582556,6238366.201860755,Centre Chirurgical Marie Lannelongue,48.7844518,2.2737283,1.0,1.0,"<table border=""1"" class=""dataframe"">
  <thead>
    <tr style=""text-align: left;"">
      <th>ISRCTN link</th>
      <th>Title</th>
      <th>Condition category</th>
      <th>Age group</th>
      <th>Target number of participants</th>
    </tr>
  </thead>
  <tbody>
    <tr>
      <td><a href='https://www.isrctn.com/ISRCTN16716994' target='_blank'><div>ISRCTN16716994</div></a></td>
      <td>Endovascular treatment of aortic arch chronic dissection with a branched en...</td>
      <td>Circulatory System</td>
      <td>Adult</td>
      <td>70</td>
    </tr>
  </tbody>
</table>"
265,-255275.07329986515,7055247.716972181,University Hospital of South Manchester NHS Foundation Trust,53.38883209999999,-2.293175,3.0,7.826061944859854,"<table border=""1"" class=""dataframe"">
  <thead>
    <tr style=""text-align: left;"">
      <th>ISRCTN link</th>
      <th>Title</th>
      <th>Condition category</th>
      <th>Age group</th>
      <th>Target number of participants</th>
    </tr>
  </thead>
  <tbody>
    <tr>
      <td><a href='https://www.isrctn.com/ISRCTN15014758' target='_blank'><div>ISRCTN15014758</div></a></td>
      <td>Surgical glue for the treatment of damaged veins in patients with venous le...</td>
      <td>Injury, Occupational Diseases, Poisoning</td>
      <td>Adult</td>
      <td>55</td>
    </tr>
    <tr>
      <td><a href='https://www.isrctn.com/ISRCTN11167616' target='_blank'><div>ISRCTN11167616</div></a></td>
      <td>A study comparing brain cooling method of conventional vs additional nasal ...</td>
      <td>Surgery</td>
      <td>Adult</td>
      <td>30</td>
    </tr>
    <tr>
      <td><a href='https://www.isrctn.com/ISRCTN91485426' target='_blank'><div>ISRCTN91485426</div></a></td>
      <td>A randomised study comparing three types of vein harvesting method for coro...</td>
      <td>Surgery</td>
      <td>Adult</td>
      <td>450</td>
    </tr>
  </tbody>
</table>"
274,-329470.4044695083,7057130.743059783,Liverpool Women's NHS Foundation Trust,53.398919,-2.959683,2.0,5.306765580733931,"<table border=""1"" class=""dataframe"">
  <thead>
    <tr style=""text-align: left;"">
      <th>ISRCTN link</th>
      <th>Title</th>
      <th>Condition category</th>
      <th>Age group</th>
      <th>Target number of participants</th>
    </tr>
  </thead>
  <tbody>
    <tr>
      <td><a href='https://www.isrctn.com/ISRCTN79955797' target='_blank'><div>ISRCTN79955797</div></a></td>
      <td>3D/4D ultrasound guided embryo transfer vs clinical touch technique</td>
      <td>Urological and Genital Diseases</td>
      <td>Adult</td>
      <td>314</td>
    </tr>
    <tr>
      <td><a href='https://www.isrctn.com/ISRCTN81932589' target='_blank'><div>ISRCTN81932589</div></a></td>
      <td>Amnio infusion in preterm premature rupture of membranes</td>
      <td>Pregnancy and Childbirth</td>
      <td>Adult</td>
      <td>15</td>
    </tr>
  </tbody>
</table>"
282,-472260.99510910106,7531014.683548528,University of Strathclyde,55.862111,-4.2423927,1.0,1.0,"<table border=""1"" class=""dataframe"">
  <thead>
    <tr style=""text-align: left;"">
      <th>ISRCTN link</th>
      <th>Title</th>
      <th>Condition category</th>
      <th>Age group</th>
      <th>Target number of participants</th>
    </tr>
  </thead>
  <tbody>
    <tr>
      <td><a href='https://www.isrctn.com/ISRCTN23271752' target='_blank'><div>ISRCTN23271752</div></a></td>
      <td>Transtibial prosthetic system design and benefits for the amputee, service ...</td>
      <td>Surgery</td>
      <td>Adult</td>
      <td>70</td>
    </tr>
  </tbody>
</table>"
286,337821.6038007688,6552752.895726325,Centre Hospitalier Regional et Universitaire de Lille,50.6108999,3.0347031,1.0,1.0,"<table border=""1"" class=""dataframe"">
  <thead>
    <tr style=""text-align: left;"">
      <th>ISRCTN link</th>
      <th>Title</th>
      <th>Condition category</th>
      <th>Age group</th>
      <th>Target number of participants</th>
    </tr>
  </thead>
  <tbody>
    <tr>
      <td><a href='https://www.isrctn.com/ISRCTN17506970' target='_blank'><div>ISRCTN17506970</div></a></td>
      <td>Evaluation of the radiation dose delivered to patients and staff during end...</td>
      <td>Circulatory System</td>
      <td>Adult</td>
      <td>50</td>
    </tr>
  </tbody>
</table>"
305,-135176.1259623003,7275248.972437932,James Cook University Hospital,54.551216,-1.2143078,2.0,5.306765580733931,"<table border=""1"" class=""dataframe"">
  <thead>
    <tr style=""text-align: left;"">
      <th>ISRCTN link</th>
      <th>Title</th>
      <th>Condition category</th>
      <th>Age group</th>
      <th>Target number of participants</th>
    </tr>
  </thead>
  <tbody>
    <tr>
      <td><a href='https://www.isrctn.com/ISRCTN95525805' target='_blank'><div>ISRCTN95525805</div></a></td>
      <td>A cohort study to investigate whether radiolabelled lung nodule localisatio...</td>
      <td>Cancer</td>
      <td>Adult</td>
      <td>20</td>
    </tr>
    <tr>
      <td><a href='https://www.isrctn.com/ISRCTN55875201' target='_blank'><div>ISRCTN55875201</div></a></td>
      <td>Validity of the six minute walk test as a surrogate for the anaerobic thres...</td>
      <td>Surgery</td>
      <td>Adult</td>
      <td>200</td>
    </tr>
  </tbody>
</table>"
306,-210807.35611173685,6888256.373032102,Birmingham Children's Hospital,52.4847654,-1.8937147,1.0,1.0,"<table border=""1"" class=""dataframe"">
  <thead>
    <tr style=""text-align: left;"">
      <th>ISRCTN link</th>
      <th>Title</th>
      <th>Condition category</th>
      <th>Age group</th>
      <th>Target number of participants</th>
    </tr>
  </thead>
  <tbody>
    <tr>
      <td><a href='https://www.isrctn.com/ISRCTN49665078' target='_blank'><div>ISRCTN49665078</div></a></td>
      <td>A randomised pilot trial of a steroid-free immunosuppressant regimen in pae...</td>
      <td>Surgery</td>
      <td>Child</td>
      <td>30</td>
    </tr>
  </tbody>
</table>"
311,-288496.8279861956,6709650.019043383,Southmead Hospital,51.4968176,-2.5916111,1.0,1.0,"<table border=""1"" class=""dataframe"">
  <thead>
    <tr style=""text-align: left;"">
      <th>ISRCTN link</th>
      <th>Title</th>
      <th>Condition category</th>
      <th>Age group</th>
      <th>Target number of participants</th>
    </tr>
  </thead>
  <tbody>
    <tr>
      <td><a href='https://www.isrctn.com/ISRCTN98460319' target='_blank'><div>ISRCTN98460319</div></a></td>
      <td>A trial to investigate whether pleuroscopy can be used to treat pleural inf...</td>
      <td>Respiratory</td>
      <td>Adult</td>
      <td>30</td>
    </tr>
  </tbody>
</table>"
317,-25530.991630048342,6726277.261555665,Middlesex University,51.5897112,-0.2293488,2.0,5.306765580733931,"<table border=""1"" class=""dataframe"">
  <thead>
    <tr style=""text-align: left;"">
      <th>ISRCTN link</th>
      <th>Title</th>
      <th>Condition category</th>
      <th>Age group</th>
      <th>Target number of participants</th>
    </tr>
  </thead>
  <tbody>
    <tr>
      <td><a href='https://www.isrctn.com/ISRCTN56283223' target='_blank'><div>ISRCTN56283223</div></a></td>
      <td>The effect of stretching and transverse friction massage to gastrocnemius f...</td>
      <td>Musculoskeletal Diseases</td>
      <td>Adult</td>
      <td>30</td>
    </tr>
    <tr>
      <td><a href='https://www.isrctn.com/ISRCTN13779749' target='_blank'><div>ISRCTN13779749</div></a></td>
      <td>The HAPI 'Hip Arthroscopy Pre-habilitation Intervention' study</td>
      <td>Surgery</td>
      <td>Adult</td>
      <td>40</td>
    </tr>
  </tbody>
</table>"
319,-69241.04609993947,6739353.738278273,Buckinghamshire Healthcare NHS Trust,51.6626341,-0.6220029,1.0,1.0,"<table border=""1"" class=""dataframe"">
  <thead>
    <tr style=""text-align: left;"">
      <th>ISRCTN link</th>
      <th>Title</th>
      <th>Condition category</th>
      <th>Age group</th>
      <th>Target number of participants</th>
    </tr>
  </thead>
  <tbody>
    <tr>
      <td><a href='https://www.isrctn.com/ISRCTN25579748' target='_blank'><div>ISRCTN25579748</div></a></td>
      <td>PICSO in NSTEMI</td>
      <td>Circulatory System</td>
      <td>Adult</td>
      <td>60</td>
    </tr>
  </tbody>
</table>"
321,-436888.75936767703,6736970.884978152,Welsh Ambulance Services NHS Trust,51.6493545,-3.9246385,2.0,5.306765580733931,"<table border=""1"" class=""dataframe"">
  <thead>
    <tr style=""text-align: left;"">
      <th>ISRCTN link</th>
      <th>Title</th>
      <th>Condition category</th>
      <th>Age group</th>
      <th>Target number of participants</th>
    </tr>
  </thead>
  <tbody>
    <tr>
      <td><a href='https://www.isrctn.com/ISRCTN85516498' target='_blank'><div>ISRCTN85516498</div></a></td>
      <td>Transient ischaemic attack 999 emergency referral</td>
      <td>Circulatory System</td>
      <td>All</td>
      <td>156</td>
    </tr>
    <tr>
      <td><a href='https://www.isrctn.com/ISRCTN60065373' target='_blank'><div>ISRCTN60065373</div></a></td>
      <td>RAPID: Fast pain relief for hip fracture: a study with paramedics.</td>
      <td>Musculoskeletal Diseases</td>
      <td>Adult</td>
      <td>50</td>
    </tr>
  </tbody>
</table>"
324,-10270.803762448752,6710352.092322927,Guy's and St Thomas' NHS Foundation Trust,51.5007438,-0.09226419999999999,14.0,17.397385131955605,"<table border=""1"" class=""dataframe"">
  <thead>
    <tr style=""text-align: left;"">
      <th>ISRCTN link</th>
      <th>Title</th>
      <th>Condition category</th>
      <th>Age group</th>
      <th>Target number of participants</th>
    </tr>
  </thead>
  <tbody>
    <tr>
      <td><a href='https://www.isrctn.com/ISRCTN77258279' target='_blank'><div>ISRCTN77258279</div></a></td>
      <td>When to induce labour to limit risk in pregnancy hypertension</td>
      <td>Pregnancy and Childbirth</td>
      <td>Adult</td>
      <td>1080</td>
    </tr>
    <tr>
      <td><a href='https://www.isrctn.com/ISRCTN15503522' target='_blank'><div>ISRCTN15503522</div></a></td>
      <td>A trial looking at quality of life in the treatment of patients with malign...</td>
      <td>Cancer</td>
      <td>Adult</td>
      <td>142</td>
    </tr>
    <tr>
      <td><a href='https://www.isrctn.com/ISRCTN04451470' target='_blank'><div>ISRCTN04451470</div></a></td>
      <td>Trans-epithelial corneal cross-linking to halt the progression of keratocon...</td>
      <td>Eye Diseases</td>
      <td>Adult</td>
      <td>46</td>
    </tr>
    <tr>
      <td><a href='https://www.isrctn.com/ISRCTN28499748' target='_blank'><div>ISRCTN28499748</div></a></td>
      <td>Open, laparoscopic and robotic radical cystectomy for bladder cancer</td>
      <td>Cancer</td>
      <td>Adult</td>
      <td>141</td>
    </tr>
    <tr>
      <td><a href='https://www.isrctn.com/ISRCTN85628303' target='_blank'><div>ISRCTN85628303</div></a></td>
      <td>Case series to evaluate the use of the VivaSight double lumen tube</td>
      <td>Surgery</td>
      <td>Adult</td>
      <td>8</td>
    </tr>
    <tr>
      <td><a href='https://www.isrctn.com/ISRCTN23142588' target='_blank'><div>ISRCTN23142588</div></a></td>
      <td>Improving post-operative outcomes in older vascular surgical patients</td>
      <td>Surgery</td>
      <td>Senior</td>
      <td>180</td>
    </tr>
    <tr>
      <td><a href='https://www.isrctn.com/ISRCTN09184595' target='_blank'><div>ISRCTN09184595</div></a></td>
      <td>Transplant ureteric stent removal: early versus standard removal</td>
      <td>Urological and Genital Diseases</td>
      <td>Mixed</td>
      <td>176</td>
    </tr>
    <tr>
      <td><a href='https://www.isrctn.com/ISRCTN35859078' target='_blank'><div>ISRCTN35859078</div></a></td>
      <td>TRial of OutPatient HYsteroscopy in in-vitro fertilisation (IVF)</td>
      <td>Pregnancy and Childbirth</td>
      <td>Adult</td>
      <td>756</td>
    </tr>
    <tr>
      <td><a href='https://www.isrctn.com/ISRCTN16542843' target='_blank'><div>ISRCTN16542843</div></a></td>
      <td>Intelligent Fetal Imaging and Diagnosis (iFIND)</td>
      <td>Neonatal Diseases</td>
      <td>Adult</td>
      <td>20500</td>
    </tr>
    <tr>
      <td><a href='https://www.isrctn.com/ISRCTN59902040' target='_blank'><div>ISRCTN59902040</div></a></td>
      <td>Assessment of surgery and standard treatment to treat visual loss from diab...</td>
      <td>Eye Diseases</td>
      <td>Adult</td>
      <td>100</td>
    </tr>
    <tr>
      <td><a href='https://www.isrctn.com/ISRCTN52684446' target='_blank'><div>ISRCTN52684446</div></a></td>
      <td>Transfusion antenatally in pregnant women with sickle cell disease</td>
      <td>Haematological Disorders</td>
      <td>Adult</td>
      <td>50</td>
    </tr>
    <tr>
      <td><a href='https://www.isrctn.com/ISRCTN52187987' target='_blank'><div>ISRCTN52187987</div></a></td>
      <td>A randomized, bilateral, controlled, prospective study to investigate the e...</td>
      <td>Eye Diseases</td>
      <td>Adult</td>
      <td>36</td>
    </tr>
    <tr>
      <td><a href='https://www.isrctn.com/ISRCTN96585404' target='_blank'><div>ISRCTN96585404</div></a></td>
      <td>A randomised trial of expedited transfer to a cardiac arrest centre for non...</td>
      <td>Circulatory System</td>
      <td>Adult</td>
      <td>900</td>
    </tr>
    <tr>
      <td><a href='https://www.isrctn.com/ISRCTN45979711' target='_blank'><div>ISRCTN45979711</div></a></td>
      <td>REVascularisation for Ischaemic VEntricular Dysfunction</td>
      <td>Circulatory System</td>
      <td>Adult</td>
      <td>700</td>
    </tr>
  </tbody>
</table>"
326,-342153.2566945676,7544658.329123699,Queen Margaret University,55.9308308,-3.073615,1.0,1.0,"<table border=""1"" class=""dataframe"">
  <thead>
    <tr style=""text-align: left;"">
      <th>ISRCTN link</th>
      <th>Title</th>
      <th>Condition category</th>
      <th>Age group</th>
      <th>Target number of participants</th>
    </tr>
  </thead>
  <tbody>
    <tr>
      <td><a href='https://www.isrctn.com/ISRCTN71676516' target='_blank'><div>ISRCTN71676516</div></a></td>
      <td>Randomised controlled trial to compare the functional outcome of the standa...</td>
      <td>Surgery</td>
      <td>Not Specified</td>
      <td>80</td>
    </tr>
  </tbody>
</table>"
335,-180232.4115621508,7358025.390370238,Royal Victoria Hospital,54.98020570000001,-1.6190553,1.0,1.0,"<table border=""1"" class=""dataframe"">
  <thead>
    <tr style=""text-align: left;"">
      <th>ISRCTN link</th>
      <th>Title</th>
      <th>Condition category</th>
      <th>Age group</th>
      <th>Target number of participants</th>
    </tr>
  </thead>
  <tbody>
    <tr>
      <td><a href='https://www.isrctn.com/ISRCTN44343129' target='_blank'><div>ISRCTN44343129</div></a></td>
      <td>Impact of chemotherapy on fitness before surgery on patients with cancer of...</td>
      <td>Cancer</td>
      <td>Adult</td>
      <td>30</td>
    </tr>
  </tbody>
</table>"
336,-90206.45805823605,6996747.749170473,Lombard Medical,53.07427029999999,-0.8103384,1.0,1.0,"<table border=""1"" class=""dataframe"">
  <thead>
    <tr style=""text-align: left;"">
      <th>ISRCTN link</th>
      <th>Title</th>
      <th>Condition category</th>
      <th>Age group</th>
      <th>Target number of participants</th>
    </tr>
  </thead>
  <tbody>
    <tr>
      <td><a href='https://www.isrctn.com/ISRCTN13771116' target='_blank'><div>ISRCTN13771116</div></a></td>
      <td>Altura post-market registry study: Altitude</td>
      <td>Circulatory System</td>
      <td>Adult</td>
      <td>1200</td>
    </tr>
  </tbody>
</table>"
358,-19237.08780813837,6708517.409176581,The Royal Marsden NHS Foundation Trust,51.490483,-0.1728097,1.0,1.0,"<table border=""1"" class=""dataframe"">
  <thead>
    <tr style=""text-align: left;"">
      <th>ISRCTN link</th>
      <th>Title</th>
      <th>Condition category</th>
      <th>Age group</th>
      <th>Target number of participants</th>
    </tr>
  </thead>
  <tbody>
    <tr>
      <td><a href='https://www.isrctn.com/ISRCTN17627211' target='_blank'><div>ISRCTN17627211</div></a></td>
      <td>The PACE Study</td>
      <td>Cancer</td>
      <td>Adult</td>
      <td>1716</td>
    </tr>
  </tbody>
</table>"
370,-159727.08305930282,6609866.762357462,Princess Anne Hospital Southampton,50.9353552,-1.4348528,1.0,1.0,"<table border=""1"" class=""dataframe"">
  <thead>
    <tr style=""text-align: left;"">
      <th>ISRCTN link</th>
      <th>Title</th>
      <th>Condition category</th>
      <th>Age group</th>
      <th>Target number of participants</th>
    </tr>
  </thead>
  <tbody>
    <tr>
      <td><a href='https://www.isrctn.com/ISRCTN18335881' target='_blank'><div>ISRCTN18335881</div></a></td>
      <td>How does hyalobarrier gel influence ovulation and pregnancy outcomes in wom...</td>
      <td>Pregnancy and Childbirth</td>
      <td>Adult</td>
      <td>30</td>
    </tr>
  </tbody>
</table>"
371,76558.06509783225,6719856.023267924,Southend University Hospital NHS Foundation Trust,51.5538593,0.6877327999999999,1.0,1.0,"<table border=""1"" class=""dataframe"">
  <thead>
    <tr style=""text-align: left;"">
      <th>ISRCTN link</th>
      <th>Title</th>
      <th>Condition category</th>
      <th>Age group</th>
      <th>Target number of participants</th>
    </tr>
  </thead>
  <tbody>
    <tr>
      <td><a href='https://www.isrctn.com/ISRCTN82948372' target='_blank'><div>ISRCTN82948372</div></a></td>
      <td>Study comparing a regional leg block vs. local anaesthetic infiltration for...</td>
      <td>Injury, Occupational Diseases, Poisoning</td>
      <td>Adult</td>
      <td>60</td>
    </tr>
  </tbody>
</table>"
374,-329964.8633837139,7059084.65674228,Royal Liverpool University Hospital,53.4093831,-2.9641248,1.0,1.0,"<table border=""1"" class=""dataframe"">
  <thead>
    <tr style=""text-align: left;"">
      <th>ISRCTN link</th>
      <th>Title</th>
      <th>Condition category</th>
      <th>Age group</th>
      <th>Target number of participants</th>
    </tr>
  </thead>
  <tbody>
    <tr>
      <td><a href='https://www.isrctn.com/ISRCTN89785408' target='_blank'><div>ISRCTN89785408</div></a></td>
      <td>Kneehab® pre and post total knee replacement surgery</td>
      <td>Surgery</td>
      <td>Adult</td>
      <td>200</td>
    </tr>
  </tbody>
</table>"
375,-216286.62390002166,6882505.053271695,Birmingham Women's NHS Foundation Trust,52.4532916,-1.9429358,4.0,9.613531161467861,"<table border=""1"" class=""dataframe"">
  <thead>
    <tr style=""text-align: left;"">
      <th>ISRCTN link</th>
      <th>Title</th>
      <th>Condition category</th>
      <th>Age group</th>
      <th>Target number of participants</th>
    </tr>
  </thead>
  <tbody>
    <tr>
      <td><a href='https://www.isrctn.com/ISRCTN15373349' target='_blank'><div>ISRCTN15373349</div></a></td>
      <td>Cerclage Suture Type for an Insufficient Cervix and its effect on Health ou...</td>
      <td>Pregnancy and Childbirth</td>
      <td>Adult</td>
      <td>2050</td>
    </tr>
    <tr>
      <td><a href='https://www.isrctn.com/ISRCTN12981869' target='_blank'><div>ISRCTN12981869</div></a></td>
      <td>C-STICH2: Rescue cervical stitching to prevent miscarriage and premature bi...</td>
      <td>Pregnancy and Childbirth</td>
      <td>Adult</td>
      <td>260</td>
    </tr>
    <tr>
      <td><a href='https://www.isrctn.com/ISRCTN65868569' target='_blank'><div>ISRCTN65868569</div></a></td>
      <td>A randomised controlled trial of outpatient polyp treatment for abnormal ut...</td>
      <td>Urological and Genital Diseases</td>
      <td>Not Specified</td>
      <td>480</td>
    </tr>
    <tr>
      <td><a href='https://www.isrctn.com/ISRCTN65868569' target='_blank'><div>ISRCTN65868569</div></a></td>
      <td>A randomised controlled trial of outpatient polyp treatment for abnormal ut...</td>
      <td>Urological and Genital Diseases</td>
      <td>Not Specified</td>
      <td>480</td>
    </tr>
  </tbody>
</table>"
377,-30737.471006144227,6709270.325275265,Southern Implants (Pty) Ltd,51.4946941,-0.2761194,1.0,1.0,"<table border=""1"" class=""dataframe"">
  <thead>
    <tr style=""text-align: left;"">
      <th>ISRCTN link</th>
      <th>Title</th>
      <th>Condition category</th>
      <th>Age group</th>
      <th>Target number of participants</th>
    </tr>
  </thead>
  <tbody>
    <tr>
      <td><a href='https://www.isrctn.com/ISRCTN57543596' target='_blank'><div>ISRCTN57543596</div></a></td>
      <td>Rough vs Hybrid-surface implants for maxillary All-on-4 overdentures</td>
      <td>Oral Health</td>
      <td>Adult</td>
      <td>25</td>
    </tr>
  </tbody>
</table>"
380,-250571.37953588617,6775502.602084843,Gloucestershire Hospitals NHS Foundation Trust,51.8636141,-2.250921,1.0,1.0,"<table border=""1"" class=""dataframe"">
  <thead>
    <tr style=""text-align: left;"">
      <th>ISRCTN link</th>
      <th>Title</th>
      <th>Condition category</th>
      <th>Age group</th>
      <th>Target number of participants</th>
    </tr>
  </thead>
  <tbody>
    <tr>
      <td><a href='https://www.isrctn.com/ISRCTN54190466' target='_blank'><div>ISRCTN54190466</div></a></td>
      <td>Randomised controlled trial of surveillance and no surveillance for patient...</td>
      <td>Digestive System</td>
      <td>Adult</td>
      <td>2500</td>
    </tr>
  </tbody>
</table>"
384,-326264.28068322217,7069746.198632579,The Walton Centre NHS Foundation Trust,53.46643520000001,-2.9308819,2.0,5.306765580733931,"<table border=""1"" class=""dataframe"">
  <thead>
    <tr style=""text-align: left;"">
      <th>ISRCTN link</th>
      <th>Title</th>
      <th>Condition category</th>
      <th>Age group</th>
      <th>Target number of participants</th>
    </tr>
  </thead>
  <tbody>
    <tr>
      <td><a href='https://www.isrctn.com/ISRCTN68166254' target='_blank'><div>ISRCTN68166254</div></a></td>
      <td>Detection of pseudoprogression using CT perfusion in patients with Glioblas...</td>
      <td>Cancer</td>
      <td>Adult</td>
      <td>20</td>
    </tr>
    <tr>
      <td><a href='https://www.isrctn.com/ISRCTN04820368' target='_blank'><div>ISRCTN04820368</div></a></td>
      <td>NErve Rootblock VErsus Surgery: NERVES</td>
      <td>Musculoskeletal Diseases</td>
      <td>Adult</td>
      <td>148</td>
    </tr>
  </tbody>
</table>"
386,-248038.97243982996,7134221.946371764,East Lancashire Hospitals NHS Trust,53.809828,-2.228172,3.0,7.826061944859854,"<table border=""1"" class=""dataframe"">
  <thead>
    <tr style=""text-align: left;"">
      <th>ISRCTN link</th>
      <th>Title</th>
      <th>Condition category</th>
      <th>Age group</th>
      <th>Target number of participants</th>
    </tr>
  </thead>
  <tbody>
    <tr>
      <td><a href='https://www.isrctn.com/ISRCTN14012920' target='_blank'><div>ISRCTN14012920</div></a></td>
      <td>An assessment of the natural progression of drug associated changes in live...</td>
      <td>Digestive System</td>
      <td>Adult</td>
      <td>30</td>
    </tr>
    <tr>
      <td><a href='https://www.isrctn.com/ISRCTN81223298' target='_blank'><div>ISRCTN81223298</div></a></td>
      <td>Clinical trial comparing epidurals to rectus sheath catheters for pain reli...</td>
      <td>Surgery</td>
      <td>Adult</td>
      <td>132</td>
    </tr>
    <tr>
      <td><a href='https://www.isrctn.com/ISRCTN88273654' target='_blank'><div>ISRCTN88273654</div></a></td>
      <td>A comparison of fusion versus ""half joint"" replacement for arthritis of the...</td>
      <td>Musculoskeletal Diseases</td>
      <td>Adult</td>
      <td>30</td>
    </tr>
  </tbody>
</table>"
392,-230505.48472294465,7074750.306494579,Tameside Hospital NHS Foundation Trust,53.4931868,-2.070666,1.0,1.0,"<table border=""1"" class=""dataframe"">
  <thead>
    <tr style=""text-align: left;"">
      <th>ISRCTN link</th>
      <th>Title</th>
      <th>Condition category</th>
      <th>Age group</th>
      <th>Target number of participants</th>
    </tr>
  </thead>
  <tbody>
    <tr>
      <td><a href='https://www.isrctn.com/ISRCTN93900866' target='_blank'><div>ISRCTN93900866</div></a></td>
      <td>A clinical trial to assess the effectiveness of miniplate surgical treatmen...</td>
      <td>Oral Health</td>
      <td>Child</td>
      <td>60</td>
    </tr>
  </tbody>
</table>"
396,-137509.30456568376,7278984.851181683,Teesside University,54.5706753,-1.2352671,1.0,1.0,"<table border=""1"" class=""dataframe"">
  <thead>
    <tr style=""text-align: left;"">
      <th>ISRCTN link</th>
      <th>Title</th>
      <th>Condition category</th>
      <th>Age group</th>
      <th>Target number of participants</th>
    </tr>
  </thead>
  <tbody>
    <tr>
      <td><a href='https://www.isrctn.com/ISRCTN50850043' target='_blank'><div>ISRCTN50850043</div></a></td>
      <td>Multi-centre randomised trial evaluating surgery for displaced fractures of...</td>
      <td>Injury, Occupational Diseases, Poisoning</td>
      <td>Adult</td>
      <td>250</td>
    </tr>
  </tbody>
</table>"
415,-8224252.866009374,4973609.338837138,Individual sponsor (Italy),40.7368847,-73.87972049999999,1.0,1.0,"<table border=""1"" class=""dataframe"">
  <thead>
    <tr style=""text-align: left;"">
      <th>ISRCTN link</th>
      <th>Title</th>
      <th>Condition category</th>
      <th>Age group</th>
      <th>Target number of participants</th>
    </tr>
  </thead>
  <tbody>
    <tr>
      <td><a href='https://www.isrctn.com/ISRCTN10541833' target='_blank'><div>ISRCTN10541833</div></a></td>
      <td>A study about the use of whole body cooling for severe respiratory distress...</td>
      <td>Neonatal Diseases</td>
      <td>Neonate</td>
      <td>0</td>
    </tr>
  </tbody>
</table>"
422,-246367.07613955488,6983716.517076816,University Hospital of North Staffordshire,53.00388470000001,-2.2131531,2.0,5.306765580733931,"<table border=""1"" class=""dataframe"">
  <thead>
    <tr style=""text-align: left;"">
      <th>ISRCTN link</th>
      <th>Title</th>
      <th>Condition category</th>
      <th>Age group</th>
      <th>Target number of participants</th>
    </tr>
  </thead>
  <tbody>
    <tr>
      <td><a href='https://www.isrctn.com/ISRCTN76637086' target='_blank'><div>ISRCTN76637086</div></a></td>
      <td>A pilot study comparing general versus spinal anaesthesia for vaginal surge...</td>
      <td>Surgery</td>
      <td>Adult</td>
      <td>80</td>
    </tr>
    <tr>
      <td><a href='https://www.isrctn.com/ISRCTN44544446' target='_blank'><div>ISRCTN44544446</div></a></td>
      <td>Sub-vastus versus Medial parapatellar Arthrotomy for total Knee replacement</td>
      <td>Surgery</td>
      <td>Adult</td>
      <td>231</td>
    </tr>
  </tbody>
</table>"
431,-13140.0525056963,6713423.546911105,Medical Research Council (MRC),51.5179163,-0.1180391,6.0,12.132827525593784,"<table border=""1"" class=""dataframe"">
  <thead>
    <tr style=""text-align: left;"">
      <th>ISRCTN link</th>
      <th>Title</th>
      <th>Condition category</th>
      <th>Age group</th>
      <th>Target number of participants</th>
    </tr>
  </thead>
  <tbody>
    <tr>
      <td><a href='https://www.isrctn.com/ISRCTN18440098' target='_blank'><div>ISRCTN18440098</div></a></td>
      <td>Magnetic resonance imaging-targeted biopsy compared to standard trans-recta...</td>
      <td>Cancer</td>
      <td>Adult</td>
      <td>150</td>
    </tr>
    <tr>
      <td><a href='https://www.isrctn.com/ISRCTN22537294' target='_blank'><div>ISRCTN22537294</div></a></td>
      <td>Acute normovolaemic haemodilution (ANH) in moderate blood loss surgery: a m...</td>
      <td>Surgery</td>
      <td>Not Specified</td>
      <td>0</td>
    </tr>
    <tr>
      <td><a href='https://www.isrctn.com/ISRCTN75797522' target='_blank'><div>ISRCTN75797522</div></a></td>
      <td>The impact of timing of surgical repair of cleft lip on parent-infant inter...</td>
      <td>Surgery</td>
      <td>Child</td>
      <td>200</td>
    </tr>
    <tr>
      <td><a href='https://www.isrctn.com/ISRCTN25994117' target='_blank'><div>ISRCTN25994117</div></a></td>
      <td>A clinical trial as proof of principle of the analgesic effectiveness of ca...</td>
      <td>Surgery</td>
      <td>Adult</td>
      <td>400</td>
    </tr>
    <tr>
      <td><a href='https://www.isrctn.com/ISRCTN84121653' target='_blank'><div>ISRCTN84121653</div></a></td>
      <td>Chemotherapy with or without surgery in treating patients with stage II or ...</td>
      <td>Cancer</td>
      <td>Not Specified</td>
      <td>1000</td>
    </tr>
    <tr>
      <td><a href='https://www.isrctn.com/ISRCTN26156392' target='_blank'><div>ISRCTN26156392</div></a></td>
      <td>Asymptomatic Carotid Surgery Trial (ACST-1)</td>
      <td>Circulatory System</td>
      <td>Adult</td>
      <td>3120</td>
    </tr>
  </tbody>
</table>"
436,1018444.3103366748,5652465.386674041,IRCCS Policlinico San Matteo Foundation (Italy),45.19622,9.1488409,1.0,1.0,"<table border=""1"" class=""dataframe"">
  <thead>
    <tr style=""text-align: left;"">
      <th>ISRCTN link</th>
      <th>Title</th>
      <th>Condition category</th>
      <th>Age group</th>
      <th>Target number of participants</th>
    </tr>
  </thead>
  <tbody>
    <tr>
      <td><a href='https://www.isrctn.com/ISRCTN78463063' target='_blank'><div>ISRCTN78463063</div></a></td>
      <td>EURECA (European research on electrochemotherapy in head and neck cancer) p...</td>
      <td>Cancer</td>
      <td>Adult</td>
      <td>120</td>
    </tr>
  </tbody>
</table>"
438,527281.7332327372,6593923.848218328,TROD Medical,50.8450123,4.7366524,1.0,1.0,"<table border=""1"" class=""dataframe"">
  <thead>
    <tr style=""text-align: left;"">
      <th>ISRCTN link</th>
      <th>Title</th>
      <th>Condition category</th>
      <th>Age group</th>
      <th>Target number of participants</th>
    </tr>
  </thead>
  <tbody>
    <tr>
      <td><a href='https://www.isrctn.com/ISRCTN10434678' target='_blank'><div>ISRCTN10434678</div></a></td>
      <td>Radiofrequency ablation focal treatment</td>
      <td>Cancer</td>
      <td>Adult</td>
      <td>20</td>
    </tr>
  </tbody>
</table>"
445,-492719.02396031097,7539718.855240119,NHS National Waiting Times Centre Board,55.9059659,-4.4261703,2.0,5.306765580733931,"<table border=""1"" class=""dataframe"">
  <thead>
    <tr style=""text-align: left;"">
      <th>ISRCTN link</th>
      <th>Title</th>
      <th>Condition category</th>
      <th>Age group</th>
      <th>Target number of participants</th>
    </tr>
  </thead>
  <tbody>
    <tr>
      <td><a href='https://www.isrctn.com/ISRCTN33424520' target='_blank'><div>ISRCTN33424520</div></a></td>
      <td>Knee rehabilitation: home visual feedback and video call follow up</td>
      <td>Surgery</td>
      <td>Adult</td>
      <td>60</td>
    </tr>
    <tr>
      <td><a href='https://www.isrctn.com/ISRCTN71883082' target='_blank'><div>ISRCTN71883082</div></a></td>
      <td>Validation of TKA Easy software: Are the clinical outcomes the same as the ...</td>
      <td>Musculoskeletal Diseases</td>
      <td>Adult</td>
      <td>220</td>
    </tr>
  </tbody>
</table>"
452,-19356.355510574285,6697166.855111391,St George's University of London,51.4269516,-0.1738811,1.0,1.0,"<table border=""1"" class=""dataframe"">
  <thead>
    <tr style=""text-align: left;"">
      <th>ISRCTN link</th>
      <th>Title</th>
      <th>Condition category</th>
      <th>Age group</th>
      <th>Target number of participants</th>
    </tr>
  </thead>
  <tbody>
    <tr>
      <td><a href='https://www.isrctn.com/ISRCTN77588384' target='_blank'><div>ISRCTN77588384</div></a></td>
      <td>Evaluating mental health decision units in acute care pathways (DECISION): ...</td>
      <td>Mental and Behavioural Disorders</td>
      <td>Adult</td>
      <td>0</td>
    </tr>
  </tbody>
</table>"
456,-179843.7395600461,7351142.003840249,Gateshead Health NHS Foundation Trust,54.9447057,-1.6155638,1.0,1.0,"<table border=""1"" class=""dataframe"">
  <thead>
    <tr style=""text-align: left;"">
      <th>ISRCTN link</th>
      <th>Title</th>
      <th>Condition category</th>
      <th>Age group</th>
      <th>Target number of participants</th>
    </tr>
  </thead>
  <tbody>
    <tr>
      <td><a href='https://www.isrctn.com/ISRCTN35322992' target='_blank'><div>ISRCTN35322992</div></a></td>
      <td>The effect of 'goal directed' fluid management during gynaecological oncolo...</td>
      <td>Surgery</td>
      <td>Adult</td>
      <td>140</td>
    </tr>
  </tbody>
</table>"
457,-566886.2580904779,6492318.838168348,Peninsula Dental Social Enterprise CIC,50.2651295,-5.092425899999999,1.0,1.0,"<table border=""1"" class=""dataframe"">
  <thead>
    <tr style=""text-align: left;"">
      <th>ISRCTN link</th>
      <th>Title</th>
      <th>Condition category</th>
      <th>Age group</th>
      <th>Target number of participants</th>
    </tr>
  </thead>
  <tbody>
    <tr>
      <td><a href='https://www.isrctn.com/ISRCTN17598447' target='_blank'><div>ISRCTN17598447</div></a></td>
      <td>Lipid-A project</td>
      <td>Oral Health</td>
      <td>Adult</td>
      <td>60</td>
    </tr>
  </tbody>
</table>"
460,-212212.04110631175,6887638.481572241,University College Birmingham,52.4813851,-1.9063332,1.0,1.0,"<table border=""1"" class=""dataframe"">
  <thead>
    <tr style=""text-align: left;"">
      <th>ISRCTN link</th>
      <th>Title</th>
      <th>Condition category</th>
      <th>Age group</th>
      <th>Target number of participants</th>
    </tr>
  </thead>
  <tbody>
    <tr>
      <td><a href='https://www.isrctn.com/ISRCTN77437553' target='_blank'><div>ISRCTN77437553</div></a></td>
      <td>What is the most effective number of sets of neck mobilisations to reduce p...</td>
      <td>Musculoskeletal Diseases</td>
      <td>Adult</td>
      <td>60</td>
    </tr>
  </tbody>
</table>"
463,754705.9946380656,6660226.183848862,Phagenesis Limited,51.2195744,6.779639299999999,1.0,1.0,"<table border=""1"" class=""dataframe"">
  <thead>
    <tr style=""text-align: left;"">
      <th>ISRCTN link</th>
      <th>Title</th>
      <th>Condition category</th>
      <th>Age group</th>
      <th>Target number of participants</th>
    </tr>
  </thead>
  <tbody>
    <tr>
      <td><a href='https://www.isrctn.com/ISRCTN25681641' target='_blank'><div>ISRCTN25681641</div></a></td>
      <td>Swallowing treatment using electrical pharyngeal stimulation: a treatment o...</td>
      <td>Circulatory System</td>
      <td>Adult</td>
      <td>140</td>
    </tr>
  </tbody>
</table>"
465,-344592.5895643715,7051556.119996657,Wirral University Teaching Hospital,53.3690502,-3.0955279,2.0,5.306765580733931,"<table border=""1"" class=""dataframe"">
  <thead>
    <tr style=""text-align: left;"">
      <th>ISRCTN link</th>
      <th>Title</th>
      <th>Condition category</th>
      <th>Age group</th>
      <th>Target number of participants</th>
    </tr>
  </thead>
  <tbody>
    <tr>
      <td><a href='https://www.isrctn.com/ISRCTN64955840' target='_blank'><div>ISRCTN64955840</div></a></td>
      <td>A trial comparing skin preparation regimens in primary knee arthroscopy</td>
      <td>Surgery</td>
      <td>Adult</td>
      <td>200</td>
    </tr>
    <tr>
      <td><a href='https://www.isrctn.com/ISRCTN54219044' target='_blank'><div>ISRCTN54219044</div></a></td>
      <td>Comparison study for treatment of great saphenous vein varicosities</td>
      <td>Circulatory System</td>
      <td>Adult</td>
      <td>84</td>
    </tr>
  </tbody>
</table>"
467,-395619.2511500395,6530228.177926505,South Devon Healthcare NHS Foundation Trust,50.4823211,-3.5539082,1.0,1.0,"<table border=""1"" class=""dataframe"">
  <thead>
    <tr style=""text-align: left;"">
      <th>ISRCTN link</th>
      <th>Title</th>
      <th>Condition category</th>
      <th>Age group</th>
      <th>Target number of participants</th>
    </tr>
  </thead>
  <tbody>
    <tr>
      <td><a href='https://www.isrctn.com/ISRCTN38563880' target='_blank'><div>ISRCTN38563880</div></a></td>
      <td>Return of function and external rotation post proximal humerus fracture fix...</td>
      <td>Injury, Occupational Diseases, Poisoning</td>
      <td>Adult</td>
      <td>100</td>
    </tr>
  </tbody>
</table>"
472,-385730.7519148221,6572015.108985163,South Western Ambulance Service NHS Foundation Trust,50.7205772,-3.4650783,1.0,1.0,"<table border=""1"" class=""dataframe"">
  <thead>
    <tr style=""text-align: left;"">
      <th>ISRCTN link</th>
      <th>Title</th>
      <th>Condition category</th>
      <th>Age group</th>
      <th>Target number of participants</th>
    </tr>
  </thead>
  <tbody>
    <tr>
      <td><a href='https://www.isrctn.com/ISRCTN08256118' target='_blank'><div>ISRCTN08256118</div></a></td>
      <td>Airway management in out of hospital cardiac arrest patients.</td>
      <td>Circulatory System</td>
      <td>Adult</td>
      <td>10370</td>
    </tr>
  </tbody>
</table>"
476,-483175.13647274225,7531076.236309555,University of Glasgow; NHS Greater Glasgow and Clyde,55.8624213,-4.3404361,1.0,1.0,"<table border=""1"" class=""dataframe"">
  <thead>
    <tr style=""text-align: left;"">
      <th>ISRCTN link</th>
      <th>Title</th>
      <th>Condition category</th>
      <th>Age group</th>
      <th>Target number of participants</th>
    </tr>
  </thead>
  <tbody>
    <tr>
      <td><a href='https://www.isrctn.com/ISRCTN12698107' target='_blank'><div>ISRCTN12698107</div></a></td>
      <td>SYSTEMS 2: a randomised phase II trial of standard versus dose escalated ra...</td>
      <td>Cancer</td>
      <td>Adult</td>
      <td>112</td>
    </tr>
  </tbody>
</table>"
479,-175563.0821249797,7350231.428662039,"Northumberland, Tyne and Wear NHS Foundation Trust",54.9400072,-1.57711,1.0,1.0,"<table border=""1"" class=""dataframe"">
  <thead>
    <tr style=""text-align: left;"">
      <th>ISRCTN link</th>
      <th>Title</th>
      <th>Condition category</th>
      <th>Age group</th>
      <th>Target number of participants</th>
    </tr>
  </thead>
  <tbody>
    <tr>
      <td><a href='https://www.isrctn.com/ISRCTN16758036' target='_blank'><div>ISRCTN16758036</div></a></td>
      <td>Trial of a non-invasive stimulation method to treat visual hallucinations i...</td>
      <td>Eye Diseases</td>
      <td>Adult</td>
      <td>20</td>
    </tr>
  </tbody>
</table>"
483,9835187.440520586,2573470.03340872,Meril Life Sciences Pvt. Ltd. (India),22.514996,88.35099199999999,1.0,1.0,"<table border=""1"" class=""dataframe"">
  <thead>
    <tr style=""text-align: left;"">
      <th>ISRCTN link</th>
      <th>Title</th>
      <th>Condition category</th>
      <th>Age group</th>
      <th>Target number of participants</th>
    </tr>
  </thead>
  <tbody>
    <tr>
      <td><a href='https://www.isrctn.com/ISRCTN06697555' target='_blank'><div>ISRCTN06697555</div></a></td>
      <td>Prospective clinical trial to compare safety & efficacy of BioMime Sirolimu...</td>
      <td>Circulatory System</td>
      <td>Adult</td>
      <td>258</td>
    </tr>
  </tbody>
</table>"
500,-38551.264363651084,6711565.3149342425,Ealing Hospital NHS Trust,51.5075277,-0.3463119,1.0,1.0,"<table border=""1"" class=""dataframe"">
  <thead>
    <tr style=""text-align: left;"">
      <th>ISRCTN link</th>
      <th>Title</th>
      <th>Condition category</th>
      <th>Age group</th>
      <th>Target number of participants</th>
    </tr>
  </thead>
  <tbody>
    <tr>
      <td><a href='https://www.isrctn.com/ISRCTN03080206' target='_blank'><div>ISRCTN03080206</div></a></td>
      <td>Endovenous laser therapy (EVLT) versus ultrasound-guided foam sclerotherapy...</td>
      <td>Circulatory System</td>
      <td>Adult</td>
      <td>100</td>
    </tr>
  </tbody>
</table>"
501,-19506.33626052006,6697097.476211271,St George's Healthcare NHS Trust,51.42656299999999,-0.1752284,2.0,5.306765580733931,"<table border=""1"" class=""dataframe"">
  <thead>
    <tr style=""text-align: left;"">
      <th>ISRCTN link</th>
      <th>Title</th>
      <th>Condition category</th>
      <th>Age group</th>
      <th>Target number of participants</th>
    </tr>
  </thead>
  <tbody>
    <tr>
      <td><a href='https://www.isrctn.com/ISRCTN45792044' target='_blank'><div>ISRCTN45792044</div></a></td>
      <td>Aortic valve replacement in high risk patients: conventional surgery compar...</td>
      <td>Circulatory System</td>
      <td>Senior</td>
      <td>657</td>
    </tr>
    <tr>
      <td><a href='https://www.isrctn.com/ISRCTN38797445' target='_blank'><div>ISRCTN38797445</div></a></td>
      <td>Early goal directed therapy following major surgery reduces complications a...</td>
      <td>Surgery</td>
      <td>Adult</td>
      <td>300</td>
    </tr>
  </tbody>
</table>"
512,-178240.9726635536,7129070.708081147,Leeds Community Healthcare NHS Trust,53.7824956,-1.6011659,1.0,1.0,"<table border=""1"" class=""dataframe"">
  <thead>
    <tr style=""text-align: left;"">
      <th>ISRCTN link</th>
      <th>Title</th>
      <th>Condition category</th>
      <th>Age group</th>
      <th>Target number of participants</th>
    </tr>
  </thead>
  <tbody>
    <tr>
      <td><a href='https://www.isrctn.com/ISRCTN87144429' target='_blank'><div>ISRCTN87144429</div></a></td>
      <td>High Volume Saline Injections for Achilles Tendinopathy</td>
      <td>Musculoskeletal Diseases</td>
      <td>Adult</td>
      <td>44</td>
    </tr>
  </tbody>
</table>"
520,-8171761.117473428,5029499.525855036,Premia Spine Ltd (Israel),41.116222,-73.4081791,1.0,1.0,"<table border=""1"" class=""dataframe"">
  <thead>
    <tr style=""text-align: left;"">
      <th>ISRCTN link</th>
      <th>Title</th>
      <th>Condition category</th>
      <th>Age group</th>
      <th>Target number of participants</th>
    </tr>
  </thead>
  <tbody>
    <tr>
      <td><a href='https://www.isrctn.com/ISRCTN47205504' target='_blank'><div>ISRCTN47205504</div></a></td>
      <td>Safety and effectiveness of TOPS™ System</td>
      <td>Surgery</td>
      <td>Adult</td>
      <td>10</td>
    </tr>
  </tbody>
</table>"
525,-147606.41652664775,6813248.256574176,Neurotechnics Limited,52.0725179,-1.325971,1.0,1.0,"<table border=""1"" class=""dataframe"">
  <thead>
    <tr style=""text-align: left;"">
      <th>ISRCTN link</th>
      <th>Title</th>
      <th>Condition category</th>
      <th>Age group</th>
      <th>Target number of participants</th>
    </tr>
  </thead>
  <tbody>
    <tr>
      <td><a href='https://www.isrctn.com/ISRCTN67230654' target='_blank'><div>ISRCTN67230654</div></a></td>
      <td>ABICUS trial</td>
      <td>Musculoskeletal Diseases</td>
      <td>Adult</td>
      <td>40</td>
    </tr>
  </tbody>
</table>"
528,-106664.59949405836,6701156.473722683,Royal Berkshire NHS Foundation Trust,51.4492924,-0.9581843999999999,3.0,7.826061944859854,"<table border=""1"" class=""dataframe"">
  <thead>
    <tr style=""text-align: left;"">
      <th>ISRCTN link</th>
      <th>Title</th>
      <th>Condition category</th>
      <th>Age group</th>
      <th>Target number of participants</th>
    </tr>
  </thead>
  <tbody>
    <tr>
      <td><a href='https://www.isrctn.com/ISRCTN24411195' target='_blank'><div>ISRCTN24411195</div></a></td>
      <td>Study of toric intraocular lens (IOL) versus limbal relaxing incisions in t...</td>
      <td>Eye Diseases</td>
      <td>Adult</td>
      <td>40</td>
    </tr>
    <tr>
      <td><a href='https://www.isrctn.com/ISRCTN94713892' target='_blank'><div>ISRCTN94713892</div></a></td>
      <td>Does intramedullary plugging reduce blood transfusion requirements in total...</td>
      <td>Surgery</td>
      <td>Other</td>
      <td>100</td>
    </tr>
    <tr>
      <td><a href='https://www.isrctn.com/ISRCTN27841616' target='_blank'><div>ISRCTN27841616</div></a></td>
      <td>Arteriovenous fistula cannulation in haemodialysis patients</td>
      <td>Surgery</td>
      <td>Not Specified</td>
      <td>140</td>
    </tr>
  </tbody>
</table>"
532,-160342.88021847306,6876780.769194723,University Hospitals Coventry and Warwickshire NHS Trust,52.4219434,-1.4403846,9.0,14.652123889719707,"<table border=""1"" class=""dataframe"">
  <thead>
    <tr style=""text-align: left;"">
      <th>ISRCTN link</th>
      <th>Title</th>
      <th>Condition category</th>
      <th>Age group</th>
      <th>Target number of participants</th>
    </tr>
  </thead>
  <tbody>
    <tr>
      <td><a href='https://www.isrctn.com/ISRCTN85181068' target='_blank'><div>ISRCTN85181068</div></a></td>
      <td>Warwick Hip Trauma Evaluation One</td>
      <td>Injury, Occupational Diseases, Poisoning</td>
      <td>Senior</td>
      <td>100</td>
    </tr>
    <tr>
      <td><a href='https://www.isrctn.com/ISRCTN90544391' target='_blank'><div>ISRCTN90544391</div></a></td>
      <td>Warwick Hip Trauma Evaluation Two</td>
      <td>Surgery</td>
      <td>Adult</td>
      <td>100</td>
    </tr>
    <tr>
      <td><a href='https://www.isrctn.com/ISRCTN09754699' target='_blank'><div>ISRCTN09754699</div></a></td>
      <td>Feasibility study of a trial of arthroscopic surgery for hip impingement co...</td>
      <td>Surgery</td>
      <td>Adult</td>
      <td>60</td>
    </tr>
    <tr>
      <td><a href='https://www.isrctn.com/ISRCTN60611146' target='_blank'><div>ISRCTN60611146</div></a></td>
      <td>Perioperative Analgesia for Knee Arthroplasty</td>
      <td>Musculoskeletal Diseases</td>
      <td>Adult</td>
      <td>264</td>
    </tr>
    <tr>
      <td><a href='https://www.isrctn.com/ISRCTN15945622' target='_blank'><div>ISRCTN15945622</div></a></td>
      <td>A multi centre randomised controlled trial comparing intra operative cell s...</td>
      <td>Injury, Occupational Diseases, Poisoning</td>
      <td>Senior</td>
      <td>1128</td>
    </tr>
    <tr>
      <td><a href='https://www.isrctn.com/ISRCTN31379280' target='_blank'><div>ISRCTN31379280</div></a></td>
      <td>Comparison of surgical procedures for patients with a fracture of the wrist</td>
      <td>Injury, Occupational Diseases, Poisoning</td>
      <td>Adult</td>
      <td>390</td>
    </tr>
    <tr>
      <td><a href='https://www.isrctn.com/ISRCTN34863373' target='_blank'><div>ISRCTN34863373</div></a></td>
      <td>Total knee arthroplasty versus patellofemoral arthroplasty in patients with...</td>
      <td>Musculoskeletal Diseases</td>
      <td>Adult</td>
      <td>64</td>
    </tr>
    <tr>
      <td><a href='https://www.isrctn.com/ISRCTN14950321' target='_blank'><div>ISRCTN14950321</div></a></td>
      <td>Patellar Instability: Physiotherapy or Surgery? (PIPS feasibility trial)</td>
      <td>Musculoskeletal Diseases</td>
      <td>Adult</td>
      <td>50</td>
    </tr>
    <tr>
      <td><a href='https://www.isrctn.com/ISRCTN64081839' target='_blank'><div>ISRCTN64081839</div></a></td>
      <td>Arthroscopic surgery for hip impingement versus best conventional care</td>
      <td>Musculoskeletal Diseases</td>
      <td>Adult</td>
      <td>344</td>
    </tr>
  </tbody>
</table>"
537,-289018.97205776145,6702880.552480955,Bristol Royal Infirmary,51.4589434,-2.5963016,1.0,1.0,"<table border=""1"" class=""dataframe"">
  <thead>
    <tr style=""text-align: left;"">
      <th>ISRCTN link</th>
      <th>Title</th>
      <th>Condition category</th>
      <th>Age group</th>
      <th>Target number of participants</th>
    </tr>
  </thead>
  <tbody>
    <tr>
      <td><a href='https://www.isrctn.com/ISRCTN16152419' target='_blank'><div>ISRCTN16152419</div></a></td>
      <td>FIB trial: Fascia-iliaca block versus 'three-in-one' block for femoral neck...</td>
      <td>Injury, Occupational Diseases, Poisoning</td>
      <td>Adult</td>
      <td>190</td>
    </tr>
  </tbody>
</table>"
540,-135588.7650507728,6749029.611440917,OrganOx Ltd,51.7165176,-1.2180146,1.0,1.0,"<table border=""1"" class=""dataframe"">
  <thead>
    <tr style=""text-align: left;"">
      <th>ISRCTN link</th>
      <th>Title</th>
      <th>Condition category</th>
      <th>Age group</th>
      <th>Target number of participants</th>
    </tr>
  </thead>
  <tbody>
    <tr>
      <td><a href='https://www.isrctn.com/ISRCTN14355416' target='_blank'><div>ISRCTN14355416</div></a></td>
      <td>Clinical investigation to assess the safety and performance of the Organox ...</td>
      <td>Surgery</td>
      <td>Adult</td>
      <td>20</td>
    </tr>
  </tbody>
</table>"
552,-9665.170072787947,6710789.564163728,Guy's Hospital,51.5031901,-0.08682369999999999,1.0,1.0,"<table border=""1"" class=""dataframe"">
  <thead>
    <tr style=""text-align: left;"">
      <th>ISRCTN link</th>
      <th>Title</th>
      <th>Condition category</th>
      <th>Age group</th>
      <th>Target number of participants</th>
    </tr>
  </thead>
  <tbody>
    <tr>
      <td><a href='https://www.isrctn.com/ISRCTN67886141' target='_blank'><div>ISRCTN67886141</div></a></td>
      <td>TRansvaginal Ultrasonography versus Saline sonography Trial in patients hav...</td>
      <td>Pregnancy and Childbirth</td>
      <td>Adult</td>
      <td>792</td>
    </tr>
  </tbody>
</table>"
560,-457919.482471222,6518824.015091161,NHS Plymouth,50.4170885,-4.1135607,1.0,1.0,"<table border=""1"" class=""dataframe"">
  <thead>
    <tr style=""text-align: left;"">
      <th>ISRCTN link</th>
      <th>Title</th>
      <th>Condition category</th>
      <th>Age group</th>
      <th>Target number of participants</th>
    </tr>
  </thead>
  <tbody>
    <tr>
      <td><a href='https://www.isrctn.com/ISRCTN05305406' target='_blank'><div>ISRCTN05305406</div></a></td>
      <td>Acupuncture in a group setting for chronic knee pain: ScrutiKnee</td>
      <td>Musculoskeletal Diseases</td>
      <td>Adult</td>
      <td>60</td>
    </tr>
  </tbody>
</table>"
567,942215.0384868495,6274247.381666628,Joimax GmbH (Germany),48.99638119999999,8.4640617,1.0,1.0,"<table border=""1"" class=""dataframe"">
  <thead>
    <tr style=""text-align: left;"">
      <th>ISRCTN link</th>
      <th>Title</th>
      <th>Condition category</th>
      <th>Age group</th>
      <th>Target number of participants</th>
    </tr>
  </thead>
  <tbody>
    <tr>
      <td><a href='https://www.isrctn.com/ISRCTN11556571' target='_blank'><div>ISRCTN11556571</div></a></td>
      <td>Endoscopic discectomy versus microdiscectomy</td>
      <td>Musculoskeletal Diseases</td>
      <td>Adult</td>
      <td>140</td>
    </tr>
  </tbody>
</table>"
568,-476884.2271451346,6776311.108926579,West Wales Hospital,51.868099,-4.2839239,1.0,1.0,"<table border=""1"" class=""dataframe"">
  <thead>
    <tr style=""text-align: left;"">
      <th>ISRCTN link</th>
      <th>Title</th>
      <th>Condition category</th>
      <th>Age group</th>
      <th>Target number of participants</th>
    </tr>
  </thead>
  <tbody>
    <tr>
      <td><a href='https://www.isrctn.com/ISRCTN80786695' target='_blank'><div>ISRCTN80786695</div></a></td>
      <td>A comparison of patient satisfaction and complications following keyhole su...</td>
      <td>Surgery</td>
      <td>Adult</td>
      <td>300</td>
    </tr>
  </tbody>
</table>"
574,-105817.82552344118,6621435.729993775,Alphatec Spine,51.0008028,-0.9505777,1.0,1.0,"<table border=""1"" class=""dataframe"">
  <thead>
    <tr style=""text-align: left;"">
      <th>ISRCTN link</th>
      <th>Title</th>
      <th>Condition category</th>
      <th>Age group</th>
      <th>Target number of participants</th>
    </tr>
  </thead>
  <tbody>
    <tr>
      <td><a href='https://www.isrctn.com/ISRCTN26909676' target='_blank'><div>ISRCTN26909676</div></a></td>
      <td>Evaluation of safety and effectiveness of the Osseofix Spinal Fracture Redu...</td>
      <td>Musculoskeletal Diseases</td>
      <td>Adult</td>
      <td>150</td>
    </tr>
  </tbody>
</table>"
611,1231134.3350725546,5596407.551940991,Eurosets s.r.l. (Italy),44.840253,11.0594679,1.0,1.0,"<table border=""1"" class=""dataframe"">
  <thead>
    <tr style=""text-align: left;"">
      <th>ISRCTN link</th>
      <th>Title</th>
      <th>Condition category</th>
      <th>Age group</th>
      <th>Target number of participants</th>
    </tr>
  </thead>
  <tbody>
    <tr>
      <td><a href='https://www.isrctn.com/ISRCTN56462370' target='_blank'><div>ISRCTN56462370</div></a></td>
      <td>Fat Filtration and Organ Injury following Cardiac Surgery</td>
      <td>Surgery</td>
      <td>Adult</td>
      <td>50</td>
    </tr>
  </tbody>
</table>"
620,-481013.30082958785,7535282.289562013,NHS Greater Glasgow and Clyde,55.883619,-4.321016,10.0,15.306765580733934,"<table border=""1"" class=""dataframe"">
  <thead>
    <tr style=""text-align: left;"">
      <th>ISRCTN link</th>
      <th>Title</th>
      <th>Condition category</th>
      <th>Age group</th>
      <th>Target number of participants</th>
    </tr>
  </thead>
  <tbody>
    <tr>
      <td><a href='https://www.isrctn.com/ISRCTN12698107' target='_blank'><div>ISRCTN12698107</div></a></td>
      <td>SYSTEMS 2: a randomised phase II trial of standard versus dose escalated ra...</td>
      <td>Cancer</td>
      <td>Adult</td>
      <td>112</td>
    </tr>
    <tr>
      <td><a href='https://www.isrctn.com/ISRCTN34736271' target='_blank'><div>ISRCTN34736271</div></a></td>
      <td>The McGrath® MAC videolaryngoscope for nasal intubation</td>
      <td>Surgery</td>
      <td>Adult</td>
      <td>110</td>
    </tr>
    <tr>
      <td><a href='https://www.isrctn.com/ISRCTN80588541' target='_blank'><div>ISRCTN80588541</div></a></td>
      <td>Access Arteriovenous Grafts (AVGs) vs Tunnelled Central Venous Catheters (T...</td>
      <td>Urological and Genital Diseases</td>
      <td>Adult</td>
      <td>118</td>
    </tr>
    <tr>
      <td><a href='https://www.isrctn.com/ISRCTN77119437' target='_blank'><div>ISRCTN77119437</div></a></td>
      <td>Comparison of haptic assisted versus non-assisted uni-compartmental knee ar...</td>
      <td>Musculoskeletal Diseases</td>
      <td>All</td>
      <td>150</td>
    </tr>
    <tr>
      <td><a href='https://www.isrctn.com/ISRCTN18138369' target='_blank'><div>ISRCTN18138369</div></a></td>
      <td>Comparing two different regimens of radiotherapy, combined with durvalumab ...</td>
      <td>Cancer</td>
      <td>Adult</td>
      <td>54</td>
    </tr>
    <tr>
      <td><a href='https://www.isrctn.com/ISRCTN14556210' target='_blank'><div>ISRCTN14556210</div></a></td>
      <td>Understanding the patients that need but do not undergo emergency abdominal...</td>
      <td>Surgery</td>
      <td>Adult</td>
      <td>700</td>
    </tr>
    <tr>
      <td><a href='https://www.isrctn.com/ISRCTN13584097' target='_blank'><div>ISRCTN13584097</div></a></td>
      <td>STRATIFY: Staging by thoracoscopy in potentially radically treatable non-sm...</td>
      <td>Cancer</td>
      <td>Adult</td>
      <td>96</td>
    </tr>
    <tr>
      <td><a href='https://www.isrctn.com/ISRCTN14879538' target='_blank'><div>ISRCTN14879538</div></a></td>
      <td>Precision Panc: Advancing personalised medicine treatment strategies for pa...</td>
      <td>Cancer</td>
      <td>Adult</td>
      <td>5000</td>
    </tr>
    <tr>
      <td><a href='https://www.isrctn.com/ISRCTN11348079' target='_blank'><div>ISRCTN11348079</div></a></td>
      <td>Lugol’s Iodine in surgical management of epithelial dysplasia in the oral c...</td>
      <td>Cancer</td>
      <td>Adult</td>
      <td>40</td>
    </tr>
    <tr>
      <td><a href='https://www.isrctn.com/ISRCTN71074145' target='_blank'><div>ISRCTN71074145</div></a></td>
      <td>Randomised trial of gelatin versus embospheres for uterine fibroid embolisa...</td>
      <td>Cancer</td>
      <td>Adult</td>
      <td>200</td>
    </tr>
  </tbody>
</table>"
656,-13593372.856801243,4526851.704277072,Moximed Inc. (USA),37.626894,-122.111346,1.0,1.0,"<table border=""1"" class=""dataframe"">
  <thead>
    <tr style=""text-align: left;"">
      <th>ISRCTN link</th>
      <th>Title</th>
      <th>Condition category</th>
      <th>Age group</th>
      <th>Target number of participants</th>
    </tr>
  </thead>
  <tbody>
    <tr>
      <td><a href='https://www.isrctn.com/ISRCTN63048529' target='_blank'><div>ISRCTN63048529</div></a></td>
      <td>The treatment of medial compartmental knee osteoarthritis (OA) symptoms wit...</td>
      <td>Musculoskeletal Diseases</td>
      <td>Adult</td>
      <td>40</td>
    </tr>
  </tbody>
</table>"
660,-8514992.013630569,5500232.676883164,Canadian Critical Care Trials Group (Canada),44.2243881,-76.4914747,1.0,1.0,"<table border=""1"" class=""dataframe"">
  <thead>
    <tr style=""text-align: left;"">
      <th>ISRCTN link</th>
      <th>Title</th>
      <th>Condition category</th>
      <th>Age group</th>
      <th>Target number of participants</th>
    </tr>
  </thead>
  <tbody>
    <tr>
      <td><a href='https://www.isrctn.com/ISRCTN87124254' target='_blank'><div>ISRCTN87124254</div></a></td>
      <td>The oscillation for acute respiratory distress syndrome (ARDS) treated earl...</td>
      <td>Respiratory</td>
      <td>Adult</td>
      <td>1200</td>
    </tr>
  </tbody>
</table>"
674,190970.14492873193,6902365.341689497,James Paget University Hospital NHS Foundation Trust,52.5618807,1.715514,1.0,1.0,"<table border=""1"" class=""dataframe"">
  <thead>
    <tr style=""text-align: left;"">
      <th>ISRCTN link</th>
      <th>Title</th>
      <th>Condition category</th>
      <th>Age group</th>
      <th>Target number of participants</th>
    </tr>
  </thead>
  <tbody>
    <tr>
      <td><a href='https://www.isrctn.com/ISRCTN24964455' target='_blank'><div>ISRCTN24964455</div></a></td>
      <td>Sutureless mesh in inguinal hernia repair</td>
      <td>Digestive System</td>
      <td>Adult</td>
      <td>80</td>
    </tr>
  </tbody>
</table>"
694,-288915.5228549673,6703083.532206059,United Bristol Healthcare NHS Trust,51.4600795,-2.5953723,1.0,1.0,"<table border=""1"" class=""dataframe"">
  <thead>
    <tr style=""text-align: left;"">
      <th>ISRCTN link</th>
      <th>Title</th>
      <th>Condition category</th>
      <th>Age group</th>
      <th>Target number of participants</th>
    </tr>
  </thead>
  <tbody>
    <tr>
      <td><a href='https://www.isrctn.com/ISRCTN65770930' target='_blank'><div>ISRCTN65770930</div></a></td>
      <td>Shortening cardioplegic arrest time during combined coronary and valvular s...</td>
      <td>Circulatory System</td>
      <td>Adult</td>
      <td>160</td>
    </tr>
  </tbody>
</table>"
726,-11834.375066232915,6712606.173857521,The Health Foundation,51.513347,-0.10631,1.0,1.0,"<table border=""1"" class=""dataframe"">
  <thead>
    <tr style=""text-align: left;"">
      <th>ISRCTN link</th>
      <th>Title</th>
      <th>Condition category</th>
      <th>Age group</th>
      <th>Target number of participants</th>
    </tr>
  </thead>
  <tbody>
    <tr>
      <td><a href='https://www.isrctn.com/ISRCTN00525237' target='_blank'><div>ISRCTN00525237</div></a></td>
      <td>An international multicentre randomised trial comparing general anaesthetic...</td>
      <td>Surgery</td>
      <td>Adult</td>
      <td>3526</td>
    </tr>
  </tbody>
</table>"
731,-330037.36576806754,7059192.934205879,Royal Liverpool and Broadgreen University Hospitals NHS Trust,53.4099629,-2.9647761,3.0,7.826061944859854,"<table border=""1"" class=""dataframe"">
  <thead>
    <tr style=""text-align: left;"">
      <th>ISRCTN link</th>
      <th>Title</th>
      <th>Condition category</th>
      <th>Age group</th>
      <th>Target number of participants</th>
    </tr>
  </thead>
  <tbody>
    <tr>
      <td><a href='https://www.isrctn.com/ISRCTN32335957' target='_blank'><div>ISRCTN32335957</div></a></td>
      <td>Prospective randomised study of reverse shoulder prosthesis and hemiarthrop...</td>
      <td>Musculoskeletal Diseases</td>
      <td>Senior</td>
      <td>120</td>
    </tr>
    <tr>
      <td><a href='https://www.isrctn.com/ISRCTN34934882' target='_blank'><div>ISRCTN34934882</div></a></td>
      <td>The comparison of two dental techniques used to treat upper front adult tee...</td>
      <td>Oral Health</td>
      <td>Other</td>
      <td>30</td>
    </tr>
    <tr>
      <td><a href='https://www.isrctn.com/ISRCTN85731188' target='_blank'><div>ISRCTN85731188</div></a></td>
      <td>A comparison study of open surgery, minimal invasive surgery and medical ma...</td>
      <td>Circulatory System</td>
      <td>Adult</td>
      <td>2000</td>
    </tr>
  </tbody>
</table>"
750,15683.324384053903,6831704.256147514,Cambridge University Hospitals NHS Foundation Trust and University of Cambridge,52.1743086,0.1408857,2.0,5.306765580733931,"<table border=""1"" class=""dataframe"">
  <thead>
    <tr style=""text-align: left;"">
      <th>ISRCTN link</th>
      <th>Title</th>
      <th>Condition category</th>
      <th>Age group</th>
      <th>Target number of participants</th>
    </tr>
  </thead>
  <tbody>
    <tr>
      <td><a href='https://www.isrctn.com/ISRCTN51276329' target='_blank'><div>ISRCTN51276329</div></a></td>
      <td>Randomised controlled trial of early versus late ureteric stent removal pos...</td>
      <td>Urological and Genital Diseases</td>
      <td>Adult</td>
      <td>350</td>
    </tr>
    <tr>
      <td><a href='https://www.isrctn.com/ISRCTN51276329' target='_blank'><div>ISRCTN51276329</div></a></td>
      <td>Randomised controlled trial of early versus late ureteric stent removal pos...</td>
      <td>Urological and Genital Diseases</td>
      <td>Adult</td>
      <td>350</td>
    </tr>
  </tbody>
</table>"
763,-8188377.722204395,5702373.386351671,Centre Hosp. de l'Université de Montréal (CHUM) (Canada),45.5112735,-73.5574486,1.0,1.0,"<table border=""1"" class=""dataframe"">
  <thead>
    <tr style=""text-align: left;"">
      <th>ISRCTN link</th>
      <th>Title</th>
      <th>Condition category</th>
      <th>Age group</th>
      <th>Target number of participants</th>
    </tr>
  </thead>
  <tbody>
    <tr>
      <td><a href='https://www.isrctn.com/ISRCTN62758344' target='_blank'><div>ISRCTN62758344</div></a></td>
      <td>Trial on Endovascular Management of Unruptured Aneurysms</td>
      <td>Circulatory System</td>
      <td>Adult</td>
      <td>2000</td>
    </tr>
  </tbody>
</table>"
764,-126510.34888200712,6973905.074338419,Tissue Science Laboratories plc,52.9508143,-1.1364618,1.0,1.0,"<table border=""1"" class=""dataframe"">
  <thead>
    <tr style=""text-align: left;"">
      <th>ISRCTN link</th>
      <th>Title</th>
      <th>Condition category</th>
      <th>Age group</th>
      <th>Target number of participants</th>
    </tr>
  </thead>
  <tbody>
    <tr>
      <td><a href='https://www.isrctn.com/ISRCTN79431254' target='_blank'><div>ISRCTN79431254</div></a></td>
      <td>A randomised controlled study to compare the use of Permacol™ for repair of...</td>
      <td>Surgery</td>
      <td>Adult</td>
      <td>0</td>
    </tr>
  </tbody>
</table>"
788,-162250.62912389188,7058792.531582502,Sheffield Hospitals Charitable Trust,53.40781879999999,-1.4575222,1.0,1.0,"<table border=""1"" class=""dataframe"">
  <thead>
    <tr style=""text-align: left;"">
      <th>ISRCTN link</th>
      <th>Title</th>
      <th>Condition category</th>
      <th>Age group</th>
      <th>Target number of participants</th>
    </tr>
  </thead>
  <tbody>
    <tr>
      <td><a href='https://www.isrctn.com/ISRCTN43852269' target='_blank'><div>ISRCTN43852269</div></a></td>
      <td>Randomised controlled trial of laparoscopic adhesiolysis for women with chr...</td>
      <td>Surgery</td>
      <td>Adult</td>
      <td>200</td>
    </tr>
  </tbody>
</table>"
813,-143295.56924567823,6731840.187146505,Oxford BioSignals Ltd,51.620748,-1.287246,1.0,1.0,"<table border=""1"" class=""dataframe"">
  <thead>
    <tr style=""text-align: left;"">
      <th>ISRCTN link</th>
      <th>Title</th>
      <th>Condition category</th>
      <th>Age group</th>
      <th>Target number of participants</th>
    </tr>
  </thead>
  <tbody>
    <tr>
      <td><a href='https://www.isrctn.com/ISRCTN72502609' target='_blank'><div>ISRCTN72502609</div></a></td>
      <td>Computer-assisted ALerting and Monitoring System</td>
      <td>Surgery</td>
      <td>Adult</td>
      <td>400</td>
    </tr>
  </tbody>
</table>"
834,-36524.615110115985,6634006.366566513,Action Medical Research,51.0718125,-0.3281062,1.0,1.0,"<table border=""1"" class=""dataframe"">
  <thead>
    <tr style=""text-align: left;"">
      <th>ISRCTN link</th>
      <th>Title</th>
      <th>Condition category</th>
      <th>Age group</th>
      <th>Target number of participants</th>
    </tr>
  </thead>
  <tbody>
    <tr>
      <td><a href='https://www.isrctn.com/ISRCTN54949546' target='_blank'><div>ISRCTN54949546</div></a></td>
      <td>The effect of pre-operative warming on wound infection rates after clean su...</td>
      <td>Surgery</td>
      <td>Adult</td>
      <td>421</td>
    </tr>
  </tbody>
</table>"
837,-16903.853545009515,6713186.428192435,The Sir Jules Thorn Charitable Trust,51.5165908,-0.1518499,1.0,1.0,"<table border=""1"" class=""dataframe"">
  <thead>
    <tr style=""text-align: left;"">
      <th>ISRCTN link</th>
      <th>Title</th>
      <th>Condition category</th>
      <th>Age group</th>
      <th>Target number of participants</th>
    </tr>
  </thead>
  <tbody>
    <tr>
      <td><a href='https://www.isrctn.com/ISRCTN22779304' target='_blank'><div>ISRCTN22779304</div></a></td>
      <td>Clinical sphincterotomy - a better treatment for anal fissures</td>
      <td>Surgery</td>
      <td>Not Specified</td>
      <td>0</td>
    </tr>
  </tbody>
</table>"
869,16887631.79051239,-3881079.8469153787,University of Newcastle Australia,-32.8927718,151.7041775,1.0,1.0,"<table border=""1"" class=""dataframe"">
  <thead>
    <tr style=""text-align: left;"">
      <th>ISRCTN link</th>
      <th>Title</th>
      <th>Condition category</th>
      <th>Age group</th>
      <th>Target number of participants</th>
    </tr>
  </thead>
  <tbody>
    <tr>
      <td><a href='https://www.isrctn.com/ISRCTN17599457' target='_blank'><div>ISRCTN17599457</div></a></td>
      <td>Single use negative pressure dressing for reduction in surgical site infect...</td>
      <td>Infections and Infestations</td>
      <td>Adult</td>
      <td>840</td>
    </tr>
  </tbody>
</table>"
884,-9955.480172827725,6715136.31965717,UCL Biomedical Research Unit,51.5274896,-0.0894316,2.0,5.306765580733931,"<table border=""1"" class=""dataframe"">
  <thead>
    <tr style=""text-align: left;"">
      <th>ISRCTN link</th>
      <th>Title</th>
      <th>Condition category</th>
      <th>Age group</th>
      <th>Target number of participants</th>
    </tr>
  </thead>
  <tbody>
    <tr>
      <td><a href='https://www.isrctn.com/ISRCTN93069556' target='_blank'><div>ISRCTN93069556</div></a></td>
      <td>A national patient registry for radiofrequency ablation (RFA) for Barrett's...</td>
      <td>Cancer</td>
      <td>Adult</td>
      <td>1000</td>
    </tr>
    <tr>
      <td><a href='https://www.isrctn.com/ISRCTN14838813' target='_blank'><div>ISRCTN14838813</div></a></td>
      <td>Periodontitis and obesity</td>
      <td>Oral Health</td>
      <td>Adult</td>
      <td>114</td>
    </tr>
  </tbody>
</table>"
887,1192797.4497842733,8388445.506592274,Oslo University Hospital Rikshospitalet,59.94924049999999,10.7150818,1.0,1.0,"<table border=""1"" class=""dataframe"">
  <thead>
    <tr style=""text-align: left;"">
      <th>ISRCTN link</th>
      <th>Title</th>
      <th>Condition category</th>
      <th>Age group</th>
      <th>Target number of participants</th>
    </tr>
  </thead>
  <tbody>
    <tr>
      <td><a href='https://www.isrctn.com/ISRCTN29932826' target='_blank'><div>ISRCTN29932826</div></a></td>
      <td>The Scandcleft project</td>
      <td>Genetic Diseases</td>
      <td>Child</td>
      <td>450</td>
    </tr>
  </tbody>
</table>"
896,-13399.827669411483,6589252.163352294,Brighton and Sussex University Hospitals NHS Trust,50.8185063,-0.1203727,4.0,9.613531161467861,"<table border=""1"" class=""dataframe"">
  <thead>
    <tr style=""text-align: left;"">
      <th>ISRCTN link</th>
      <th>Title</th>
      <th>Condition category</th>
      <th>Age group</th>
      <th>Target number of participants</th>
    </tr>
  </thead>
  <tbody>
    <tr>
      <td><a href='https://www.isrctn.com/ISRCTN94127149' target='_blank'><div>ISRCTN94127149</div></a></td>
      <td>Ultrasound versus chest radiography after central venous catheter insertion</td>
      <td>Surgery</td>
      <td>Adult</td>
      <td>200</td>
    </tr>
    <tr>
      <td><a href='https://www.isrctn.com/ISRCTN78297040' target='_blank'><div>ISRCTN78297040</div></a></td>
      <td>The HiFlo Study: a feasibility trial of using high flow humidified oxygen i...</td>
      <td>Respiratory</td>
      <td>Child</td>
      <td>70</td>
    </tr>
    <tr>
      <td><a href='https://www.isrctn.com/ISRCTN38385178' target='_blank'><div>ISRCTN38385178</div></a></td>
      <td>A randomised comparison of cardioversion and catheter cryoablation in patie...</td>
      <td>Circulatory System</td>
      <td>Adult</td>
      <td>150</td>
    </tr>
    <tr>
      <td><a href='https://www.isrctn.com/ISRCTN30697116' target='_blank'><div>ISRCTN30697116</div></a></td>
      <td>Long term abdominal drains in end stage cirrhosis</td>
      <td>Digestive System</td>
      <td>Adult</td>
      <td>48</td>
    </tr>
  </tbody>
</table>"
898,-390131.96835841757,6571487.683851399,Royal Devon and Exeter NHS Foundation Trust,50.7175775,-3.5046151,2.0,5.306765580733931,"<table border=""1"" class=""dataframe"">
  <thead>
    <tr style=""text-align: left;"">
      <th>ISRCTN link</th>
      <th>Title</th>
      <th>Condition category</th>
      <th>Age group</th>
      <th>Target number of participants</th>
    </tr>
  </thead>
  <tbody>
    <tr>
      <td><a href='https://www.isrctn.com/ISRCTN33583715' target='_blank'><div>ISRCTN33583715</div></a></td>
      <td>Memokath Prostatic Stent Study</td>
      <td>Surgery</td>
      <td>Adult</td>
      <td>60</td>
    </tr>
    <tr>
      <td><a href='https://www.isrctn.com/ISRCTN77620476' target='_blank'><div>ISRCTN77620476</div></a></td>
      <td>Rectus sheath pain control after major abdomino-pelvic surgery</td>
      <td>Cancer</td>
      <td>Adult</td>
      <td>88</td>
    </tr>
  </tbody>
</table>"
900,-660848.2684137594,7286371.64180247,Belfast Health and Social Care Trust,54.60912399999999,-5.936501,5.0,11.0,"<table border=""1"" class=""dataframe"">
  <thead>
    <tr style=""text-align: left;"">
      <th>ISRCTN link</th>
      <th>Title</th>
      <th>Condition category</th>
      <th>Age group</th>
      <th>Target number of participants</th>
    </tr>
  </thead>
  <tbody>
    <tr>
      <td><a href='https://www.isrctn.com/ISRCTN17742985' target='_blank'><div>ISRCTN17742985</div></a></td>
      <td>A comparison of standard laser with micropulse laser for the treatment of d...</td>
      <td>Eye Diseases</td>
      <td>Adult</td>
      <td>266</td>
    </tr>
    <tr>
      <td><a href='https://www.isrctn.com/ISRCTN82219498' target='_blank'><div>ISRCTN82219498</div></a></td>
      <td>Comparison of the response observed in the dominant and non-dominant hands ...</td>
      <td>Surgery</td>
      <td>Adult</td>
      <td>20</td>
    </tr>
    <tr>
      <td><a href='https://www.isrctn.com/ISRCTN69387981' target='_blank'><div>ISRCTN69387981</div></a></td>
      <td>Comparison of the effect on post-operative pain, patient satisfaction and t...</td>
      <td>Surgery</td>
      <td>Adult</td>
      <td>40</td>
    </tr>
    <tr>
      <td><a href='https://www.isrctn.com/ISRCTN07083722' target='_blank'><div>ISRCTN07083722</div></a></td>
      <td>The effect of the use of fasica iliaca nerve blockade on patient positionin...</td>
      <td>Surgery</td>
      <td>Adult</td>
      <td>100</td>
    </tr>
    <tr>
      <td><a href='https://www.isrctn.com/ISRCTN96057529' target='_blank'><div>ISRCTN96057529</div></a></td>
      <td>Comparison of the potential short and long term benefits of the use of a co...</td>
      <td>Surgery</td>
      <td>Adult</td>
      <td>60</td>
    </tr>
  </tbody>
</table>"
902,-19011.098109878945,6707881.621036919,Royal Brompton and Harefield NHS Trust,51.4869267,-0.1707796,1.0,1.0,"<table border=""1"" class=""dataframe"">
  <thead>
    <tr style=""text-align: left;"">
      <th>ISRCTN link</th>
      <th>Title</th>
      <th>Condition category</th>
      <th>Age group</th>
      <th>Target number of participants</th>
    </tr>
  </thead>
  <tbody>
    <tr>
      <td><a href='https://www.isrctn.com/ISRCTN18250790' target='_blank'><div>ISRCTN18250790</div></a></td>
      <td>Catheter versus thoracoscopic surgical ablation in long standing persistent...</td>
      <td>Circulatory System</td>
      <td>Adult</td>
      <td>120</td>
    </tr>
  </tbody>
</table>"
910,-322779.80251020746,7059567.397364316,Liverpool Heart and Chest Hospital NHS Trust,53.41196799999999,-2.8995803,2.0,5.306765580733931,"<table border=""1"" class=""dataframe"">
  <thead>
    <tr style=""text-align: left;"">
      <th>ISRCTN link</th>
      <th>Title</th>
      <th>Condition category</th>
      <th>Age group</th>
      <th>Target number of participants</th>
    </tr>
  </thead>
  <tbody>
    <tr>
      <td><a href='https://www.isrctn.com/ISRCTN49513454' target='_blank'><div>ISRCTN49513454</div></a></td>
      <td>Outcomes of intraoperative haemofiltration for patients with impaired kidne...</td>
      <td>Urological and Genital Diseases</td>
      <td>Adult</td>
      <td>60</td>
    </tr>
    <tr>
      <td><a href='https://www.isrctn.com/ISRCTN48429978' target='_blank'><div>ISRCTN48429978</div></a></td>
      <td>The impact of continuous haemofiltration during cardiopulmonary bypass on c...</td>
      <td>Urological and Genital Diseases</td>
      <td>Adult</td>
      <td>196</td>
    </tr>
  </tbody>
</table>"
911,-18952.878016194063,6708198.8206126075,Royal Brompton and Harefield NHS Foundation Trust,51.488701,-0.1702566,3.0,7.826061944859854,"<table border=""1"" class=""dataframe"">
  <thead>
    <tr style=""text-align: left;"">
      <th>ISRCTN link</th>
      <th>Title</th>
      <th>Condition category</th>
      <th>Age group</th>
      <th>Target number of participants</th>
    </tr>
  </thead>
  <tbody>
    <tr>
      <td><a href='https://www.isrctn.com/ISRCTN37304337' target='_blank'><div>ISRCTN37304337</div></a></td>
      <td>A randomised controlled trial of the use of a dedicated ballooned intercost...</td>
      <td>Respiratory</td>
      <td>Adult</td>
      <td>267</td>
    </tr>
    <tr>
      <td><a href='https://www.isrctn.com/ISRCTN13472721' target='_blank'><div>ISRCTN13472721</div></a></td>
      <td>Video-assisted thoracoscopic lobectomy (VATS) versus conventional Open Lobe...</td>
      <td>Cancer</td>
      <td>Adult</td>
      <td>498</td>
    </tr>
    <tr>
      <td><a href='https://www.isrctn.com/ISRCTN44351742' target='_blank'><div>ISRCTN44351742</div></a></td>
      <td>Mesothelioma and Radical Surgery 2</td>
      <td>Cancer</td>
      <td>Adult</td>
      <td>328</td>
    </tr>
  </tbody>
</table>"
914,-355137.86266332015,6711434.414331684,Cardiff and Vale University Health Board,51.50679580000001,-3.1902577,2.0,5.306765580733931,"<table border=""1"" class=""dataframe"">
  <thead>
    <tr style=""text-align: left;"">
      <th>ISRCTN link</th>
      <th>Title</th>
      <th>Condition category</th>
      <th>Age group</th>
      <th>Target number of participants</th>
    </tr>
  </thead>
  <tbody>
    <tr>
      <td><a href='https://www.isrctn.com/ISRCTN25616490' target='_blank'><div>ISRCTN25616490</div></a></td>
      <td>Hughes Abdominal Repair Trial - abdominal wall closure techniques to reduce...</td>
      <td>Digestive System</td>
      <td>Adult</td>
      <td>830</td>
    </tr>
    <tr>
      <td><a href='https://www.isrctn.com/ISRCTN24438635' target='_blank'><div>ISRCTN24438635</div></a></td>
      <td>MIST ultrasound therapy compared to UK standard care for the treatment of n...</td>
      <td>Circulatory System</td>
      <td>Adult</td>
      <td>40</td>
    </tr>
  </tbody>
</table>"
918,-18378.402652006294,6719748.227644499,Royal Free Biomedical Research Unit,51.5532572,-0.165096,3.0,7.826061944859854,"<table border=""1"" class=""dataframe"">
  <thead>
    <tr style=""text-align: left;"">
      <th>ISRCTN link</th>
      <th>Title</th>
      <th>Condition category</th>
      <th>Age group</th>
      <th>Target number of participants</th>
    </tr>
  </thead>
  <tbody>
    <tr>
      <td><a href='https://www.isrctn.com/ISRCTN81577353' target='_blank'><div>ISRCTN81577353</div></a></td>
      <td>Clinical study comparing cementless Polar stem and the cementless Corail st...</td>
      <td>Musculoskeletal Diseases</td>
      <td>Mixed</td>
      <td>75</td>
    </tr>
    <tr>
      <td><a href='https://www.isrctn.com/ISRCTN11320405' target='_blank'><div>ISRCTN11320405</div></a></td>
      <td>Surveillance of hip replacements using radiostereometric analysis</td>
      <td>Musculoskeletal Diseases</td>
      <td>Adult</td>
      <td>60</td>
    </tr>
    <tr>
      <td><a href='https://www.isrctn.com/ISRCTN14071325' target='_blank'><div>ISRCTN14071325</div></a></td>
      <td>An international study to investigate rates of death and illness following ...</td>
      <td>Surgery</td>
      <td>Adult</td>
      <td>2000</td>
    </tr>
  </tbody>
</table>"
925,-13162.39432749851,6710238.324521498,King’s College London and Guy’s and St Thomas’ NHS Foundation Trust,51.5001076,-0.1182398,2.0,5.306765580733931,"<table border=""1"" class=""dataframe"">
  <thead>
    <tr style=""text-align: left;"">
      <th>ISRCTN link</th>
      <th>Title</th>
      <th>Condition category</th>
      <th>Age group</th>
      <th>Target number of participants</th>
    </tr>
  </thead>
  <tbody>
    <tr>
      <td><a href='https://www.isrctn.com/ISRCTN15068651' target='_blank'><div>ISRCTN15068651</div></a></td>
      <td>An investigation into the role of previous in-labour caesarean section in f...</td>
      <td>Pregnancy and Childbirth</td>
      <td>Adult</td>
      <td>2200</td>
    </tr>
    <tr>
      <td><a href='https://www.isrctn.com/ISRCTN93583656' target='_blank'><div>ISRCTN93583656</div></a></td>
      <td>Evaluation of cataract surgery and lens implantation in diabetics</td>
      <td>Eye Diseases</td>
      <td>Adult</td>
      <td>40</td>
    </tr>
  </tbody>
</table>"
931,-149977.51054859543,7281255.263659712,North Tees and Hartlepool NHS Foundation Trust,54.58249679999999,-1.3472709,5.0,11.0,"<table border=""1"" class=""dataframe"">
  <thead>
    <tr style=""text-align: left;"">
      <th>ISRCTN link</th>
      <th>Title</th>
      <th>Condition category</th>
      <th>Age group</th>
      <th>Target number of participants</th>
    </tr>
  </thead>
  <tbody>
    <tr>
      <td><a href='https://www.isrctn.com/ISRCTN81466870' target='_blank'><div>ISRCTN81466870</div></a></td>
      <td>Water assisted flexible sigmoidoscopy in NHS Bowel Scope Screening Programm...</td>
      <td>Digestive System</td>
      <td>Adult</td>
      <td>1100</td>
    </tr>
    <tr>
      <td><a href='https://www.isrctn.com/ISRCTN59245192' target='_blank'><div>ISRCTN59245192</div></a></td>
      <td>Topical tranexamic acid in total hip replacement</td>
      <td>Musculoskeletal Diseases</td>
      <td>Adult</td>
      <td>158</td>
    </tr>
    <tr>
      <td><a href='https://www.isrctn.com/ISRCTN74272142' target='_blank'><div>ISRCTN74272142</div></a></td>
      <td>Pressure Support Ventilation (PSV) or Synchronised Intermittent Mandatory V...</td>
      <td>Respiratory</td>
      <td>Neonate</td>
      <td>110</td>
    </tr>
    <tr>
      <td><a href='https://www.isrctn.com/ISRCTN63878911' target='_blank'><div>ISRCTN63878911</div></a></td>
      <td>NuNEC™ disc prosthesis versus Prestige® artificial cervical disc replacemen...</td>
      <td>Musculoskeletal Diseases</td>
      <td>All</td>
      <td>60</td>
    </tr>
    <tr>
      <td><a href='https://www.isrctn.com/ISRCTN63192123' target='_blank'><div>ISRCTN63192123</div></a></td>
      <td>A comparison of patient warming versus prophylactic antibiotics on the redu...</td>
      <td>Surgery</td>
      <td>Adult</td>
      <td>300</td>
    </tr>
  </tbody>
</table>"
934,-15139.606595172318,6714277.338788002,UCL Partners,51.5226887,-0.1360014,1.0,1.0,"<table border=""1"" class=""dataframe"">
  <thead>
    <tr style=""text-align: left;"">
      <th>ISRCTN link</th>
      <th>Title</th>
      <th>Condition category</th>
      <th>Age group</th>
      <th>Target number of participants</th>
    </tr>
  </thead>
  <tbody>
    <tr>
      <td><a href='https://www.isrctn.com/ISRCTN14071325' target='_blank'><div>ISRCTN14071325</div></a></td>
      <td>An international study to investigate rates of death and illness following ...</td>
      <td>Surgery</td>
      <td>Adult</td>
      <td>2000</td>
    </tr>
  </tbody>
</table>"
936,6158574.075050379,2904157.5584377563,Hamdan Bin Mohammed College of Dental Medicine,25.2311057,55.3234122,1.0,1.0,"<table border=""1"" class=""dataframe"">
  <thead>
    <tr style=""text-align: left;"">
      <th>ISRCTN link</th>
      <th>Title</th>
      <th>Condition category</th>
      <th>Age group</th>
      <th>Target number of participants</th>
    </tr>
  </thead>
  <tbody>
    <tr>
      <td><a href='https://www.isrctn.com/ISRCTN46437306' target='_blank'><div>ISRCTN46437306</div></a></td>
      <td>The effect of an inhalation sedation familiarization visit on children’s de...</td>
      <td>Oral Health</td>
      <td>Child</td>
      <td>60</td>
    </tr>
  </tbody>
</table>"
948,991556.9908988521,5717986.497352623,Humanitas Mater Domini - Castellanza,45.609474,8.907308,1.0,1.0,"<table border=""1"" class=""dataframe"">
  <thead>
    <tr style=""text-align: left;"">
      <th>ISRCTN link</th>
      <th>Title</th>
      <th>Condition category</th>
      <th>Age group</th>
      <th>Target number of participants</th>
    </tr>
  </thead>
  <tbody>
    <tr>
      <td><a href='https://www.isrctn.com/ISRCTN55546280' target='_blank'><div>ISRCTN55546280</div></a></td>
      <td>The role of  surgical treatment on lower pole renal stones</td>
      <td>Urological and Genital Diseases</td>
      <td>Adult</td>
      <td>176</td>
    </tr>
  </tbody>
</table>"
952,-354378.75279170263,7547285.328483634,UK Co-ordinating Committee for Cancer Research (UKCCCR),55.9440484,-3.1834385,2.0,5.306765580733931,"<table border=""1"" class=""dataframe"">
  <thead>
    <tr style=""text-align: left;"">
      <th>ISRCTN link</th>
      <th>Title</th>
      <th>Condition category</th>
      <th>Age group</th>
      <th>Target number of participants</th>
    </tr>
  </thead>
  <tbody>
    <tr>
      <td><a href='https://www.isrctn.com/ISRCTN88463711' target='_blank'><div>ISRCTN88463711</div></a></td>
      <td>Axillary surgery trial for breast cancer</td>
      <td>Cancer</td>
      <td>Adult</td>
      <td>0</td>
    </tr>
    <tr>
      <td><a href='https://www.isrctn.com/ISRCTN13411879' target='_blank'><div>ISRCTN13411879</div></a></td>
      <td>Randomised trial of width of surgical excision of thick cutaneous malignant...</td>
      <td>Cancer</td>
      <td>Adult</td>
      <td>0</td>
    </tr>
  </tbody>
</table>"
959,135840.41389166008,6912499.007155243,Norfolk and Norwich University Hospitals NHS Foundation Trust,52.6171847,1.2202752,3.0,7.826061944859854,"<table border=""1"" class=""dataframe"">
  <thead>
    <tr style=""text-align: left;"">
      <th>ISRCTN link</th>
      <th>Title</th>
      <th>Condition category</th>
      <th>Age group</th>
      <th>Target number of participants</th>
    </tr>
  </thead>
  <tbody>
    <tr>
      <td><a href='https://www.isrctn.com/ISRCTN42688361' target='_blank'><div>ISRCTN42688361</div></a></td>
      <td>Following stroke or TIA can patient screening & enhanced risk factor manage...</td>
      <td>Circulatory System</td>
      <td>Adult</td>
      <td>100</td>
    </tr>
    <tr>
      <td><a href='https://www.isrctn.com/ISRCTN10868989' target='_blank'><div>ISRCTN10868989</div></a></td>
      <td>Nurse vs patient management of postop pain</td>
      <td>Musculoskeletal Diseases</td>
      <td>Adult</td>
      <td>144</td>
    </tr>
    <tr>
      <td><a href='https://www.isrctn.com/ISRCTN32315753' target='_blank'><div>ISRCTN32315753</div></a></td>
      <td>Comparison of the JOURNEY II Bi-Cruciate Stabilised and GENESIS II Total Kn...</td>
      <td>Musculoskeletal Diseases</td>
      <td>Adult</td>
      <td>90</td>
    </tr>
  </tbody>
</table>"
962,-369766.7354347329,7540750.493748074,Heriot-Watt University,55.9111604,-3.3216711,1.0,1.0,"<table border=""1"" class=""dataframe"">
  <thead>
    <tr style=""text-align: left;"">
      <th>ISRCTN link</th>
      <th>Title</th>
      <th>Condition category</th>
      <th>Age group</th>
      <th>Target number of participants</th>
    </tr>
  </thead>
  <tbody>
    <tr>
      <td><a href='https://www.isrctn.com/ISRCTN62147629' target='_blank'><div>ISRCTN62147629</div></a></td>
      <td>Can new ultrasound scanning methods improve detection of prostate cancer?</td>
      <td>Cancer</td>
      <td>Adult</td>
      <td>25</td>
    </tr>
  </tbody>
</table>"
977,-10399013.36996187,5606101.471630919,"American Medical Systems, Inc (USA)",44.9019676,-93.4159265,1.0,1.0,"<table border=""1"" class=""dataframe"">
  <thead>
    <tr style=""text-align: left;"">
      <th>ISRCTN link</th>
      <th>Title</th>
      <th>Condition category</th>
      <th>Age group</th>
      <th>Target number of participants</th>
    </tr>
  </thead>
  <tbody>
    <tr>
      <td><a href='https://www.isrctn.com/ISRCTN16280334' target='_blank'><div>ISRCTN16280334</div></a></td>
      <td>A Randomised Study Comparing Laser Therapy (Greenlight XPS™ Laser System) V...</td>
      <td>Urological and Genital Diseases</td>
      <td>Adult</td>
      <td>252</td>
    </tr>
  </tbody>
</table>"
980,-34940.2159296044,6735693.615949848,"NuVasive, Inc. (USA)",51.6422347,-0.3138733,1.0,1.0,"<table border=""1"" class=""dataframe"">
  <thead>
    <tr style=""text-align: left;"">
      <th>ISRCTN link</th>
      <th>Title</th>
      <th>Condition category</th>
      <th>Age group</th>
      <th>Target number of participants</th>
    </tr>
  </thead>
  <tbody>
    <tr>
      <td><a href='https://www.isrctn.com/ISRCTN38726728' target='_blank'><div>ISRCTN38726728</div></a></td>
      <td>AttraX® Putty in spinal fusion</td>
      <td>Musculoskeletal Diseases</td>
      <td>Adult</td>
      <td>150</td>
    </tr>
  </tbody>
</table>"
986,-100187.2856791174,5106430.671415338,"Department of Surgery, University Hospital Miguel Servet",41.6348027,-0.8999977,1.0,1.0,"<table border=""1"" class=""dataframe"">
  <thead>
    <tr style=""text-align: left;"">
      <th>ISRCTN link</th>
      <th>Title</th>
      <th>Condition category</th>
      <th>Age group</th>
      <th>Target number of participants</th>
    </tr>
  </thead>
  <tbody>
    <tr>
      <td><a href='https://www.isrctn.com/ISRCTN14071325' target='_blank'><div>ISRCTN14071325</div></a></td>
      <td>An international study to investigate rates of death and illness following ...</td>
      <td>Surgery</td>
      <td>Adult</td>
      <td>2000</td>
    </tr>
  </tbody>
</table>"
1001,949561.0450801449,6117511.431646009,"Kspine, Inc. (USA)",48.064016,8.530052,1.0,1.0,"<table border=""1"" class=""dataframe"">
  <thead>
    <tr style=""text-align: left;"">
      <th>ISRCTN link</th>
      <th>Title</th>
      <th>Condition category</th>
      <th>Age group</th>
      <th>Target number of participants</th>
    </tr>
  </thead>
  <tbody>
    <tr>
      <td><a href='https://www.isrctn.com/ISRCTN71590683' target='_blank'><div>ISRCTN71590683</div></a></td>
      <td>Scoliosis correction force measurement study</td>
      <td>Musculoskeletal Diseases</td>
      <td>Child</td>
      <td>20</td>
    </tr>
  </tbody>
</table>"
1003,-354533.2642449237,6711286.0068190005,"Welsh Institute for Minimal Access Therapy (WIMAT), Cardiff University",51.505966,-3.1848265,1.0,1.0,"<table border=""1"" class=""dataframe"">
  <thead>
    <tr style=""text-align: left;"">
      <th>ISRCTN link</th>
      <th>Title</th>
      <th>Condition category</th>
      <th>Age group</th>
      <th>Target number of participants</th>
    </tr>
  </thead>
  <tbody>
    <tr>
      <td><a href='https://www.isrctn.com/ISRCTN41736707' target='_blank'><div>ISRCTN41736707</div></a></td>
      <td>Validation of a novel porcine polypectomy trainer</td>
      <td>Surgery</td>
      <td>Adult</td>
      <td>50</td>
    </tr>
  </tbody>
</table>"
1005,497359.24335063953,6784028.294315015,"Erasmus MC university medical center, department of Public Health",51.9108848,4.467854099999999,1.0,1.0,"<table border=""1"" class=""dataframe"">
  <thead>
    <tr style=""text-align: left;"">
      <th>ISRCTN link</th>
      <th>Title</th>
      <th>Condition category</th>
      <th>Age group</th>
      <th>Target number of participants</th>
    </tr>
  </thead>
  <tbody>
    <tr>
      <td><a href='https://www.isrctn.com/ISRCTN43171322' target='_blank'><div>ISRCTN43171322</div></a></td>
      <td>A multicentre randomised controlled trial of low versus high threshold trea...</td>
      <td>Pregnancy and Childbirth</td>
      <td>Neonate</td>
      <td>125</td>
    </tr>
  </tbody>
</table>"
1018,-466193.31475638115,7857251.691272693,NHS Highland,57.4722033,-4.1878858,2.0,5.306765580733931,"<table border=""1"" class=""dataframe"">
  <thead>
    <tr style=""text-align: left;"">
      <th>ISRCTN link</th>
      <th>Title</th>
      <th>Condition category</th>
      <th>Age group</th>
      <th>Target number of participants</th>
    </tr>
  </thead>
  <tbody>
    <tr>
      <td><a href='https://www.isrctn.com/ISRCTN80061723' target='_blank'><div>ISRCTN80061723</div></a></td>
      <td>The eTHoS study (haemorrhoids treatment): either Traditional Haemorrhoidect...</td>
      <td>Circulatory System</td>
      <td>Adult</td>
      <td>800</td>
    </tr>
    <tr>
      <td><a href='https://www.isrctn.com/ISRCTN80061723' target='_blank'><div>ISRCTN80061723</div></a></td>
      <td>The eTHoS study (haemorrhoids treatment): either Traditional Haemorrhoidect...</td>
      <td>Circulatory System</td>
      <td>Adult</td>
      <td>800</td>
    </tr>
  </tbody>
</table>"
1025,-203439.20807172268,6886994.26379817,Heart of England NHS Foundation Trust,52.4778605,-1.8275255,1.0,1.0,"<table border=""1"" class=""dataframe"">
  <thead>
    <tr style=""text-align: left;"">
      <th>ISRCTN link</th>
      <th>Title</th>
      <th>Condition category</th>
      <th>Age group</th>
      <th>Target number of participants</th>
    </tr>
  </thead>
  <tbody>
    <tr>
      <td><a href='https://www.isrctn.com/ISRCTN52709424' target='_blank'><div>ISRCTN52709424</div></a></td>
      <td>The effectiveness of physiotherapy breathing exercises after major chest su...</td>
      <td>Surgery</td>
      <td>Adult</td>
      <td>186</td>
    </tr>
  </tbody>
</table>"
1028,-660954.155513402,7281539.594166593,Belfast Health and Social Care Trust; Queen's University Belfast,54.583977,-5.9374522,1.0,1.0,"<table border=""1"" class=""dataframe"">
  <thead>
    <tr style=""text-align: left;"">
      <th>ISRCTN link</th>
      <th>Title</th>
      <th>Condition category</th>
      <th>Age group</th>
      <th>Target number of participants</th>
    </tr>
  </thead>
  <tbody>
    <tr>
      <td><a href='https://www.isrctn.com/ISRCTN73863246' target='_blank'><div>ISRCTN73863246</div></a></td>
      <td>Comparison of skin disinfection procedures before surgery to determine if s...</td>
      <td>Surgery</td>
      <td>Adult</td>
      <td>400</td>
    </tr>
  </tbody>
</table>"
1034,899179.1237212535,5951126.324435964,Geistlich Pharma (Switzerland),47.0554298,8.0774635,1.0,1.0,"<table border=""1"" class=""dataframe"">
  <thead>
    <tr style=""text-align: left;"">
      <th>ISRCTN link</th>
      <th>Title</th>
      <th>Condition category</th>
      <th>Age group</th>
      <th>Target number of participants</th>
    </tr>
  </thead>
  <tbody>
    <tr>
      <td><a href='https://www.isrctn.com/ISRCTN83600326' target='_blank'><div>ISRCTN83600326</div></a></td>
      <td>Use of pig collagen graft to increase the thickness of tissue around dental...</td>
      <td>Oral Health</td>
      <td>Mixed</td>
      <td>15</td>
    </tr>
  </tbody>
</table>"
1048,6158559.247294205,2904361.470129941,Mohammed Bin Rashid University of Medicine and Health Sciences,25.2327627,55.323279,1.0,1.0,"<table border=""1"" class=""dataframe"">
  <thead>
    <tr style=""text-align: left;"">
      <th>ISRCTN link</th>
      <th>Title</th>
      <th>Condition category</th>
      <th>Age group</th>
      <th>Target number of participants</th>
    </tr>
  </thead>
  <tbody>
    <tr>
      <td><a href='https://www.isrctn.com/ISRCTN46437306' target='_blank'><div>ISRCTN46437306</div></a></td>
      <td>The effect of an inhalation sedation familiarization visit on children’s de...</td>
      <td>Oral Health</td>
      <td>Child</td>
      <td>60</td>
    </tr>
  </tbody>
</table>"
1051,34321.07918571037,6647741.357768431,Maidstone and Tunbridge Wells NHS Trust,51.1492751,0.3083115,1.0,1.0,"<table border=""1"" class=""dataframe"">
  <thead>
    <tr style=""text-align: left;"">
      <th>ISRCTN link</th>
      <th>Title</th>
      <th>Condition category</th>
      <th>Age group</th>
      <th>Target number of participants</th>
    </tr>
  </thead>
  <tbody>
    <tr>
      <td><a href='https://www.isrctn.com/ISRCTN10259902' target='_blank'><div>ISRCTN10259902</div></a></td>
      <td>In patients with breast cancer, can imaging specialists be taught to use an...</td>
      <td>Cancer</td>
      <td>Adult</td>
      <td>250</td>
    </tr>
  </tbody>
</table>"
1057,-810929.0166581165,7365496.830418117,Western Health and Social Care Trust,55.018703,-7.2846993,1.0,1.0,"<table border=""1"" class=""dataframe"">
  <thead>
    <tr style=""text-align: left;"">
      <th>ISRCTN link</th>
      <th>Title</th>
      <th>Condition category</th>
      <th>Age group</th>
      <th>Target number of participants</th>
    </tr>
  </thead>
  <tbody>
    <tr>
      <td><a href='https://www.isrctn.com/ISRCTN16657952' target='_blank'><div>ISRCTN16657952</div></a></td>
      <td>Synthetic versus autologous reconstruction of the medial patellofemoral lig...</td>
      <td>Musculoskeletal Diseases</td>
      <td>Mixed</td>
      <td>30</td>
    </tr>
  </tbody>
</table>"
1067,20893.555226989516,6833633.214348623,Cambridgeshire and Peterborough NHS Foundation Trust,52.184934,0.18769,1.0,1.0,"<table border=""1"" class=""dataframe"">
  <thead>
    <tr style=""text-align: left;"">
      <th>ISRCTN link</th>
      <th>Title</th>
      <th>Condition category</th>
      <th>Age group</th>
      <th>Target number of participants</th>
    </tr>
  </thead>
  <tbody>
    <tr>
      <td><a href='https://www.isrctn.com/ISRCTN16552390' target='_blank'><div>ISRCTN16552390</div></a></td>
      <td>Transcutaneous vagal nerve stimulation for episodic aggression</td>
      <td>Injury, Occupational Diseases, Poisoning</td>
      <td>Adult</td>
      <td>12</td>
    </tr>
  </tbody>
</table>"
1075,-309471.02305231575,6682582.447387034,NHS Blood and Transplant Research and Development,51.3451898,-2.7800255,1.0,1.0,"<table border=""1"" class=""dataframe"">
  <thead>
    <tr style=""text-align: left;"">
      <th>ISRCTN link</th>
      <th>Title</th>
      <th>Condition category</th>
      <th>Age group</th>
      <th>Target number of participants</th>
    </tr>
  </thead>
  <tbody>
    <tr>
      <td><a href='https://www.isrctn.com/ISRCTN85757829' target='_blank'><div>ISRCTN85757829</div></a></td>
      <td>Transfusion in Gastrointestinal Bleeding (TRIGGER)</td>
      <td>Surgery</td>
      <td>Adult</td>
      <td>849</td>
    </tr>
  </tbody>
</table>"
1079,28996.100211665045,6870810.201769078,NHS Cambridgeshire and Peterborough CCG,52.3892227,0.2604764,1.0,1.0,"<table border=""1"" class=""dataframe"">
  <thead>
    <tr style=""text-align: left;"">
      <th>ISRCTN link</th>
      <th>Title</th>
      <th>Condition category</th>
      <th>Age group</th>
      <th>Target number of participants</th>
    </tr>
  </thead>
  <tbody>
    <tr>
      <td><a href='https://www.isrctn.com/ISRCTN16939438' target='_blank'><div>ISRCTN16939438</div></a></td>
      <td>Screening for atrial fibrillation with ECG to reduce stroke</td>
      <td>Circulatory System</td>
      <td>Adult</td>
      <td>4800</td>
    </tr>
  </tbody>
</table>"
1088,-74243.19855068429,7092409.718068675,Northern Lincolnshire and Goole Hospitals NHS Foundation Trust,53.587458,-0.6669379999999999,1.0,1.0,"<table border=""1"" class=""dataframe"">
  <thead>
    <tr style=""text-align: left;"">
      <th>ISRCTN link</th>
      <th>Title</th>
      <th>Condition category</th>
      <th>Age group</th>
      <th>Target number of participants</th>
    </tr>
  </thead>
  <tbody>
    <tr>
      <td><a href='https://www.isrctn.com/ISRCTN43505974' target='_blank'><div>ISRCTN43505974</div></a></td>
      <td>A double-blind randomised controlled trial comparing porcine dermal collage...</td>
      <td>Surgery</td>
      <td>Not Specified</td>
      <td>100</td>
    </tr>
  </tbody>
</table>"
1117,-174319.52096137893,7271429.293001353,County Durham and Darlington NHS Foundation Trust,54.5313106,-1.5659389,1.0,1.0,"<table border=""1"" class=""dataframe"">
  <thead>
    <tr style=""text-align: left;"">
      <th>ISRCTN link</th>
      <th>Title</th>
      <th>Condition category</th>
      <th>Age group</th>
      <th>Target number of participants</th>
    </tr>
  </thead>
  <tbody>
    <tr>
      <td><a href='https://www.isrctn.com/ISRCTN44563324' target='_blank'><div>ISRCTN44563324</div></a></td>
      <td>Tined lead test stimulation to predict long-term benefit from sacral nerve ...</td>
      <td>Digestive System</td>
      <td>Adult</td>
      <td>75</td>
    </tr>
  </tbody>
</table>"
1133,-11194.265730273433,6710744.372733879,Guy's and St Thomas' Charity,51.50293740000001,-0.1005598,1.0,1.0,"<table border=""1"" class=""dataframe"">
  <thead>
    <tr style=""text-align: left;"">
      <th>ISRCTN link</th>
      <th>Title</th>
      <th>Condition category</th>
      <th>Age group</th>
      <th>Target number of participants</th>
    </tr>
  </thead>
  <tbody>
    <tr>
      <td><a href='https://www.isrctn.com/ISRCTN48856163' target='_blank'><div>ISRCTN48856163</div></a></td>
      <td>Proactive care of Older People undergoing Surgery: Geriatric-Surgical Suppo...</td>
      <td>Surgery</td>
      <td>Senior</td>
      <td>126</td>
    </tr>
  </tbody>
</table>"
1145,830535.4736686561,5975278.274315676,Stryker SA (Switzerland),47.20303819999999,7.4608271,1.0,1.0,"<table border=""1"" class=""dataframe"">
  <thead>
    <tr style=""text-align: left;"">
      <th>ISRCTN link</th>
      <th>Title</th>
      <th>Condition category</th>
      <th>Age group</th>
      <th>Target number of participants</th>
    </tr>
  </thead>
  <tbody>
    <tr>
      <td><a href='https://www.isrctn.com/ISRCTN57772706' target='_blank'><div>ISRCTN57772706</div></a></td>
      <td>Study on cervical resorbable interbody cages</td>
      <td>Musculoskeletal Diseases</td>
      <td>Adult</td>
      <td>113</td>
    </tr>
  </tbody>
</table>"
1149,135928.54553252112,6912664.226760784,Norfolk and Norwich University Hospital,52.6180858,1.2210669,1.0,1.0,"<table border=""1"" class=""dataframe"">
  <thead>
    <tr style=""text-align: left;"">
      <th>ISRCTN link</th>
      <th>Title</th>
      <th>Condition category</th>
      <th>Age group</th>
      <th>Target number of participants</th>
    </tr>
  </thead>
  <tbody>
    <tr>
      <td><a href='https://www.isrctn.com/ISRCTN61630192' target='_blank'><div>ISRCTN61630192</div></a></td>
      <td>A trial of a very low calorie diet prior to cholecystectomy operation in ob...</td>
      <td>Nutritional, Metabolic, Endocrine</td>
      <td>Adult</td>
      <td>46</td>
    </tr>
  </tbody>
</table>"
1192,-14827.812031357762,6709852.226837003,Department of Health,51.49794844005473,-0.13320050177820006,121.0,30.797922048099565,"<table border=""1"" class=""dataframe"">
  <thead>
    <tr style=""text-align: left;"">
      <th>ISRCTN link</th>
      <th>Title</th>
      <th>Condition category</th>
      <th>Age group</th>
      <th>Target number of participants</th>
    </tr>
  </thead>
  <tbody>
    <tr>
      <td><a href='https://www.isrctn.com/ISRCTN12550752' target='_blank'><div>ISRCTN12550752</div></a></td>
      <td>Outcomes following extensor tendon repair: a comparison of two treatment re...</td>
      <td>Surgery</td>
      <td>Not Specified</td>
      <td>0</td>
    </tr>
    <tr>
      <td><a href='https://www.isrctn.com/ISRCTN27187981' target='_blank'><div>ISRCTN27187981</div></a></td>
      <td>Randomised controlled trial comparing the use of Proseal LMA (PLMA) and and...</td>
      <td>Surgery</td>
      <td>Not Specified</td>
      <td>52</td>
    </tr>
    <tr>
      <td><a href='https://www.isrctn.com/ISRCTN91614925' target='_blank'><div>ISRCTN91614925</div></a></td>
      <td>Comparison of polypectomy techniques in colonoscopy</td>
      <td>Surgery</td>
      <td>Adult</td>
      <td>150</td>
    </tr>
    <tr>
      <td><a href='https://www.isrctn.com/ISRCTN77665682' target='_blank'><div>ISRCTN77665682</div></a></td>
      <td>Combining surface and infiltration anaesthesia for Transrectal Ultrasonogra...</td>
      <td>Surgery</td>
      <td>Not Specified</td>
      <td>80</td>
    </tr>
    <tr>
      <td><a href='https://www.isrctn.com/ISRCTN34262831' target='_blank'><div>ISRCTN34262831</div></a></td>
      <td>Prospective randomised trial to evaluate the effectiveness of hydrotherapy ...</td>
      <td>Surgery</td>
      <td>Not Specified</td>
      <td>38</td>
    </tr>
    <tr>
      <td><a href='https://www.isrctn.com/ISRCTN03328551' target='_blank'><div>ISRCTN03328551</div></a></td>
      <td>A  randomised controlled trial of vascular occlusion of the uterine and ova...</td>
      <td>Surgery</td>
      <td>Adult</td>
      <td>28</td>
    </tr>
    <tr>
      <td><a href='https://www.isrctn.com/ISRCTN32952949' target='_blank'><div>ISRCTN32952949</div></a></td>
      <td>Does applying limb compression before long saphenous vein stripping result ...</td>
      <td>Surgery</td>
      <td>Not Specified</td>
      <td>25</td>
    </tr>
    <tr>
      <td><a href='https://www.isrctn.com/ISRCTN91891418' target='_blank'><div>ISRCTN91891418</div></a></td>
      <td>Evaluation of cutting balloons for treatment of salivary duct strictures</td>
      <td>Digestive System</td>
      <td>Not Specified</td>
      <td>25</td>
    </tr>
    <tr>
      <td><a href='https://www.isrctn.com/ISRCTN66877546' target='_blank'><div>ISRCTN66877546</div></a></td>
      <td>A prospective, randomised, double-masked, controlled trial of the treatment...</td>
      <td>Eye Diseases</td>
      <td>Adult</td>
      <td>50</td>
    </tr>
    <tr>
      <td><a href='https://www.isrctn.com/ISRCTN83184634' target='_blank'><div>ISRCTN83184634</div></a></td>
      <td>Study of the effect of platelet rich plasma (PRP) on the healing of skin gr...</td>
      <td>Cancer</td>
      <td>Not Specified</td>
      <td>0</td>
    </tr>
    <tr>
      <td><a href='https://www.isrctn.com/ISRCTN42608249' target='_blank'><div>ISRCTN42608249</div></a></td>
      <td>The Effect of Coating of the Cardiopulmonary Bypass Circuit with Poly-2-met...</td>
      <td>Surgery</td>
      <td>Not Specified</td>
      <td>40</td>
    </tr>
    <tr>
      <td><a href='https://www.isrctn.com/ISRCTN14156709' target='_blank'><div>ISRCTN14156709</div></a></td>
      <td>Pre-ablation endometrial preparation: a comparison between GnRH agonist leu...</td>
      <td>Surgery</td>
      <td>Not Specified</td>
      <td>100</td>
    </tr>
    <tr>
      <td><a href='https://www.isrctn.com/ISRCTN31631159' target='_blank'><div>ISRCTN31631159</div></a></td>
      <td>Randomised trial comparing needle drainage of perianal abscess under local ...</td>
      <td>Signs and Symptoms</td>
      <td>Not Specified</td>
      <td>100</td>
    </tr>
    <tr>
      <td><a href='https://www.isrctn.com/ISRCTN40397527' target='_blank'><div>ISRCTN40397527</div></a></td>
      <td>A prospective randomised study comparing lateral internal sphincterotomy wi...</td>
      <td>Surgery</td>
      <td>Not Specified</td>
      <td>60</td>
    </tr>
    <tr>
      <td><a href='https://www.isrctn.com/ISRCTN81142957' target='_blank'><div>ISRCTN81142957</div></a></td>
      <td>Randomised Controlled Trial of sedation for colonoscopy: Entonox versus Mid...</td>
      <td>Surgery</td>
      <td>Adult</td>
      <td>100</td>
    </tr>
    <tr>
      <td><a href='https://www.isrctn.com/ISRCTN28323869' target='_blank'><div>ISRCTN28323869</div></a></td>
      <td>A randomised controlled study to evaluate the pelvi-calyceal anatomy of the...</td>
      <td>Surgery</td>
      <td>Not Specified</td>
      <td>20</td>
    </tr>
    <tr>
      <td><a href='https://www.isrctn.com/ISRCTN66959365' target='_blank'><div>ISRCTN66959365</div></a></td>
      <td>Perioperative renal protection in patients subject to cardio-pulmonary bypa...</td>
      <td>Surgery</td>
      <td>Senior</td>
      <td>80</td>
    </tr>
    <tr>
      <td><a href='https://www.isrctn.com/ISRCTN30607490' target='_blank'><div>ISRCTN30607490</div></a></td>
      <td>Does drinking a small amount of anti-foam before endoscopy improve the view...</td>
      <td>Surgery</td>
      <td>Not Specified</td>
      <td>200</td>
    </tr>
    <tr>
      <td><a href='https://www.isrctn.com/ISRCTN55731323' target='_blank'><div>ISRCTN55731323</div></a></td>
      <td>Prospective randomised double blind trial of ilioinguinal nerve block versu...</td>
      <td>Surgery</td>
      <td>Not Specified</td>
      <td>60</td>
    </tr>
    <tr>
      <td><a href='https://www.isrctn.com/ISRCTN85646253' target='_blank'><div>ISRCTN85646253</div></a></td>
      <td>Randomised pilot study of primary re-innervation of the larynx in patients ...</td>
      <td>Surgery</td>
      <td>Adult</td>
      <td>10</td>
    </tr>
    <tr>
      <td><a href='https://www.isrctn.com/ISRCTN23480116' target='_blank'><div>ISRCTN23480116</div></a></td>
      <td>Computed tomography (CT)-guided intervention with and without fluoroscopic ...</td>
      <td>Surgery</td>
      <td>Adult</td>
      <td>50</td>
    </tr>
    <tr>
      <td><a href='https://www.isrctn.com/ISRCTN78040136' target='_blank'><div>ISRCTN78040136</div></a></td>
      <td>Neuro-endocrine and immuno-systems activation during coronary surgery</td>
      <td>Surgery</td>
      <td>Not Specified</td>
      <td>80</td>
    </tr>
    <tr>
      <td><a href='https://www.isrctn.com/ISRCTN48457322' target='_blank'><div>ISRCTN48457322</div></a></td>
      <td>Randomised controlled trial of excision and grafting with same flap, deffat...</td>
      <td>Surgery</td>
      <td>Not Specified</td>
      <td>200</td>
    </tr>
    <tr>
      <td><a href='https://www.isrctn.com/ISRCTN53323735' target='_blank'><div>ISRCTN53323735</div></a></td>
      <td>Effect of post-operative weight bearing status on clinical and radiological...</td>
      <td>Surgery</td>
      <td>Not Specified</td>
      <td>40</td>
    </tr>
    <tr>
      <td><a href='https://www.isrctn.com/ISRCTN47749244' target='_blank'><div>ISRCTN47749244</div></a></td>
      <td>Randomised controlled trial of complete bowel preparation vs distal bowel c...</td>
      <td>Cancer</td>
      <td>Not Specified</td>
      <td>200</td>
    </tr>
    <tr>
      <td><a href='https://www.isrctn.com/ISRCTN27800378' target='_blank'><div>ISRCTN27800378</div></a></td>
      <td>Randomised controlled trial of delayed colonoscopy following complete bowel...</td>
      <td>Surgery</td>
      <td>Not Specified</td>
      <td>100</td>
    </tr>
    <tr>
      <td><a href='https://www.isrctn.com/ISRCTN73554324' target='_blank'><div>ISRCTN73554324</div></a></td>
      <td>Infra clavicular plexus block - Lateral (coracoid) approach vs vertical app...</td>
      <td>Surgery</td>
      <td>Adult</td>
      <td>40</td>
    </tr>
    <tr>
      <td><a href='https://www.isrctn.com/ISRCTN13770180' target='_blank'><div>ISRCTN13770180</div></a></td>
      <td>Randomised controlled trial on the use of multimodal strategies to accelera...</td>
      <td>Surgery</td>
      <td>Not Specified</td>
      <td>90</td>
    </tr>
    <tr>
      <td><a href='https://www.isrctn.com/ISRCTN60164482' target='_blank'><div>ISRCTN60164482</div></a></td>
      <td>Optimising portal haemodynamics and liver parenchymal perfusion during orth...</td>
      <td>Surgery</td>
      <td>Not Specified</td>
      <td>12</td>
    </tr>
    <tr>
      <td><a href='https://www.isrctn.com/ISRCTN62284430' target='_blank'><div>ISRCTN62284430</div></a></td>
      <td>A randomised controlled trial of outpatient hysteroscopy looking at the eff...</td>
      <td>Surgery</td>
      <td>Adult</td>
      <td>120</td>
    </tr>
    <tr>
      <td><a href='https://www.isrctn.com/ISRCTN43177829' target='_blank'><div>ISRCTN43177829</div></a></td>
      <td>A comparison of intermittent aortic cross clamping and intermittent aortic ...</td>
      <td>Surgery</td>
      <td>Not Specified</td>
      <td>40</td>
    </tr>
    <tr>
      <td><a href='https://www.isrctn.com/ISRCTN45706447' target='_blank'><div>ISRCTN45706447</div></a></td>
      <td>Comparison of anaesthetic face masks - a crossover trial to compare air ent...</td>
      <td>Surgery</td>
      <td>Adult</td>
      <td>30</td>
    </tr>
    <tr>
      <td><a href='https://www.isrctn.com/ISRCTN28341511' target='_blank'><div>ISRCTN28341511</div></a></td>
      <td>Alveolar Recruitment on Intensive Care Improves Arterial Oxygenation After ...</td>
      <td>Surgery</td>
      <td>Not Specified</td>
      <td>56</td>
    </tr>
    <tr>
      <td><a href='https://www.isrctn.com/ISRCTN74331160' target='_blank'><div>ISRCTN74331160</div></a></td>
      <td>The effect of hyaluronidase on dispersal of local anaesthetic solution afte...</td>
      <td>Surgery</td>
      <td>Senior</td>
      <td>19</td>
    </tr>
    <tr>
      <td><a href='https://www.isrctn.com/ISRCTN63597270' target='_blank'><div>ISRCTN63597270</div></a></td>
      <td>Does the use of local anaesthetic make trans-rectal ultrasound guided biops...</td>
      <td>Surgery</td>
      <td>Adult</td>
      <td>50</td>
    </tr>
    <tr>
      <td><a href='https://www.isrctn.com/ISRCTN83816740' target='_blank'><div>ISRCTN83816740</div></a></td>
      <td>A randomised trial of open vs closed haemorrhoidectomy on the same patient</td>
      <td>Surgery</td>
      <td>Not Specified</td>
      <td>0</td>
    </tr>
    <tr>
      <td><a href='https://www.isrctn.com/ISRCTN47591706' target='_blank'><div>ISRCTN47591706</div></a></td>
      <td>Efficacy of the mode of delivery of autologous bone marrow cells into heart...</td>
      <td>Surgery</td>
      <td>Adult</td>
      <td>90</td>
    </tr>
    <tr>
      <td><a href='https://www.isrctn.com/ISRCTN64865132' target='_blank'><div>ISRCTN64865132</div></a></td>
      <td>Prospective randomised trial of the surface cytology of 3 different single ...</td>
      <td>Surgery</td>
      <td>Not Specified</td>
      <td>0</td>
    </tr>
    <tr>
      <td><a href='https://www.isrctn.com/ISRCTN86016963' target='_blank'><div>ISRCTN86016963</div></a></td>
      <td>A prospective, pilot, randomised, controlled trial of continuous versus bol...</td>
      <td>Surgery</td>
      <td>Not Specified</td>
      <td>60</td>
    </tr>
    <tr>
      <td><a href='https://www.isrctn.com/ISRCTN09685290' target='_blank'><div>ISRCTN09685290</div></a></td>
      <td>Hibiscrub as cleansing solution for pin site care</td>
      <td>Surgery</td>
      <td>Adult</td>
      <td>0</td>
    </tr>
    <tr>
      <td><a href='https://www.isrctn.com/ISRCTN27193180' target='_blank'><div>ISRCTN27193180</div></a></td>
      <td>Porous vs nonporous enucleation implants: a randomised study</td>
      <td>Surgery</td>
      <td>Adult</td>
      <td>300</td>
    </tr>
    <tr>
      <td><a href='https://www.isrctn.com/ISRCTN36684174' target='_blank'><div>ISRCTN36684174</div></a></td>
      <td>Randomised controlled study of the use of electrical muscle stimulation in ...</td>
      <td>Surgery</td>
      <td>Not Specified</td>
      <td>100</td>
    </tr>
    <tr>
      <td><a href='https://www.isrctn.com/ISRCTN16674928' target='_blank'><div>ISRCTN16674928</div></a></td>
      <td>Effect of patient information on length of stay following total hip replace...</td>
      <td>Surgery</td>
      <td>Not Specified</td>
      <td>500</td>
    </tr>
    <tr>
      <td><a href='https://www.isrctn.com/ISRCTN89982548' target='_blank'><div>ISRCTN89982548</div></a></td>
      <td>Does the administration of intravenous (IV) fluids intra-operatively reduce...</td>
      <td>Surgery</td>
      <td>Child</td>
      <td>300</td>
    </tr>
    <tr>
      <td><a href='https://www.isrctn.com/ISRCTN18835037' target='_blank'><div>ISRCTN18835037</div></a></td>
      <td>Is phenoxybenzamine bathing improving the in situ flow and conduit size in ...</td>
      <td>Surgery</td>
      <td>Adult</td>
      <td>24</td>
    </tr>
    <tr>
      <td><a href='https://www.isrctn.com/ISRCTN28694723' target='_blank'><div>ISRCTN28694723</div></a></td>
      <td>An investigation to compare analgesia from 0.5 mg or 1 mg of intrathecal di...</td>
      <td>Surgery</td>
      <td>Adult</td>
      <td>0</td>
    </tr>
    <tr>
      <td><a href='https://www.isrctn.com/ISRCTN14102140' target='_blank'><div>ISRCTN14102140</div></a></td>
      <td>The effects of directed eye movements on the development of sub-tenon anaes...</td>
      <td>Surgery</td>
      <td>Not Specified</td>
      <td>0</td>
    </tr>
    <tr>
      <td><a href='https://www.isrctn.com/ISRCTN35126835' target='_blank'><div>ISRCTN35126835</div></a></td>
      <td>Comparison of the disposable reinforced laryngeal mask airway (LMA) and the...</td>
      <td>Surgery</td>
      <td>Child</td>
      <td>100</td>
    </tr>
    <tr>
      <td><a href='https://www.isrctn.com/ISRCTN35333172' target='_blank'><div>ISRCTN35333172</div></a></td>
      <td>The effectiveness of peri-operative use of human surgical sealant (Quixil) ...</td>
      <td>Cancer</td>
      <td>Not Specified</td>
      <td>100</td>
    </tr>
    <tr>
      <td><a href='https://www.isrctn.com/ISRCTN93135831' target='_blank'><div>ISRCTN93135831</div></a></td>
      <td>Exquires study - electrical stimulation of quadricep muscles in the rehabil...</td>
      <td>Circulatory System</td>
      <td>Not Specified</td>
      <td>0</td>
    </tr>
    <tr>
      <td><a href='https://www.isrctn.com/ISRCTN83971890' target='_blank'><div>ISRCTN83971890</div></a></td>
      <td>An investigation into the management of interrupted incisor teeth</td>
      <td>Oral Health</td>
      <td>Not Specified</td>
      <td>0</td>
    </tr>
    <tr>
      <td><a href='https://www.isrctn.com/ISRCTN43978921' target='_blank'><div>ISRCTN43978921</div></a></td>
      <td>Assessment of bone remodeling by dual energy X-ray absorptiometry after cem...</td>
      <td>Surgery</td>
      <td>Not Specified</td>
      <td>60</td>
    </tr>
    <tr>
      <td><a href='https://www.isrctn.com/ISRCTN87878836' target='_blank'><div>ISRCTN87878836</div></a></td>
      <td>A randomised controlled trial of post-operative high dependency care</td>
      <td>Surgery</td>
      <td>Not Specified</td>
      <td>0</td>
    </tr>
    <tr>
      <td><a href='https://www.isrctn.com/ISRCTN37523564' target='_blank'><div>ISRCTN37523564</div></a></td>
      <td>Rapid IMF™: Does it improve cross infection precautions in maxillofacial tr...</td>
      <td>Surgery</td>
      <td>Not Specified</td>
      <td>120</td>
    </tr>
    <tr>
      <td><a href='https://www.isrctn.com/ISRCTN64731819' target='_blank'><div>ISRCTN64731819</div></a></td>
      <td>A prospective randomised controlled trial to determine the nature of the im...</td>
      <td>Surgery</td>
      <td>Adult</td>
      <td>60</td>
    </tr>
    <tr>
      <td><a href='https://www.isrctn.com/ISRCTN57337356' target='_blank'><div>ISRCTN57337356</div></a></td>
      <td>To assess two methods of surgical repair of posterior vaginal wall prolapse</td>
      <td>Urological and Genital Diseases</td>
      <td>Adult</td>
      <td>100</td>
    </tr>
    <tr>
      <td><a href='https://www.isrctn.com/ISRCTN35049639' target='_blank'><div>ISRCTN35049639</div></a></td>
      <td>The effect of emulsion formulation on Propofol injection pain</td>
      <td>Surgery</td>
      <td>Adult</td>
      <td>200</td>
    </tr>
    <tr>
      <td><a href='https://www.isrctn.com/ISRCTN94469577' target='_blank'><div>ISRCTN94469577</div></a></td>
      <td>Assessment of pain and other benefits following ministernotomy for cardiac ...</td>
      <td>Surgery</td>
      <td>Adult</td>
      <td>0</td>
    </tr>
    <tr>
      <td><a href='https://www.isrctn.com/ISRCTN34363422' target='_blank'><div>ISRCTN34363422</div></a></td>
      <td>Post-operative drain clamping in total knee arthroplasty</td>
      <td>Surgery</td>
      <td>Not Specified</td>
      <td>0</td>
    </tr>
    <tr>
      <td><a href='https://www.isrctn.com/ISRCTN06437403' target='_blank'><div>ISRCTN06437403</div></a></td>
      <td>Tidal Volume - Cytokine levels trial in anaesthetised patients undergoing p...</td>
      <td>Surgery</td>
      <td>Not Specified</td>
      <td>50</td>
    </tr>
    <tr>
      <td><a href='https://www.isrctn.com/ISRCTN78125390' target='_blank'><div>ISRCTN78125390</div></a></td>
      <td>Haemodynamic performance and clinical outcome following aortic valve replac...</td>
      <td>Surgery</td>
      <td>Not Specified</td>
      <td>0</td>
    </tr>
    <tr>
      <td><a href='https://www.isrctn.com/ISRCTN63298320' target='_blank'><div>ISRCTN63298320</div></a></td>
      <td>A Prospective Randomised Trial of the use of Cellcept to allow early Tacrol...</td>
      <td>Surgery</td>
      <td>Not Specified</td>
      <td>0</td>
    </tr>
    <tr>
      <td><a href='https://www.isrctn.com/ISRCTN42496709' target='_blank'><div>ISRCTN42496709</div></a></td>
      <td>A randomised trial using Zero-Balanced Ultrafiltration in Cardiopulmonary b...</td>
      <td>Surgery</td>
      <td>Other</td>
      <td>0</td>
    </tr>
    <tr>
      <td><a href='https://www.isrctn.com/ISRCTN55416565' target='_blank'><div>ISRCTN55416565</div></a></td>
      <td>An assessment of patient outcomes following a rehabilitation programme for ...</td>
      <td>Surgery</td>
      <td>Not Specified</td>
      <td>20</td>
    </tr>
    <tr>
      <td><a href='https://www.isrctn.com/ISRCTN57101575' target='_blank'><div>ISRCTN57101575</div></a></td>
      <td>Post-operative use of cell savers</td>
      <td>Surgery</td>
      <td>Not Specified</td>
      <td>0</td>
    </tr>
    <tr>
      <td><a href='https://www.isrctn.com/ISRCTN90825575' target='_blank'><div>ISRCTN90825575</div></a></td>
      <td>Does a small incision at the time of total hip replacement confer an advant...</td>
      <td>Surgery</td>
      <td>Adult</td>
      <td>0</td>
    </tr>
    <tr>
      <td><a href='https://www.isrctn.com/ISRCTN35722082' target='_blank'><div>ISRCTN35722082</div></a></td>
      <td>Trapezium implant versus sling procedure in the treatment of thumb carpomet...</td>
      <td>Musculoskeletal Diseases</td>
      <td>Mixed</td>
      <td>40</td>
    </tr>
    <tr>
      <td><a href='https://www.isrctn.com/ISRCTN80878260' target='_blank'><div>ISRCTN80878260</div></a></td>
      <td>Anterior Cruciate Ligament (ACL) Reconstruction using two different types o...</td>
      <td>Surgery</td>
      <td>Not Specified</td>
      <td>100</td>
    </tr>
    <tr>
      <td><a href='https://www.isrctn.com/ISRCTN88578537' target='_blank'><div>ISRCTN88578537</div></a></td>
      <td>Prospective, randomised study comparing quilting and a drain with a drain o...</td>
      <td>Surgery</td>
      <td>Not Specified</td>
      <td>0</td>
    </tr>
    <tr>
      <td><a href='https://www.isrctn.com/ISRCTN22864818' target='_blank'><div>ISRCTN22864818</div></a></td>
      <td>Does glucose analgesia have a role in infants in an emergency department</td>
      <td>Surgery</td>
      <td>Child</td>
      <td>60</td>
    </tr>
    <tr>
      <td><a href='https://www.isrctn.com/ISRCTN27712572' target='_blank'><div>ISRCTN27712572</div></a></td>
      <td>To determine whether an eye shield is necessary following uncomplicated pha...</td>
      <td>Surgery</td>
      <td>Not Specified</td>
      <td>150</td>
    </tr>
    <tr>
      <td><a href='https://www.isrctn.com/ISRCTN84941922' target='_blank'><div>ISRCTN84941922</div></a></td>
      <td>Prospective comparison of  Laser Assisted In Situ Keratomileusis (LASIK)  u...</td>
      <td>Surgery</td>
      <td>Not Specified</td>
      <td>20</td>
    </tr>
    <tr>
      <td><a href='https://www.isrctn.com/ISRCTN24242218' target='_blank'><div>ISRCTN24242218</div></a></td>
      <td>Effectiveness of ovarian suspension in preventing post-operative ovarian ad...</td>
      <td>Surgery</td>
      <td>Adult</td>
      <td>50</td>
    </tr>
    <tr>
      <td><a href='https://www.isrctn.com/ISRCTN93718928' target='_blank'><div>ISRCTN93718928</div></a></td>
      <td>A study to determine the optimum management of parenchymal air leaks follow...</td>
      <td>Surgery</td>
      <td>Not Specified</td>
      <td>0</td>
    </tr>
    <tr>
      <td><a href='https://www.isrctn.com/ISRCTN10252429' target='_blank'><div>ISRCTN10252429</div></a></td>
      <td>A prospective, randomised controlled study comparing endoscopic nasal polyp...</td>
      <td>Surgery</td>
      <td>Not Specified</td>
      <td>0</td>
    </tr>
    <tr>
      <td><a href='https://www.isrctn.com/ISRCTN20235689' target='_blank'><div>ISRCTN20235689</div></a></td>
      <td>Randomised trial of flush ligation at the sapheno-femoral junction in patie...</td>
      <td>Surgery</td>
      <td>Adult</td>
      <td>50</td>
    </tr>
    <tr>
      <td><a href='https://www.isrctn.com/ISRCTN86810172' target='_blank'><div>ISRCTN86810172</div></a></td>
      <td>Randomised trial of Polytetrafluoroethylene (PTFE) patch saphenoplasty in p...</td>
      <td>Surgery</td>
      <td>Senior</td>
      <td>50</td>
    </tr>
    <tr>
      <td><a href='https://www.isrctn.com/ISRCTN04692125' target='_blank'><div>ISRCTN04692125</div></a></td>
      <td>Does aspiration of simple traumatic elbow effusions benefit the patient?</td>
      <td>Musculoskeletal Diseases</td>
      <td>Adult</td>
      <td>0</td>
    </tr>
    <tr>
      <td><a href='https://www.isrctn.com/ISRCTN78047760' target='_blank'><div>ISRCTN78047760</div></a></td>
      <td>Wick-soaked mydriatic study</td>
      <td>Surgery</td>
      <td>Not Specified</td>
      <td>130</td>
    </tr>
    <tr>
      <td><a href='https://www.isrctn.com/ISRCTN96932451' target='_blank'><div>ISRCTN96932451</div></a></td>
      <td>Oculo-pressor effect on ocular akinesia study</td>
      <td>Surgery</td>
      <td>Not Specified</td>
      <td>0</td>
    </tr>
    <tr>
      <td><a href='https://www.isrctn.com/ISRCTN24531848' target='_blank'><div>ISRCTN24531848</div></a></td>
      <td>Blood transfusion in lower limb arthroplasty: the safe and economical futur...</td>
      <td>Surgery</td>
      <td>Not Specified</td>
      <td>120</td>
    </tr>
    <tr>
      <td><a href='https://www.isrctn.com/ISRCTN27152019' target='_blank'><div>ISRCTN27152019</div></a></td>
      <td>Prospective randomised controlled trial comparing the Scorpio knee system t...</td>
      <td>Surgery</td>
      <td>Not Specified</td>
      <td>0</td>
    </tr>
    <tr>
      <td><a href='https://www.isrctn.com/ISRCTN28367726' target='_blank'><div>ISRCTN28367726</div></a></td>
      <td>Prospective randomised controlled trial comparing antero-lateral hardinger ...</td>
      <td>Surgery</td>
      <td>Not Specified</td>
      <td>0</td>
    </tr>
    <tr>
      <td><a href='https://www.isrctn.com/ISRCTN67362324' target='_blank'><div>ISRCTN67362324</div></a></td>
      <td>A randomised prospective comparison of two anterior cruciate ligament graft...</td>
      <td>Surgery</td>
      <td>Not Specified</td>
      <td>80</td>
    </tr>
    <tr>
      <td><a href='https://www.isrctn.com/ISRCTN52345875' target='_blank'><div>ISRCTN52345875</div></a></td>
      <td>Peri-operative antibiotics in tonsillectomy patients</td>
      <td>Surgery</td>
      <td>Adult</td>
      <td>186</td>
    </tr>
    <tr>
      <td><a href='https://www.isrctn.com/ISRCTN66685806' target='_blank'><div>ISRCTN66685806</div></a></td>
      <td>A comparison of pre-oxygenation with patients in the reclined versus supine...</td>
      <td>Surgery</td>
      <td>Not Specified</td>
      <td>40</td>
    </tr>
    <tr>
      <td><a href='https://www.isrctn.com/ISRCTN42476855' target='_blank'><div>ISRCTN42476855</div></a></td>
      <td>The timings of cholecystectomy in acute pancreatitis</td>
      <td>Digestive System</td>
      <td>Not Specified</td>
      <td>100</td>
    </tr>
    <tr>
      <td><a href='https://www.isrctn.com/ISRCTN22188785' target='_blank'><div>ISRCTN22188785</div></a></td>
      <td>A project to study the feasibility and practicality of nurses in a Day Surg...</td>
      <td>Surgery</td>
      <td>Adult</td>
      <td>0</td>
    </tr>
    <tr>
      <td><a href='https://www.isrctn.com/ISRCTN66686094' target='_blank'><div>ISRCTN66686094</div></a></td>
      <td>A prospective, randomised, clinical trial comparing trapezial denervation w...</td>
      <td>Surgery</td>
      <td>Not Specified</td>
      <td>0</td>
    </tr>
    <tr>
      <td><a href='https://www.isrctn.com/ISRCTN44122323' target='_blank'><div>ISRCTN44122323</div></a></td>
      <td>A randomised trial of sympathetic interferential therapy versus pulsed shor...</td>
      <td>Signs and Symptoms</td>
      <td>Adult</td>
      <td>30</td>
    </tr>
    <tr>
      <td><a href='https://www.isrctn.com/ISRCTN74335571' target='_blank'><div>ISRCTN74335571</div></a></td>
      <td>Prospective randomised controlled study comparing endonasal dacrocystorhino...</td>
      <td>Surgery</td>
      <td>Not Specified</td>
      <td>100</td>
    </tr>
    <tr>
      <td><a href='https://www.isrctn.com/ISRCTN69551962' target='_blank'><div>ISRCTN69551962</div></a></td>
      <td>Trial to compare the Laryngeal Tube Sonda® with the ProSeal® Laryngeal Mask...</td>
      <td>Surgery</td>
      <td>Not Specified</td>
      <td>32</td>
    </tr>
    <tr>
      <td><a href='https://www.isrctn.com/ISRCTN14442024' target='_blank'><div>ISRCTN14442024</div></a></td>
      <td>A randomised controlled trial of vertebroplasty for the treatment of osteop...</td>
      <td>Musculoskeletal Diseases</td>
      <td>Adult</td>
      <td>0</td>
    </tr>
    <tr>
      <td><a href='https://www.isrctn.com/ISRCTN22478626' target='_blank'><div>ISRCTN22478626</div></a></td>
      <td>Trial of patellofemoral (PF) arthroplasty versus total knee joint replaceme...</td>
      <td>Surgery</td>
      <td>Other</td>
      <td>100</td>
    </tr>
    <tr>
      <td><a href='https://www.isrctn.com/ISRCTN13072628' target='_blank'><div>ISRCTN13072628</div></a></td>
      <td>A prospective, randomised controlled trial of beta blockade in intermediate...</td>
      <td>Surgery</td>
      <td>Not Specified</td>
      <td>30</td>
    </tr>
    <tr>
      <td><a href='https://www.isrctn.com/ISRCTN54561358' target='_blank'><div>ISRCTN54561358</div></a></td>
      <td>Remote ischaemic preconditioning in patients undergoing liver surgery</td>
      <td>Surgery</td>
      <td>Other</td>
      <td>48</td>
    </tr>
    <tr>
      <td><a href='https://www.isrctn.com/ISRCTN17015270' target='_blank'><div>ISRCTN17015270</div></a></td>
      <td>A randomised trial of day case versus overnight stay for closed haemorrhoid...</td>
      <td>Surgery</td>
      <td>Not Specified</td>
      <td>0</td>
    </tr>
    <tr>
      <td><a href='https://www.isrctn.com/ISRCTN76377555' target='_blank'><div>ISRCTN76377555</div></a></td>
      <td>Bispectral (BIS) electroencephalogram (EEG) monitored sedation in intensive...</td>
      <td>Surgery</td>
      <td>Not Specified</td>
      <td>0</td>
    </tr>
    <tr>
      <td><a href='https://www.isrctn.com/ISRCTN66835102' target='_blank'><div>ISRCTN66835102</div></a></td>
      <td>Glucose-insulin-potassium (GIK) treatment in non-diabetic females undergoin...</td>
      <td>Surgery</td>
      <td>Not Specified</td>
      <td>400</td>
    </tr>
    <tr>
      <td><a href='https://www.isrctn.com/ISRCTN27163398' target='_blank'><div>ISRCTN27163398</div></a></td>
      <td>The effect of post-operative nasal packing on mucociliary activity</td>
      <td>Ear, Nose and Throat</td>
      <td>Not Specified</td>
      <td>40</td>
    </tr>
    <tr>
      <td><a href='https://www.isrctn.com/ISRCTN61328173' target='_blank'><div>ISRCTN61328173</div></a></td>
      <td>Randomised trial of a blood transfusion policy after fracture of the proxim...</td>
      <td>Surgery</td>
      <td>Not Specified</td>
      <td>0</td>
    </tr>
    <tr>
      <td><a href='https://www.isrctn.com/ISRCTN35985647' target='_blank'><div>ISRCTN35985647</div></a></td>
      <td>Cervical disc replacement versus inter-body cage for the treatment of spond...</td>
      <td>Musculoskeletal Diseases</td>
      <td>Not Specified</td>
      <td>0</td>
    </tr>
    <tr>
      <td><a href='https://www.isrctn.com/ISRCTN77323728' target='_blank'><div>ISRCTN77323728</div></a></td>
      <td>A randomised controlled trial investigating the role of subfascial endoscop...</td>
      <td>Circulatory System</td>
      <td>Adult</td>
      <td>0</td>
    </tr>
    <tr>
      <td><a href='https://www.isrctn.com/ISRCTN01764719' target='_blank'><div>ISRCTN01764719</div></a></td>
      <td>Improvements in balance control, obstacle avoidance and step negotiation af...</td>
      <td>Surgery</td>
      <td>Adult</td>
      <td>0</td>
    </tr>
    <tr>
      <td><a href='https://www.isrctn.com/ISRCTN45404336' target='_blank'><div>ISRCTN45404336</div></a></td>
      <td>A double blind randomised controlled trial examining the efficacy of local ...</td>
      <td>Surgery</td>
      <td>Adult</td>
      <td>0</td>
    </tr>
    <tr>
      <td><a href='https://www.isrctn.com/ISRCTN49416601' target='_blank'><div>ISRCTN49416601</div></a></td>
      <td>Randomised comparison of radial versus femoral access for coronary angiopla...</td>
      <td>Surgery</td>
      <td>Not Specified</td>
      <td>0</td>
    </tr>
    <tr>
      <td><a href='https://www.isrctn.com/ISRCTN14583192' target='_blank'><div>ISRCTN14583192</div></a></td>
      <td>The effect of retrograde autologous priming of cardiopulmonary bypass circu...</td>
      <td>Surgery</td>
      <td>Adult</td>
      <td>20</td>
    </tr>
    <tr>
      <td><a href='https://www.isrctn.com/ISRCTN61444699' target='_blank'><div>ISRCTN61444699</div></a></td>
      <td>Recognition and expertise in the prevention of anal incontinence from ruptu...</td>
      <td>Urological and Genital Diseases</td>
      <td>All</td>
      <td>0</td>
    </tr>
    <tr>
      <td><a href='https://www.isrctn.com/ISRCTN33657782' target='_blank'><div>ISRCTN33657782</div></a></td>
      <td>Recovery profile and side effects of remifentanil-based anaesthesia with de...</td>
      <td>Surgery</td>
      <td>Not Specified</td>
      <td>0</td>
    </tr>
    <tr>
      <td><a href='https://www.isrctn.com/ISRCTN77586369' target='_blank'><div>ISRCTN77586369</div></a></td>
      <td>A randomised controlled trial to assess the effect of bone graft extender a...</td>
      <td>Surgery</td>
      <td>Senior</td>
      <td>40</td>
    </tr>
    <tr>
      <td><a href='https://www.isrctn.com/ISRCTN27944959' target='_blank'><div>ISRCTN27944959</div></a></td>
      <td>Who benefits from primary hip replacement? A feasibility study for a waitin...</td>
      <td>Surgery</td>
      <td>Other</td>
      <td>30</td>
    </tr>
    <tr>
      <td><a href='https://www.isrctn.com/ISRCTN51183614' target='_blank'><div>ISRCTN51183614</div></a></td>
      <td>Prospective randomised controlled trial to assess the effect of colonoscopy...</td>
      <td>Surgery</td>
      <td>Not Specified</td>
      <td>80</td>
    </tr>
    <tr>
      <td><a href='https://www.isrctn.com/ISRCTN45045119' target='_blank'><div>ISRCTN45045119</div></a></td>
      <td>A prospective randomised double-blinded comparison of 0.125% and 0.0625% \nb...</td>
      <td>Surgery</td>
      <td>Not Specified</td>
      <td>86</td>
    </tr>
    <tr>
      <td><a href='https://www.isrctn.com/ISRCTN57635230' target='_blank'><div>ISRCTN57635230</div></a></td>
      <td>Avulsion or ligation - small tributaries of long saphenous vein in groin, d...</td>
      <td>Circulatory System</td>
      <td>Not Specified</td>
      <td>40</td>
    </tr>
    <tr>
      <td><a href='https://www.isrctn.com/ISRCTN12388805' target='_blank'><div>ISRCTN12388805</div></a></td>
      <td>Does peri-operative enteral nutrition and immunonutrition alter immunologic...</td>
      <td>Surgery</td>
      <td>Adult</td>
      <td>30</td>
    </tr>
    <tr>
      <td><a href='https://www.isrctn.com/ISRCTN65254874' target='_blank'><div>ISRCTN65254874</div></a></td>
      <td>Prospective randomised trial comparing computed tomography (CT) and barium ...</td>
      <td>Surgery</td>
      <td>Senior</td>
      <td>600</td>
    </tr>
    <tr>
      <td><a href='https://www.isrctn.com/ISRCTN92375603' target='_blank'><div>ISRCTN92375603</div></a></td>
      <td>Ultrasound versus abrasive scrubbing in contaminated facial wounds - a pilo...</td>
      <td>Injury, Occupational Diseases, Poisoning</td>
      <td>Not Specified</td>
      <td>30</td>
    </tr>
    <tr>
      <td><a href='https://www.isrctn.com/ISRCTN45046260' target='_blank'><div>ISRCTN45046260</div></a></td>
      <td>A prospective randomised study of carpometacarpal joint replacement and tra...</td>
      <td>Musculoskeletal Diseases</td>
      <td>Senior</td>
      <td>0</td>
    </tr>
    <tr>
      <td><a href='https://www.isrctn.com/ISRCTN02283165' target='_blank'><div>ISRCTN02283165</div></a></td>
      <td>Comparison of three methods to facilitate orotracheal fibreoptic intubation</td>
      <td>Surgery</td>
      <td>Adult</td>
      <td>45</td>
    </tr>
    <tr>
      <td><a href='https://www.isrctn.com/ISRCTN33723655' target='_blank'><div>ISRCTN33723655</div></a></td>
      <td>Multi-centre randomised controlled trial of nurse practitioners and pre-reg...</td>
      <td>Surgery</td>
      <td>Not Specified</td>
      <td>1907</td>
    </tr>
    <tr>
      <td><a href='https://www.isrctn.com/ISRCTN93016131' target='_blank'><div>ISRCTN93016131</div></a></td>
      <td>A randomised trial to assess the effectiveness, costs and cost-effectivenes...</td>
      <td>Surgery</td>
      <td>Adult</td>
      <td>1800</td>
    </tr>
  </tbody>
</table>"
1194,-15549.303072546925,6716278.93059565,British Heart Foundation,51.53387494245585,-0.13968176607475538,2.0,5.306765580733931,"<table border=""1"" class=""dataframe"">
  <thead>
    <tr style=""text-align: left;"">
      <th>ISRCTN link</th>
      <th>Title</th>
      <th>Condition category</th>
      <th>Age group</th>
      <th>Target number of participants</th>
    </tr>
  </thead>
  <tbody>
    <tr>
      <td><a href='https://www.isrctn.com/ISRCTN07752711' target='_blank'><div>ISRCTN07752711</div></a></td>
      <td>Intervention versus conservative treatment strategy in patients with unstab...</td>
      <td>Circulatory System</td>
      <td>Adult</td>
      <td>1810</td>
    </tr>
    <tr>
      <td><a href='https://www.isrctn.com/ISRCTN77486578' target='_blank'><div>ISRCTN77486578</div></a></td>
      <td>A pilot study of stenting of autologous saphenous vein on early graft remod...</td>
      <td>Surgery</td>
      <td>Adult</td>
      <td>40</td>
    </tr>
  </tbody>
</table>"
1195,-11897.483020977641,6713822.593033453,Arthritis Research Campaign (ARC),51.520146891449706,-0.10687690840296711,2.0,5.306765580733931,"<table border=""1"" class=""dataframe"">
  <thead>
    <tr style=""text-align: left;"">
      <th>ISRCTN link</th>
      <th>Title</th>
      <th>Condition category</th>
      <th>Age group</th>
      <th>Target number of participants</th>
    </tr>
  </thead>
  <tbody>
    <tr>
      <td><a href='https://www.isrctn.com/ISRCTN46782945' target='_blank'><div>ISRCTN46782945</div></a></td>
      <td>Function After Spinal Treatment, Exercise and Rehabilitation: Improving the...</td>
      <td>Surgery</td>
      <td>Adult</td>
      <td>344</td>
    </tr>
    <tr>
      <td><a href='https://www.isrctn.com/ISRCTN29660674' target='_blank'><div>ISRCTN29660674</div></a></td>
      <td>The use of cervical collars following anterior cervical discectomy for radi...</td>
      <td>Surgery</td>
      <td>Adult</td>
      <td>51</td>
    </tr>
  </tbody>
</table>"
