,merclng,merclat,locations,latitude,longitude,number,radius,HTML
0,-139635.47344398804,6755913.94771293,University of Oxford,51.7548164,-1.2543668,50.0,25.306765580733934,"<table border=""1"" class=""dataframe"">
  <thead>
    <tr style=""text-align: left;"">
      <th>ISRCTN link</th>
      <th>Title</th>
      <th>Condition category</th>
      <th>Age group</th>
      <th>Target number of participants</th>
    </tr>
  </thead>
  <tbody>
    <tr>
      <td><a href='https://www.isrctn.com/ISRCTN82398107' target='_blank'><div>ISRCTN82398107</div></a></td>
      <td>Minimising young children’s anxiety through schools</td>
      <td>Mental and Behavioural Disorders</td>
      <td>Mixed</td>
      <td>1080</td>
    </tr>
    <tr>
      <td><a href='https://www.isrctn.com/ISRCTN77941736' target='_blank'><div>ISRCTN77941736</div></a></td>
      <td>Coping during COVID-19: Peer-delivered training to improve adolescent wellb...</td>
      <td>Mental and Behavioural Disorders</td>
      <td>Child</td>
      <td>120</td>
    </tr>
    <tr>
      <td><a href='https://www.isrctn.com/ISRCTN13022312' target='_blank'><div>ISRCTN13022312</div></a></td>
      <td>Testing a new smartphone app (SwapSHOP) to improve the nutritional quality ...</td>
      <td>Nutritional, Metabolic, Endocrine</td>
      <td>Adult</td>
      <td>120</td>
    </tr>
    <tr>
      <td><a href='https://www.isrctn.com/ISRCTN12890382' target='_blank'><div>ISRCTN12890382</div></a></td>
      <td>Child anxiety treatment in the context of COVID-19</td>
      <td>Mental and Behavioural Disorders</td>
      <td>Child</td>
      <td>560</td>
    </tr>
    <tr>
      <td><a href='https://www.isrctn.com/ISRCTN15952379' target='_blank'><div>ISRCTN15952379</div></a></td>
      <td>Support through mobile messaging and digital health technology for diabetes...</td>
      <td>Nutritional, Metabolic, Endocrine</td>
      <td>Adult</td>
      <td>958</td>
    </tr>
    <tr>
      <td><a href='https://www.isrctn.com/ISRCTN85601537' target='_blank'><div>ISRCTN85601537</div></a></td>
      <td>Treating sleep problems in young people at ultra-high-risk of psychosis</td>
      <td>Mental and Behavioural Disorders</td>
      <td>Mixed</td>
      <td>40</td>
    </tr>
    <tr>
      <td><a href='https://www.isrctn.com/ISRCTN99248812' target='_blank'><div>ISRCTN99248812</div></a></td>
      <td>Peer support training for adolescents during the COVID-19 outbreak</td>
      <td>Not Applicable</td>
      <td>Child</td>
      <td>100</td>
    </tr>
    <tr>
      <td><a href='https://www.isrctn.com/ISRCTN12684957' target='_blank'><div>ISRCTN12684957</div></a></td>
      <td>Investigating the relationship between movement initiation and beta bursts ...</td>
      <td>Nervous System Diseases</td>
      <td>Adult</td>
      <td>82</td>
    </tr>
    <tr>
      <td><a href='https://www.isrctn.com/ISRCTN15655434' target='_blank'><div>ISRCTN15655434</div></a></td>
      <td>Food labelling and online shopping study</td>
      <td>Not Applicable</td>
      <td>Adult</td>
      <td>1132</td>
    </tr>
    <tr>
      <td><a href='https://www.isrctn.com/ISRCTN12900952' target='_blank'><div>ISRCTN12900952</div></a></td>
      <td>LiFT: Liver fibrosis after low-energy treatment in steatohepatitis</td>
      <td>Digestive System</td>
      <td>Adult</td>
      <td>16</td>
    </tr>
    <tr>
      <td><a href='https://www.isrctn.com/ISRCTN56186994' target='_blank'><div>ISRCTN56186994</div></a></td>
      <td>Investigating the possibility and benefit of closed-loop deep brain stimula...</td>
      <td>Nervous System Diseases</td>
      <td>Adult</td>
      <td>10</td>
    </tr>
    <tr>
      <td><a href='https://www.isrctn.com/ISRCTN12883981' target='_blank'><div>ISRCTN12883981</div></a></td>
      <td>Weight-bearing in ankle fractures</td>
      <td>Musculoskeletal Diseases</td>
      <td>Adult</td>
      <td>436</td>
    </tr>
    <tr>
      <td><a href='https://www.isrctn.com/ISRCTN14859844' target='_blank'><div>ISRCTN14859844</div></a></td>
      <td>Online weight loss</td>
      <td>Nutritional, Metabolic, Endocrine</td>
      <td>Adult</td>
      <td>528</td>
    </tr>
    <tr>
      <td><a href='https://www.isrctn.com/ISRCTN70652461' target='_blank'><div>ISRCTN70652461</div></a></td>
      <td>Sleep and cognition following digital cognitive behavioral therapy for inso...</td>
      <td>Mental and Behavioural Disorders</td>
      <td>Mixed</td>
      <td>60</td>
    </tr>
    <tr>
      <td><a href='https://www.isrctn.com/ISRCTN17308399' target='_blank'><div>ISRCTN17308399</div></a></td>
      <td>The gameChange trial: automated virtual reality therapy to help patients wi...</td>
      <td>Mental and Behavioural Disorders</td>
      <td>Adult</td>
      <td>432</td>
    </tr>
    <tr>
      <td><a href='https://www.isrctn.com/ISRCTN12311645' target='_blank'><div>ISRCTN12311645</div></a></td>
      <td>Extended follow-up of participants in the DROPLET randomised controlled tri...</td>
      <td>Nutritional, Metabolic, Endocrine</td>
      <td>Adult</td>
      <td>272</td>
    </tr>
    <tr>
      <td><a href='https://www.isrctn.com/ISRCTN29838552' target='_blank'><div>ISRCTN29838552</div></a></td>
      <td>Evaluation of a language intervention in Nursery classrooms</td>
      <td>Mental and Behavioural Disorders</td>
      <td>Child</td>
      <td>360</td>
    </tr>
    <tr>
      <td><a href='https://www.isrctn.com/ISRCTN18006597' target='_blank'><div>ISRCTN18006597</div></a></td>
      <td>The effects of sleep restriction therapy for insomnia on sleep-related mela...</td>
      <td>Nervous System Diseases</td>
      <td>Adult</td>
      <td>22</td>
    </tr>
    <tr>
      <td><a href='https://www.isrctn.com/ISRCTN10974094' target='_blank'><div>ISRCTN10974094</div></a></td>
      <td>Mechanisms of Sleep Restriction Therapy in Insomnia</td>
      <td>Nervous System Diseases</td>
      <td>Adult</td>
      <td>56</td>
    </tr>
    <tr>
      <td><a href='https://www.isrctn.com/ISRCTN12765810' target='_blank'><div>ISRCTN12765810</div></a></td>
      <td>Digital cognitive behavioural therapy for anxiety</td>
      <td>Mental and Behavioural Disorders</td>
      <td>Adult</td>
      <td>242</td>
    </tr>
    <tr>
      <td><a href='https://www.isrctn.com/ISRCTN29770908' target='_blank'><div>ISRCTN29770908</div></a></td>
      <td>PEP-TALK: A study investigating whether having group discussions in additio...</td>
      <td>Musculoskeletal Diseases</td>
      <td>Adult</td>
      <td>260</td>
    </tr>
    <tr>
      <td><a href='https://www.isrctn.com/ISRCTN13404264' target='_blank'><div>ISRCTN13404264</div></a></td>
      <td>Support through mobile messaging and digital health technology for diabetes</td>
      <td>Nutritional, Metabolic, Endocrine</td>
      <td>Adult</td>
      <td>212</td>
    </tr>
    <tr>
      <td><a href='https://www.isrctn.com/ISRCTN13837516' target='_blank'><div>ISRCTN13837516</div></a></td>
      <td>The Effects of Sleep Improvement on Emotion Regulation</td>
      <td>Mental and Behavioural Disorders</td>
      <td>Adult</td>
      <td>200</td>
    </tr>
    <tr>
      <td><a href='https://www.isrctn.com/ISRCTN13180635' target='_blank'><div>ISRCTN13180635</div></a></td>
      <td>Evaluating a behavioural intervention to reduce meat consumption</td>
      <td>Nutritional, Metabolic, Endocrine</td>
      <td>Adult</td>
      <td>100</td>
    </tr>
    <tr>
      <td><a href='https://www.isrctn.com/ISRCTN72298614' target='_blank'><div>ISRCTN72298614</div></a></td>
      <td>A brief GP intervention for weight loss: The BWeL-B feasibility trial</td>
      <td>Nutritional, Metabolic, Endocrine</td>
      <td>Adult</td>
      <td>65</td>
    </tr>
    <tr>
      <td><a href='https://www.isrctn.com/ISRCTN42499563' target='_blank'><div>ISRCTN42499563</div></a></td>
      <td>Health professional Administered Brief Insomnia Therapy (HABIT) trial</td>
      <td>Mental and Behavioural Disorders</td>
      <td>Adult</td>
      <td>588</td>
    </tr>
    <tr>
      <td><a href='https://www.isrctn.com/ISRCTN62452621' target='_blank'><div>ISRCTN62452621</div></a></td>
      <td>Dietary Approaches to the Management Of type 2 Diabetes</td>
      <td>Nutritional, Metabolic, Endocrine</td>
      <td>Adult</td>
      <td>38</td>
    </tr>
    <tr>
      <td><a href='https://www.isrctn.com/ISRCTN13729526' target='_blank'><div>ISRCTN13729526</div></a></td>
      <td>The online supermarket study</td>
      <td>Nutritional, Metabolic, Endocrine</td>
      <td>Adult</td>
      <td>1240</td>
    </tr>
    <tr>
      <td><a href='https://www.isrctn.com/ISRCTN16806208' target='_blank'><div>ISRCTN16806208</div></a></td>
      <td>A randomised controlled trial of therapist-assisted online psychological th...</td>
      <td>Mental and Behavioural Disorders</td>
      <td>Adult</td>
      <td>217</td>
    </tr>
    <tr>
      <td><a href='https://www.isrctn.com/ISRCTN59404712' target='_blank'><div>ISRCTN59404712</div></a></td>
      <td>GP/nurse promotion of e-cigarettes in supporting reduced smoking and cessat...</td>
      <td>Mental and Behavioural Disorders</td>
      <td>Adult</td>
      <td>320</td>
    </tr>
    <tr>
      <td><a href='https://www.isrctn.com/ISRCTN11898283' target='_blank'><div>ISRCTN11898283</div></a></td>
      <td>Using virtual reality (VR) to reduce fear of heights</td>
      <td>Mental and Behavioural Disorders</td>
      <td>Adult</td>
      <td>100</td>
    </tr>
    <tr>
      <td><a href='https://www.isrctn.com/ISRCTN14279335' target='_blank'><div>ISRCTN14279335</div></a></td>
      <td>An intervention study to improve food shopping and prevent cardiovascular d...</td>
      <td>Nutritional, Metabolic, Endocrine</td>
      <td>Adult</td>
      <td>112</td>
    </tr>
    <tr>
      <td><a href='https://www.isrctn.com/ISRCTN12674243' target='_blank'><div>ISRCTN12674243</div></a></td>
      <td>Antibiotic Review Kit for Hospitals (ARK-Hospital)</td>
      <td>Infections and Infestations</td>
      <td>Adult</td>
      <td>300</td>
    </tr>
    <tr>
      <td><a href='https://www.isrctn.com/ISRCTN89237370' target='_blank'><div>ISRCTN89237370</div></a></td>
      <td>Defining the impact of improved sleep on cognitive function</td>
      <td>Mental and Behavioural Disorders</td>
      <td>Adult</td>
      <td>404</td>
    </tr>
    <tr>
      <td><a href='https://www.isrctn.com/ISRCTN27154417' target='_blank'><div>ISRCTN27154417</div></a></td>
      <td>Simulation-based arthroscopic surgery study</td>
      <td>Surgery</td>
      <td>Adult</td>
      <td>30</td>
    </tr>
    <tr>
      <td><a href='https://www.isrctn.com/ISRCTN64217625' target='_blank'><div>ISRCTN64217625</div></a></td>
      <td>An evaluation of resilience interventions for emergency workers</td>
      <td>Mental and Behavioural Disorders</td>
      <td>Adult</td>
      <td>50</td>
    </tr>
    <tr>
      <td><a href='https://www.isrctn.com/ISRCTN79407277' target='_blank'><div>ISRCTN79407277</div></a></td>
      <td>A study of Mind's resilience intervention for emergency service workers</td>
      <td>Mental and Behavioural Disorders</td>
      <td>Adult</td>
      <td>430</td>
    </tr>
    <tr>
      <td><a href='https://www.isrctn.com/ISRCTN15819951' target='_blank'><div>ISRCTN15819951</div></a></td>
      <td>Self-help internet tool for social anxiety symptoms</td>
      <td>Mental and Behavioural Disorders</td>
      <td>Adult</td>
      <td>2104</td>
    </tr>
    <tr>
      <td><a href='https://www.isrctn.com/ISRCTN60530898' target='_blank'><div>ISRCTN60530898</div></a></td>
      <td>Digital insomnia therapy to assist your life as well as your sleep</td>
      <td>Nervous System Diseases</td>
      <td>Adult</td>
      <td>1000</td>
    </tr>
    <tr>
      <td><a href='https://www.isrctn.com/ISRCTN18013311' target='_blank'><div>ISRCTN18013311</div></a></td>
      <td>Evaluating how best to train classroom teachers to deliver mindfulness trai...</td>
      <td>Mental and Behavioural Disorders</td>
      <td>Adult</td>
      <td>200</td>
    </tr>
    <tr>
      <td><a href='https://www.isrctn.com/ISRCTN18705064' target='_blank'><div>ISRCTN18705064</div></a></td>
      <td>Psychological support for fears about other people</td>
      <td>Mental and Behavioural Disorders</td>
      <td>Adult</td>
      <td>150</td>
    </tr>
    <tr>
      <td><a href='https://www.isrctn.com/ISRCTN75092026' target='_blank'><div>ISRCTN75092026</div></a></td>
      <td>Doctor referral of overweight people to low energy treatment: the DROPLET t...</td>
      <td>Nutritional, Metabolic, Endocrine</td>
      <td>Adult</td>
      <td>270</td>
    </tr>
    <tr>
      <td><a href='https://www.isrctn.com/ISRCTN58986139' target='_blank'><div>ISRCTN58986139</div></a></td>
      <td>Sleep Matters Trial</td>
      <td>Mental and Behavioural Disorders</td>
      <td>Adult</td>
      <td>85</td>
    </tr>
    <tr>
      <td><a href='https://www.isrctn.com/ISRCTN36848750' target='_blank'><div>ISRCTN36848750</div></a></td>
      <td>Supporting Parents Of Children with Cleft Lip</td>
      <td>Neonatal Diseases</td>
      <td>Mixed</td>
      <td>80</td>
    </tr>
    <tr>
      <td><a href='https://www.isrctn.com/ISRCTN26563137' target='_blank'><div>ISRCTN26563137</div></a></td>
      <td>Brief intervention for weight loss</td>
      <td>Nutritional, Metabolic, Endocrine</td>
      <td>Adult</td>
      <td>1824</td>
    </tr>
    <tr>
      <td><a href='https://www.isrctn.com/ISRCTN97185214' target='_blank'><div>ISRCTN97185214</div></a></td>
      <td>Staying Well After Depression: a randomised trial</td>
      <td>Mental and Behavioural Disorders</td>
      <td>Adult</td>
      <td>300</td>
    </tr>
    <tr>
      <td><a href='https://www.isrctn.com/ISRCTN35706297' target='_blank'><div>ISRCTN35706297</div></a></td>
      <td>A study of position during the late stages of labour in women with an epidu...</td>
      <td>Pregnancy and Childbirth</td>
      <td>Adult</td>
      <td>3000</td>
    </tr>
    <tr>
      <td><a href='https://www.isrctn.com/ISRCTN72460090' target='_blank'><div>ISRCTN72460090</div></a></td>
      <td>TEENSLEEP: Improving educational attainment through delayed school start ti...</td>
      <td>Not Applicable</td>
      <td>Child</td>
      <td>100</td>
    </tr>
    <tr>
      <td><a href='https://www.isrctn.com/ISRCTN91306993' target='_blank'><div>ISRCTN91306993</div></a></td>
      <td>Online Supermarket ‘Salt Swap’</td>
      <td>Circulatory System</td>
      <td>Adult</td>
      <td>900</td>
    </tr>
    <tr>
      <td><a href='https://www.isrctn.com/ISRCTN14148239' target='_blank'><div>ISRCTN14148239</div></a></td>
      <td>People regulating themselves to achieve weight loss (Prevail Trial)</td>
      <td>Nutritional, Metabolic, Endocrine</td>
      <td>Adult</td>
      <td>100</td>
    </tr>
  </tbody>
</table>"
1,-67739.89163464309,6664057.162404566,Royal Surrey County Hospital NHS Foundation Trust,51.2411243,-0.6085178,1.0,1.0,"<table border=""1"" class=""dataframe"">
  <thead>
    <tr style=""text-align: left;"">
      <th>ISRCTN link</th>
      <th>Title</th>
      <th>Condition category</th>
      <th>Age group</th>
      <th>Target number of participants</th>
    </tr>
  </thead>
  <tbody>
    <tr>
      <td><a href='https://www.isrctn.com/ISRCTN18001753' target='_blank'><div>ISRCTN18001753</div></a></td>
      <td>Does an educational film encourage members of the South Asian community to ...</td>
      <td>Infections and Infestations</td>
      <td>Adult</td>
      <td>200</td>
    </tr>
  </tbody>
</table>"
2,-181976.75458703414,7363080.99091819,Newcastle upon Tyne Hospitals NHS Foundation Trust,55.0062592,-1.634725,14.0,17.397385131955605,"<table border=""1"" class=""dataframe"">
  <thead>
    <tr style=""text-align: left;"">
      <th>ISRCTN link</th>
      <th>Title</th>
      <th>Condition category</th>
      <th>Age group</th>
      <th>Target number of participants</th>
    </tr>
  </thead>
  <tbody>
    <tr>
      <td><a href='https://www.isrctn.com/ISRCTN13193281' target='_blank'><div>ISRCTN13193281</div></a></td>
      <td>Does resistance training exercise help prevent frailty and loss of independ...</td>
      <td>Nutritional, Metabolic, Endocrine</td>
      <td>Adult</td>
      <td>60</td>
    </tr>
    <tr>
      <td><a href='https://www.isrctn.com/ISRCTN84326878' target='_blank'><div>ISRCTN84326878</div></a></td>
      <td>Working collaboratively with staff to develop initiatives to help mitigate ...</td>
      <td>Not Applicable</td>
      <td>Adult</td>
      <td>30</td>
    </tr>
    <tr>
      <td><a href='https://www.isrctn.com/ISRCTN45337422' target='_blank'><div>ISRCTN45337422</div></a></td>
      <td>Leg strengthening exercise to improve standing blood pressure response duri...</td>
      <td>Circulatory System</td>
      <td>Senior</td>
      <td>10</td>
    </tr>
    <tr>
      <td><a href='https://www.isrctn.com/ISRCTN93410321' target='_blank'><div>ISRCTN93410321</div></a></td>
      <td>Does the presence or absence of the gene for PNPLA3 affect response to a ch...</td>
      <td>Digestive System</td>
      <td>Adult</td>
      <td>60</td>
    </tr>
    <tr>
      <td><a href='https://www.isrctn.com/ISRCTN85177264' target='_blank'><div>ISRCTN85177264</div></a></td>
      <td>Is a very low calorie diet an acceptable therapy to achieve a target weight...</td>
      <td>Digestive System</td>
      <td>Adult</td>
      <td>30</td>
    </tr>
    <tr>
      <td><a href='https://www.isrctn.com/ISRCTN15177113' target='_blank'><div>ISRCTN15177113</div></a></td>
      <td>Reversal of type 2 diabetes by weight loss then maintenance of a steady wei...</td>
      <td>Nutritional, Metabolic, Endocrine</td>
      <td>Adult</td>
      <td>41</td>
    </tr>
    <tr>
      <td><a href='https://www.isrctn.com/ISRCTN13217913' target='_blank'><div>ISRCTN13217913</div></a></td>
      <td>Improving Parkinson's related overactive bladder</td>
      <td>Nervous System Diseases</td>
      <td>Adult</td>
      <td>144</td>
    </tr>
    <tr>
      <td><a href='https://www.isrctn.com/ISRCTN17505466' target='_blank'><div>ISRCTN17505466</div></a></td>
      <td>WEight Loss Looking for Baby And mum's BEtter outcomes (WELLBABE)</td>
      <td>Pregnancy and Childbirth</td>
      <td>Adult</td>
      <td>16</td>
    </tr>
    <tr>
      <td><a href='https://www.isrctn.com/ISRCTN10363786' target='_blank'><div>ISRCTN10363786</div></a></td>
      <td>Home monitoring in encephalopathy</td>
      <td>Nutritional, Metabolic, Endocrine</td>
      <td>Adult</td>
      <td>20</td>
    </tr>
    <tr>
      <td><a href='https://www.isrctn.com/ISRCTN16070927' target='_blank'><div>ISRCTN16070927</div></a></td>
      <td>Exercise and non-alcoholic steatohepatitis</td>
      <td>Nutritional, Metabolic, Endocrine</td>
      <td>Adult</td>
      <td>28</td>
    </tr>
    <tr>
      <td><a href='https://www.isrctn.com/ISRCTN78698481' target='_blank'><div>ISRCTN78698481</div></a></td>
      <td>High Intensity Exercise Training in Type 2 Diabetes</td>
      <td>Nutritional, Metabolic, Endocrine</td>
      <td>Adult</td>
      <td>28</td>
    </tr>
    <tr>
      <td><a href='https://www.isrctn.com/ISRCTN14582348' target='_blank'><div>ISRCTN14582348</div></a></td>
      <td>Movement as medicine for cardiovascular disease prevention</td>
      <td>Circulatory System</td>
      <td>Adult</td>
      <td>200</td>
    </tr>
    <tr>
      <td><a href='https://www.isrctn.com/ISRCTN88634530' target='_blank'><div>ISRCTN88634530</div></a></td>
      <td>Investigating the limits of reversibility of type 2 diabetes</td>
      <td>Nutritional, Metabolic, Endocrine</td>
      <td>Adult</td>
      <td>34</td>
    </tr>
    <tr>
      <td><a href='https://www.isrctn.com/ISRCTN20436833' target='_blank'><div>ISRCTN20436833</div></a></td>
      <td>Extra physiotherapy in critical care: intensive versus standard physical re...</td>
      <td>Not Applicable</td>
      <td>Adult</td>
      <td>308</td>
    </tr>
  </tbody>
</table>"
4,-14921.27567787947,6714611.999375625,University College London,51.52455920000001,-0.1340401,44.0,24.512492185517644,"<table border=""1"" class=""dataframe"">
  <thead>
    <tr style=""text-align: left;"">
      <th>ISRCTN link</th>
      <th>Title</th>
      <th>Condition category</th>
      <th>Age group</th>
      <th>Target number of participants</th>
    </tr>
  </thead>
  <tbody>
    <tr>
      <td><a href='https://www.isrctn.com/ISRCTN11634296' target='_blank'><div>ISRCTN11634296</div></a></td>
      <td>Assessing the sexual consequences of focal therapy for localised prostate c...</td>
      <td>Cancer</td>
      <td>Adult</td>
      <td>50</td>
    </tr>
    <tr>
      <td><a href='https://www.isrctn.com/ISRCTN15757555' target='_blank'><div>ISRCTN15757555</div></a></td>
      <td>Feasibility of the NIDUS-professional home carer training intervention</td>
      <td>Mental and Behavioural Disorders</td>
      <td>Mixed</td>
      <td>244</td>
    </tr>
    <tr>
      <td><a href='https://www.isrctn.com/ISRCTN64052601' target='_blank'><div>ISRCTN64052601</div></a></td>
      <td>Evaluating the effectiveness of the smartphone app Drink Less for the reduc...</td>
      <td>Mental and Behavioural Disorders</td>
      <td>Adult</td>
      <td>5562</td>
    </tr>
    <tr>
      <td><a href='https://www.isrctn.com/ISRCTN54268283' target='_blank'><div>ISRCTN54268283</div></a></td>
      <td>Enabling health and maintaining independence for older people at home: the ...</td>
      <td>Not Applicable</td>
      <td>Senior</td>
      <td>386</td>
    </tr>
    <tr>
      <td><a href='https://www.isrctn.com/ISRCTN10276613' target='_blank'><div>ISRCTN10276613</div></a></td>
      <td>Improving the oral health of older people in care homes</td>
      <td>Oral Health</td>
      <td>Senior</td>
      <td>120</td>
    </tr>
    <tr>
      <td><a href='https://www.isrctn.com/ISRCTN47591507' target='_blank'><div>ISRCTN47591507</div></a></td>
      <td>Treating auditory impairment and cognition pilot trial</td>
      <td>Nervous System Diseases</td>
      <td>Mixed</td>
      <td>76</td>
    </tr>
    <tr>
      <td><a href='https://www.isrctn.com/ISRCTN11425138' target='_blank'><div>ISRCTN11425138</div></a></td>
      <td>Testing a new psychological intervention to support independence at home fo...</td>
      <td>Mental and Behavioural Disorders</td>
      <td>Mixed</td>
      <td>594</td>
    </tr>
    <tr>
      <td><a href='https://www.isrctn.com/ISRCTN15113095' target='_blank'><div>ISRCTN15113095</div></a></td>
      <td>Understanding anxiety and attendance in cervical screening</td>
      <td>Cancer</td>
      <td>Adult</td>
      <td>300</td>
    </tr>
    <tr>
      <td><a href='https://www.isrctn.com/ISRCTN99460116' target='_blank'><div>ISRCTN99460116</div></a></td>
      <td>Feasibility of the NIDUS-family intervention for independence at home</td>
      <td>Mental and Behavioural Disorders</td>
      <td>Adult</td>
      <td>30</td>
    </tr>
    <tr>
      <td><a href='https://www.isrctn.com/ISRCTN11910433' target='_blank'><div>ISRCTN11910433</div></a></td>
      <td>Causes, mechanisms and consequences of binge eating: Understanding maladapt...</td>
      <td>Mental and Behavioural Disorders</td>
      <td>Adult</td>
      <td>90</td>
    </tr>
    <tr>
      <td><a href='https://www.isrctn.com/ISRCTN13262256' target='_blank'><div>ISRCTN13262256</div></a></td>
      <td>Causes, mechanisms and consequences of binge eating: understanding maladapt...</td>
      <td>Not Applicable</td>
      <td>Adult</td>
      <td>90</td>
    </tr>
    <tr>
      <td><a href='https://www.isrctn.com/ISRCTN15194500' target='_blank'><div>ISRCTN15194500</div></a></td>
      <td>Evaluation of the 'Strengthening Families, Strengthening Communities' paren...</td>
      <td>Mental and Behavioural Disorders</td>
      <td>Adult</td>
      <td>676</td>
    </tr>
    <tr>
      <td><a href='https://www.isrctn.com/ISRCTN15875290' target='_blank'><div>ISRCTN15875290</div></a></td>
      <td>PERCEPT - myeloma transplant prehab study</td>
      <td>Cancer</td>
      <td>Adult</td>
      <td>75</td>
    </tr>
    <tr>
      <td><a href='https://www.isrctn.com/ISRCTN17213032' target='_blank'><div>ISRCTN17213032</div></a></td>
      <td>Can adolescent emotion regulation be improved with an app-based training?</td>
      <td>Mental and Behavioural Disorders</td>
      <td>Other</td>
      <td>200</td>
    </tr>
    <tr>
      <td><a href='https://www.isrctn.com/ISRCTN70438411' target='_blank'><div>ISRCTN70438411</div></a></td>
      <td>An online study to change perceptions of asthma and asthma medication in ad...</td>
      <td>Respiratory</td>
      <td>Adult</td>
      <td>733</td>
    </tr>
    <tr>
      <td><a href='https://www.isrctn.com/ISRCTN17631228' target='_blank'><div>ISRCTN17631228</div></a></td>
      <td>Promoting mental health and wellbeing in schools: examining Youth Aware of ...</td>
      <td>Mental and Behavioural Disorders</td>
      <td>Child</td>
      <td>8640</td>
    </tr>
    <tr>
      <td><a href='https://www.isrctn.com/ISRCTN16386254' target='_blank'><div>ISRCTN16386254</div></a></td>
      <td>Promoting mental wellbeing in schools using mindfulness, relaxation and str...</td>
      <td>Mental and Behavioural Disorders</td>
      <td>Mixed</td>
      <td>17600</td>
    </tr>
    <tr>
      <td><a href='https://www.isrctn.com/ISRCTN10148247' target='_blank'><div>ISRCTN10148247</div></a></td>
      <td>Better Conversations with Primary Progressive Aphasia (BCPPA)</td>
      <td>Mental and Behavioural Disorders</td>
      <td>Adult</td>
      <td>42</td>
    </tr>
    <tr>
      <td><a href='https://www.isrctn.com/ISRCTN67269658' target='_blank'><div>ISRCTN67269658</div></a></td>
      <td>Encouraging access for South Asians to timely dementia diagnosis</td>
      <td>Mental and Behavioural Disorders</td>
      <td>Adult</td>
      <td>80</td>
    </tr>
    <tr>
      <td><a href='https://www.isrctn.com/ISRCTN18374094' target='_blank'><div>ISRCTN18374094</div></a></td>
      <td>Supporting foster carers to improve mental health outcomes of young childre...</td>
      <td>Mental and Behavioural Disorders</td>
      <td>Mixed</td>
      <td>46</td>
    </tr>
    <tr>
      <td><a href='https://www.isrctn.com/ISRCTN56753033' target='_blank'><div>ISRCTN56753033</div></a></td>
      <td>Intervention to test the feasibility and effectiveness of sweetness prefere...</td>
      <td>Nutritional, Metabolic, Endocrine</td>
      <td>Adult</td>
      <td>90</td>
    </tr>
    <tr>
      <td><a href='https://www.isrctn.com/ISRCTN72136061' target='_blank'><div>ISRCTN72136061</div></a></td>
      <td>Does offering girls a reward increase the number of vaccination consent for...</td>
      <td>Infections and Infestations</td>
      <td>Mixed</td>
      <td>600</td>
    </tr>
    <tr>
      <td><a href='https://www.isrctn.com/ISRCTN17371456' target='_blank'><div>ISRCTN17371456</div></a></td>
      <td>Protect after depression: a randomised pilot trial of a new wellbeing cours...</td>
      <td>Mental and Behavioural Disorders</td>
      <td>Adult</td>
      <td>130</td>
    </tr>
    <tr>
      <td><a href='https://www.isrctn.com/ISRCTN58368696' target='_blank'><div>ISRCTN58368696</div></a></td>
      <td>The DECIDE study: dementia carers making informed decisions</td>
      <td>Mental and Behavioural Disorders</td>
      <td>Adult</td>
      <td>40</td>
    </tr>
    <tr>
      <td><a href='https://www.isrctn.com/ISRCTN15997240' target='_blank'><div>ISRCTN15997240</div></a></td>
      <td>Content and delivery modes of prompts to engage users with a digital interv...</td>
      <td>Nutritional, Metabolic, Endocrine</td>
      <td>Adult</td>
      <td>279</td>
    </tr>
    <tr>
      <td><a href='https://www.isrctn.com/ISRCTN40104069' target='_blank'><div>ISRCTN40104069</div></a></td>
      <td>Evaluating the effectiveness of a smartphone app to reduce alcohol consumpt...</td>
      <td>Mental and Behavioural Disorders</td>
      <td>Adult</td>
      <td>672</td>
    </tr>
    <tr>
      <td><a href='https://www.isrctn.com/ISRCTN75503960' target='_blank'><div>ISRCTN75503960</div></a></td>
      <td>IDEA: Intervention to prevent depressive symptoms and promote well-being in...</td>
      <td>Mental and Behavioural Disorders</td>
      <td>Adult</td>
      <td>60</td>
    </tr>
    <tr>
      <td><a href='https://www.isrctn.com/ISRCTN70904476' target='_blank'><div>ISRCTN70904476</div></a></td>
      <td>Primary care based text-reminders in colorectal cancer screening</td>
      <td>Cancer</td>
      <td>Adult</td>
      <td>3118</td>
    </tr>
    <tr>
      <td><a href='https://www.isrctn.com/ISRCTN16738765' target='_blank'><div>ISRCTN16738765</div></a></td>
      <td>Feasibility of a trial of risk reduction in sexual health clinics</td>
      <td>Infections and Infestations</td>
      <td>Adult</td>
      <td>16000</td>
    </tr>
    <tr>
      <td><a href='https://www.isrctn.com/ISRCTN38480455' target='_blank'><div>ISRCTN38480455</div></a></td>
      <td>Multiple myeloma lifestyle study</td>
      <td>Cancer</td>
      <td>Adult</td>
      <td>138</td>
    </tr>
    <tr>
      <td><a href='https://www.isrctn.com/ISRCTN15366380' target='_blank'><div>ISRCTN15366380</div></a></td>
      <td>The effect of using emotive language in information about over-diagnosis in...</td>
      <td>Cancer</td>
      <td>Adult</td>
      <td>600</td>
    </tr>
    <tr>
      <td><a href='https://www.isrctn.com/ISRCTN12010952' target='_blank'><div>ISRCTN12010952</div></a></td>
      <td>Developing a stepped approach to improving sexual function after treatment ...</td>
      <td>Cancer</td>
      <td>Adult</td>
      <td>100</td>
    </tr>
    <tr>
      <td><a href='https://www.isrctn.com/ISRCTN48627877' target='_blank'><div>ISRCTN48627877</div></a></td>
      <td>How does giving a little vs. a lot of information about screening for ovari...</td>
      <td>Cancer</td>
      <td>Adult</td>
      <td>600</td>
    </tr>
    <tr>
      <td><a href='https://www.isrctn.com/ISRCTN32309003' target='_blank'><div>ISRCTN32309003</div></a></td>
      <td>Mentalization-based therapy (MBT) for individuals with antisocial personali...</td>
      <td>Mental and Behavioural Disorders</td>
      <td>Adult</td>
      <td>302</td>
    </tr>
    <tr>
      <td><a href='https://www.isrctn.com/ISRCTN33423896' target='_blank'><div>ISRCTN33423896</div></a></td>
      <td>Study of effectiveness of a smartphone app for stopping smoking focused on ...</td>
      <td>Mental and Behavioural Disorders</td>
      <td>Adult</td>
      <td>1186</td>
    </tr>
    <tr>
      <td><a href='https://www.isrctn.com/ISRCTN47901994' target='_blank'><div>ISRCTN47901994</div></a></td>
      <td>Increasing physical activity in older adults</td>
      <td>Mental and Behavioural Disorders</td>
      <td>Senior</td>
      <td>120</td>
    </tr>
    <tr>
      <td><a href='https://www.isrctn.com/ISRCTN35702367' target='_blank'><div>ISRCTN35702367</div></a></td>
      <td>INTERCEPT-C: weight loss and colorectal cancer risk</td>
      <td>Cancer</td>
      <td>Adult</td>
      <td>20</td>
    </tr>
    <tr>
      <td><a href='https://www.isrctn.com/ISRCTN50658915' target='_blank'><div>ISRCTN50658915</div></a></td>
      <td>Health on the Web study: a workplace study of online feedback for a healthy...</td>
      <td>Mental and Behavioural Disorders</td>
      <td>Adult</td>
      <td>1840</td>
    </tr>
    <tr>
      <td><a href='https://www.isrctn.com/ISRCTN65246961' target='_blank'><div>ISRCTN65246961</div></a></td>
      <td>The Feedback Intervention Trial (FIT) - improving hand hygiene compliance i...</td>
      <td>Infections and Infestations</td>
      <td>Adult</td>
      <td>0</td>
    </tr>
    <tr>
      <td><a href='https://www.isrctn.com/ISRCTN16347068' target='_blank'><div>ISRCTN16347068</div></a></td>
      <td>Habit-based advice for weight control in general practice</td>
      <td>Nutritional, Metabolic, Endocrine</td>
      <td>Adult</td>
      <td>520</td>
    </tr>
    <tr>
      <td><a href='https://www.isrctn.com/ISRCTN76561916' target='_blank'><div>ISRCTN76561916</div></a></td>
      <td>Increasing use of smoking cessation services with risk information and tast...</td>
      <td>Mental and Behavioural Disorders</td>
      <td>Adult</td>
      <td>2520</td>
    </tr>
    <tr>
      <td><a href='https://www.isrctn.com/ISRCTN43453770' target='_blank'><div>ISRCTN43453770</div></a></td>
      <td>Promoting physical activity in people aged 65+</td>
      <td>Injury, Occupational Diseases, Poisoning</td>
      <td>Senior</td>
      <td>1200</td>
    </tr>
    <tr>
      <td><a href='https://www.isrctn.com/ISRCTN10548241' target='_blank'><div>ISRCTN10548241</div></a></td>
      <td>Study of effectiveness of a smartphone application for quitting smoking.</td>
      <td>Mental and Behavioural Disorders</td>
      <td>Other</td>
      <td>816</td>
    </tr>
    <tr>
      <td><a href='https://www.isrctn.com/ISRCTN31789096' target='_blank'><div>ISRCTN31789096</div></a></td>
      <td>Randomised controlled feasibility trial of a web-based alcohol treatment pr...</td>
      <td>Mental and Behavioural Disorders</td>
      <td>Adult</td>
      <td>200</td>
    </tr>
  </tbody>
</table>"
5,-19154.466482071603,6719549.4513150705,Royal Free London NHS Foundation Trust,51.5521469,-0.1720675,1.0,1.0,"<table border=""1"" class=""dataframe"">
  <thead>
    <tr style=""text-align: left;"">
      <th>ISRCTN link</th>
      <th>Title</th>
      <th>Condition category</th>
      <th>Age group</th>
      <th>Target number of participants</th>
    </tr>
  </thead>
  <tbody>
    <tr>
      <td><a href='https://www.isrctn.com/ISRCTN31789096' target='_blank'><div>ISRCTN31789096</div></a></td>
      <td>Randomised controlled feasibility trial of a web-based alcohol treatment pr...</td>
      <td>Mental and Behavioural Disorders</td>
      <td>Adult</td>
      <td>200</td>
    </tr>
  </tbody>
</table>"
6,-10384.895108562778,6710496.065767298,Unmind Ltd,51.5015489,-0.0932891,1.0,1.0,"<table border=""1"" class=""dataframe"">
  <thead>
    <tr style=""text-align: left;"">
      <th>ISRCTN link</th>
      <th>Title</th>
      <th>Condition category</th>
      <th>Age group</th>
      <th>Target number of participants</th>
    </tr>
  </thead>
  <tbody>
    <tr>
      <td><a href='https://www.isrctn.com/ISRCTN80309011' target='_blank'><div>ISRCTN80309011</div></a></td>
      <td>Brief use of the Unmind digital mental health platform</td>
      <td>Mental and Behavioural Disorders</td>
      <td>Adult</td>
      <td>400</td>
    </tr>
  </tbody>
</table>"
7,-173105.45946283842,7133628.765905515,University of Leeds,53.8066815,-1.5550328,12.0,16.439593106327717,"<table border=""1"" class=""dataframe"">
  <thead>
    <tr style=""text-align: left;"">
      <th>ISRCTN link</th>
      <th>Title</th>
      <th>Condition category</th>
      <th>Age group</th>
      <th>Target number of participants</th>
    </tr>
  </thead>
  <tbody>
    <tr>
      <td><a href='https://www.isrctn.com/ISRCTN12027752' target='_blank'><div>ISRCTN12027752</div></a></td>
      <td>The Yorkshire Cancer Research ACTION pilot trial of Acceptance and Commitme...</td>
      <td>Cancer</td>
      <td>Adult</td>
      <td>80</td>
    </tr>
    <tr>
      <td><a href='https://www.isrctn.com/ISRCTN40249947' target='_blank'><div>ISRCTN40249947</div></a></td>
      <td>Does the 'Flavour School' sensory food education programme increase 4-7 yea...</td>
      <td>Nutritional, Metabolic, Endocrine</td>
      <td>Child</td>
      <td>320</td>
    </tr>
    <tr>
      <td><a href='https://www.isrctn.com/ISRCTN18208347' target='_blank'><div>ISRCTN18208347</div></a></td>
      <td>Exploring how sexual assault referral centres (SARCs) provide services for ...</td>
      <td>Mental and Behavioural Disorders</td>
      <td>Adult</td>
      <td>432</td>
    </tr>
    <tr>
      <td><a href='https://www.isrctn.com/ISRCTN17194896' target='_blank'><div>ISRCTN17194896</div></a></td>
      <td>A package to support the management of urinary leakage in older women</td>
      <td>Urological and Genital Diseases</td>
      <td>Senior</td>
      <td>50</td>
    </tr>
    <tr>
      <td><a href='https://www.isrctn.com/ISRCTN10709150' target='_blank'><div>ISRCTN10709150</div></a></td>
      <td>An oral health intervention delivered by dental teams to parents of young c...</td>
      <td>Oral Health</td>
      <td>Child</td>
      <td>40</td>
    </tr>
    <tr>
      <td><a href='https://www.isrctn.com/ISRCTN29599982' target='_blank'><div>ISRCTN29599982</div></a></td>
      <td>An Acceptance and Commitment Therapy-based workplace intervention for impro...</td>
      <td>Injury, Occupational Diseases, Poisoning</td>
      <td>Adult</td>
      <td>140</td>
    </tr>
    <tr>
      <td><a href='https://www.isrctn.com/ISRCTN41584028' target='_blank'><div>ISRCTN41584028</div></a></td>
      <td>Optimising the outputs of National Clinical Audits to support organisations...</td>
      <td>Not Applicable</td>
      <td>Adult</td>
      <td>500</td>
    </tr>
    <tr>
      <td><a href='https://www.isrctn.com/ISRCTN88405328' target='_blank'><div>ISRCTN88405328</div></a></td>
      <td>Evidence-based information and communications technology tools for weight l...</td>
      <td>Not Applicable</td>
      <td>Adult</td>
      <td>1600</td>
    </tr>
    <tr>
      <td><a href='https://www.isrctn.com/ISRCTN13972919' target='_blank'><div>ISRCTN13972919</div></a></td>
      <td>The effect of monetary deposits on weight loss, specifically the effect of ...</td>
      <td>Nutritional, Metabolic, Endocrine</td>
      <td>Adult</td>
      <td>48</td>
    </tr>
    <tr>
      <td><a href='https://www.isrctn.com/ISRCTN18152896' target='_blank'><div>ISRCTN18152896</div></a></td>
      <td>Question behavior effect and influenza vaccination behaviour in health prof...</td>
      <td>Respiratory</td>
      <td>Adult</td>
      <td>1758</td>
    </tr>
    <tr>
      <td><a href='https://www.isrctn.com/ISRCTN16437731' target='_blank'><div>ISRCTN16437731</div></a></td>
      <td>Question-behavior effect and flu vaccination in the over 65s</td>
      <td>Respiratory</td>
      <td>Senior</td>
      <td>13452</td>
    </tr>
    <tr>
      <td><a href='https://www.isrctn.com/ISRCTN41781196' target='_blank'><div>ISRCTN41781196</div></a></td>
      <td>A study to find out the best way to help people to change their lifestyle a...</td>
      <td>Circulatory System</td>
      <td>Adult</td>
      <td>120</td>
    </tr>
  </tbody>
</table>"
8,-12564.586398040472,6712287.80104109,British American Tobacco (United Kingdom),51.5115671,-0.1128696,1.0,1.0,"<table border=""1"" class=""dataframe"">
  <thead>
    <tr style=""text-align: left;"">
      <th>ISRCTN link</th>
      <th>Title</th>
      <th>Condition category</th>
      <th>Age group</th>
      <th>Target number of participants</th>
    </tr>
  </thead>
  <tbody>
    <tr>
      <td><a href='https://www.isrctn.com/ISRCTN80651909' target='_blank'><div>ISRCTN80651909</div></a></td>
      <td>A study to examine changes in exposure to cigarette smoke chemicals when a ...</td>
      <td>Not Applicable</td>
      <td>Adult</td>
      <td>150</td>
    </tr>
  </tbody>
</table>"
10,-125193.51722956625,6913224.121171489,University of Leicester,52.6211393,-1.1246325,10.0,15.306765580733934,"<table border=""1"" class=""dataframe"">
  <thead>
    <tr style=""text-align: left;"">
      <th>ISRCTN link</th>
      <th>Title</th>
      <th>Condition category</th>
      <th>Age group</th>
      <th>Target number of participants</th>
    </tr>
  </thead>
  <tbody>
    <tr>
      <td><a href='https://www.isrctn.com/ISRCTN63494266' target='_blank'><div>ISRCTN63494266</div></a></td>
      <td>Personalised advice for breaking up prolonged sitting in people with type 2...</td>
      <td>Nutritional, Metabolic, Endocrine</td>
      <td>Adult</td>
      <td>25</td>
    </tr>
    <tr>
      <td><a href='https://www.isrctn.com/ISRCTN18314195' target='_blank'><div>ISRCTN18314195</div></a></td>
      <td>Online education self-management programme in people with kidney disease</td>
      <td>Urological and Genital Diseases</td>
      <td>Adult</td>
      <td>432</td>
    </tr>
    <tr>
      <td><a href='https://www.isrctn.com/ISRCTN93993995' target='_blank'><div>ISRCTN93993995</div></a></td>
      <td>Improving the heart health of individuals with abdominal aortic aneurysms: ...</td>
      <td>Circulatory System</td>
      <td>Adult</td>
      <td>45</td>
    </tr>
    <tr>
      <td><a href='https://www.isrctn.com/ISRCTN88437683' target='_blank'><div>ISRCTN88437683</div></a></td>
      <td>Effect of physical exercise on adults with type 2 diabetes and low physical...</td>
      <td>Nutritional, Metabolic, Endocrine</td>
      <td>Adult</td>
      <td>40</td>
    </tr>
    <tr>
      <td><a href='https://www.isrctn.com/ISRCTN16000053' target='_blank'><div>ISRCTN16000053</div></a></td>
      <td>The health impacts of seated arm ergometry training in diabetic foot ulcer ...</td>
      <td>Nutritional, Metabolic, Endocrine</td>
      <td>Adult</td>
      <td>60</td>
    </tr>
    <tr>
      <td><a href='https://www.isrctn.com/ISRCTN11618007' target='_blank'><div>ISRCTN11618007</div></a></td>
      <td>The effectiveness of the SMArT Work & Life intervention for reducing sittin...</td>
      <td>Not Applicable</td>
      <td>Adult</td>
      <td>660</td>
    </tr>
    <tr>
      <td><a href='https://www.isrctn.com/ISRCTN11299707' target='_blank'><div>ISRCTN11299707</div></a></td>
      <td>Improving cardiovascular health in dialysis patients using a structured pro...</td>
      <td>Urological and Genital Diseases</td>
      <td>Adult</td>
      <td>130</td>
    </tr>
    <tr>
      <td><a href='https://www.isrctn.com/ISRCTN17240262' target='_blank'><div>ISRCTN17240262</div></a></td>
      <td>Effect of a 12 week supervised exercise programme 12–24 months after weight...</td>
      <td>Digestive System</td>
      <td>Adult</td>
      <td>52</td>
    </tr>
    <tr>
      <td><a href='https://www.isrctn.com/ISRCTN10688342' target='_blank'><div>ISRCTN10688342</div></a></td>
      <td>Investigation of the effectiveness and cost-effectiveness of the 'Girls Act...</td>
      <td>Not Applicable</td>
      <td>Child</td>
      <td>1600</td>
    </tr>
    <tr>
      <td><a href='https://www.isrctn.com/ISRCTN71467886' target='_blank'><div>ISRCTN71467886</div></a></td>
      <td>DESMOND (Diabetes Education and Self Management for Ongoing and Newly Diagn...</td>
      <td>Nutritional, Metabolic, Endocrine</td>
      <td>Adult</td>
      <td>532</td>
    </tr>
  </tbody>
</table>"
11,-214903.77978954036,6882052.998582191,University of Birmingham,52.4508168,-1.9305135,18.0,18.958889470453634,"<table border=""1"" class=""dataframe"">
  <thead>
    <tr style=""text-align: left;"">
      <th>ISRCTN link</th>
      <th>Title</th>
      <th>Condition category</th>
      <th>Age group</th>
      <th>Target number of participants</th>
    </tr>
  </thead>
  <tbody>
    <tr>
      <td><a href='https://www.isrctn.com/ISRCTN14244302' target='_blank'><div>ISRCTN14244302</div></a></td>
      <td>Mental health and interaction training for student health care professional...</td>
      <td>Mental and Behavioural Disorders</td>
      <td>Adult</td>
      <td>280</td>
    </tr>
    <tr>
      <td><a href='https://www.isrctn.com/ISRCTN17864031' target='_blank'><div>ISRCTN17864031</div></a></td>
      <td>Combined arm cycling and standard exercise training for improving trunk fun...</td>
      <td>Injury, Occupational Diseases, Poisoning</td>
      <td>Adult</td>
      <td>30</td>
    </tr>
    <tr>
      <td><a href='https://www.isrctn.com/ISRCTN11016312' target='_blank'><div>ISRCTN11016312</div></a></td>
      <td>Activity to reduce obstructive sleep apnoea</td>
      <td>Nervous System Diseases</td>
      <td>Adult</td>
      <td>10</td>
    </tr>
    <tr>
      <td><a href='https://www.isrctn.com/ISRCTN13368968' target='_blank'><div>ISRCTN13368968</div></a></td>
      <td>Testing a psychological training intervention for physiotherapy students; a...</td>
      <td>Not Applicable</td>
      <td>Adult</td>
      <td>24</td>
    </tr>
    <tr>
      <td><a href='https://www.isrctn.com/ISRCTN54638034' target='_blank'><div>ISRCTN54638034</div></a></td>
      <td>Communicating cardiovascular disease risk in UK primary care</td>
      <td>Circulatory System</td>
      <td>Mixed</td>
      <td>60</td>
    </tr>
    <tr>
      <td><a href='https://www.isrctn.com/ISRCTN12209332' target='_blank'><div>ISRCTN12209332</div></a></td>
      <td>Post natal weight loss study</td>
      <td>Nutritional, Metabolic, Endocrine</td>
      <td>Adult</td>
      <td>80</td>
    </tr>
    <tr>
      <td><a href='https://www.isrctn.com/ISRCTN14760978' target='_blank'><div>ISRCTN14760978</div></a></td>
      <td>ABA infant feeding study</td>
      <td>Pregnancy and Childbirth</td>
      <td>Adult</td>
      <td>100</td>
    </tr>
    <tr>
      <td><a href='https://www.isrctn.com/ISRCTN16724454' target='_blank'><div>ISRCTN16724454</div></a></td>
      <td>Healthy Dads, Healthy Kids UK: delivering a culturally adapted lifestyle pr...</td>
      <td>Nutritional, Metabolic, Endocrine</td>
      <td>Mixed</td>
      <td>240</td>
    </tr>
    <tr>
      <td><a href='https://www.isrctn.com/ISRCTN12698269' target='_blank'><div>ISRCTN12698269</div></a></td>
      <td>Effectiveness of the run-a-mile intervention</td>
      <td>Nutritional, Metabolic, Endocrine</td>
      <td>Child</td>
      <td>2400</td>
    </tr>
    <tr>
      <td><a href='https://www.isrctn.com/ISRCTN15071781' target='_blank'><div>ISRCTN15071781</div></a></td>
      <td>Winter Weight Watch Study: Efficacy of a brief public health intervention t...</td>
      <td>Nutritional, Metabolic, Endocrine</td>
      <td>Adult</td>
      <td>284</td>
    </tr>
    <tr>
      <td><a href='https://www.isrctn.com/ISRCTN10460064' target='_blank'><div>ISRCTN10460064</div></a></td>
      <td>Feasibility of a brief weight loss intervention for women following childbi...</td>
      <td>Nutritional, Metabolic, Endocrine</td>
      <td>Adult</td>
      <td>80</td>
    </tr>
    <tr>
      <td><a href='https://www.isrctn.com/ISRCTN67427351' target='_blank'><div>ISRCTN67427351</div></a></td>
      <td>Effectiveness of regular weighing and feedback by community midwives in pre...</td>
      <td>Pregnancy and Childbirth</td>
      <td>Adult</td>
      <td>490</td>
    </tr>
    <tr>
      <td><a href='https://www.isrctn.com/ISRCTN52341938' target='_blank'><div>ISRCTN52341938</div></a></td>
      <td>Lighten Up weight maintenance study</td>
      <td>Nutritional, Metabolic, Endocrine</td>
      <td>Adult</td>
      <td>560</td>
    </tr>
    <tr>
      <td><a href='https://www.isrctn.com/ISRCTN32090191' target='_blank'><div>ISRCTN32090191</div></a></td>
      <td>Best Foods For your heart trial: dietary intervention to reduce cardiovascu...</td>
      <td>Infections and Infestations</td>
      <td>Adult</td>
      <td>60</td>
    </tr>
    <tr>
      <td><a href='https://www.isrctn.com/ISRCTN33808269' target='_blank'><div>ISRCTN33808269</div></a></td>
      <td>QUeen Elizabeth physiotherapy post lumbar discectomy STudy: a pilot and fea...</td>
      <td>Surgery</td>
      <td>Adult</td>
      <td>70</td>
    </tr>
    <tr>
      <td><a href='https://www.isrctn.com/ISRCTN04121489' target='_blank'><div>ISRCTN04121489</div></a></td>
      <td>Exercise, cardiovascular disease and rheumatoid arthritis</td>
      <td>Musculoskeletal Diseases</td>
      <td>Adult</td>
      <td>100</td>
    </tr>
    <tr>
      <td><a href='https://www.isrctn.com/ISRCTN81605162' target='_blank'><div>ISRCTN81605162</div></a></td>
      <td>Preventing excessive weight gain in pregnant women</td>
      <td>Pregnancy and Childbirth</td>
      <td>Adult</td>
      <td>90</td>
    </tr>
    <tr>
      <td><a href='https://www.isrctn.com/ISRCTN97000586' target='_blank'><div>ISRCTN97000586</div></a></td>
      <td>A study to assess the effectiveness and value for money of a programme to p...</td>
      <td>Nutritional, Metabolic, Endocrine</td>
      <td>Child</td>
      <td>1922</td>
    </tr>
  </tbody>
</table>"
12,-132804.10798857908,6971867.107989617,University of Nottingham,52.93978269999999,-1.1929996,12.0,16.439593106327717,"<table border=""1"" class=""dataframe"">
  <thead>
    <tr style=""text-align: left;"">
      <th>ISRCTN link</th>
      <th>Title</th>
      <th>Condition category</th>
      <th>Age group</th>
      <th>Target number of participants</th>
    </tr>
  </thead>
  <tbody>
    <tr>
      <td><a href='https://www.isrctn.com/ISRCTN31210493' target='_blank'><div>ISRCTN31210493</div></a></td>
      <td>SOSA: Stay one step ahead implementation study</td>
      <td>Injury, Occupational Diseases, Poisoning</td>
      <td>Adult</td>
      <td>1000</td>
    </tr>
    <tr>
      <td><a href='https://www.isrctn.com/ISRCTN11288961' target='_blank'><div>ISRCTN11288961</div></a></td>
      <td>Promoting independence in dementia (PRIDE): a feasibility randomised contro...</td>
      <td>Mental and Behavioural Disorders</td>
      <td>Adult</td>
      <td>80</td>
    </tr>
    <tr>
      <td><a href='https://www.isrctn.com/ISRCTN66142865' target='_blank'><div>ISRCTN66142865</div></a></td>
      <td>Helping urgent care users cope with distress about physical complaints</td>
      <td>Mental and Behavioural Disorders</td>
      <td>Adult</td>
      <td>144</td>
    </tr>
    <tr>
      <td><a href='https://www.isrctn.com/ISRCTN11219848' target='_blank'><div>ISRCTN11219848</div></a></td>
      <td>A pilot trial of the mental health first aid eLearning course with UK medic...</td>
      <td>Mental and Behavioural Disorders</td>
      <td>Adult</td>
      <td>50</td>
    </tr>
    <tr>
      <td><a href='https://www.isrctn.com/ISRCTN15643456' target='_blank'><div>ISRCTN15643456</div></a></td>
      <td>Biopsychosocial Intervention for Stroke Carers</td>
      <td>Circulatory System</td>
      <td>Adult</td>
      <td>40</td>
    </tr>
    <tr>
      <td><a href='https://www.isrctn.com/ISRCTN12715175' target='_blank'><div>ISRCTN12715175</div></a></td>
      <td>Behavioural activation therapy for depression after stroke</td>
      <td>Mental and Behavioural Disorders</td>
      <td>Adult</td>
      <td>72</td>
    </tr>
    <tr>
      <td><a href='https://www.isrctn.com/ISRCTN83683687' target='_blank'><div>ISRCTN83683687</div></a></td>
      <td>Cognitive behavioural therapy - irritable bowel syndrome feasibility study</td>
      <td>Digestive System</td>
      <td>Adult</td>
      <td>60</td>
    </tr>
    <tr>
      <td><a href='https://www.isrctn.com/ISRCTN81701383' target='_blank'><div>ISRCTN81701383</div></a></td>
      <td>An intervention to reduce childrens exposure to secondhand smoke in the ho...</td>
      <td>Not Applicable</td>
      <td>Adult</td>
      <td>200</td>
    </tr>
    <tr>
      <td><a href='https://www.isrctn.com/ISRCTN87634685' target='_blank'><div>ISRCTN87634685</div></a></td>
      <td>PArents, Teachers and CHildren WORKing together (PATCHWORK)</td>
      <td>Mental and Behavioural Disorders</td>
      <td>Adult</td>
      <td>144</td>
    </tr>
    <tr>
      <td><a href='https://www.isrctn.com/ISRCTN40909713' target='_blank'><div>ISRCTN40909713</div></a></td>
      <td>Effects of emotion recognition training on aggressive behaviour in antisoci...</td>
      <td>Mental and Behavioural Disorders</td>
      <td>Child</td>
      <td>40</td>
    </tr>
    <tr>
      <td><a href='https://www.isrctn.com/ISRCTN63382258' target='_blank'><div>ISRCTN63382258</div></a></td>
      <td>Early intervention dental trial</td>
      <td>Oral Health</td>
      <td>Adult</td>
      <td>800</td>
    </tr>
    <tr>
      <td><a href='https://www.isrctn.com/ISRCTN58683841' target='_blank'><div>ISRCTN58683841</div></a></td>
      <td>Getting Out of The House: a multicentre trial to evaluate an outdoor mobili...</td>
      <td>Circulatory System</td>
      <td>Adult</td>
      <td>676</td>
    </tr>
  </tbody>
</table>"
13,-209987.26542306278,6888828.846517856,Birmingham Community Healthcare NHS Trust,52.487897,-1.8863477,2.0,5.306765580733931,"<table border=""1"" class=""dataframe"">
  <thead>
    <tr style=""text-align: left;"">
      <th>ISRCTN link</th>
      <th>Title</th>
      <th>Condition category</th>
      <th>Age group</th>
      <th>Target number of participants</th>
    </tr>
  </thead>
  <tbody>
    <tr>
      <td><a href='https://www.isrctn.com/ISRCTN64851242' target='_blank'><div>ISRCTN64851242</div></a></td>
      <td>Snacktivity intervention to promote physical activity and reduce future ris...</td>
      <td>Not Applicable</td>
      <td>Adult</td>
      <td>80</td>
    </tr>
    <tr>
      <td><a href='https://www.isrctn.com/ISRCTN35167485' target='_blank'><div>ISRCTN35167485</div></a></td>
      <td>A therapist-led treatment for symptoms of post-traumatic stress disorder (P...</td>
      <td>Mental and Behavioural Disorders</td>
      <td>Adult</td>
      <td>325</td>
    </tr>
  </tbody>
</table>"
14,-331970.6179688271,7650185.350090201,University of Dundee,56.45824469999999,-2.9821428,11.0,15.898961024049783,"<table border=""1"" class=""dataframe"">
  <thead>
    <tr style=""text-align: left;"">
      <th>ISRCTN link</th>
      <th>Title</th>
      <th>Condition category</th>
      <th>Age group</th>
      <th>Target number of participants</th>
    </tr>
  </thead>
  <tbody>
    <tr>
      <td><a href='https://www.isrctn.com/ISRCTN95480359' target='_blank'><div>ISRCTN95480359</div></a></td>
      <td>Understanding barriers to increasing physical activity in chronic pain</td>
      <td>Musculoskeletal Diseases</td>
      <td>Adult</td>
      <td>40</td>
    </tr>
    <tr>
      <td><a href='https://www.isrctn.com/ISRCTN12276176' target='_blank'><div>ISRCTN12276176</div></a></td>
      <td>Self-criticism and self-injury: Testing a novel diary-based treatment appro...</td>
      <td>Mental and Behavioural Disorders</td>
      <td>Adult</td>
      <td>144</td>
    </tr>
    <tr>
      <td><a href='https://www.isrctn.com/ISRCTN13123470' target='_blank'><div>ISRCTN13123470</div></a></td>
      <td>LivingWELL: assessing the impact of a lifestyle intervention in people atte...</td>
      <td>Cancer</td>
      <td>Adult</td>
      <td>120</td>
    </tr>
    <tr>
      <td><a href='https://www.isrctn.com/ISRCTN53033856' target='_blank'><div>ISRCTN53033856</div></a></td>
      <td>BeWEL: the impact of a bodyweight and physical activity intervention on adu...</td>
      <td>Cancer</td>
      <td>Adult</td>
      <td>316</td>
    </tr>
    <tr>
      <td><a href='https://www.isrctn.com/ISRCTN10515845' target='_blank'><div>ISRCTN10515845</div></a></td>
      <td>Alcohol and disadvantaged men: developing a brief intervention for delivery...</td>
      <td>Mental and Behavioural Disorders</td>
      <td>Adult</td>
      <td>110</td>
    </tr>
    <tr>
      <td><a href='https://www.isrctn.com/ISRCTN51615566' target='_blank'><div>ISRCTN51615566</div></a></td>
      <td>A randomised controlled trial of the effect of exercise training on exercis...</td>
      <td>Circulatory System</td>
      <td>Senior</td>
      <td>112</td>
    </tr>
    <tr>
      <td><a href='https://www.isrctn.com/ISRCTN13414304' target='_blank'><div>ISRCTN13414304</div></a></td>
      <td>Cue-based versus scheduled feeding for premature babies in neonatal units</td>
      <td>Nutritional, Metabolic, Endocrine</td>
      <td>Mixed</td>
      <td>165</td>
    </tr>
    <tr>
      <td><a href='https://www.isrctn.com/ISRCTN11057518' target='_blank'><div>ISRCTN11057518</div></a></td>
      <td>A randomised controlled trial to assess the impact of a lifestyle intervent...</td>
      <td>Not Applicable</td>
      <td>Mixed</td>
      <td>552</td>
    </tr>
    <tr>
      <td><a href='https://www.isrctn.com/ISRCTN15373978' target='_blank'><div>ISRCTN15373978</div></a></td>
      <td>High intensity exercise as a possible treatment for loss of symptoms of low...</td>
      <td>Nutritional, Metabolic, Endocrine</td>
      <td>Adult</td>
      <td>32</td>
    </tr>
    <tr>
      <td><a href='https://www.isrctn.com/ISRCTN15236211' target='_blank'><div>ISRCTN15236211</div></a></td>
      <td>Dishabituation as a treatment for impaired awareness of hypoglycaemia in ty...</td>
      <td>Nutritional, Metabolic, Endocrine</td>
      <td>Adult</td>
      <td>12</td>
    </tr>
    <tr>
      <td><a href='https://www.isrctn.com/ISRCTN34488928' target='_blank'><div>ISRCTN34488928</div></a></td>
      <td>We Walk: development of a family-centred intervention to promote regular ou...</td>
      <td>Circulatory System</td>
      <td>Adult</td>
      <td>28</td>
    </tr>
  </tbody>
</table>"
15,-288495.2695133245,6709912.247835172,North Bristol NHS Trust,51.4982841,-2.5915971,2.0,5.306765580733931,"<table border=""1"" class=""dataframe"">
  <thead>
    <tr style=""text-align: left;"">
      <th>ISRCTN link</th>
      <th>Title</th>
      <th>Condition category</th>
      <th>Age group</th>
      <th>Target number of participants</th>
    </tr>
  </thead>
  <tbody>
    <tr>
      <td><a href='https://www.isrctn.com/ISRCTN13579789' target='_blank'><div>ISRCTN13579789</div></a></td>
      <td>Activity orientated rehabilitation following knee arthroplasty: feasibility...</td>
      <td>Surgery</td>
      <td>Adult</td>
      <td>46</td>
    </tr>
    <tr>
      <td><a href='https://www.isrctn.com/ISRCTN77817048' target='_blank'><div>ISRCTN77817048</div></a></td>
      <td>Optimising pelvic floor muscle training to improve quality of life outcomes...</td>
      <td>Nervous System Diseases</td>
      <td>Adult</td>
      <td>90</td>
    </tr>
  </tbody>
</table>"
16,-460816.4052398808,6511629.516833119,Plymouth University,50.3758892,-4.1395842,2.0,5.306765580733931,"<table border=""1"" class=""dataframe"">
  <thead>
    <tr style=""text-align: left;"">
      <th>ISRCTN link</th>
      <th>Title</th>
      <th>Condition category</th>
      <th>Age group</th>
      <th>Target number of participants</th>
    </tr>
  </thead>
  <tbody>
    <tr>
      <td><a href='https://www.isrctn.com/ISRCTN80475744' target='_blank'><div>ISRCTN80475744</div></a></td>
      <td>Health trainers for people on community supervision</td>
      <td>Mental and Behavioural Disorders</td>
      <td>Adult</td>
      <td>120</td>
    </tr>
    <tr>
      <td><a href='https://www.isrctn.com/ISRCTN15644451' target='_blank'><div>ISRCTN15644451</div></a></td>
      <td>A multi-centred randomised trial to assess if adding web-based support to e...</td>
      <td>Not Applicable</td>
      <td>Adult</td>
      <td>413</td>
    </tr>
  </tbody>
</table>"
17,-173822.0898167692,6868991.812706135,University of Warwick,52.3792525,-1.5614704,16.0,18.227062322935723,"<table border=""1"" class=""dataframe"">
  <thead>
    <tr style=""text-align: left;"">
      <th>ISRCTN link</th>
      <th>Title</th>
      <th>Condition category</th>
      <th>Age group</th>
      <th>Target number of participants</th>
    </tr>
  </thead>
  <tbody>
    <tr>
      <td><a href='https://www.isrctn.com/ISRCTN63358736' target='_blank'><div>ISRCTN63358736</div></a></td>
      <td>An online parenting intervention to prevent affective disorders in high-ris...</td>
      <td>Mental and Behavioural Disorders</td>
      <td>Adult</td>
      <td>433</td>
    </tr>
    <tr>
      <td><a href='https://www.isrctn.com/ISRCTN20615805' target='_blank'><div>ISRCTN20615805</div></a></td>
      <td>A feasibility study of Be Mindful</td>
      <td>Not Applicable</td>
      <td>Adult</td>
      <td>60</td>
    </tr>
    <tr>
      <td><a href='https://www.isrctn.com/ISRCTN70419473' target='_blank'><div>ISRCTN70419473</div></a></td>
      <td>Early Positive Approaches to Support (E-PAtS) feasibility study</td>
      <td>Mental and Behavioural Disorders</td>
      <td>Adult</td>
      <td>128</td>
    </tr>
    <tr>
      <td><a href='https://www.isrctn.com/ISRCTN41443166' target='_blank'><div>ISRCTN41443166</div></a></td>
      <td>Social cognitive therapy in virtual reality for early psychosis</td>
      <td>Mental and Behavioural Disorders</td>
      <td>Adult</td>
      <td>20</td>
    </tr>
    <tr>
      <td><a href='https://www.isrctn.com/ISRCTN63009303' target='_blank'><div>ISRCTN63009303</div></a></td>
      <td>Evaluating the effects of the provision of information on the impact of eff...</td>
      <td>Not Applicable</td>
      <td>Adult</td>
      <td>400</td>
    </tr>
    <tr>
      <td><a href='https://www.isrctn.com/ISRCTN53763600' target='_blank'><div>ISRCTN53763600</div></a></td>
      <td>Who's Challenging Who</td>
      <td>Mental and Behavioural Disorders</td>
      <td>Adult</td>
      <td>236</td>
    </tr>
    <tr>
      <td><a href='https://www.isrctn.com/ISRCTN83240263' target='_blank'><div>ISRCTN83240263</div></a></td>
      <td>The MILESTONE study: improving transition from child to adult mental health...</td>
      <td>Mental and Behavioural Disorders</td>
      <td>Mixed</td>
      <td>3000</td>
    </tr>
    <tr>
      <td><a href='https://www.isrctn.com/ISRCTN14861313' target='_blank'><div>ISRCTN14861313</div></a></td>
      <td>PRO-REHAB - The development and pilot trial of two programmes of rehabilita...</td>
      <td>Cancer</td>
      <td>Adult</td>
      <td>170</td>
    </tr>
    <tr>
      <td><a href='https://www.isrctn.com/ISRCTN90480705' target='_blank'><div>ISRCTN90480705</div></a></td>
      <td>ACtive Treatment for Idiopathic AdolescenT Scoliosis: a feasibility study</td>
      <td>Musculoskeletal Diseases</td>
      <td>Child</td>
      <td>50</td>
    </tr>
    <tr>
      <td><a href='https://www.isrctn.com/ISRCTN45032201' target='_blank'><div>ISRCTN45032201</div></a></td>
      <td>Trial of Families for Health: helping families with children who are over...</td>
      <td>Nutritional, Metabolic, Endocrine</td>
      <td>Child</td>
      <td>120</td>
    </tr>
    <tr>
      <td><a href='https://www.isrctn.com/ISRCTN32612072' target='_blank'><div>ISRCTN32612072</div></a></td>
      <td>Physical activity programmes for community dwelling people with mild to mod...</td>
      <td>Mental and Behavioural Disorders</td>
      <td>Adult</td>
      <td>468</td>
    </tr>
    <tr>
      <td><a href='https://www.isrctn.com/ISRCTN71002650' target='_blank'><div>ISRCTN71002650</div></a></td>
      <td>Prevention of Fall Injury Trial</td>
      <td>Injury, Occupational Diseases, Poisoning</td>
      <td>Senior</td>
      <td>9000</td>
    </tr>
    <tr>
      <td><a href='https://www.isrctn.com/ISRCTN37185489' target='_blank'><div>ISRCTN37185489</div></a></td>
      <td>Recovery through healthy living in acute psychiatric setting</td>
      <td>Mental and Behavioural Disorders</td>
      <td>Adult</td>
      <td>100</td>
    </tr>
    <tr>
      <td><a href='https://www.isrctn.com/ISRCTN11112933' target='_blank'><div>ISRCTN11112933</div></a></td>
      <td>ReSPECT Evaluation study</td>
      <td>Not Applicable</td>
      <td>Adult</td>
      <td>4120</td>
    </tr>
    <tr>
      <td><a href='https://www.isrctn.com/ISRCTN15397624' target='_blank'><div>ISRCTN15397624</div></a></td>
      <td>Using environmental engineering to increase hand-hygiene compliance</td>
      <td>Not Applicable</td>
      <td>Mixed</td>
      <td>4800</td>
    </tr>
    <tr>
      <td><a href='https://www.isrctn.com/ISRCTN35358984' target='_blank'><div>ISRCTN35358984</div></a></td>
      <td>Exercise to prevent shoulder problems in patients undergoing breast cancer ...</td>
      <td>Cancer</td>
      <td>Adult</td>
      <td>350</td>
    </tr>
  </tbody>
</table>"
18,-330095.57472980337,7058225.529810573,University of Liverpool,53.40478239999999,-2.965299,4.0,9.613531161467861,"<table border=""1"" class=""dataframe"">
  <thead>
    <tr style=""text-align: left;"">
      <th>ISRCTN link</th>
      <th>Title</th>
      <th>Condition category</th>
      <th>Age group</th>
      <th>Target number of participants</th>
    </tr>
  </thead>
  <tbody>
    <tr>
      <td><a href='https://www.isrctn.com/ISRCTN93008420' target='_blank'><div>ISRCTN93008420</div></a></td>
      <td>Visual scanning training for loss of vision in half the visual field (hemia...</td>
      <td>Ear, Nose and Throat</td>
      <td>Adult</td>
      <td>142</td>
    </tr>
    <tr>
      <td><a href='https://www.isrctn.com/ISRCTN10853330' target='_blank'><div>ISRCTN10853330</div></a></td>
      <td>Interventions to reduce inequalities in the uptake of routine dental care: ...</td>
      <td>Oral Health</td>
      <td>Adult</td>
      <td>72</td>
    </tr>
    <tr>
      <td><a href='https://www.isrctn.com/ISRCTN28376407' target='_blank'><div>ISRCTN28376407</div></a></td>
      <td>Community-based rehabilitation for the elderly following hip fracture</td>
      <td>Injury, Occupational Diseases, Poisoning</td>
      <td>Adult</td>
      <td>446</td>
    </tr>
    <tr>
      <td><a href='https://www.isrctn.com/ISRCTN13871327' target='_blank'><div>ISRCTN13871327</div></a></td>
      <td>Seizure first Aid training For Epilepsy: intervention development and pilot...</td>
      <td>Nervous System Diseases</td>
      <td>Adult</td>
      <td>207</td>
    </tr>
  </tbody>
</table>"
19,-247990.80449616374,7068684.4314735355,Manchester University NHS Foundation Trust,53.4607569,-2.2277393,2.0,5.306765580733931,"<table border=""1"" class=""dataframe"">
  <thead>
    <tr style=""text-align: left;"">
      <th>ISRCTN link</th>
      <th>Title</th>
      <th>Condition category</th>
      <th>Age group</th>
      <th>Target number of participants</th>
    </tr>
  </thead>
  <tbody>
    <tr>
      <td><a href='https://www.isrctn.com/ISRCTN45412843' target='_blank'><div>ISRCTN45412843</div></a></td>
      <td>REACH-ASD Trial: A randomised controlled trial of a new workshop programme ...</td>
      <td>Mental and Behavioural Disorders</td>
      <td>Adult</td>
      <td>330</td>
    </tr>
    <tr>
      <td><a href='https://www.isrctn.com/ISRCTN45791053' target='_blank'><div>ISRCTN45791053</div></a></td>
      <td>ACORN: Improving oraI health in cleft lip and/or palate</td>
      <td>Oral Health</td>
      <td>Adult</td>
      <td>60</td>
    </tr>
  </tbody>
</table>"
20,-155375.22567792505,6609823.30843706,University of Southampton,50.9351092,-1.3957594,20.0,19.61353116146786,"<table border=""1"" class=""dataframe"">
  <thead>
    <tr style=""text-align: left;"">
      <th>ISRCTN link</th>
      <th>Title</th>
      <th>Condition category</th>
      <th>Age group</th>
      <th>Target number of participants</th>
    </tr>
  </thead>
  <tbody>
    <tr>
      <td><a href='https://www.isrctn.com/ISRCTN79282252' target='_blank'><div>ISRCTN79282252</div></a></td>
      <td>Eczema care online</td>
      <td>Skin and Connective Tissue Diseases</td>
      <td>Mixed</td>
      <td>400</td>
    </tr>
    <tr>
      <td><a href='https://www.isrctn.com/ISRCTN11400820' target='_blank'><div>ISRCTN11400820</div></a></td>
      <td>Evaluating HIS-UK, a condom promotion intervention to reduce chlamydia infe...</td>
      <td>Infections and Infestations</td>
      <td>Mixed</td>
      <td>2231</td>
    </tr>
    <tr>
      <td><a href='https://www.isrctn.com/ISRCTN13373396' target='_blank'><div>ISRCTN13373396</div></a></td>
      <td>Assessing the feasibility of using nasal saline irrigation for managing acu...</td>
      <td>Respiratory</td>
      <td>Adult</td>
      <td>108</td>
    </tr>
    <tr>
      <td><a href='https://www.isrctn.com/ISRCTN38405571' target='_blank'><div>ISRCTN38405571</div></a></td>
      <td>Improving fundamental care in hospitals</td>
      <td>Not Applicable</td>
      <td>Adult</td>
      <td>732</td>
    </tr>
    <tr>
      <td><a href='https://www.isrctn.com/ISRCTN19193075' target='_blank'><div>ISRCTN19193075</div></a></td>
      <td>The Project About Loneliness and Social networks (PALS)</td>
      <td>Mental and Behavioural Disorders</td>
      <td>Adult</td>
      <td>394</td>
    </tr>
    <tr>
      <td><a href='https://www.isrctn.com/ISRCTN78626638' target='_blank'><div>ISRCTN78626638</div></a></td>
      <td>Feasibility trial of intervention for acne</td>
      <td>Skin and Connective Tissue Diseases</td>
      <td>Mixed</td>
      <td>65</td>
    </tr>
    <tr>
      <td><a href='https://www.isrctn.com/ISRCTN11888938' target='_blank'><div>ISRCTN11888938</div></a></td>
      <td>An evaluation of Gateway, an out-of-court community-based intervention prog...</td>
      <td>Not Applicable</td>
      <td>Adult</td>
      <td>334</td>
    </tr>
    <tr>
      <td><a href='https://www.isrctn.com/ISRCTN12762104' target='_blank'><div>ISRCTN12762104</div></a></td>
      <td>Accessing medicines at end-of-life: an evaluation of service provision</td>
      <td>Not Applicable</td>
      <td>Mixed</td>
      <td>350</td>
    </tr>
    <tr>
      <td><a href='https://www.isrctn.com/ISRCTN96374224' target='_blank'><div>ISRCTN96374224</div></a></td>
      <td>CLASP5 (renewed online): pilot and randomised controlled trial\nPrevious tit...</td>
      <td>Cancer</td>
      <td>Adult</td>
      <td>104</td>
    </tr>
    <tr>
      <td><a href='https://www.isrctn.com/ISRCTN30094062' target='_blank'><div>ISRCTN30094062</div></a></td>
      <td>Assessment of the feasibility of a trial of individualised placement and su...</td>
      <td>Signs and Symptoms</td>
      <td>Adult</td>
      <td>110</td>
    </tr>
    <tr>
      <td><a href='https://www.isrctn.com/ISRCTN38893965' target='_blank'><div>ISRCTN38893965</div></a></td>
      <td>PROACTIVE: prostate cancer support intervention for active surveillance</td>
      <td>Cancer</td>
      <td>Adult</td>
      <td>60</td>
    </tr>
    <tr>
      <td><a href='https://www.isrctn.com/ISRCTN13790648' target='_blank'><div>ISRCTN13790648</div></a></td>
      <td>A trial of the Home & Online Management & Evaluation of Blood Pressure (HOM...</td>
      <td>Circulatory System</td>
      <td>Adult</td>
      <td>610</td>
    </tr>
    <tr>
      <td><a href='https://www.isrctn.com/ISRCTN16789770' target='_blank'><div>ISRCTN16789770</div></a></td>
      <td>Creating Learning Environments for Compassionate Care</td>
      <td>Not Applicable</td>
      <td>Adult</td>
      <td>1098</td>
    </tr>
    <tr>
      <td><a href='https://www.isrctn.com/ISRCTN71951436' target='_blank'><div>ISRCTN71951436</div></a></td>
      <td>LifeLab Southampton: improving health behaviours in teenagers\n</td>
      <td>Circulatory System</td>
      <td>Child</td>
      <td>90</td>
    </tr>
    <tr>
      <td><a href='https://www.isrctn.com/ISRCTN31034004' target='_blank'><div>ISRCTN31034004</div></a></td>
      <td>Internet intervention supporting management of low back pain in primary car...</td>
      <td>Musculoskeletal Diseases</td>
      <td>Adult</td>
      <td>70</td>
    </tr>
    <tr>
      <td><a href='https://www.isrctn.com/ISRCTN79413977' target='_blank'><div>ISRCTN79413977</div></a></td>
      <td>Can we enhance the social communication skills of preschool children with A...</td>
      <td>Mental and Behavioural Disorders</td>
      <td>Child</td>
      <td>20</td>
    </tr>
    <tr>
      <td><a href='https://www.isrctn.com/ISRCTN21244703' target='_blank'><div>ISRCTN21244703</div></a></td>
      <td>Positive Online Weight Reduction Study (POWeR2)</td>
      <td>Nutritional, Metabolic, Endocrine</td>
      <td>Adult</td>
      <td>700</td>
    </tr>
    <tr>
      <td><a href='https://www.isrctn.com/ISRCTN51496752' target='_blank'><div>ISRCTN51496752</div></a></td>
      <td>Alexander technique and supervised physiotherapy exercises in back pain</td>
      <td>Musculoskeletal Diseases</td>
      <td>Adult</td>
      <td>120</td>
    </tr>
    <tr>
      <td><a href='https://www.isrctn.com/ISRCTN85784627' target='_blank'><div>ISRCTN85784627</div></a></td>
      <td>REFRAMEd - REFRactory depression: Mechanisms and Effectiveness of radically...</td>
      <td>Mental and Behavioural Disorders</td>
      <td>Adult</td>
      <td>276</td>
    </tr>
    <tr>
      <td><a href='https://www.isrctn.com/ISRCTN47088337' target='_blank'><div>ISRCTN47088337</div></a></td>
      <td>Improving teenage self-management of asthma</td>
      <td>Respiratory</td>
      <td>Child</td>
      <td>350</td>
    </tr>
  </tbody>
</table>"
21,-248674.7959753939,7069823.728924356,University of Manchester,53.4668498,-2.2338837,29.0,21.922185341675,"<table border=""1"" class=""dataframe"">
  <thead>
    <tr style=""text-align: left;"">
      <th>ISRCTN link</th>
      <th>Title</th>
      <th>Condition category</th>
      <th>Age group</th>
      <th>Target number of participants</th>
    </tr>
  </thead>
  <tbody>
    <tr>
      <td><a href='https://www.isrctn.com/ISRCTN11998005' target='_blank'><div>ISRCTN11998005</div></a></td>
      <td>Light-dark and activity rhythm therapy for sleep: a study to explore the pr...</td>
      <td>Mental and Behavioural Disorders</td>
      <td>Adult</td>
      <td>510</td>
    </tr>
    <tr>
      <td><a href='https://www.isrctn.com/ISRCTN90222092' target='_blank'><div>ISRCTN90222092</div></a></td>
      <td>Working with patients, carers and healthcare professionals to develop and t...</td>
      <td>Not Applicable</td>
      <td>Adult</td>
      <td>150</td>
    </tr>
    <tr>
      <td><a href='https://www.isrctn.com/ISRCTN58484767' target='_blank'><div>ISRCTN58484767</div></a></td>
      <td>Using ""IF-THEN"" plans to increase physical activity</td>
      <td>Not Applicable</td>
      <td>Adult</td>
      <td>3000</td>
    </tr>
    <tr>
      <td><a href='https://www.isrctn.com/ISRCTN10092138' target='_blank'><div>ISRCTN10092138</div></a></td>
      <td>Does the level at which goals are set (e.g., 'walking' versus 'physical act...</td>
      <td>Not Applicable</td>
      <td>Adult</td>
      <td>440</td>
    </tr>
    <tr>
      <td><a href='https://www.isrctn.com/ISRCTN14874035' target='_blank'><div>ISRCTN14874035</div></a></td>
      <td>Cognitive mechanisms of an intervention to reduce heavy drinking</td>
      <td>Mental and Behavioural Disorders</td>
      <td>Adult</td>
      <td>116</td>
    </tr>
    <tr>
      <td><a href='https://www.isrctn.com/ISRCTN35503634' target='_blank'><div>ISRCTN35503634</div></a></td>
      <td>Investigating cognitive training tasks to reduce heavy drinking</td>
      <td>Mental and Behavioural Disorders</td>
      <td>Adult</td>
      <td>32</td>
    </tr>
    <tr>
      <td><a href='https://www.isrctn.com/ISRCTN11184024' target='_blank'><div>ISRCTN11184024</div></a></td>
      <td>Action Imagery and Observation in Neurorehabilitation for Parkinson’s Disea...</td>
      <td>Nervous System Diseases</td>
      <td>Adult</td>
      <td>20</td>
    </tr>
    <tr>
      <td><a href='https://www.isrctn.com/ISRCTN12826685' target='_blank'><div>ISRCTN12826685</div></a></td>
      <td>De-escalating conflict in adult inpatient mental health settings: developme...</td>
      <td>Mental and Behavioural Disorders</td>
      <td>Adult</td>
      <td>550</td>
    </tr>
    <tr>
      <td><a href='https://www.isrctn.com/ISRCTN54123111' target='_blank'><div>ISRCTN54123111</div></a></td>
      <td>Difficulty retrieving words (anomia) in people with relapsing-remitting mul...</td>
      <td>Mental and Behavioural Disorders</td>
      <td>Adult</td>
      <td>50</td>
    </tr>
    <tr>
      <td><a href='https://www.isrctn.com/ISRCTN17447733' target='_blank'><div>ISRCTN17447733</div></a></td>
      <td>Better care pathways in pregnancies after stillbirth</td>
      <td>Pregnancy and Childbirth</td>
      <td>Adult</td>
      <td>115</td>
    </tr>
    <tr>
      <td><a href='https://www.isrctn.com/ISRCTN35019114' target='_blank'><div>ISRCTN35019114</div></a></td>
      <td>SENSE-Cog Field Trial: Dementia and Sensory Impairment</td>
      <td>Nervous System Diseases</td>
      <td>Adult</td>
      <td>48</td>
    </tr>
    <tr>
      <td><a href='https://www.isrctn.com/ISRCTN91188805' target='_blank'><div>ISRCTN91188805</div></a></td>
      <td>Providing glaucoma information as per clinical standard</td>
      <td>Eye Diseases</td>
      <td>Adult</td>
      <td>50</td>
    </tr>
    <tr>
      <td><a href='https://www.isrctn.com/ISRCTN17776666' target='_blank'><div>ISRCTN17776666</div></a></td>
      <td>CARMS v1: Cognitive approaches to combatting suicidality</td>
      <td>Mental and Behavioural Disorders</td>
      <td>Adult</td>
      <td>250</td>
    </tr>
    <tr>
      <td><a href='https://www.isrctn.com/ISRCTN70042662' target='_blank'><div>ISRCTN70042662</div></a></td>
      <td>Evaluation of an online intervention to encourage early help-seeking for lu...</td>
      <td>Cancer</td>
      <td>Adult</td>
      <td>236</td>
    </tr>
    <tr>
      <td><a href='https://www.isrctn.com/ISRCTN12765736' target='_blank'><div>ISRCTN12765736</div></a></td>
      <td>A feasibility study of Baby Triple P Positive Parenting Programme for mothe...</td>
      <td>Mental and Behavioural Disorders</td>
      <td>Adult</td>
      <td>75</td>
    </tr>
    <tr>
      <td><a href='https://www.isrctn.com/ISRCTN13721202' target='_blank'><div>ISRCTN13721202</div></a></td>
      <td>The FRIENDS Programme: an evaluation of academic and emotional health outco...</td>
      <td>Mental and Behavioural Disorders</td>
      <td>Child</td>
      <td>3300</td>
    </tr>
    <tr>
      <td><a href='https://www.isrctn.com/ISRCTN64152096' target='_blank'><div>ISRCTN64152096</div></a></td>
      <td>The Good Behaviour Game</td>
      <td>Mental and Behavioural Disorders</td>
      <td>Child</td>
      <td>2880</td>
    </tr>
    <tr>
      <td><a href='https://www.isrctn.com/ISRCTN16534814' target='_blank'><div>ISRCTN16534814</div></a></td>
      <td>Comparison of active treatments for impaired glucose regulation: a Salford ...</td>
      <td>Nutritional, Metabolic, Endocrine</td>
      <td>Adult</td>
      <td>200</td>
    </tr>
    <tr>
      <td><a href='https://www.isrctn.com/ISRCTN11610200' target='_blank'><div>ISRCTN11610200</div></a></td>
      <td>Evaluating specific plans to increase smoking quit attempts</td>
      <td>Mental and Behavioural Disorders</td>
      <td>Adult</td>
      <td>477</td>
    </tr>
    <tr>
      <td><a href='https://www.isrctn.com/ISRCTN12286422' target='_blank'><div>ISRCTN12286422</div></a></td>
      <td>CLASSIC Proactive Telephone Coaching and Tailored Support (PROTECTS)</td>
      <td>Not Applicable</td>
      <td>Senior</td>
      <td>504</td>
    </tr>
    <tr>
      <td><a href='https://www.isrctn.com/ISRCTN09150095' target='_blank'><div>ISRCTN09150095</div></a></td>
      <td>Benefits of Exercise in Early Psychosis</td>
      <td>Mental and Behavioural Disorders</td>
      <td>Adult</td>
      <td>30</td>
    </tr>
    <tr>
      <td><a href='https://www.isrctn.com/ISRCTN47224604' target='_blank'><div>ISRCTN47224604</div></a></td>
      <td>Can Antenatal yoga Lower Maternal Anxiety (CALMA)</td>
      <td>Mental and Behavioural Disorders</td>
      <td>Adult</td>
      <td>72</td>
    </tr>
    <tr>
      <td><a href='https://www.isrctn.com/ISRCTN68038570' target='_blank'><div>ISRCTN68038570</div></a></td>
      <td>CAre Placement Evaluation (CAPE)</td>
      <td>Not Applicable</td>
      <td>Child</td>
      <td>220</td>
    </tr>
    <tr>
      <td><a href='https://www.isrctn.com/ISRCTN87373263' target='_blank'><div>ISRCTN87373263</div></a></td>
      <td>Intervention within the British Autism Study of Infant Siblings (iBASIS)</td>
      <td>Mental and Behavioural Disorders</td>
      <td>Neonate</td>
      <td>50</td>
    </tr>
    <tr>
      <td><a href='https://www.isrctn.com/ISRCTN29860479' target='_blank'><div>ISRCTN29860479</div></a></td>
      <td>A community lifestyle programme to improve the well-being of pregnant women...</td>
      <td>Pregnancy and Childbirth</td>
      <td>Adult</td>
      <td>400</td>
    </tr>
    <tr>
      <td><a href='https://www.isrctn.com/ISRCTN54763837' target='_blank'><div>ISRCTN54763837</div></a></td>
      <td>Exploring the ability of lay workers to support heart-health related behavi...</td>
      <td>Circulatory System</td>
      <td>Adult</td>
      <td>100</td>
    </tr>
    <tr>
      <td><a href='https://www.isrctn.com/ISRCTN72372295' target='_blank'><div>ISRCTN72372295</div></a></td>
      <td>A pilot evaluation of a randomised controlled trial (RCT) of Enhanced Think...</td>
      <td>Mental and Behavioural Disorders</td>
      <td>Adult</td>
      <td>180</td>
    </tr>
    <tr>
      <td><a href='https://www.isrctn.com/ISRCTN78617680' target='_blank'><div>ISRCTN78617680</div></a></td>
      <td>Assessing the effectiveness of Communication Therapy in the North West</td>
      <td>Circulatory System</td>
      <td>Adult</td>
      <td>170</td>
    </tr>
    <tr>
      <td><a href='https://www.isrctn.com/ISRCTN18086362' target='_blank'><div>ISRCTN18086362</div></a></td>
      <td>Can a volunteering intervention (Team Social Action) improve teenagers' wel...</td>
      <td>Not Applicable</td>
      <td>Child</td>
      <td>300</td>
    </tr>
  </tbody>
</table>"
22,-52626.211348876524,6715968.262466871,Brunel University London,51.5321389,-0.4727493,3.0,7.826061944859854,"<table border=""1"" class=""dataframe"">
  <thead>
    <tr style=""text-align: left;"">
      <th>ISRCTN link</th>
      <th>Title</th>
      <th>Condition category</th>
      <th>Age group</th>
      <th>Target number of participants</th>
    </tr>
  </thead>
  <tbody>
    <tr>
      <td><a href='https://www.isrctn.com/ISRCTN14832389' target='_blank'><div>ISRCTN14832389</div></a></td>
      <td>The regulate your sitting time (RESIT) study in type 2 diabetes</td>
      <td>Nutritional, Metabolic, Endocrine</td>
      <td>Adult</td>
      <td>70</td>
    </tr>
    <tr>
      <td><a href='https://www.isrctn.com/ISRCTN15343862' target='_blank'><div>ISRCTN15343862</div></a></td>
      <td>Changing physical activity behaviour in people with MS: the iStep-MS trial</td>
      <td>Nervous System Diseases</td>
      <td>Adult</td>
      <td>60</td>
    </tr>
    <tr>
      <td><a href='https://www.isrctn.com/ISRCTN90378161' target='_blank'><div>ISRCTN90378161</div></a></td>
      <td>Feasibility and efficacy of resistance training in cerebral palsy (CP)</td>
      <td>Nervous System Diseases</td>
      <td>Adult</td>
      <td>60</td>
    </tr>
  </tbody>
</table>"
23,-12912.726973547356,6712273.366431493,King's College London,51.5114864,-0.115997,43.0,24.369650277500643,"<table border=""1"" class=""dataframe"">
  <thead>
    <tr style=""text-align: left;"">
      <th>ISRCTN link</th>
      <th>Title</th>
      <th>Condition category</th>
      <th>Age group</th>
      <th>Target number of participants</th>
    </tr>
  </thead>
  <tbody>
    <tr>
      <td><a href='https://www.isrctn.com/ISRCTN16007231' target='_blank'><div>ISRCTN16007231</div></a></td>
      <td>Does cervical screening without a speculum increase screening uptake in wom...</td>
      <td>Cancer</td>
      <td>Other</td>
      <td>700</td>
    </tr>
    <tr>
      <td><a href='https://www.isrctn.com/ISRCTN90912799' target='_blank'><div>ISRCTN90912799</div></a></td>
      <td>Early intervention for depression and anxiety in 16-18 year olds: a multi-c...</td>
      <td>Mental and Behavioural Disorders</td>
      <td>Mixed</td>
      <td>900</td>
    </tr>
    <tr>
      <td><a href='https://www.isrctn.com/ISRCTN39271564' target='_blank'><div>ISRCTN39271564</div></a></td>
      <td>Investigating the effects of cardio and non-cardio exercise on adults with ...</td>
      <td>Mental and Behavioural Disorders</td>
      <td>Adult</td>
      <td>192</td>
    </tr>
    <tr>
      <td><a href='https://www.isrctn.com/ISRCTN10420559' target='_blank'><div>ISRCTN10420559</div></a></td>
      <td>A feasibility study of psychologically informed vestibular rehabilitation f...</td>
      <td>Signs and Symptoms</td>
      <td>Adult</td>
      <td>40</td>
    </tr>
    <tr>
      <td><a href='https://www.isrctn.com/ISRCTN70866724' target='_blank'><div>ISRCTN70866724</div></a></td>
      <td>Development of a manual to guide care for people with incontinence to preve...</td>
      <td>Skin and Connective Tissue Diseases</td>
      <td>Mixed</td>
      <td>288</td>
    </tr>
    <tr>
      <td><a href='https://www.isrctn.com/ISRCTN16936317' target='_blank'><div>ISRCTN16936317</div></a></td>
      <td>Improving outcomes for survivors of human trafficking</td>
      <td>Mental and Behavioural Disorders</td>
      <td>Adult</td>
      <td>495</td>
    </tr>
    <tr>
      <td><a href='https://www.isrctn.com/ISRCTN26169429' target='_blank'><div>ISRCTN26169429</div></a></td>
      <td>Development of a manual to guide care for people with incontinence to preve...</td>
      <td>Skin and Connective Tissue Diseases</td>
      <td>Adult</td>
      <td>30</td>
    </tr>
    <tr>
      <td><a href='https://www.isrctn.com/ISRCTN10314773' target='_blank'><div>ISRCTN10314773</div></a></td>
      <td>PTSD Experimental Treatment Trial (PETT): Comparing two talking therapies f...</td>
      <td>Mental and Behavioural Disorders</td>
      <td>Adult</td>
      <td>60</td>
    </tr>
    <tr>
      <td><a href='https://www.isrctn.com/ISRCTN81203286' target='_blank'><div>ISRCTN81203286</div></a></td>
      <td>Optimising psychological treatment for anxiety disorders in pregnancy: a fe...</td>
      <td>Mental and Behavioural Disorders</td>
      <td>Adult</td>
      <td>60</td>
    </tr>
    <tr>
      <td><a href='https://www.isrctn.com/ISRCTN17886859' target='_blank'><div>ISRCTN17886859</div></a></td>
      <td>Effect of communication on willingness to adhere to initial decontamination...</td>
      <td>Not Applicable</td>
      <td>Adult</td>
      <td>132</td>
    </tr>
    <tr>
      <td><a href='https://www.isrctn.com/ISRCTN70980706' target='_blank'><div>ISRCTN70980706</div></a></td>
      <td>Understanding engagement with an app targeting harmful drinking: Developmen...</td>
      <td>Not Applicable</td>
      <td>Adult</td>
      <td>564</td>
    </tr>
    <tr>
      <td><a href='https://www.isrctn.com/ISRCTN52675820' target='_blank'><div>ISRCTN52675820</div></a></td>
      <td>The GestatiOnal Diabetes future DiabEteS prevention Study (GODDESS) - feasi...</td>
      <td>Pregnancy and Childbirth</td>
      <td>Adult</td>
      <td>60</td>
    </tr>
    <tr>
      <td><a href='https://www.isrctn.com/ISRCTN15745838' target='_blank'><div>ISRCTN15745838</div></a></td>
      <td>Food related computerised attention training for obesity</td>
      <td>Nutritional, Metabolic, Endocrine</td>
      <td>Adult</td>
      <td>45</td>
    </tr>
    <tr>
      <td><a href='https://www.isrctn.com/ISRCTN92666109' target='_blank'><div>ISRCTN92666109</div></a></td>
      <td>Integrated rehabilitation for thoracic cancer</td>
      <td>Cancer</td>
      <td>Adult</td>
      <td>60</td>
    </tr>
    <tr>
      <td><a href='https://www.isrctn.com/ISRCTN81736780' target='_blank'><div>ISRCTN81736780</div></a></td>
      <td>Evaluation of cognitive remediation therapy in a specialist inpatient eatin...</td>
      <td>Mental and Behavioural Disorders</td>
      <td>Child</td>
      <td>80</td>
    </tr>
    <tr>
      <td><a href='https://www.isrctn.com/ISRCTN85369879' target='_blank'><div>ISRCTN85369879</div></a></td>
      <td>A psychological programme to improve low mood in adolescence</td>
      <td>Mental and Behavioural Disorders</td>
      <td>Child</td>
      <td>56</td>
    </tr>
    <tr>
      <td><a href='https://www.isrctn.com/ISRCTN11399850' target='_blank'><div>ISRCTN11399850</div></a></td>
      <td>We Can: a web-based skills package for carers of people with anorexia nervo...</td>
      <td>Mental and Behavioural Disorders</td>
      <td>Mixed</td>
      <td>302</td>
    </tr>
    <tr>
      <td><a href='https://www.isrctn.com/ISRCTN21987651' target='_blank'><div>ISRCTN21987651</div></a></td>
      <td>Parents and communities together (PACT)</td>
      <td>Mental and Behavioural Disorders</td>
      <td>Adult</td>
      <td>134</td>
    </tr>
    <tr>
      <td><a href='https://www.isrctn.com/ISRCTN29395780' target='_blank'><div>ISRCTN29395780</div></a></td>
      <td>The development of an intervention for reducing sitting time in the workpla...</td>
      <td>Not Applicable</td>
      <td>Adult</td>
      <td>30</td>
    </tr>
    <tr>
      <td><a href='https://www.isrctn.com/ISRCTN17917944' target='_blank'><div>ISRCTN17917944</div></a></td>
      <td>MODIFY Fatigue: a cognitive-behavioral therapy intervention study to improv...</td>
      <td>Digestive System</td>
      <td>Adult</td>
      <td>40</td>
    </tr>
    <tr>
      <td><a href='https://www.isrctn.com/ISRCTN59696243' target='_blank'><div>ISRCTN59696243</div></a></td>
      <td>Goal-setting, planning and self-monitoring (GPS) for gum disease</td>
      <td>Oral Health</td>
      <td>Adult</td>
      <td>50</td>
    </tr>
    <tr>
      <td><a href='https://www.isrctn.com/ISRCTN39186148' target='_blank'><div>ISRCTN39186148</div></a></td>
      <td>Supporting women with postnatal weight management</td>
      <td>Nutritional, Metabolic, Endocrine</td>
      <td>Adult</td>
      <td>190</td>
    </tr>
    <tr>
      <td><a href='https://www.isrctn.com/ISRCTN15570935' target='_blank'><div>ISRCTN15570935</div></a></td>
      <td>Indicated web-based prevention of mental disorders in undergraduate univers...</td>
      <td>Mental and Behavioural Disorders</td>
      <td>Adult</td>
      <td>5550</td>
    </tr>
    <tr>
      <td><a href='https://www.isrctn.com/ISRCTN16462783' target='_blank'><div>ISRCTN16462783</div></a></td>
      <td>Pilot Feasibility Study of Cognitive Control in Cocaine Dependence</td>
      <td>Mental and Behavioural Disorders</td>
      <td>Adult</td>
      <td>30</td>
    </tr>
    <tr>
      <td><a href='https://www.isrctn.com/ISRCTN11230559' target='_blank'><div>ISRCTN11230559</div></a></td>
      <td>Decision Aid for young people who Self­-Harm (DASH)</td>
      <td>Mental and Behavioural Disorders</td>
      <td>Child</td>
      <td>60</td>
    </tr>
    <tr>
      <td><a href='https://www.isrctn.com/ISRCTN81739991' target='_blank'><div>ISRCTN81739991</div></a></td>
      <td>Online acceptance and commitment therapy for chronic pain</td>
      <td>Signs and Symptoms</td>
      <td>Adult</td>
      <td>70</td>
    </tr>
    <tr>
      <td><a href='https://www.isrctn.com/ISRCTN88636606' target='_blank'><div>ISRCTN88636606</div></a></td>
      <td>Feasibility trial of open-access psychological workshops in schools</td>
      <td>Mental and Behavioural Disorders</td>
      <td>Adult</td>
      <td>150</td>
    </tr>
    <tr>
      <td><a href='https://www.isrctn.com/ISRCTN21802136' target='_blank'><div>ISRCTN21802136</div></a></td>
      <td>Coping with Unusual ExperienceS for 12-18 (CUES+)</td>
      <td>Mental and Behavioural Disorders</td>
      <td>Child</td>
      <td>120</td>
    </tr>
    <tr>
      <td><a href='https://www.isrctn.com/ISRCTN55465549' target='_blank'><div>ISRCTN55465549</div></a></td>
      <td>Can we successfully deliver and evaluate a physiotherapist-led behaviour-ch...</td>
      <td>Circulatory System</td>
      <td>Adult</td>
      <td>24</td>
    </tr>
    <tr>
      <td><a href='https://www.isrctn.com/ISRCTN19773253' target='_blank'><div>ISRCTN19773253</div></a></td>
      <td>The effects of expressive writing on haemodialysis patients</td>
      <td>Mental and Behavioural Disorders</td>
      <td>Adult</td>
      <td>50</td>
    </tr>
    <tr>
      <td><a href='https://www.isrctn.com/ISRCTN13311697' target='_blank'><div>ISRCTN13311697</div></a></td>
      <td>Can exercise reduce disability in peripheral neuropathy?</td>
      <td>Nervous System Diseases</td>
      <td>Adult</td>
      <td>70</td>
    </tr>
    <tr>
      <td><a href='https://www.isrctn.com/ISRCTN84864870' target='_blank'><div>ISRCTN84864870</div></a></td>
      <td>Comparing the effectiveness of enhanced motivational interviewing with usua...</td>
      <td>Circulatory System</td>
      <td>Adult</td>
      <td>1700</td>
    </tr>
    <tr>
      <td><a href='https://www.isrctn.com/ISRCTN19965528' target='_blank'><div>ISRCTN19965528</div></a></td>
      <td>Post-deployment health screening of members of the United Kingdom Armed For...</td>
      <td>Mental and Behavioural Disorders</td>
      <td>Adult</td>
      <td>6000</td>
    </tr>
    <tr>
      <td><a href='https://www.isrctn.com/ISRCTN58581840' target='_blank'><div>ISRCTN58581840</div></a></td>
      <td>The Fostering Changes programme</td>
      <td>Mental and Behavioural Disorders</td>
      <td>Adult</td>
      <td>72</td>
    </tr>
    <tr>
      <td><a href='https://www.isrctn.com/ISRCTN89971375' target='_blank'><div>ISRCTN89971375</div></a></td>
      <td>UK Pregnancies Better Eating and Activity Trial</td>
      <td>Nutritional, Metabolic, Endocrine</td>
      <td>Adult</td>
      <td>1546</td>
    </tr>
    <tr>
      <td><a href='https://www.isrctn.com/ISRCTN43192662' target='_blank'><div>ISRCTN43192662</div></a></td>
      <td>An evaluation of a brief assessment-led intervention with young non-injecti...</td>
      <td>Mental and Behavioural Disorders</td>
      <td>Adult</td>
      <td>255</td>
    </tr>
    <tr>
      <td><a href='https://www.isrctn.com/ISRCTN66109369' target='_blank'><div>ISRCTN66109369</div></a></td>
      <td>Group intervention to reduce intimate partner abuse by men in substance use...</td>
      <td>Mental and Behavioural Disorders</td>
      <td>Adult</td>
      <td>378</td>
    </tr>
    <tr>
      <td><a href='https://www.isrctn.com/ISRCTN15294714' target='_blank'><div>ISRCTN15294714</div></a></td>
      <td>A study to determine the effectiveness of a tailor-made prevention programm...</td>
      <td>Oral Health</td>
      <td>Adult</td>
      <td>40</td>
    </tr>
    <tr>
      <td><a href='https://www.isrctn.com/ISRCTN13549282' target='_blank'><div>ISRCTN13549282</div></a></td>
      <td>Education and Employment focused Individual Placement and Support (IPS) for...</td>
      <td>Mental and Behavioural Disorders</td>
      <td>Adult</td>
      <td>25</td>
    </tr>
    <tr>
      <td><a href='https://www.isrctn.com/ISRCTN14501418' target='_blank'><div>ISRCTN14501418</div></a></td>
      <td>Motivating structured walking activity in intermittent claudication</td>
      <td>Circulatory System</td>
      <td>Adult</td>
      <td>192</td>
    </tr>
    <tr>
      <td><a href='https://www.isrctn.com/ISRCTN93382525' target='_blank'><div>ISRCTN93382525</div></a></td>
      <td>STAR (Study of Trauma And Recovery): a trial of trauma-focused psychologica...</td>
      <td>Mental and Behavioural Disorders</td>
      <td>Adult</td>
      <td>300</td>
    </tr>
    <tr>
      <td><a href='https://www.isrctn.com/ISRCTN14644379' target='_blank'><div>ISRCTN14644379</div></a></td>
      <td>A patient and carer shared management intervention for anorexia</td>
      <td>Mental and Behavioural Disorders</td>
      <td>Adult</td>
      <td>380</td>
    </tr>
    <tr>
      <td><a href='https://www.isrctn.com/ISRCTN58958179' target='_blank'><div>ISRCTN58958179</div></a></td>
      <td>Telephone delivered Incentives (verbal praise and small financial incentive...</td>
      <td>Mental and Behavioural Disorders</td>
      <td>Adult</td>
      <td>60</td>
    </tr>
  </tbody>
</table>"
24,15764.29818165693,6831813.114718777,Cambridge University Hospitals NHS Foundation Trust,52.1749083,0.1416131,1.0,1.0,"<table border=""1"" class=""dataframe"">
  <thead>
    <tr style=""text-align: left;"">
      <th>ISRCTN link</th>
      <th>Title</th>
      <th>Condition category</th>
      <th>Age group</th>
      <th>Target number of participants</th>
    </tr>
  </thead>
  <tbody>
    <tr>
      <td><a href='https://www.isrctn.com/ISRCTN65152174' target='_blank'><div>ISRCTN65152174</div></a></td>
      <td>Dietary intervention in gestational diabetes</td>
      <td>Pregnancy and Childbirth</td>
      <td>Adult</td>
      <td>500</td>
    </tr>
  </tbody>
</table>"
25,-169496.79326589472,7133925.454259742,Leeds Teaching Hospitals NHS Trust,53.8082553,-1.5226156,1.0,1.0,"<table border=""1"" class=""dataframe"">
  <thead>
    <tr style=""text-align: left;"">
      <th>ISRCTN link</th>
      <th>Title</th>
      <th>Condition category</th>
      <th>Age group</th>
      <th>Target number of participants</th>
    </tr>
  </thead>
  <tbody>
    <tr>
      <td><a href='https://www.isrctn.com/ISRCTN14056874' target='_blank'><div>ISRCTN14056874</div></a></td>
      <td>Pilot trial of an online Acceptance and Commitment Therapy course to help P...</td>
      <td>Nervous System Diseases</td>
      <td>Adult</td>
      <td>92</td>
    </tr>
  </tbody>
</table>"
26,-136281.6843531646,6755938.296665334,Oxford Brookes University,51.7549518,-1.2242392,2.0,5.306765580733931,"<table border=""1"" class=""dataframe"">
  <thead>
    <tr style=""text-align: left;"">
      <th>ISRCTN link</th>
      <th>Title</th>
      <th>Condition category</th>
      <th>Age group</th>
      <th>Target number of participants</th>
    </tr>
  </thead>
  <tbody>
    <tr>
      <td><a href='https://www.isrctn.com/ISRCTN10573786' target='_blank'><div>ISRCTN10573786</div></a></td>
      <td>Developing an occupational therapy intervention to improve mental well bein...</td>
      <td>Mental and Behavioural Disorders</td>
      <td>Other</td>
      <td>245</td>
    </tr>
    <tr>
      <td><a href='https://www.isrctn.com/ISRCTN84098935' target='_blank'><div>ISRCTN84098935</div></a></td>
      <td>Standing up for cerebral palsy</td>
      <td>Nervous System Diseases</td>
      <td>Adult</td>
      <td>36</td>
    </tr>
  </tbody>
</table>"
27,-289762.31908948265,6702786.54140238,University of Bristol,51.4584172,-2.6029792,34.0,22.910509857959816,"<table border=""1"" class=""dataframe"">
  <thead>
    <tr style=""text-align: left;"">
      <th>ISRCTN link</th>
      <th>Title</th>
      <th>Condition category</th>
      <th>Age group</th>
      <th>Target number of participants</th>
    </tr>
  </thead>
  <tbody>
    <tr>
      <td><a href='https://www.isrctn.com/ISRCTN18215632' target='_blank'><div>ISRCTN18215632</div></a></td>
      <td>The impact of e-cigarette shop displays on children</td>
      <td>Not Applicable</td>
      <td>Child</td>
      <td>1000</td>
    </tr>
    <tr>
      <td><a href='https://www.isrctn.com/ISRCTN14602359' target='_blank'><div>ISRCTN14602359</div></a></td>
      <td>COVID-19 Germ Defence: a website to improve infection control during the CO...</td>
      <td>Infections and Infestations</td>
      <td>Adult</td>
      <td>6822</td>
    </tr>
    <tr>
      <td><a href='https://www.isrctn.com/ISRCTN16082420' target='_blank'><div>ISRCTN16082420</div></a></td>
      <td>Does viewing false messages about e-cigarette harms on Twitter change curre...</td>
      <td>Not Applicable</td>
      <td>Adult</td>
      <td>2400</td>
    </tr>
    <tr>
      <td><a href='https://www.isrctn.com/ISRCTN13471877' target='_blank'><div>ISRCTN13471877</div></a></td>
      <td>Using health information systems to address patients concerns in general pr...</td>
      <td>Not Applicable</td>
      <td>Adult</td>
      <td>198</td>
    </tr>
    <tr>
      <td><a href='https://www.isrctn.com/ISRCTN10456720' target='_blank'><div>ISRCTN10456720</div></a></td>
      <td>Straight-sided glasses for alcohol reduction</td>
      <td>Not Applicable</td>
      <td>Adult</td>
      <td>24</td>
    </tr>
    <tr>
      <td><a href='https://www.isrctn.com/ISRCTN11752262' target='_blank'><div>ISRCTN11752262</div></a></td>
      <td>Can recording a patient-specific video  of oral hygiene instructions to a p...</td>
      <td>Oral Health</td>
      <td>Adult</td>
      <td>64</td>
    </tr>
    <tr>
      <td><a href='https://www.isrctn.com/ISRCTN15804282' target='_blank'><div>ISRCTN15804282</div></a></td>
      <td>Randomised controlled trial of a group domestic violence perpetrator progra...</td>
      <td>Mental and Behavioural Disorders</td>
      <td>Adult</td>
      <td>586</td>
    </tr>
    <tr>
      <td><a href='https://www.isrctn.com/ISRCTN11513120' target='_blank'><div>ISRCTN11513120</div></a></td>
      <td>Comparing low intensity talking therapies for antenatal depression: a feasi...</td>
      <td>Mental and Behavioural Disorders</td>
      <td>Adult</td>
      <td>60</td>
    </tr>
    <tr>
      <td><a href='https://www.isrctn.com/ISRCTN16149416' target='_blank'><div>ISRCTN16149416</div></a></td>
      <td>Can mindfulness and lifestyle interventions improve the memory and mental f...</td>
      <td>Mental and Behavioural Disorders</td>
      <td>Adult</td>
      <td>90</td>
    </tr>
    <tr>
      <td><a href='https://www.isrctn.com/ISRCTN64458065' target='_blank'><div>ISRCTN64458065</div></a></td>
      <td>Mindfulness for trauma</td>
      <td>Mental and Behavioural Disorders</td>
      <td>Adult</td>
      <td>54</td>
    </tr>
    <tr>
      <td><a href='https://www.isrctn.com/ISRCTN17994717' target='_blank'><div>ISRCTN17994717</div></a></td>
      <td>Short term Water-only Fasting prior to chemotherapy Trial (SWiFT)</td>
      <td>Cancer</td>
      <td>Adult</td>
      <td>30</td>
    </tr>
    <tr>
      <td><a href='https://www.isrctn.com/ISRCTN24880714' target='_blank'><div>ISRCTN24880714</div></a></td>
      <td>Nutrition and physical activity intervention for families with familial hyp...</td>
      <td>Nutritional, Metabolic, Endocrine</td>
      <td>Mixed</td>
      <td>72</td>
    </tr>
    <tr>
      <td><a href='https://www.isrctn.com/ISRCTN14539759' target='_blank'><div>ISRCTN14539759</div></a></td>
      <td>PLAN-A: Assessment of whether a peer-led program increases the physical act...</td>
      <td>Not Specified</td>
      <td>Child</td>
      <td>1400</td>
    </tr>
    <tr>
      <td><a href='https://www.isrctn.com/ISRCTN84202126' target='_blank'><div>ISRCTN84202126</div></a></td>
      <td>Using functional Magnetic Resonance Imaging to assess the impact of Mandole...</td>
      <td>Nutritional, Metabolic, Endocrine</td>
      <td>Mixed</td>
      <td>40</td>
    </tr>
    <tr>
      <td><a href='https://www.isrctn.com/ISRCTN86024738' target='_blank'><div>ISRCTN86024738</div></a></td>
      <td>Implications of physical activity on CPET in a prostate cancer sample</td>
      <td>Cancer</td>
      <td>Adult</td>
      <td>20</td>
    </tr>
    <tr>
      <td><a href='https://www.isrctn.com/ISRCTN98699098' target='_blank'><div>ISRCTN98699098</div></a></td>
      <td>Stoke-on-Trent smokefree homes service evaluation</td>
      <td>Mental and Behavioural Disorders</td>
      <td>Adult</td>
      <td>80</td>
    </tr>
    <tr>
      <td><a href='https://www.isrctn.com/ISRCTN34001941' target='_blank'><div>ISRCTN34001941</div></a></td>
      <td>Action 3:30 R: Assessing the potential of training Teaching Assistants to d...</td>
      <td>Not Applicable</td>
      <td>Child</td>
      <td>360</td>
    </tr>
    <tr>
      <td><a href='https://www.isrctn.com/ISRCTN13255300' target='_blank'><div>ISRCTN13255300</div></a></td>
      <td>Supporting secondary school staff in mental health: the WISE (Wellbeing in ...</td>
      <td>Mental and Behavioural Disorders</td>
      <td>Mixed</td>
      <td>500</td>
    </tr>
    <tr>
      <td><a href='https://www.isrctn.com/ISRCTN18020851' target='_blank'><div>ISRCTN18020851</div></a></td>
      <td>How effective is FITNET-NHS for children and young adults with CFS/ME?</td>
      <td>Nervous System Diseases</td>
      <td>Child</td>
      <td>314</td>
    </tr>
    <tr>
      <td><a href='https://www.isrctn.com/ISRCTN48132950' target='_blank'><div>ISRCTN48132950</div></a></td>
      <td>Stand up for your health: The short-term effects of breaking up prolonged s...</td>
      <td>Nutritional, Metabolic, Endocrine</td>
      <td>Adult</td>
      <td>17</td>
    </tr>
    <tr>
      <td><a href='https://www.isrctn.com/ISRCTN95909211' target='_blank'><div>ISRCTN95909211</div></a></td>
      <td>A cluster randomised controlled trial of an intervention to improve the men...</td>
      <td>Mental and Behavioural Disorders</td>
      <td>Mixed</td>
      <td>24</td>
    </tr>
    <tr>
      <td><a href='https://www.isrctn.com/ISRCTN97394558' target='_blank'><div>ISRCTN97394558</div></a></td>
      <td>Evaluating the Breakthrough Mentoring scheme: a feasibility pilot randomise...</td>
      <td>Mental and Behavioural Disorders</td>
      <td>Child</td>
      <td>20</td>
    </tr>
    <tr>
      <td><a href='https://www.isrctn.com/ISRCTN12543546' target='_blank'><div>ISRCTN12543546</div></a></td>
      <td>A peer-led physical activity intervention for adolescent girls</td>
      <td>Not Applicable</td>
      <td>Child</td>
      <td>660</td>
    </tr>
    <tr>
      <td><a href='https://www.isrctn.com/ISRCTN62939408' target='_blank'><div>ISRCTN62939408</div></a></td>
      <td>Footprints in primary care</td>
      <td>Signs and Symptoms</td>
      <td>Adult</td>
      <td>90</td>
    </tr>
    <tr>
      <td><a href='https://www.isrctn.com/ISRCTN15009100' target='_blank'><div>ISRCTN15009100</div></a></td>
      <td>Travel to Work study</td>
      <td>Not Applicable</td>
      <td>Adult</td>
      <td>672</td>
    </tr>
    <tr>
      <td><a href='https://www.isrctn.com/ISRCTN99048944' target='_blank'><div>ISRCTN99048944</div></a></td>
      <td>Prostate Cancer Evidence of Exercise and Nutrition Trial: nutritional and p...</td>
      <td>Cancer</td>
      <td>Adult</td>
      <td>150</td>
    </tr>
    <tr>
      <td><a href='https://www.isrctn.com/ISRCTN80470273' target='_blank'><div>ISRCTN80470273</div></a></td>
      <td>The PACE Study: physical activity facilitation for older adults</td>
      <td>Not Applicable</td>
      <td>Adult</td>
      <td>60</td>
    </tr>
    <tr>
      <td><a href='https://www.isrctn.com/ISRCTN52882523' target='_blank'><div>ISRCTN52882523</div></a></td>
      <td>Bristol Girls Dance Project: a cluster randomised controlled trial of an af...</td>
      <td>Not Applicable</td>
      <td>Child</td>
      <td>594</td>
    </tr>
    <tr>
      <td><a href='https://www.isrctn.com/ISRCTN58502739' target='_blank'><div>ISRCTN58502739</div></a></td>
      <td>Action 3:30 - Promoting increased children's physical activity through a te...</td>
      <td>Mental and Behavioural Disorders</td>
      <td>Other</td>
      <td>640</td>
    </tr>
    <tr>
      <td><a href='https://www.isrctn.com/ISRCTN72882329' target='_blank'><div>ISRCTN72882329</div></a></td>
      <td>Walk to work study</td>
      <td>Not Applicable</td>
      <td>Adult</td>
      <td>500</td>
    </tr>
    <tr>
      <td><a href='https://www.isrctn.com/ISRCTN02532638' target='_blank'><div>ISRCTN02532638</div></a></td>
      <td>Effects of emotion perception training on mood in undergraduate students</td>
      <td>Mental and Behavioural Disorders</td>
      <td>Adult</td>
      <td>80</td>
    </tr>
    <tr>
      <td><a href='https://www.isrctn.com/ISRCTN50133740' target='_blank'><div>ISRCTN50133740</div></a></td>
      <td>Active for Life Year 5</td>
      <td>Not Applicable</td>
      <td>Child</td>
      <td>1500</td>
    </tr>
    <tr>
      <td><a href='https://www.isrctn.com/ISRCTN44902048' target='_blank'><div>ISRCTN44902048</div></a></td>
      <td>Cognitive therapy for antenatal depression</td>
      <td>Pregnancy and Childbirth</td>
      <td>Adult</td>
      <td>210</td>
    </tr>
    <tr>
      <td><a href='https://www.isrctn.com/ISRCTN16900744' target='_blank'><div>ISRCTN16900744</div></a></td>
      <td>A pragmatic randomised controlled trial to evaluate physical activity as a ...</td>
      <td>Mental and Behavioural Disorders</td>
      <td>Adult</td>
      <td>361</td>
    </tr>
  </tbody>
</table>"
28,-482497.5347322836,6774374.065007597,Hywel Dda University Health Board,51.8573532,-4.3343491,1.0,1.0,"<table border=""1"" class=""dataframe"">
  <thead>
    <tr style=""text-align: left;"">
      <th>ISRCTN link</th>
      <th>Title</th>
      <th>Condition category</th>
      <th>Age group</th>
      <th>Target number of participants</th>
    </tr>
  </thead>
  <tbody>
    <tr>
      <td><a href='https://www.isrctn.com/ISRCTN21489342' target='_blank'><div>ISRCTN21489342</div></a></td>
      <td>How effective is a community based pulmonary rehabilitation programme for p...</td>
      <td>Respiratory</td>
      <td>Adult</td>
      <td>60</td>
    </tr>
  </tbody>
</table>"
29,-436122.32467356534,7587553.341563439,University of Stirling,56.1460908,-3.9177535,4.0,9.613531161467861,"<table border=""1"" class=""dataframe"">
  <thead>
    <tr style=""text-align: left;"">
      <th>ISRCTN link</th>
      <th>Title</th>
      <th>Condition category</th>
      <th>Age group</th>
      <th>Target number of participants</th>
    </tr>
  </thead>
  <tbody>
    <tr>
      <td><a href='https://www.isrctn.com/ISRCTN55218215' target='_blank'><div>ISRCTN55218215</div></a></td>
      <td>Trial of financial incentives for preventing postpartum return to smoking</td>
      <td>Not Applicable</td>
      <td>Mixed</td>
      <td>900</td>
    </tr>
    <tr>
      <td><a href='https://www.isrctn.com/ISRCTN43209618' target='_blank'><div>ISRCTN43209618</div></a></td>
      <td>A feasibility study of the Parents under Pressure programme for improving o...</td>
      <td>Mental and Behavioural Disorders</td>
      <td>All</td>
      <td>48</td>
    </tr>
    <tr>
      <td><a href='https://www.isrctn.com/ISRCTN11183372' target='_blank'><div>ISRCTN11183372</div></a></td>
      <td>Exercise referral to fitness centre or cardiac rehabilitation among breast ...</td>
      <td>Cancer</td>
      <td>Adult</td>
      <td>12</td>
    </tr>
    <tr>
      <td><a href='https://www.isrctn.com/ISRCTN11141528' target='_blank'><div>ISRCTN11141528</div></a></td>
      <td>""Do you know your skin?"": an intervention to increase sunscreen use, skin s...</td>
      <td>Cancer</td>
      <td>Child</td>
      <td>500</td>
    </tr>
  </tbody>
</table>"
31,-19466.828973237527,6710008.469052965,Imperial College London,51.49882220000001,-0.1748735,9.0,14.652123889719707,"<table border=""1"" class=""dataframe"">
  <thead>
    <tr style=""text-align: left;"">
      <th>ISRCTN link</th>
      <th>Title</th>
      <th>Condition category</th>
      <th>Age group</th>
      <th>Target number of participants</th>
    </tr>
  </thead>
  <tbody>
    <tr>
      <td><a href='https://www.isrctn.com/ISRCTN12323123' target='_blank'><div>ISRCTN12323123</div></a></td>
      <td>Do visual models improve patient satisfaction in orthopedic consenting? A s...</td>
      <td>Musculoskeletal Diseases</td>
      <td>Adult</td>
      <td>53</td>
    </tr>
    <tr>
      <td><a href='https://www.isrctn.com/ISRCTN12924088' target='_blank'><div>ISRCTN12924088</div></a></td>
      <td>Yoga and cardiovascular health trial</td>
      <td>Circulatory System</td>
      <td>Adult</td>
      <td>80</td>
    </tr>
    <tr>
      <td><a href='https://www.isrctn.com/ISRCTN14896403' target='_blank'><div>ISRCTN14896403</div></a></td>
      <td>Incentives in diabetic eye assessment by screening</td>
      <td>Eye Diseases</td>
      <td>Other</td>
      <td>1000</td>
    </tr>
    <tr>
      <td><a href='https://www.isrctn.com/ISRCTN11660314' target='_blank'><div>ISRCTN11660314</div></a></td>
      <td>General practice endorsement in the Bowel Cancer Screening Programme</td>
      <td>Cancer</td>
      <td>Senior</td>
      <td>97616</td>
    </tr>
    <tr>
      <td><a href='https://www.isrctn.com/ISRCTN58327365' target='_blank'><div>ISRCTN58327365</div></a></td>
      <td>Healthy Start, Happy Start: helping parents with children's behaviour</td>
      <td>Mental and Behavioural Disorders</td>
      <td>Mixed</td>
      <td>300</td>
    </tr>
    <tr>
      <td><a href='https://www.isrctn.com/ISRCTN46150447' target='_blank'><div>ISRCTN46150447</div></a></td>
      <td>Interactive group art therapy as an adjunctive treatment for people with sc...</td>
      <td>Mental and Behavioural Disorders</td>
      <td>Adult</td>
      <td>376</td>
    </tr>
    <tr>
      <td><a href='https://www.isrctn.com/ISRCTN16727984' target='_blank'><div>ISRCTN16727984</div></a></td>
      <td>Study to explain the reason for the variation in blood cholesterol response...</td>
      <td>Circulatory System</td>
      <td>Adult</td>
      <td>36</td>
    </tr>
    <tr>
      <td><a href='https://www.isrctn.com/ISRCTN74381956' target='_blank'><div>ISRCTN74381956</div></a></td>
      <td>Distribution of targeted educational materials to families after they atten...</td>
      <td>Not Applicable</td>
      <td>Adult</td>
      <td>8000</td>
    </tr>
    <tr>
      <td><a href='https://www.isrctn.com/ISRCTN14711101' target='_blank'><div>ISRCTN14711101</div></a></td>
      <td>Cognitive therapy for pain in the chest</td>
      <td>Mental and Behavioural Disorders</td>
      <td>Adult</td>
      <td>68</td>
    </tr>
  </tbody>
</table>"
32,-353869.5329130179,6707828.061418129,Cardiff University,51.48662710000001,-3.1788641,11.0,15.898961024049783,"<table border=""1"" class=""dataframe"">
  <thead>
    <tr style=""text-align: left;"">
      <th>ISRCTN link</th>
      <th>Title</th>
      <th>Condition category</th>
      <th>Age group</th>
      <th>Target number of participants</th>
    </tr>
  </thead>
  <tbody>
    <tr>
      <td><a href='https://www.isrctn.com/ISRCTN54793810' target='_blank'><div>ISRCTN54793810</div></a></td>
      <td>SaFE: a sexual health and healthy relationships intervention for further ed...</td>
      <td>Not Applicable</td>
      <td>Mixed</td>
      <td>1000</td>
    </tr>
    <tr>
      <td><a href='https://www.isrctn.com/ISRCTN91345822' target='_blank'><div>ISRCTN91345822</div></a></td>
      <td>Reconsolidation using Rewind</td>
      <td>Mental and Behavioural Disorders</td>
      <td>Adult</td>
      <td>40</td>
    </tr>
    <tr>
      <td><a href='https://www.isrctn.com/ISRCTN72047541' target='_blank'><div>ISRCTN72047541</div></a></td>
      <td>The FRANK friends study: a multicentre cluster randomised controlled trial ...</td>
      <td>Not Applicable</td>
      <td>Child</td>
      <td>7242</td>
    </tr>
    <tr>
      <td><a href='https://www.isrctn.com/ISRCTN10303368' target='_blank'><div>ISRCTN10303368</div></a></td>
      <td>Reducing fatigue in women undergoing radiotherapy for breast cancer</td>
      <td>Cancer</td>
      <td>Adult</td>
      <td>75</td>
    </tr>
    <tr>
      <td><a href='https://www.isrctn.com/ISRCTN13697710' target='_blank'><div>ISRCTN13697710</div></a></td>
      <td>A study of  trauma-focused online guided self help versus trauma-focused co...</td>
      <td>Mental and Behavioural Disorders</td>
      <td>Adult</td>
      <td>192</td>
    </tr>
    <tr>
      <td><a href='https://www.isrctn.com/ISRCTN65378754' target='_blank'><div>ISRCTN65378754</div></a></td>
      <td>Supporting activity engagement in people with Huntington's disease</td>
      <td>Nervous System Diseases</td>
      <td>Adult</td>
      <td>62</td>
    </tr>
    <tr>
      <td><a href='https://www.isrctn.com/ISRCTN11392629' target='_blank'><div>ISRCTN11392629</div></a></td>
      <td>Exercise rehabilitation trial in Huntington's disease</td>
      <td>Nervous System Diseases</td>
      <td>Adult</td>
      <td>26</td>
    </tr>
    <tr>
      <td><a href='https://www.isrctn.com/ISRCTN94284668' target='_blank'><div>ISRCTN94284668</div></a></td>
      <td>Task-related TRAINing in Huntingtons Disease</td>
      <td>Mental and Behavioural Disorders</td>
      <td>Adult</td>
      <td>30</td>
    </tr>
    <tr>
      <td><a href='https://www.isrctn.com/ISRCTN35774128' target='_blank'><div>ISRCTN35774128</div></a></td>
      <td>Weight Loss Maintenance in Adults</td>
      <td>Nutritional, Metabolic, Endocrine</td>
      <td>Adult</td>
      <td>950</td>
    </tr>
    <tr>
      <td><a href='https://www.isrctn.com/ISRCTN22495456' target='_blank'><div>ISRCTN22495456</div></a></td>
      <td>Preventing disease through opportunistic, rapid engagement by primary care ...</td>
      <td>Mental and Behavioural Disorders</td>
      <td>Adult</td>
      <td>0</td>
    </tr>
    <tr>
      <td><a href='https://www.isrctn.com/ISRCTN19563136' target='_blank'><div>ISRCTN19563136</div></a></td>
      <td>The Filter FE Challenge: pilot trial and process evaluation of a multi-leve...</td>
      <td>Mental and Behavioural Disorders</td>
      <td>Child</td>
      <td>2500</td>
    </tr>
  </tbody>
</table>"
33,-137155.67593928074,6939651.684622807,Loughborough University,52.7650253,-1.2320904,7.0,13.090619551221675,"<table border=""1"" class=""dataframe"">
  <thead>
    <tr style=""text-align: left;"">
      <th>ISRCTN link</th>
      <th>Title</th>
      <th>Condition category</th>
      <th>Age group</th>
      <th>Target number of participants</th>
    </tr>
  </thead>
  <tbody>
    <tr>
      <td><a href='https://www.isrctn.com/ISRCTN90032009' target='_blank'><div>ISRCTN90032009</div></a></td>
      <td>PROWORK: promoting a sustainable and healthy return to work toolkit for emp...</td>
      <td>Not Applicable</td>
      <td>Adult</td>
      <td>100</td>
    </tr>
    <tr>
      <td><a href='https://www.isrctn.com/ISRCTN16349793' target='_blank'><div>ISRCTN16349793</div></a></td>
      <td>A study to test whether women who have been treated for cervical cancer enj...</td>
      <td>Signs and Symptoms</td>
      <td>Adult</td>
      <td>30</td>
    </tr>
    <tr>
      <td><a href='https://www.isrctn.com/ISRCTN17545949' target='_blank'><div>ISRCTN17545949</div></a></td>
      <td>Combining novel self-monitoring technologies for persuasive behaviour chang...</td>
      <td>Nutritional, Metabolic, Endocrine</td>
      <td>Adult</td>
      <td>45</td>
    </tr>
    <tr>
      <td><a href='https://www.isrctn.com/ISRCTN10483894' target='_blank'><div>ISRCTN10483894</div></a></td>
      <td>The effectiveness and cost-effectiveness of a structured health interventio...</td>
      <td>Nutritional, Metabolic, Endocrine</td>
      <td>Adult</td>
      <td>336</td>
    </tr>
    <tr>
      <td><a href='https://www.isrctn.com/ISRCTN12915848' target='_blank'><div>ISRCTN12915848</div></a></td>
      <td>Stand Out in Class: reducing sitting in the classroom environment</td>
      <td>Not Applicable</td>
      <td>Child</td>
      <td>120</td>
    </tr>
    <tr>
      <td><a href='https://www.isrctn.com/ISRCTN10967042' target='_blank'><div>ISRCTN10967042</div></a></td>
      <td>SMArT Work: Stand More AT Work</td>
      <td>Injury, Occupational Diseases, Poisoning</td>
      <td>Adult</td>
      <td>136</td>
    </tr>
    <tr>
      <td><a href='https://www.isrctn.com/ISRCTN50709297' target='_blank'><div>ISRCTN50709297</div></a></td>
      <td>Can physical activity enhance emotion, memory, attention and concentration ...</td>
      <td>Cancer</td>
      <td>Adult</td>
      <td>52</td>
    </tr>
  </tbody>
</table>"
34,-14025.409811822443,6708868.9079774935,Education Endowment Foundation,51.492449,-0.1259924,34.0,22.910509857959816,"<table border=""1"" class=""dataframe"">
  <thead>
    <tr style=""text-align: left;"">
      <th>ISRCTN link</th>
      <th>Title</th>
      <th>Condition category</th>
      <th>Age group</th>
      <th>Target number of participants</th>
    </tr>
  </thead>
  <tbody>
    <tr>
      <td><a href='https://www.isrctn.com/ISRCTN17920547' target='_blank'><div>ISRCTN17920547</div></a></td>
      <td>Focus for Teacher Assessment of Primary Science (Focus4TAPS) trial: determi...</td>
      <td>Not Applicable</td>
      <td>Child</td>
      <td>3500</td>
    </tr>
    <tr>
      <td><a href='https://www.isrctn.com/ISRCTN18428598' target='_blank'><div>ISRCTN18428598</div></a></td>
      <td>Does the Flexible Phonics programme lead to improved reading outcomes for c...</td>
      <td>Not Applicable</td>
      <td>Child</td>
      <td>2875</td>
    </tr>
    <tr>
      <td><a href='https://www.isrctn.com/ISRCTN14881793' target='_blank'><div>ISRCTN14881793</div></a></td>
      <td>Evaluating the effectiveness of the Nuffield Early Language Intervention</td>
      <td>Mental and Behavioural Disorders</td>
      <td>Child</td>
      <td>350</td>
    </tr>
    <tr>
      <td><a href='https://www.isrctn.com/ISRCTN11339306' target='_blank'><div>ISRCTN11339306</div></a></td>
      <td>Evaluation of Whole-School Special Educational Needs and Disabilities (SEND...</td>
      <td>Not Applicable</td>
      <td>Child</td>
      <td>57600</td>
    </tr>
    <tr>
      <td><a href='https://www.isrctn.com/ISRCTN96216897' target='_blank'><div>ISRCTN96216897</div></a></td>
      <td>Evaluation of the effectiveness of the ParentChild+ home visiting programme</td>
      <td>Not Applicable</td>
      <td>Child</td>
      <td>320</td>
    </tr>
    <tr>
      <td><a href='https://www.isrctn.com/ISRCTN23292431' target='_blank'><div>ISRCTN23292431</div></a></td>
      <td>Home learning environment support to improve early literacy skills of 3- to...</td>
      <td>Not Applicable</td>
      <td>Child</td>
      <td>992</td>
    </tr>
    <tr>
      <td><a href='https://www.isrctn.com/ISRCTN59217701' target='_blank'><div>ISRCTN59217701</div></a></td>
      <td>Evaluation of the Basic Maths Premium</td>
      <td>Not Applicable</td>
      <td>Other</td>
      <td>50000</td>
    </tr>
    <tr>
      <td><a href='https://www.isrctn.com/ISRCTN28630907' target='_blank'><div>ISRCTN28630907</div></a></td>
      <td>Evaluation of ASCENTS 121 Support for Science</td>
      <td>Not Applicable</td>
      <td>Mixed</td>
      <td>770</td>
    </tr>
    <tr>
      <td><a href='https://www.isrctn.com/ISRCTN68006446' target='_blank'><div>ISRCTN68006446</div></a></td>
      <td>Can adventure learning improve students’ skills, behaviour and academic res...</td>
      <td>Not Applicable</td>
      <td>Child</td>
      <td>2328</td>
    </tr>
    <tr>
      <td><a href='https://www.isrctn.com/ISRCTN10664882' target='_blank'><div>ISRCTN10664882</div></a></td>
      <td>Peer assisted learning strategies for reading UK (PALS-UK)</td>
      <td>Not Applicable</td>
      <td>Child</td>
      <td>2900</td>
    </tr>
    <tr>
      <td><a href='https://www.isrctn.com/ISRCTN89357177' target='_blank'><div>ISRCTN89357177</div></a></td>
      <td>Evaluation of the Level 4 Group Triple P project</td>
      <td>Mental and Behavioural Disorders</td>
      <td>Mixed</td>
      <td>1100</td>
    </tr>
    <tr>
      <td><a href='https://www.isrctn.com/ISRCTN90151856' target='_blank'><div>ISRCTN90151856</div></a></td>
      <td>Can Hanen Learning Language and Loving It improve language outcomes for ear...</td>
      <td>Not Applicable</td>
      <td>Mixed</td>
      <td>147</td>
    </tr>
    <tr>
      <td><a href='https://www.isrctn.com/ISRCTN43822826' target='_blank'><div>ISRCTN43822826</div></a></td>
      <td>Can the Same Day Intervention improve maths attainment in Year 5 students i...</td>
      <td>Not Applicable</td>
      <td>Child</td>
      <td>3900</td>
    </tr>
    <tr>
      <td><a href='https://www.isrctn.com/ISRCTN54008927' target='_blank'><div>ISRCTN54008927</div></a></td>
      <td>SMART Spaces - spaced learning revision programme: an education endowment f...</td>
      <td>Not Applicable</td>
      <td>Child</td>
      <td>12500</td>
    </tr>
    <tr>
      <td><a href='https://www.isrctn.com/ISRCTN62362872' target='_blank'><div>ISRCTN62362872</div></a></td>
      <td>Evaluating the effectiveness of ED (previously Diagnostic Questions or DQ) ...</td>
      <td>Not Applicable</td>
      <td>Child</td>
      <td>30000</td>
    </tr>
    <tr>
      <td><a href='https://www.isrctn.com/ISRCTN27341369' target='_blank'><div>ISRCTN27341369</div></a></td>
      <td>Using the Community Apprentice programme to improve student attainment in s...</td>
      <td>Not Applicable</td>
      <td>Child</td>
      <td>780</td>
    </tr>
    <tr>
      <td><a href='https://www.isrctn.com/ISRCTN10546365' target='_blank'><div>ISRCTN10546365</div></a></td>
      <td>Using the Craft of Writing to improve pupil attainment in schools</td>
      <td>Not Applicable</td>
      <td>Child</td>
      <td>2880</td>
    </tr>
    <tr>
      <td><a href='https://www.isrctn.com/ISRCTN14448319' target='_blank'><div>ISRCTN14448319</div></a></td>
      <td>Using the Speech Bubbles program to improve pupil attainment in schools</td>
      <td>Not Applicable</td>
      <td>Child</td>
      <td>1040</td>
    </tr>
    <tr>
      <td><a href='https://www.isrctn.com/ISRCTN14491875' target='_blank'><div>ISRCTN14491875</div></a></td>
      <td>Using the Young Journalist Academy to improve pupil attainment in schools</td>
      <td>Not Applicable</td>
      <td>Child</td>
      <td>3000</td>
    </tr>
    <tr>
      <td><a href='https://www.isrctn.com/ISRCTN12991126' target='_blank'><div>ISRCTN12991126</div></a></td>
      <td>The effectiveness of the Nuffield Early Language Intervention programme</td>
      <td>Mental and Behavioural Disorders</td>
      <td>Child</td>
      <td>1000</td>
    </tr>
    <tr>
      <td><a href='https://www.isrctn.com/ISRCTN10520083' target='_blank'><div>ISRCTN10520083</div></a></td>
      <td>Do the onebillion maths apps promote young children’s mathematics attainmen...</td>
      <td>Mental and Behavioural Disorders</td>
      <td>Child</td>
      <td>1124</td>
    </tr>
    <tr>
      <td><a href='https://www.isrctn.com/ISRCTN20687346' target='_blank'><div>ISRCTN20687346</div></a></td>
      <td>School Partnerships Programme: a school-level matched difference in differe...</td>
      <td>Not Applicable</td>
      <td>Other</td>
      <td>600</td>
    </tr>
    <tr>
      <td><a href='https://www.isrctn.com/ISRCTN77306152' target='_blank'><div>ISRCTN77306152</div></a></td>
      <td>Generation STEM - an evaluation of a STEM-related work experience intervent...</td>
      <td>Not Applicable</td>
      <td>Child</td>
      <td>1950</td>
    </tr>
    <tr>
      <td><a href='https://www.isrctn.com/ISRCTN14382473' target='_blank'><div>ISRCTN14382473</div></a></td>
      <td>Evaluation of the Research Learning Communities Intervention, that aims to ...</td>
      <td>Not Applicable</td>
      <td>Child</td>
      <td>110</td>
    </tr>
    <tr>
      <td><a href='https://www.isrctn.com/ISRCTN50447665' target='_blank'><div>ISRCTN50447665</div></a></td>
      <td>Digital feedback in primary maths</td>
      <td>Not Applicable</td>
      <td>Adult</td>
      <td>120</td>
    </tr>
    <tr>
      <td><a href='https://www.isrctn.com/ISRCTN41017069' target='_blank'><div>ISRCTN41017069</div></a></td>
      <td>Learning to learn in primary schools</td>
      <td>Not Applicable</td>
      <td>Child</td>
      <td>1500</td>
    </tr>
    <tr>
      <td><a href='https://www.isrctn.com/ISRCTN64088368' target='_blank'><div>ISRCTN64088368</div></a></td>
      <td>Evaluation of the Switch-on reading intervention</td>
      <td>Not Applicable</td>
      <td>Child</td>
      <td>1500</td>
    </tr>
    <tr>
      <td><a href='https://www.isrctn.com/ISRCTN89670776' target='_blank'><div>ISRCTN89670776</div></a></td>
      <td>An evaluation of the Mathematical Reasoning programme</td>
      <td>Not Applicable</td>
      <td>Child</td>
      <td>7200</td>
    </tr>
    <tr>
      <td><a href='https://www.isrctn.com/ISRCTN14702744' target='_blank'><div>ISRCTN14702744</div></a></td>
      <td>Changing mindsets to improve pupil attainment</td>
      <td>Not Applicable</td>
      <td>Child</td>
      <td>4000</td>
    </tr>
    <tr>
      <td><a href='https://www.isrctn.com/ISRCTN15932880' target='_blank'><div>ISRCTN15932880</div></a></td>
      <td>Assessment of the effectiveness of the intervention 1stClass@Number</td>
      <td>Not Applicable</td>
      <td>Child</td>
      <td>5400</td>
    </tr>
    <tr>
      <td><a href='https://www.isrctn.com/ISRCTN53386443' target='_blank'><div>ISRCTN53386443</div></a></td>
      <td>Evaluation of the Save the Children ""Families and Schools Together"" (FAST) ...</td>
      <td>Not Applicable</td>
      <td>Child</td>
      <td>160</td>
    </tr>
    <tr>
      <td><a href='https://www.isrctn.com/ISRCTN16968546' target='_blank'><div>ISRCTN16968546</div></a></td>
      <td>Evaluation of the parental engagement project</td>
      <td>Not Applicable</td>
      <td>Child</td>
      <td>10000</td>
    </tr>
    <tr>
      <td><a href='https://www.isrctn.com/ISRCTN10973392' target='_blank'><div>ISRCTN10973392</div></a></td>
      <td>Embedding formative assessment to improve pupil attainment: A randomised tr...</td>
      <td>Not Applicable</td>
      <td>Child</td>
      <td>12000</td>
    </tr>
    <tr>
      <td><a href='https://www.isrctn.com/ISRCTN23703392' target='_blank'><div>ISRCTN23703392</div></a></td>
      <td>Evaluation of the 5Rs programme (a revision year approach to GCSE maths res...</td>
      <td>Not Applicable</td>
      <td>Other</td>
      <td>80</td>
    </tr>
  </tbody>
</table>"
35,-166122.46572901995,7053444.597670693,Sheffield Teaching Hospitals NHS Foundation Trust,53.379171,-1.4923035,5.0,11.0,"<table border=""1"" class=""dataframe"">
  <thead>
    <tr style=""text-align: left;"">
      <th>ISRCTN link</th>
      <th>Title</th>
      <th>Condition category</th>
      <th>Age group</th>
      <th>Target number of participants</th>
    </tr>
  </thead>
  <tbody>
    <tr>
      <td><a href='https://www.isrctn.com/ISRCTN30588041' target='_blank'><div>ISRCTN30588041</div></a></td>
      <td>A randomised study of nutritional management in patients with amyotrophic l...</td>
      <td>Nervous System Diseases</td>
      <td>Adult</td>
      <td>334</td>
    </tr>
    <tr>
      <td><a href='https://www.isrctn.com/ISRCTN77188216' target='_blank'><div>ISRCTN77188216</div></a></td>
      <td>HighCALS Study - A programme to develop and test an online resource which a...</td>
      <td>Nervous System Diseases</td>
      <td>Adult</td>
      <td>30</td>
    </tr>
    <tr>
      <td><a href='https://www.isrctn.com/ISRCTN14464661' target='_blank'><div>ISRCTN14464661</div></a></td>
      <td>CFHealthHub Data Observatory</td>
      <td>Respiratory</td>
      <td>Adult</td>
      <td>2000</td>
    </tr>
    <tr>
      <td><a href='https://www.isrctn.com/ISRCTN54179832' target='_blank'><div>ISRCTN54179832</div></a></td>
      <td>Evaluating Self -Management in Diabetes</td>
      <td>Nutritional, Metabolic, Endocrine</td>
      <td>Adult</td>
      <td>2740</td>
    </tr>
    <tr>
      <td><a href='https://www.isrctn.com/ISRCTN56149622' target='_blank'><div>ISRCTN56149622</div></a></td>
      <td>Evaluation of current emergency department triage methods during a flu pand...</td>
      <td>Infections and Infestations</td>
      <td>Adult</td>
      <td>20500</td>
    </tr>
  </tbody>
</table>"
38,-119174.39443873038,6594754.863302128,Portsmouth Hospitals NHS Trust,50.8497257,-1.0705618,3.0,7.826061944859854,"<table border=""1"" class=""dataframe"">
  <thead>
    <tr style=""text-align: left;"">
      <th>ISRCTN link</th>
      <th>Title</th>
      <th>Condition category</th>
      <th>Age group</th>
      <th>Target number of participants</th>
    </tr>
  </thead>
  <tbody>
    <tr>
      <td><a href='https://www.isrctn.com/ISRCTN17338269' target='_blank'><div>ISRCTN17338269</div></a></td>
      <td>Education, self-management & empowerment in exacerbation-prone asthma</td>
      <td>Respiratory</td>
      <td>Adult</td>
      <td>30</td>
    </tr>
    <tr>
      <td><a href='https://www.isrctn.com/ISRCTN28976399' target='_blank'><div>ISRCTN28976399</div></a></td>
      <td>STOP: The staff smoking project</td>
      <td>Respiratory</td>
      <td>Adult</td>
      <td>50</td>
    </tr>
    <tr>
      <td><a href='https://www.isrctn.com/ISRCTN19452424' target='_blank'><div>ISRCTN19452424</div></a></td>
      <td>BRAISH - a feasibility study of alcohol brief intervention in a sexual heal...</td>
      <td>Mental and Behavioural Disorders</td>
      <td>Other</td>
      <td>215</td>
    </tr>
  </tbody>
</table>"
39,-129447.76968141648,6981081.701203768,Nottingham University Hospitals NHS Trust,52.9896393,-1.1628491,3.0,7.826061944859854,"<table border=""1"" class=""dataframe"">
  <thead>
    <tr style=""text-align: left;"">
      <th>ISRCTN link</th>
      <th>Title</th>
      <th>Condition category</th>
      <th>Age group</th>
      <th>Target number of participants</th>
    </tr>
  </thead>
  <tbody>
    <tr>
      <td><a href='https://www.isrctn.com/ISRCTN10903290' target='_blank'><div>ISRCTN10903290</div></a></td>
      <td>Acceptance and Commitment Therapy to improve Neuro-Oncology Wellbeing (ACT ...</td>
      <td>Cancer</td>
      <td>Mixed</td>
      <td>72</td>
    </tr>
    <tr>
      <td><a href='https://www.isrctn.com/ISRCTN74668529' target='_blank'><div>ISRCTN74668529</div></a></td>
      <td>Multicentre research programme to enhance return to work after trauma (ROWT...</td>
      <td>Injury, Occupational Diseases, Poisoning</td>
      <td>Adult</td>
      <td>10</td>
    </tr>
    <tr>
      <td><a href='https://www.isrctn.com/ISRCTN13059163' target='_blank'><div>ISRCTN13059163</div></a></td>
      <td>Manualisation and feasibility study of audiologist-delivered counselling fo...</td>
      <td>Ear, Nose and Throat</td>
      <td>Adult</td>
      <td>30</td>
    </tr>
  </tbody>
</table>"
40,-27641.675967183288,6757107.276128035,University of Hertfordshire,51.7614518,-0.2483094,3.0,7.826061944859854,"<table border=""1"" class=""dataframe"">
  <thead>
    <tr style=""text-align: left;"">
      <th>ISRCTN link</th>
      <th>Title</th>
      <th>Condition category</th>
      <th>Age group</th>
      <th>Target number of participants</th>
    </tr>
  </thead>
  <tbody>
    <tr>
      <td><a href='https://www.isrctn.com/ISRCTN17478654' target='_blank'><div>ISRCTN17478654</div></a></td>
      <td>Wrapped: A study to identify which strategies work best to recruit and reta...</td>
      <td>Urological and Genital Diseases</td>
      <td>Adult</td>
      <td>230</td>
    </tr>
    <tr>
      <td><a href='https://www.isrctn.com/ISRCTN70832140' target='_blank'><div>ISRCTN70832140</div></a></td>
      <td>Improving the wellbeing of children in care through a group intervention fo...</td>
      <td>Mental and Behavioural Disorders</td>
      <td>Adult</td>
      <td>720</td>
    </tr>
    <tr>
      <td><a href='https://www.isrctn.com/ISRCTN66452702' target='_blank'><div>ISRCTN66452702</div></a></td>
      <td>Evaluating an exercise intervention to treat depression in young people</td>
      <td>Mental and Behavioural Disorders</td>
      <td>Child</td>
      <td>81</td>
    </tr>
  </tbody>
</table>"
41,-179260.91523404882,7357807.801656512,What Works for Children's Social Care,54.979084,-1.6103282,1.0,1.0,"<table border=""1"" class=""dataframe"">
  <thead>
    <tr style=""text-align: left;"">
      <th>ISRCTN link</th>
      <th>Title</th>
      <th>Condition category</th>
      <th>Age group</th>
      <th>Target number of participants</th>
    </tr>
  </thead>
  <tbody>
    <tr>
      <td><a href='https://www.isrctn.com/ISRCTN90922032' target='_blank'><div>ISRCTN90922032</div></a></td>
      <td>The SWIS Trial: An evaluation of school based social work</td>
      <td>Not Applicable</td>
      <td>Mixed</td>
      <td>291</td>
    </tr>
  </tbody>
</table>"
43,-659946.2020520652,7285291.2192702135,University of Ulster,54.6035026,-5.928397599999999,7.0,13.090619551221675,"<table border=""1"" class=""dataframe"">
  <thead>
    <tr style=""text-align: left;"">
      <th>ISRCTN link</th>
      <th>Title</th>
      <th>Condition category</th>
      <th>Age group</th>
      <th>Target number of participants</th>
    </tr>
  </thead>
  <tbody>
    <tr>
      <td><a href='https://www.isrctn.com/ISRCTN88026375' target='_blank'><div>ISRCTN88026375</div></a></td>
      <td>Post-stroke hand rehabilitation with MEG-based brain-robot interface</td>
      <td>Nervous System Diseases</td>
      <td>Adult</td>
      <td>30</td>
    </tr>
    <tr>
      <td><a href='https://www.isrctn.com/ISRCTN12847782' target='_blank'><div>ISRCTN12847782</div></a></td>
      <td>The walking in schools (WISH) trial</td>
      <td>Not Applicable</td>
      <td>Child</td>
      <td>450</td>
    </tr>
    <tr>
      <td><a href='https://www.isrctn.com/ISRCTN16792534' target='_blank'><div>ISRCTN16792534</div></a></td>
      <td>Can intelligent personal systems help families to be more physically active...</td>
      <td>Not Applicable</td>
      <td>Mixed</td>
      <td>32</td>
    </tr>
    <tr>
      <td><a href='https://www.isrctn.com/ISRCTN13633886' target='_blank'><div>ISRCTN13633886</div></a></td>
      <td>Investigating the acceptability of a school-based programme targeting worki...</td>
      <td>Not Applicable</td>
      <td>Mixed</td>
      <td>6</td>
    </tr>
    <tr>
      <td><a href='https://www.isrctn.com/ISRCTN76261698' target='_blank'><div>ISRCTN76261698</div></a></td>
      <td>Sport for LIFE-All Island: A healthy lifestyle programme for 8-9 year olds</td>
      <td>Nutritional, Metabolic, Endocrine</td>
      <td>Child</td>
      <td>766</td>
    </tr>
    <tr>
      <td><a href='https://www.isrctn.com/ISRCTN93279771' target='_blank'><div>ISRCTN93279771</div></a></td>
      <td>A study to evaluate the effect of a home-based exercise programme to manage...</td>
      <td>Cancer</td>
      <td>Adult</td>
      <td>60</td>
    </tr>
    <tr>
      <td><a href='https://www.isrctn.com/ISRCTN16710901' target='_blank'><div>ISRCTN16710901</div></a></td>
      <td>Overcoming psychological stress to injections for type 2 diabetes</td>
      <td>Nutritional, Metabolic, Endocrine</td>
      <td>Adult</td>
      <td>150</td>
    </tr>
  </tbody>
</table>"
44,-211322.04177741954,6576048.441885881,Bournemouth University,50.7435102,-1.8983382,2.0,5.306765580733931,"<table border=""1"" class=""dataframe"">
  <thead>
    <tr style=""text-align: left;"">
      <th>ISRCTN link</th>
      <th>Title</th>
      <th>Condition category</th>
      <th>Age group</th>
      <th>Target number of participants</th>
    </tr>
  </thead>
  <tbody>
    <tr>
      <td><a href='https://www.isrctn.com/ISRCTN37874344' target='_blank'><div>ISRCTN37874344</div></a></td>
      <td>Data-informed behaviours and responsible gambling</td>
      <td>Not Applicable</td>
      <td>Adult</td>
      <td>200</td>
    </tr>
    <tr>
      <td><a href='https://www.isrctn.com/ISRCTN69770712' target='_blank'><div>ISRCTN69770712</div></a></td>
      <td>The Let's Talk Early Labour (L-TEL) Trial</td>
      <td>Pregnancy and Childbirth</td>
      <td>Adult</td>
      <td>140</td>
    </tr>
  </tbody>
</table>"
46,12791.555707818878,6837144.079148998,University of Cambridge,52.2042666,0.1149085,45.0,24.652123889719707,"<table border=""1"" class=""dataframe"">
  <thead>
    <tr style=""text-align: left;"">
      <th>ISRCTN link</th>
      <th>Title</th>
      <th>Condition category</th>
      <th>Age group</th>
      <th>Target number of participants</th>
    </tr>
  </thead>
  <tbody>
    <tr>
      <td><a href='https://www.isrctn.com/ISRCTN15915360' target='_blank'><div>ISRCTN15915360</div></a></td>
      <td>Understanding public attitudes towards healthy eating policies</td>
      <td>Nutritional, Metabolic, Endocrine</td>
      <td>Adult</td>
      <td>4500</td>
    </tr>
    <tr>
      <td><a href='https://www.isrctn.com/ISRCTN83786867' target='_blank'><div>ISRCTN83786867</div></a></td>
      <td>Does bottle size and glass size influence how much wine people drink at hom...</td>
      <td>Not Applicable</td>
      <td>Adult</td>
      <td>238</td>
    </tr>
    <tr>
      <td><a href='https://www.isrctn.com/ISRCTN16746619' target='_blank'><div>ISRCTN16746619</div></a></td>
      <td>The impact of aversive labelling on approach and avoidance behaviour toward...</td>
      <td>Not Applicable</td>
      <td>Adult</td>
      <td>1333</td>
    </tr>
    <tr>
      <td><a href='https://www.isrctn.com/ISRCTN12107048' target='_blank'><div>ISRCTN12107048</div></a></td>
      <td>Supporting weight management during COVID-19</td>
      <td>Nutritional, Metabolic, Endocrine</td>
      <td>Adult</td>
      <td>360</td>
    </tr>
    <tr>
      <td><a href='https://www.isrctn.com/ISRCTN61010183' target='_blank'><div>ISRCTN61010183</div></a></td>
      <td>To what extent can the effects of increasing healthier food availability on...</td>
      <td>Nutritional, Metabolic, Endocrine</td>
      <td>Adult</td>
      <td>1080</td>
    </tr>
    <tr>
      <td><a href='https://www.isrctn.com/ISRCTN15043170' target='_blank'><div>ISRCTN15043170</div></a></td>
      <td>To what extent can the effects of increasing healthier food availability on...</td>
      <td>Nutritional, Metabolic, Endocrine</td>
      <td>Adult</td>
      <td>540</td>
    </tr>
    <tr>
      <td><a href='https://www.isrctn.com/ISRCTN12273570' target='_blank'><div>ISRCTN12273570</div></a></td>
      <td>Incentives for alternatives to the car in Northstowe</td>
      <td>Not Applicable</td>
      <td>Adult</td>
      <td>132</td>
    </tr>
    <tr>
      <td><a href='https://www.isrctn.com/ISRCTN14966097' target='_blank'><div>ISRCTN14966097</div></a></td>
      <td>Exploring whether patients with lupus and related autoimmune diseases find ...</td>
      <td>Skin and Connective Tissue Diseases</td>
      <td>Adult</td>
      <td>180</td>
    </tr>
    <tr>
      <td><a href='https://www.isrctn.com/ISRCTN13818007' target='_blank'><div>ISRCTN13818007</div></a></td>
      <td>The impact of aversive labelling on approach and avoidance behaviour toward...</td>
      <td>Not Applicable</td>
      <td>Adult</td>
      <td>200</td>
    </tr>
    <tr>
      <td><a href='https://www.isrctn.com/ISRCTN10512908' target='_blank'><div>ISRCTN10512908</div></a></td>
      <td>Do social norms play a role in explaining the impact on food selection of i...</td>
      <td>Not Applicable</td>
      <td>Adult</td>
      <td>2619</td>
    </tr>
    <tr>
      <td><a href='https://www.isrctn.com/ISRCTN66774780' target='_blank'><div>ISRCTN66774780</div></a></td>
      <td>Size and shape of plates and size of wine glasses and bottles: impact on se...</td>
      <td>Nutritional, Metabolic, Endocrine</td>
      <td>Adult</td>
      <td>279</td>
    </tr>
    <tr>
      <td><a href='https://www.isrctn.com/ISRCTN18275963' target='_blank'><div>ISRCTN18275963</div></a></td>
      <td>Health warning labels and alcohol selection study</td>
      <td>Mental and Behavioural Disorders</td>
      <td>Adult</td>
      <td>435</td>
    </tr>
    <tr>
      <td><a href='https://www.isrctn.com/ISRCTN33258531' target='_blank'><div>ISRCTN33258531</div></a></td>
      <td>The effect of modifying serving sizes of beer and wine on alcohol consumpti...</td>
      <td>Mental and Behavioural Disorders</td>
      <td>Adult</td>
      <td>23</td>
    </tr>
    <tr>
      <td><a href='https://www.isrctn.com/ISRCTN27598623' target='_blank'><div>ISRCTN27598623</div></a></td>
      <td>To what extent can the effects of increasing healthier food availability on...</td>
      <td>Nutritional, Metabolic, Endocrine</td>
      <td>Adult</td>
      <td>1950</td>
    </tr>
    <tr>
      <td><a href='https://www.isrctn.com/ISRCTN87225572' target='_blank'><div>ISRCTN87225572</div></a></td>
      <td>Improving employees’ diets by changing the size and availability of foods i...</td>
      <td>Nutritional, Metabolic, Endocrine</td>
      <td>Adult</td>
      <td>19</td>
    </tr>
    <tr>
      <td><a href='https://www.isrctn.com/ISRCTN16597253' target='_blank'><div>ISRCTN16597253</div></a></td>
      <td>Does bottle size influence how much wine people drink at home? \n</td>
      <td>Not Applicable</td>
      <td>Adult</td>
      <td>172</td>
    </tr>
    <tr>
      <td><a href='https://www.isrctn.com/ISRCTN14643514' target='_blank'><div>ISRCTN14643514</div></a></td>
      <td>The feasibility and practicality of dementia risk reduction</td>
      <td>Nervous System Diseases</td>
      <td>Adult</td>
      <td>765</td>
    </tr>
    <tr>
      <td><a href='https://www.isrctn.com/ISRCTN34626166' target='_blank'><div>ISRCTN34626166</div></a></td>
      <td>Impact of increasing the availability of healthier vs. less healthy food on...</td>
      <td>Nutritional, Metabolic, Endocrine</td>
      <td>Adult</td>
      <td>414</td>
    </tr>
    <tr>
      <td><a href='https://www.isrctn.com/ISRCTN39401124' target='_blank'><div>ISRCTN39401124</div></a></td>
      <td>Does size of wine glasses impact on wine sales? A replication study in bars...</td>
      <td>Not Applicable</td>
      <td>Adult</td>
      <td>2</td>
    </tr>
    <tr>
      <td><a href='https://www.isrctn.com/ISRCTN33451258' target='_blank'><div>ISRCTN33451258</div></a></td>
      <td>Do different types of low alcohol labels influence the consumption of wine?</td>
      <td>Mental and Behavioural Disorders</td>
      <td>Adult</td>
      <td>90</td>
    </tr>
    <tr>
      <td><a href='https://www.isrctn.com/ISRCTN17097810' target='_blank'><div>ISRCTN17097810</div></a></td>
      <td>Does size of wine glasses impact on restaurant wine sales? A replication st...</td>
      <td>Nutritional, Metabolic, Endocrine</td>
      <td>Adult</td>
      <td>1</td>
    </tr>
    <tr>
      <td><a href='https://www.isrctn.com/ISRCTN20474205' target='_blank'><div>ISRCTN20474205</div></a></td>
      <td>Enhanced calorie labelling to improve employees’ diets in workplace cafeter...</td>
      <td>Nutritional, Metabolic, Endocrine</td>
      <td>Adult</td>
      <td>900</td>
    </tr>
    <tr>
      <td><a href='https://www.isrctn.com/ISRCTN17450583' target='_blank'><div>ISRCTN17450583</div></a></td>
      <td>A randomised controlled trial of the effect of providing online risk inform...</td>
      <td>Cancer</td>
      <td>Adult</td>
      <td>1000</td>
    </tr>
    <tr>
      <td><a href='https://www.isrctn.com/ISRCTN17958895' target='_blank'><div>ISRCTN17958895</div></a></td>
      <td>Does the size of wine glasses impact on restaurant wine sales?</td>
      <td>Nutritional, Metabolic, Endocrine</td>
      <td>Other</td>
      <td>1</td>
    </tr>
    <tr>
      <td><a href='https://www.isrctn.com/ISRCTN38409550' target='_blank'><div>ISRCTN38409550</div></a></td>
      <td>Is an active lessons program feasible and acceptable to teachers and studen...</td>
      <td>Mental and Behavioural Disorders</td>
      <td>Mixed</td>
      <td>390</td>
    </tr>
    <tr>
      <td><a href='https://www.isrctn.com/ISRCTN11740813' target='_blank'><div>ISRCTN11740813</div></a></td>
      <td>Proximity of healthy and unhealthy snack foods and consumption</td>
      <td>Nutritional, Metabolic, Endocrine</td>
      <td>Adult</td>
      <td>248</td>
    </tr>
    <tr>
      <td><a href='https://www.isrctn.com/ISRCTN12789422' target='_blank'><div>ISRCTN12789422</div></a></td>
      <td>The effect of family-based physical activity promotion on child physical ac...</td>
      <td>Not Applicable</td>
      <td>Mixed</td>
      <td>320</td>
    </tr>
    <tr>
      <td><a href='https://www.isrctn.com/ISRCTN15530806' target='_blank'><div>ISRCTN15530806</div></a></td>
      <td>Do low alcohol labels influence consumption of beer or wine?</td>
      <td>Mental and Behavioural Disorders</td>
      <td>Adult</td>
      <td>264</td>
    </tr>
    <tr>
      <td><a href='https://www.isrctn.com/ISRCTN52923504' target='_blank'><div>ISRCTN52923504</div></a></td>
      <td>Improving employees’ diets by changing the size, availability and labelling...</td>
      <td>Nutritional, Metabolic, Endocrine</td>
      <td>Other</td>
      <td>18</td>
    </tr>
    <tr>
      <td><a href='https://www.isrctn.com/ISRCTN16061621' target='_blank'><div>ISRCTN16061621</div></a></td>
      <td>MelaTools skin self-monitoring study for primary care patients at higher ri...</td>
      <td>Cancer</td>
      <td>Adult</td>
      <td>200</td>
    </tr>
    <tr>
      <td><a href='https://www.isrctn.com/ISRCTN14239872' target='_blank'><div>ISRCTN14239872</div></a></td>
      <td>Impact of food distance and self-control on snack food intake</td>
      <td>Nutritional, Metabolic, Endocrine</td>
      <td>Adult</td>
      <td>230</td>
    </tr>
    <tr>
      <td><a href='https://www.isrctn.com/ISRCTN44827407' target='_blank'><div>ISRCTN44827407</div></a></td>
      <td>Does using sit-stand desks at work affect how many calories people burn and...</td>
      <td>Not Applicable</td>
      <td>Adult</td>
      <td>620</td>
    </tr>
    <tr>
      <td><a href='https://www.isrctn.com/ISRCTN11570646' target='_blank'><div>ISRCTN11570646</div></a></td>
      <td>Impact of alcohol promoting and alcohol warning advertisements on alcohol c...</td>
      <td>Mental and Behavioural Disorders</td>
      <td>Adult</td>
      <td>204</td>
    </tr>
    <tr>
      <td><a href='https://www.isrctn.com/ISRCTN46995850' target='_blank'><div>ISRCTN46995850</div></a></td>
      <td>Impact of food distance on snack food intake</td>
      <td>Nutritional, Metabolic, Endocrine</td>
      <td>Adult</td>
      <td>156</td>
    </tr>
    <tr>
      <td><a href='https://www.isrctn.com/ISRCTN14964130' target='_blank'><div>ISRCTN14964130</div></a></td>
      <td>Does the bottle size for cola drinks influence how much people drink at hom...</td>
      <td>Nutritional, Metabolic, Endocrine</td>
      <td>Mixed</td>
      <td>100</td>
    </tr>
    <tr>
      <td><a href='https://www.isrctn.com/ISRCTN12018175' target='_blank'><div>ISRCTN12018175</div></a></td>
      <td>Does the size of wine glasses influence how much wine is sold in bars or re...</td>
      <td>Mental and Behavioural Disorders</td>
      <td>Not Specified</td>
      <td>1</td>
    </tr>
    <tr>
      <td><a href='https://www.isrctn.com/ISRCTN11595414' target='_blank'><div>ISRCTN11595414</div></a></td>
      <td>The impact of exposure to e-cigarette adverts on appeal of tobacco smoking ...</td>
      <td>Mental and Behavioural Disorders</td>
      <td>Child</td>
      <td>572</td>
    </tr>
    <tr>
      <td><a href='https://www.isrctn.com/ISRCTN31583496' target='_blank'><div>ISRCTN31583496</div></a></td>
      <td>The GoActive! study</td>
      <td>Not Applicable</td>
      <td>Child</td>
      <td>2400</td>
    </tr>
    <tr>
      <td><a href='https://www.isrctn.com/ISRCTN23244695' target='_blank'><div>ISRCTN23244695</div></a></td>
      <td>London Education and Inclusion Project (LEIP): Intervention to reduce antis...</td>
      <td>Mental and Behavioural Disorders</td>
      <td>Child</td>
      <td>800</td>
    </tr>
    <tr>
      <td><a href='https://www.isrctn.com/ISRCTN02863077' target='_blank'><div>ISRCTN02863077</div></a></td>
      <td>Potential efficacy, fidelity, feasibility and acceptability of techniques t...</td>
      <td>Not Applicable</td>
      <td>Mixed</td>
      <td>600</td>
    </tr>
    <tr>
      <td><a href='https://www.isrctn.com/ISRCTN82013652' target='_blank'><div>ISRCTN82013652</div></a></td>
      <td>Programme on Adherence to Medication</td>
      <td>Circulatory System</td>
      <td>Adult</td>
      <td>542</td>
    </tr>
    <tr>
      <td><a href='https://www.isrctn.com/ISRCTN21056851' target='_blank'><div>ISRCTN21056851</div></a></td>
      <td>Maximising the impact of teaching assistants (MITA): a randomised-controlle...</td>
      <td>Not Applicable</td>
      <td>Mixed</td>
      <td>13200</td>
    </tr>
    <tr>
      <td><a href='https://www.isrctn.com/ISRCTN74504989' target='_blank'><div>ISRCTN74504989</div></a></td>
      <td>A very brief face to face intervention, followed by a text message and/or a...</td>
      <td>Circulatory System</td>
      <td>Adult</td>
      <td>106</td>
    </tr>
    <tr>
      <td><a href='https://www.isrctn.com/ISRCTN18399564' target='_blank'><div>ISRCTN18399564</div></a></td>
      <td>Glucose Lowering through Weight Management (GLoW)</td>
      <td>Nutritional, Metabolic, Endocrine</td>
      <td>Adult</td>
      <td>576</td>
    </tr>
    <tr>
      <td><a href='https://www.isrctn.com/ISRCTN64986150' target='_blank'><div>ISRCTN64986150</div></a></td>
      <td>Evaluation of the medium to long term impact of commercial open-group behav...</td>
      <td>Nutritional, Metabolic, Endocrine</td>
      <td>Adult</td>
      <td>1040</td>
    </tr>
  </tbody>
</table>"
48,-167396.25013437108,6874085.366556519,Coventry University,52.4071747,-1.5037461,3.0,7.826061944859854,"<table border=""1"" class=""dataframe"">
  <thead>
    <tr style=""text-align: left;"">
      <th>ISRCTN link</th>
      <th>Title</th>
      <th>Condition category</th>
      <th>Age group</th>
      <th>Target number of participants</th>
    </tr>
  </thead>
  <tbody>
    <tr>
      <td><a href='https://www.isrctn.com/ISRCTN79623250' target='_blank'><div>ISRCTN79623250</div></a></td>
      <td>The digital Hope programme for people living with cancer during COVID-19</td>
      <td>Cancer</td>
      <td>Adult</td>
      <td>40</td>
    </tr>
    <tr>
      <td><a href='https://www.isrctn.com/ISRCTN30846825' target='_blank'><div>ISRCTN30846825</div></a></td>
      <td>A longitudinal study of the health and wellbeing of survivors of sexual abu...</td>
      <td>Mental and Behavioural Disorders</td>
      <td>Mixed</td>
      <td>720</td>
    </tr>
    <tr>
      <td><a href='https://www.isrctn.com/ISRCTN54091015' target='_blank'><div>ISRCTN54091015</div></a></td>
      <td>Evaluation of a sex education lesson on chlamydia to see whether it increas...</td>
      <td>Infections and Infestations</td>
      <td>Child</td>
      <td>770</td>
    </tr>
  </tbody>
</table>"
49,120964.14468390832,6668518.098329724,East Kent Hospitals University NHS Foundation Trust,51.2662051,1.0866394,2.0,5.306765580733931,"<table border=""1"" class=""dataframe"">
  <thead>
    <tr style=""text-align: left;"">
      <th>ISRCTN link</th>
      <th>Title</th>
      <th>Condition category</th>
      <th>Age group</th>
      <th>Target number of participants</th>
    </tr>
  </thead>
  <tbody>
    <tr>
      <td><a href='https://www.isrctn.com/ISRCTN13911947' target='_blank'><div>ISRCTN13911947</div></a></td>
      <td>Development of a haemophilia physiotherapy intervention for optimum musculo...</td>
      <td>Haematological Disorders</td>
      <td>Child</td>
      <td>132</td>
    </tr>
    <tr>
      <td><a href='https://www.isrctn.com/ISRCTN13472393' target='_blank'><div>ISRCTN13472393</div></a></td>
      <td>Isometric exercise for people with raised blood pressure</td>
      <td>Circulatory System</td>
      <td>Adult</td>
      <td>100</td>
    </tr>
  </tbody>
</table>"
53,-199888.09405151912,7133518.919763908,Bradford Teaching Hospitals NHS Foundation Trust,53.8060988,-1.7956253,5.0,11.0,"<table border=""1"" class=""dataframe"">
  <thead>
    <tr style=""text-align: left;"">
      <th>ISRCTN link</th>
      <th>Title</th>
      <th>Condition category</th>
      <th>Age group</th>
      <th>Target number of participants</th>
    </tr>
  </thead>
  <tbody>
    <tr>
      <td><a href='https://www.isrctn.com/ISRCTN82280581' target='_blank'><div>ISRCTN82280581</div></a></td>
      <td>Reducing sedentary behaviour after stroke</td>
      <td>Circulatory System</td>
      <td>Adult</td>
      <td>1156</td>
    </tr>
    <tr>
      <td><a href='https://www.isrctn.com/ISRCTN17062524' target='_blank'><div>ISRCTN17062524</div></a></td>
      <td>PACT: cluster randomised controlled trial of the ‘Your Care Needs You!’ int...</td>
      <td>Not Applicable</td>
      <td>Senior</td>
      <td>1000</td>
    </tr>
    <tr>
      <td><a href='https://www.isrctn.com/ISRCTN12246326' target='_blank'><div>ISRCTN12246326</div></a></td>
      <td>Feasibility study of an intervention to reduce sedentary behaviour in peopl...</td>
      <td>Circulatory System</td>
      <td>Adult</td>
      <td>90</td>
    </tr>
    <tr>
      <td><a href='https://www.isrctn.com/ISRCTN51154948' target='_blank'><div>ISRCTN51154948</div></a></td>
      <td>A feasibility trial of the partners at care transitions (PACT) intervention</td>
      <td>Not Applicable</td>
      <td>Senior</td>
      <td>228</td>
    </tr>
    <tr>
      <td><a href='https://www.isrctn.com/ISRCTN28090877' target='_blank'><div>ISRCTN28090877</div></a></td>
      <td>Feasibility of a trial of the ACE programme for NHS patients with hearing i...</td>
      <td>Ear, Nose and Throat</td>
      <td>Adult</td>
      <td>112</td>
    </tr>
  </tbody>
</table>"
54,-168073.3732010193,7365882.694883192,Northumbria Healthcare NHS Foundation Trust,55.0206902,-1.5098288,4.0,9.613531161467861,"<table border=""1"" class=""dataframe"">
  <thead>
    <tr style=""text-align: left;"">
      <th>ISRCTN link</th>
      <th>Title</th>
      <th>Condition category</th>
      <th>Age group</th>
      <th>Target number of participants</th>
    </tr>
  </thead>
  <tbody>
    <tr>
      <td><a href='https://www.isrctn.com/ISRCTN13040944' target='_blank'><div>ISRCTN13040944</div></a></td>
      <td>Applying behaviour change theory and video technology to speech and languag...</td>
      <td>Mental and Behavioural Disorders</td>
      <td>Mixed</td>
      <td>36</td>
    </tr>
    <tr>
      <td><a href='https://www.isrctn.com/ISRCTN35516780' target='_blank'><div>ISRCTN35516780</div></a></td>
      <td>PARAS: A feasibility study of an intervention targeting Physical Activity R...</td>
      <td>Nervous System Diseases</td>
      <td>Adult</td>
      <td>57</td>
    </tr>
    <tr>
      <td><a href='https://www.isrctn.com/ISRCTN11085475' target='_blank'><div>ISRCTN11085475</div></a></td>
      <td>Scaling Up Quality Improvement for Surgical Teams</td>
      <td>Not Applicable</td>
      <td>Other</td>
      <td>40</td>
    </tr>
    <tr>
      <td><a href='https://www.isrctn.com/ISRCTN13611537' target='_blank'><div>ISRCTN13611537</div></a></td>
      <td>The effects of an exercise intervention on pulmonary function, respiratory ...</td>
      <td>Nervous System Diseases</td>
      <td>Adult</td>
      <td>100</td>
    </tr>
  </tbody>
</table>"
55,137944.45245519464,6913367.5528388275,University of East Anglia,52.6219215,1.2391761,6.0,12.132827525593784,"<table border=""1"" class=""dataframe"">
  <thead>
    <tr style=""text-align: left;"">
      <th>ISRCTN link</th>
      <th>Title</th>
      <th>Condition category</th>
      <th>Age group</th>
      <th>Target number of participants</th>
    </tr>
  </thead>
  <tbody>
    <tr>
      <td><a href='https://www.isrctn.com/ISRCTN18956412' target='_blank'><div>ISRCTN18956412</div></a></td>
      <td>Online acceptance and commitment therapy for family carers</td>
      <td>Mental and Behavioural Disorders</td>
      <td>Adult</td>
      <td>30</td>
    </tr>
    <tr>
      <td><a href='https://www.isrctn.com/ISRCTN36009809' target='_blank'><div>ISRCTN36009809</div></a></td>
      <td>Improving treatment adherence in people with diabetes mellitus</td>
      <td>Nutritional, Metabolic, Endocrine</td>
      <td>Adult</td>
      <td>300</td>
    </tr>
    <tr>
      <td><a href='https://www.isrctn.com/ISRCTN63996826' target='_blank'><div>ISRCTN63996826</div></a></td>
      <td>Community health walks: Pragmatic feasibility study of an asset-based appro...</td>
      <td>Not Applicable</td>
      <td>Adult</td>
      <td>72</td>
    </tr>
    <tr>
      <td><a href='https://www.isrctn.com/ISRCTN14741432' target='_blank'><div>ISRCTN14741432</div></a></td>
      <td>Making drinking fun</td>
      <td>Nutritional, Metabolic, Endocrine</td>
      <td>Senior</td>
      <td>105</td>
    </tr>
    <tr>
      <td><a href='https://www.isrctn.com/ISRCTN10385799' target='_blank'><div>ISRCTN10385799</div></a></td>
      <td>Can health care assistant training improve the relational care of older peo...</td>
      <td>Not Applicable</td>
      <td>Mixed</td>
      <td>200</td>
    </tr>
    <tr>
      <td><a href='https://www.isrctn.com/ISRCTN36980856' target='_blank'><div>ISRCTN36980856</div></a></td>
      <td>SHARPISH: study of self help and relapse prevention in smoking</td>
      <td>Mental and Behavioural Disorders</td>
      <td>Adult</td>
      <td>1400</td>
    </tr>
  </tbody>
</table>"
56,7242.969272617108,6711582.4310722845,University of East London,51.5076234,0.0650647,5.0,11.0,"<table border=""1"" class=""dataframe"">
  <thead>
    <tr style=""text-align: left;"">
      <th>ISRCTN link</th>
      <th>Title</th>
      <th>Condition category</th>
      <th>Age group</th>
      <th>Target number of participants</th>
    </tr>
  </thead>
  <tbody>
    <tr>
      <td><a href='https://www.isrctn.com/ISRCTN62928344' target='_blank'><div>ISRCTN62928344</div></a></td>
      <td>Family recovery after domestic abuse: testing the feasibility of a group in...</td>
      <td>Not Applicable</td>
      <td>Mixed</td>
      <td>64</td>
    </tr>
    <tr>
      <td><a href='https://www.isrctn.com/ISRCTN14514953' target='_blank'><div>ISRCTN14514953</div></a></td>
      <td>Patient care, the patient’s way: an evaluation of method of levels therapy</td>
      <td>Mental and Behavioural Disorders</td>
      <td>Adult</td>
      <td>30</td>
    </tr>
    <tr>
      <td><a href='https://www.isrctn.com/ISRCTN91977441' target='_blank'><div>ISRCTN91977441</div></a></td>
      <td>REACH Pregnancy Circles Trial</td>
      <td>Pregnancy and Childbirth</td>
      <td>Adult</td>
      <td>1732</td>
    </tr>
    <tr>
      <td><a href='https://www.isrctn.com/ISRCTN92358992' target='_blank'><div>ISRCTN92358992</div></a></td>
      <td>Brain-based predictors of the ability to learn a new skill in stroke</td>
      <td>Nervous System Diseases</td>
      <td>Adult</td>
      <td>44</td>
    </tr>
    <tr>
      <td><a href='https://www.isrctn.com/ISRCTN68175121' target='_blank'><div>ISRCTN68175121</div></a></td>
      <td>Evaluation of community level interventions to address social and structura...</td>
      <td>Not Applicable</td>
      <td>Mixed</td>
      <td>4000</td>
    </tr>
  </tbody>
</table>"
58,-330961.81847936026,7058015.874142556,Liverpool John Moores University,53.4036596,-2.9730806,3.0,7.826061944859854,"<table border=""1"" class=""dataframe"">
  <thead>
    <tr style=""text-align: left;"">
      <th>ISRCTN link</th>
      <th>Title</th>
      <th>Condition category</th>
      <th>Age group</th>
      <th>Target number of participants</th>
    </tr>
  </thead>
  <tbody>
    <tr>
      <td><a href='https://www.isrctn.com/ISRCTN14335124' target='_blank'><div>ISRCTN14335124</div></a></td>
      <td>Mobile health for type 2 diabetes</td>
      <td>Nutritional, Metabolic, Endocrine</td>
      <td>Adult</td>
      <td>120</td>
    </tr>
    <tr>
      <td><a href='https://www.isrctn.com/ISRCTN10867442' target='_blank'><div>ISRCTN10867442</div></a></td>
      <td>Thinking about your best possible self: Using a psychological writing task ...</td>
      <td>Nutritional, Metabolic, Endocrine</td>
      <td>Adult</td>
      <td>76</td>
    </tr>
    <tr>
      <td><a href='https://www.isrctn.com/ISRCTN47028486' target='_blank'><div>ISRCTN47028486</div></a></td>
      <td>Steps towards alcohol misuse prevention programme (STAMPP): a school and co...</td>
      <td>Mental and Behavioural Disorders</td>
      <td>Mixed</td>
      <td>10000</td>
    </tr>
  </tbody>
</table>"
61,-13441.40549922277,6714129.541447256,Great Ormond Street Hospital for Children NHS Foundation Trust,51.5218626,-0.1207462,4.0,9.613531161467861,"<table border=""1"" class=""dataframe"">
  <thead>
    <tr style=""text-align: left;"">
      <th>ISRCTN link</th>
      <th>Title</th>
      <th>Condition category</th>
      <th>Age group</th>
      <th>Target number of participants</th>
    </tr>
  </thead>
  <tbody>
    <tr>
      <td><a href='https://www.isrctn.com/ISRCTN57823197' target='_blank'><div>ISRCTN57823197</div></a></td>
      <td>Mental health intervention for children with epilepsy</td>
      <td>Mental and Behavioural Disorders</td>
      <td>Child</td>
      <td>334</td>
    </tr>
    <tr>
      <td><a href='https://www.isrctn.com/ISRCTN28176442' target='_blank'><div>ISRCTN28176442</div></a></td>
      <td>Exercise behaviours in children and young people with cystic fibrosis</td>
      <td>Nutritional, Metabolic, Endocrine</td>
      <td>Child</td>
      <td>287</td>
    </tr>
    <tr>
      <td><a href='https://www.isrctn.com/ISRCTN21184717' target='_blank'><div>ISRCTN21184717</div></a></td>
      <td>Wellbeing in children with neurological conditions</td>
      <td>Mental and Behavioural Disorders</td>
      <td>Child</td>
      <td>40</td>
    </tr>
    <tr>
      <td><a href='https://www.isrctn.com/ISRCTN10540035' target='_blank'><div>ISRCTN10540035</div></a></td>
      <td>In children with cleft palate speech disorder, is speech improved when trai...</td>
      <td>Signs and Symptoms</td>
      <td>Mixed</td>
      <td>48</td>
    </tr>
  </tbody>
</table>"
63,-311056.4241082445,7626744.103124686,University of St Andrews,56.3417136,-2.7942674,1.0,1.0,"<table border=""1"" class=""dataframe"">
  <thead>
    <tr style=""text-align: left;"">
      <th>ISRCTN link</th>
      <th>Title</th>
      <th>Condition category</th>
      <th>Age group</th>
      <th>Target number of participants</th>
    </tr>
  </thead>
  <tbody>
    <tr>
      <td><a href='https://www.isrctn.com/ISRCTN74601698' target='_blank'><div>ISRCTN74601698</div></a></td>
      <td>The influence of subtly encouraging individuals to choose less calorie-dens...</td>
      <td>Not Applicable</td>
      <td>Adult</td>
      <td>120</td>
    </tr>
  </tbody>
</table>"
64,-361811.15444180265,7543693.920445839,Nuffield Health,55.9259773,-3.2502049,1.0,1.0,"<table border=""1"" class=""dataframe"">
  <thead>
    <tr style=""text-align: left;"">
      <th>ISRCTN link</th>
      <th>Title</th>
      <th>Condition category</th>
      <th>Age group</th>
      <th>Target number of participants</th>
    </tr>
  </thead>
  <tbody>
    <tr>
      <td><a href='https://www.isrctn.com/ISRCTN14707226' target='_blank'><div>ISRCTN14707226</div></a></td>
      <td>Evaluating a new model of rehabilitation for individuals recovering from CO...</td>
      <td>Infections and Infestations</td>
      <td>Adult</td>
      <td>500</td>
    </tr>
  </tbody>
</table>"
66,-330515.80580754793,7058929.899845879,Liverpool School of Tropical Medicine,53.40855440000001,-2.969074,2.0,5.306765580733931,"<table border=""1"" class=""dataframe"">
  <thead>
    <tr style=""text-align: left;"">
      <th>ISRCTN link</th>
      <th>Title</th>
      <th>Condition category</th>
      <th>Age group</th>
      <th>Target number of participants</th>
    </tr>
  </thead>
  <tbody>
    <tr>
      <td><a href='https://www.isrctn.com/ISRCTN12287744' target='_blank'><div>ISRCTN12287744</div></a></td>
      <td>Lifebuoy bar soap hand wash RCT</td>
      <td>Infections and Infestations</td>
      <td>Adult</td>
      <td>141</td>
    </tr>
    <tr>
      <td><a href='https://www.isrctn.com/ISRCTN52738220' target='_blank'><div>ISRCTN52738220</div></a></td>
      <td>Hand wash study</td>
      <td>Infections and Infestations</td>
      <td>Adult</td>
      <td>170</td>
    </tr>
  </tbody>
</table>"
68,-159707.9806346827,6609566.652367846,Southampton University Hospitals NHS Trust,50.93365619999999,-1.4346812,6.0,12.132827525593784,"<table border=""1"" class=""dataframe"">
  <thead>
    <tr style=""text-align: left;"">
      <th>ISRCTN link</th>
      <th>Title</th>
      <th>Condition category</th>
      <th>Age group</th>
      <th>Target number of participants</th>
    </tr>
  </thead>
  <tbody>
    <tr>
      <td><a href='https://www.isrctn.com/ISRCTN74109264' target='_blank'><div>ISRCTN74109264</div></a></td>
      <td>Engaging adolescents in changing behaviour: a programme of research to impr...</td>
      <td>Not Applicable</td>
      <td>Child</td>
      <td>2300</td>
    </tr>
    <tr>
      <td><a href='https://www.isrctn.com/ISRCTN10170306' target='_blank'><div>ISRCTN10170306</div></a></td>
      <td>Optimising cardiac surgery outcomes in people with diabetes</td>
      <td>Nutritional, Metabolic, Endocrine</td>
      <td>Adult</td>
      <td>426</td>
    </tr>
    <tr>
      <td><a href='https://www.isrctn.com/ISRCTN48152791' target='_blank'><div>ISRCTN48152791</div></a></td>
      <td>Effectiveness of PDSAFE to prevent falls among people with Parkinson’s dise...</td>
      <td>Nervous System Diseases</td>
      <td>Adult</td>
      <td>600</td>
    </tr>
    <tr>
      <td><a href='https://www.isrctn.com/ISRCTN43571276' target='_blank'><div>ISRCTN43571276</div></a></td>
      <td>Feasibility study of a coping Intervention for recurrent miscarriage</td>
      <td>Pregnancy and Childbirth</td>
      <td>Adult</td>
      <td>50</td>
    </tr>
    <tr>
      <td><a href='https://www.isrctn.com/ISRCTN87946139' target='_blank'><div>ISRCTN87946139</div></a></td>
      <td>Reshaping breast care services - a role for dietitians?</td>
      <td>Cancer</td>
      <td>Adult</td>
      <td>400</td>
    </tr>
    <tr>
      <td><a href='https://www.isrctn.com/ISRCTN47088337' target='_blank'><div>ISRCTN47088337</div></a></td>
      <td>Improving teenage self-management of asthma</td>
      <td>Respiratory</td>
      <td>Child</td>
      <td>350</td>
    </tr>
  </tbody>
</table>"
69,-19408.40850446922,6713404.673761457,Imperial College Healthcare NHS Trust,51.5178108,-0.1743487,1.0,1.0,"<table border=""1"" class=""dataframe"">
  <thead>
    <tr style=""text-align: left;"">
      <th>ISRCTN link</th>
      <th>Title</th>
      <th>Condition category</th>
      <th>Age group</th>
      <th>Target number of participants</th>
    </tr>
  </thead>
  <tbody>
    <tr>
      <td><a href='https://www.isrctn.com/ISRCTN74381956' target='_blank'><div>ISRCTN74381956</div></a></td>
      <td>Distribution of targeted educational materials to families after they atten...</td>
      <td>Not Applicable</td>
      <td>Adult</td>
      <td>8000</td>
    </tr>
  </tbody>
</table>"
70,-65924.58243437902,6710720.319621522,National Foundation for Educational Research,51.5028029,-0.5922105999999999,1.0,1.0,"<table border=""1"" class=""dataframe"">
  <thead>
    <tr style=""text-align: left;"">
      <th>ISRCTN link</th>
      <th>Title</th>
      <th>Condition category</th>
      <th>Age group</th>
      <th>Target number of participants</th>
    </tr>
  </thead>
  <tbody>
    <tr>
      <td><a href='https://www.isrctn.com/ISRCTN36328399' target='_blank'><div>ISRCTN36328399</div></a></td>
      <td>A trial of the Reception Jigsaw programme on reception pupils’ maths abilit...</td>
      <td>Not Applicable</td>
      <td>Child</td>
      <td>135</td>
    </tr>
  </tbody>
</table>"
71,-117082.70120672479,7159956.564079147,University of York,53.9461089,-1.0517718,14.0,17.397385131955605,"<table border=""1"" class=""dataframe"">
  <thead>
    <tr style=""text-align: left;"">
      <th>ISRCTN link</th>
      <th>Title</th>
      <th>Condition category</th>
      <th>Age group</th>
      <th>Target number of participants</th>
    </tr>
  </thead>
  <tbody>
    <tr>
      <td><a href='https://www.isrctn.com/ISRCTN31930534' target='_blank'><div>ISRCTN31930534</div></a></td>
      <td>Evaluation of the Maths Champions programme</td>
      <td>Not Applicable</td>
      <td>Child</td>
      <td>1380</td>
    </tr>
    <tr>
      <td><a href='https://www.isrctn.com/ISRCTN13251954' target='_blank'><div>ISRCTN13251954</div></a></td>
      <td>Outcomes of Talking Together: Evaluation and Results (oTTer)</td>
      <td>Not Applicable</td>
      <td>Mixed</td>
      <td>120</td>
    </tr>
    <tr>
      <td><a href='https://www.isrctn.com/ISRCTN37208856' target='_blank'><div>ISRCTN37208856</div></a></td>
      <td>Evaluation of a Year 1 Reading Support Programme</td>
      <td>Mental and Behavioural Disorders</td>
      <td>Child</td>
      <td>5400</td>
    </tr>
    <tr>
      <td><a href='https://www.isrctn.com/ISRCTN14046821' target='_blank'><div>ISRCTN14046821</div></a></td>
      <td>Independent evaluation of ReflectED</td>
      <td>Not Applicable</td>
      <td>Child</td>
      <td>8400</td>
    </tr>
    <tr>
      <td><a href='https://www.isrctn.com/ISRCTN90497591' target='_blank'><div>ISRCTN90497591</div></a></td>
      <td>Independent evaluation of tutor trust primary tuition</td>
      <td>Not Applicable</td>
      <td>Child</td>
      <td>1200</td>
    </tr>
    <tr>
      <td><a href='https://www.isrctn.com/ISRCTN11079129' target='_blank'><div>ISRCTN11079129</div></a></td>
      <td>Enhancing Social and Emotional Health in the Early Years</td>
      <td>Mental and Behavioural Disorders</td>
      <td>Mixed</td>
      <td>869</td>
    </tr>
    <tr>
      <td><a href='https://www.isrctn.com/ISRCTN50636462' target='_blank'><div>ISRCTN50636462</div></a></td>
      <td>Independent evaluation of the Buttle UK ‘Children in Need’ school places pr...</td>
      <td>Not Applicable</td>
      <td>Child</td>
      <td>300</td>
    </tr>
    <tr>
      <td><a href='https://www.isrctn.com/ISRCTN72955454' target='_blank'><div>ISRCTN72955454</div></a></td>
      <td>Smoking cessation for severe mental ill health trial</td>
      <td>Mental and Behavioural Disorders</td>
      <td>Adult</td>
      <td>400</td>
    </tr>
    <tr>
      <td><a href='https://www.isrctn.com/ISRCTN79497236' target='_blank'><div>ISRCTN79497236</div></a></td>
      <td>A Smoking Cessation Intervention for Severe Mental Ill Health Trial (SCIMIT...</td>
      <td>Mental and Behavioural Disorders</td>
      <td>Adult</td>
      <td>100</td>
    </tr>
    <tr>
      <td><a href='https://www.isrctn.com/ISRCTN52557360' target='_blank'><div>ISRCTN52557360</div></a></td>
      <td>The effectiveness and cost-effectiveness of opportunistic screening and ste...</td>
      <td>Mental and Behavioural Disorders</td>
      <td>Senior</td>
      <td>500</td>
    </tr>
    <tr>
      <td><a href='https://www.isrctn.com/ISRCTN72460090' target='_blank'><div>ISRCTN72460090</div></a></td>
      <td>TEENSLEEP: Improving educational attainment through delayed school start ti...</td>
      <td>Not Applicable</td>
      <td>Child</td>
      <td>100</td>
    </tr>
    <tr>
      <td><a href='https://www.isrctn.com/ISRCTN23703392' target='_blank'><div>ISRCTN23703392</div></a></td>
      <td>Evaluation of the 5Rs programme (a revision year approach to GCSE maths res...</td>
      <td>Not Applicable</td>
      <td>Other</td>
      <td>80</td>
    </tr>
    <tr>
      <td><a href='https://www.isrctn.com/ISRCTN17267204' target='_blank'><div>ISRCTN17267204</div></a></td>
      <td>Can the 'Up2U' programme reduce violence by domestic abusers, and improve q...</td>
      <td>Mental and Behavioural Disorders</td>
      <td>Adult</td>
      <td>400</td>
    </tr>
    <tr>
      <td><a href='https://www.isrctn.com/ISRCTN89559672' target='_blank'><div>ISRCTN89559672</div></a></td>
      <td>Effectiveness of the enzyme linked immuno-sorbent assay (ELISA) test for th...</td>
      <td>Nervous System Diseases</td>
      <td>Adult</td>
      <td>172</td>
    </tr>
  </tbody>
</table>"
73,-393530.8195791141,6574927.341954702,University of Exeter,50.7371369,-3.5351475,10.0,15.306765580733934,"<table border=""1"" class=""dataframe"">
  <thead>
    <tr style=""text-align: left;"">
      <th>ISRCTN link</th>
      <th>Title</th>
      <th>Condition category</th>
      <th>Age group</th>
      <th>Target number of participants</th>
    </tr>
  </thead>
  <tbody>
    <tr>
      <td><a href='https://www.isrctn.com/ISRCTN13177364' target='_blank'><div>ISRCTN13177364</div></a></td>
      <td>The development, testing and evaluation of a COVID-19 fundamental nursing c...</td>
      <td>Infections and Infestations</td>
      <td>Adult</td>
      <td>1080</td>
    </tr>
    <tr>
      <td><a href='https://www.isrctn.com/ISRCTN15144652' target='_blank'><div>ISRCTN15144652</div></a></td>
      <td>Healthy Parent Carers: a research study to test ways to improve the health ...</td>
      <td>Not Applicable</td>
      <td>Adult</td>
      <td>96</td>
    </tr>
    <tr>
      <td><a href='https://www.isrctn.com/ISRCTN15513557' target='_blank'><div>ISRCTN15513557</div></a></td>
      <td>Understanding how young people engage in a peer led dance group and the imp...</td>
      <td>Not Applicable</td>
      <td>Child</td>
      <td>100</td>
    </tr>
    <tr>
      <td><a href='https://www.isrctn.com/ISRCTN57620677' target='_blank'><div>ISRCTN57620677</div></a></td>
      <td>A novel internet-based self-help intervention for anger in armed forces vet...</td>
      <td>Mental and Behavioural Disorders</td>
      <td>Adult</td>
      <td>30</td>
    </tr>
    <tr>
      <td><a href='https://www.isrctn.com/ISRCTN42017211' target='_blank'><div>ISRCTN42017211</div></a></td>
      <td>Behavioural activation self-help for well-being in people with dementia</td>
      <td>Mental and Behavioural Disorders</td>
      <td>Adult</td>
      <td>100</td>
    </tr>
    <tr>
      <td><a href='https://www.isrctn.com/ISRCTN17544090' target='_blank'><div>ISRCTN17544090</div></a></td>
      <td>The Morita Trial</td>
      <td>Mental and Behavioural Disorders</td>
      <td>Adult</td>
      <td>72</td>
    </tr>
    <tr>
      <td><a href='https://www.isrctn.com/ISRCTN74390532' target='_blank'><div>ISRCTN74390532</div></a></td>
      <td>Integrating Behavioural Activation and Physical Activity promotion (BAcPAc)</td>
      <td>Mental and Behavioural Disorders</td>
      <td>Adult</td>
      <td>80</td>
    </tr>
    <tr>
      <td><a href='https://www.isrctn.com/ISRCTN27473954' target='_blank'><div>ISRCTN27473954</div></a></td>
      <td>COBRA : Cost and Outcome of BehaviouRal Activation</td>
      <td>Mental and Behavioural Disorders</td>
      <td>Adult</td>
      <td>440</td>
    </tr>
    <tr>
      <td><a href='https://www.isrctn.com/ISRCTN98066741' target='_blank'><div>ISRCTN98066741</div></a></td>
      <td>Mindfulness Based Cognitive Therapy for parents with recurrent depression: ...</td>
      <td>Mental and Behavioural Disorders</td>
      <td>Adult</td>
      <td>90</td>
    </tr>
    <tr>
      <td><a href='https://www.isrctn.com/ISRCTN13837944' target='_blank'><div>ISRCTN13837944</div></a></td>
      <td>Improving behavioural support for reducing smoking among those who want to ...</td>
      <td>Mental and Behavioural Disorders</td>
      <td>Adult</td>
      <td>120</td>
    </tr>
  </tbody>
</table>"
74,-254810.09178682163,6856022.565724938,ThinkingSlimmer Ltd,52.308077,-2.288998,2.0,5.306765580733931,"<table border=""1"" class=""dataframe"">
  <thead>
    <tr style=""text-align: left;"">
      <th>ISRCTN link</th>
      <th>Title</th>
      <th>Condition category</th>
      <th>Age group</th>
      <th>Target number of participants</th>
    </tr>
  </thead>
  <tbody>
    <tr>
      <td><a href='https://www.isrctn.com/ISRCTN12612733' target='_blank'><div>ISRCTN12612733</div></a></td>
      <td>Can unconscious persuasion in the form of a Slimpod programme help people w...</td>
      <td>Nutritional, Metabolic, Endocrine</td>
      <td>Adult</td>
      <td>100</td>
    </tr>
    <tr>
      <td><a href='https://www.isrctn.com/ISRCTN75203062' target='_blank'><div>ISRCTN75203062</div></a></td>
      <td>Audio unconscious persuasion for weight loss in overweight adults</td>
      <td>Nutritional, Metabolic, Endocrine</td>
      <td>Adult</td>
      <td>82</td>
    </tr>
  </tbody>
</table>"
76,-4494.468781033024,6714523.953950477,Queen Mary University of London,51.5240671,-0.0403745,16.0,18.227062322935723,"<table border=""1"" class=""dataframe"">
  <thead>
    <tr style=""text-align: left;"">
      <th>ISRCTN link</th>
      <th>Title</th>
      <th>Condition category</th>
      <th>Age group</th>
      <th>Target number of participants</th>
    </tr>
  </thead>
  <tbody>
    <tr>
      <td><a href='https://www.isrctn.com/ISRCTN67900293' target='_blank'><div>ISRCTN67900293</div></a></td>
      <td>SURECAN: Survivors rehabilitation evaluation after cancer</td>
      <td>Mental and Behavioural Disorders</td>
      <td>Adult</td>
      <td>344</td>
    </tr>
    <tr>
      <td><a href='https://www.isrctn.com/ISRCTN40582975' target='_blank'><div>ISRCTN40582975</div></a></td>
      <td>Mediterranean diet to prevent type 2 diabetes in mothers who had diabetes i...</td>
      <td>Pregnancy and Childbirth</td>
      <td>Adult</td>
      <td>90</td>
    </tr>
    <tr>
      <td><a href='https://www.isrctn.com/ISRCTN17586238' target='_blank'><div>ISRCTN17586238</div></a></td>
      <td>Phone Pal: volunteering via smart-phone for people with psychosis</td>
      <td>Mental and Behavioural Disorders</td>
      <td>Adult</td>
      <td>36</td>
    </tr>
    <tr>
      <td><a href='https://www.isrctn.com/ISRCTN16400313' target='_blank'><div>ISRCTN16400313</div></a></td>
      <td>Is Time Restricted Eating (TRE) a practical way to help people lose weight?</td>
      <td>Nutritional, Metabolic, Endocrine</td>
      <td>Adult</td>
      <td>50</td>
    </tr>
    <tr>
      <td><a href='https://www.isrctn.com/ISRCTN16988857' target='_blank'><div>ISRCTN16988857</div></a></td>
      <td>Systematic genetic testing for personalised ovarian cancer therapy (SIGNPOs...</td>
      <td>Cancer</td>
      <td>Adult</td>
      <td>280</td>
    </tr>
    <tr>
      <td><a href='https://www.isrctn.com/ISRCTN13288677' target='_blank'><div>ISRCTN13288677</div></a></td>
      <td>Can electronic cigarettes and nicotine replacement treatment help reduce sm...</td>
      <td>Mental and Behavioural Disorders</td>
      <td>Adult</td>
      <td>200</td>
    </tr>
    <tr>
      <td><a href='https://www.isrctn.com/ISRCTN11111428' target='_blank'><div>ISRCTN11111428</div></a></td>
      <td>Relapse prevention trial</td>
      <td>Mental and Behavioural Disorders</td>
      <td>Adult</td>
      <td>1400</td>
    </tr>
    <tr>
      <td><a href='https://www.isrctn.com/ISRCTN79408248' target='_blank'><div>ISRCTN79408248</div></a></td>
      <td>Short-term effects of standard weight management advice and of the 5-2 diet...</td>
      <td>Nutritional, Metabolic, Endocrine</td>
      <td>Adult</td>
      <td>300</td>
    </tr>
    <tr>
      <td><a href='https://www.isrctn.com/ISRCTN95610478' target='_blank'><div>ISRCTN95610478</div></a></td>
      <td>Writing to patients to encourage them to report symptoms to their GP</td>
      <td>Cancer</td>
      <td>Adult</td>
      <td>1400</td>
    </tr>
    <tr>
      <td><a href='https://www.isrctn.com/ISRCTN14292000' target='_blank'><div>ISRCTN14292000</div></a></td>
      <td>Access to medications that reduce the risk of cancer in the NHS</td>
      <td>Cancer</td>
      <td>Adult</td>
      <td>1000</td>
    </tr>
    <tr>
      <td><a href='https://www.isrctn.com/ISRCTN21461006' target='_blank'><div>ISRCTN21461006</div></a></td>
      <td>BBaRTS Children's Healthy Teeth Programme</td>
      <td>Digestive System</td>
      <td>Child</td>
      <td>2000</td>
    </tr>
    <tr>
      <td><a href='https://www.isrctn.com/ISRCTN14021839' target='_blank'><div>ISRCTN14021839</div></a></td>
      <td>Assessing volunteering in mental health care for people with psychosis</td>
      <td>Mental and Behavioural Disorders</td>
      <td>Adult</td>
      <td>159</td>
    </tr>
    <tr>
      <td><a href='https://www.isrctn.com/ISRCTN11791740' target='_blank'><div>ISRCTN11791740</div></a></td>
      <td>CapaCiTY study 1-chronic constipation treatment pathway</td>
      <td>Digestive System</td>
      <td>Adult</td>
      <td>394</td>
    </tr>
    <tr>
      <td><a href='https://www.isrctn.com/ISRCTN78356215' target='_blank'><div>ISRCTN78356215</div></a></td>
      <td>Flowy randomized controlled pilot trial</td>
      <td>Mental and Behavioural Disorders</td>
      <td>Adult</td>
      <td>60</td>
    </tr>
    <tr>
      <td><a href='https://www.isrctn.com/ISRCTN40256812' target='_blank'><div>ISRCTN40256812</div></a></td>
      <td>COFI - Comparing Functional and Integrated systems of mental health care</td>
      <td>Mental and Behavioural Disorders</td>
      <td>Adult</td>
      <td>6000</td>
    </tr>
    <tr>
      <td><a href='https://www.isrctn.com/ISRCTN45820471' target='_blank'><div>ISRCTN45820471</div></a></td>
      <td>Peer-Support Weight Action Programme (SWAP)</td>
      <td>Nutritional, Metabolic, Endocrine</td>
      <td>Adult</td>
      <td>330</td>
    </tr>
  </tbody>
</table>"
78,-83971.8763929698,6695313.377120131,Berkshire Healthcare NHS Foundation Trust,51.41656889999999,-0.7543322,2.0,5.306765580733931,"<table border=""1"" class=""dataframe"">
  <thead>
    <tr style=""text-align: left;"">
      <th>ISRCTN link</th>
      <th>Title</th>
      <th>Condition category</th>
      <th>Age group</th>
      <th>Target number of participants</th>
    </tr>
  </thead>
  <tbody>
    <tr>
      <td><a href='https://www.isrctn.com/ISRCTN13902755' target='_blank'><div>ISRCTN13902755</div></a></td>
      <td>Social communication intervention for young children with Down syndrome</td>
      <td>Genetic Diseases</td>
      <td>Child</td>
      <td>30</td>
    </tr>
    <tr>
      <td><a href='https://www.isrctn.com/ISRCTN16321795' target='_blank'><div>ISRCTN16321795</div></a></td>
      <td>Imagery based emotion regulation for bipolar disorder</td>
      <td>Mental and Behavioural Disorders</td>
      <td>Adult</td>
      <td>60</td>
    </tr>
  </tbody>
</table>"
80,-477560.7156906854,7533061.006069123,University of Glasgow,55.8724256,-4.2900009,7.0,13.090619551221675,"<table border=""1"" class=""dataframe"">
  <thead>
    <tr style=""text-align: left;"">
      <th>ISRCTN link</th>
      <th>Title</th>
      <th>Condition category</th>
      <th>Age group</th>
      <th>Target number of participants</th>
    </tr>
  </thead>
  <tbody>
    <tr>
      <td><a href='https://www.isrctn.com/ISRCTN10277566' target='_blank'><div>ISRCTN10277566</div></a></td>
      <td>Active play in children with intellectual disabilities</td>
      <td>Mental and Behavioural Disorders</td>
      <td>Child</td>
      <td>21</td>
    </tr>
    <tr>
      <td><a href='https://www.isrctn.com/ISRCTN13566025' target='_blank'><div>ISRCTN13566025</div></a></td>
      <td>Impact of moderate intensive physical activity on bioavailability of flavan...</td>
      <td>Nutritional, Metabolic, Endocrine</td>
      <td>Adult</td>
      <td>22</td>
    </tr>
    <tr>
      <td><a href='https://www.isrctn.com/ISRCTN97369178' target='_blank'><div>ISRCTN97369178</div></a></td>
      <td>STASH (STis and Sexual Health): a peer-led intervention to prevent and redu...</td>
      <td>Infections and Infestations</td>
      <td>Child</td>
      <td>1400</td>
    </tr>
    <tr>
      <td><a href='https://www.isrctn.com/ISRCTN81935608' target='_blank'><div>ISRCTN81935608</div></a></td>
      <td>European Fans in Training (EuroFIT): working with professional football clu...</td>
      <td>Not Applicable</td>
      <td>Adult</td>
      <td>1200</td>
    </tr>
    <tr>
      <td><a href='https://www.isrctn.com/ISRCTN10316077' target='_blank'><div>ISRCTN10316077</div></a></td>
      <td>An initial study of an online self-help programme for individuals seeking e...</td>
      <td>Mental and Behavioural Disorders</td>
      <td>Adult</td>
      <td>100</td>
    </tr>
    <tr>
      <td><a href='https://www.isrctn.com/ISRCTN84893887' target='_blank'><div>ISRCTN84893887</div></a></td>
      <td>Community use of living life to the full educational classes</td>
      <td>Mental and Behavioural Disorders</td>
      <td>Adult</td>
      <td>90</td>
    </tr>
    <tr>
      <td><a href='https://www.isrctn.com/ISRCTN32677491' target='_blank'><div>ISRCTN32677491</div></a></td>
      <td>Football Fans in Training (FFIT): A gender-sensitive weight loss and health...</td>
      <td>Nutritional, Metabolic, Endocrine</td>
      <td>Adult</td>
      <td>720</td>
    </tr>
  </tbody>
</table>"
83,1733913.190096363,8051359.022071984,Linköping University,58.3978364,15.5760072,1.0,1.0,"<table border=""1"" class=""dataframe"">
  <thead>
    <tr style=""text-align: left;"">
      <th>ISRCTN link</th>
      <th>Title</th>
      <th>Condition category</th>
      <th>Age group</th>
      <th>Target number of participants</th>
    </tr>
  </thead>
  <tbody>
    <tr>
      <td><a href='https://www.isrctn.com/ISRCTN17954645' target='_blank'><div>ISRCTN17954645</div></a></td>
      <td>The effect of question order on the outcomes in the core outcome set for br...</td>
      <td>Mental and Behavioural Disorders</td>
      <td>Adult</td>
      <td>5000</td>
    </tr>
  </tbody>
</table>"
84,-252923.78301532974,6983633.7531679515,Keele University,53.00343729999999,-2.272053000000001,2.0,5.306765580733931,"<table border=""1"" class=""dataframe"">
  <thead>
    <tr style=""text-align: left;"">
      <th>ISRCTN link</th>
      <th>Title</th>
      <th>Condition category</th>
      <th>Age group</th>
      <th>Target number of participants</th>
    </tr>
  </thead>
  <tbody>
    <tr>
      <td><a href='https://www.isrctn.com/ISRCTN17816427' target='_blank'><div>ISRCTN17816427</div></a></td>
      <td>Increasing physical activity in older people with persistent musculoskeleta...</td>
      <td>Musculoskeletal Diseases</td>
      <td>Senior</td>
      <td>1086</td>
    </tr>
    <tr>
      <td><a href='https://www.isrctn.com/ISRCTN93634563' target='_blank'><div>ISRCTN93634563</div></a></td>
      <td>Benefits of Effective Exercise for knee Pain - The BEEP main trial</td>
      <td>Musculoskeletal Diseases</td>
      <td>Adult</td>
      <td>500</td>
    </tr>
  </tbody>
</table>"
85,-443046.2745494671,6729773.218704072,Swansea University,51.6092184,-3.9799524,6.0,12.132827525593784,"<table border=""1"" class=""dataframe"">
  <thead>
    <tr style=""text-align: left;"">
      <th>ISRCTN link</th>
      <th>Title</th>
      <th>Condition category</th>
      <th>Age group</th>
      <th>Target number of participants</th>
    </tr>
  </thead>
  <tbody>
    <tr>
      <td><a href='https://www.isrctn.com/ISRCTN12040087' target='_blank'><div>ISRCTN12040087</div></a></td>
      <td>Can the Prevail programme for employees and managers improve workplace prod...</td>
      <td>Mental and Behavioural Disorders</td>
      <td>Adult</td>
      <td>1040</td>
    </tr>
    <tr>
      <td><a href='https://www.isrctn.com/ISRCTN18190978' target='_blank'><div>ISRCTN18190978</div></a></td>
      <td>Champions for health: a web-based acceptance and commitment therapy (ACT) i...</td>
      <td>Mental and Behavioural Disorders</td>
      <td>Adult</td>
      <td>800</td>
    </tr>
    <tr>
      <td><a href='https://www.isrctn.com/ISRCTN15462041' target='_blank'><div>ISRCTN15462041</div></a></td>
      <td>Improving mental health literacy in school children: a randomised control t...</td>
      <td>Mental and Behavioural Disorders</td>
      <td>Mixed</td>
      <td>22500</td>
    </tr>
    <tr>
      <td><a href='https://www.isrctn.com/ISRCTN75594310' target='_blank'><div>ISRCTN75594310</div></a></td>
      <td>Increasing physical activity levels in children: the ACTIVE project</td>
      <td>Nutritional, Metabolic, Endocrine</td>
      <td>Child</td>
      <td>900</td>
    </tr>
    <tr>
      <td><a href='https://www.isrctn.com/ISRCTN50074817' target='_blank'><div>ISRCTN50074817</div></a></td>
      <td>Does the inclusion of an emotional wellbeing intervention into an existing,...</td>
      <td>Mental and Behavioural Disorders</td>
      <td>Adult</td>
      <td>100</td>
    </tr>
    <tr>
      <td><a href='https://www.isrctn.com/ISRCTN60407046' target='_blank'><div>ISRCTN60407046</div></a></td>
      <td>The changes in blood glucose during weights exercise in individuals with ty...</td>
      <td>Nutritional, Metabolic, Endocrine</td>
      <td>Adult</td>
      <td>12</td>
    </tr>
  </tbody>
</table>"
92,-288970.57034316455,6702900.955636583,University Hospitals Bristol NHS Foundation Trust,51.45905759999999,-2.5958668,1.0,1.0,"<table border=""1"" class=""dataframe"">
  <thead>
    <tr style=""text-align: left;"">
      <th>ISRCTN link</th>
      <th>Title</th>
      <th>Condition category</th>
      <th>Age group</th>
      <th>Target number of participants</th>
    </tr>
  </thead>
  <tbody>
    <tr>
      <td><a href='https://www.isrctn.com/ISRCTN10644366' target='_blank'><div>ISRCTN10644366</div></a></td>
      <td>Can performing daily breathing exercises before major surgery reduce the ri...</td>
      <td>Surgery</td>
      <td>Adult</td>
      <td>2500</td>
    </tr>
  </tbody>
</table>"
93,-355024.71753287787,7547378.240693045,University of Edinburgh,55.9445158,-3.1892413,7.0,13.090619551221675,"<table border=""1"" class=""dataframe"">
  <thead>
    <tr style=""text-align: left;"">
      <th>ISRCTN link</th>
      <th>Title</th>
      <th>Condition category</th>
      <th>Age group</th>
      <th>Target number of participants</th>
    </tr>
  </thead>
  <tbody>
    <tr>
      <td><a href='https://www.isrctn.com/ISRCTN75207361' target='_blank'><div>ISRCTN75207361</div></a></td>
      <td>The Smoking and Alcohol Toolkit Study: Home-based interviews and questionna...</td>
      <td>Not Applicable</td>
      <td>Adult</td>
      <td>50400</td>
    </tr>
    <tr>
      <td><a href='https://www.isrctn.com/ISRCTN97417474' target='_blank'><div>ISRCTN97417474</div></a></td>
      <td>Development of a delirium detection tool in hospice patients</td>
      <td>Mental and Behavioural Disorders</td>
      <td>Adult</td>
      <td>200</td>
    </tr>
    <tr>
      <td><a href='https://www.isrctn.com/ISRCTN27417180' target='_blank'><div>ISRCTN27417180</div></a></td>
      <td>Alcohol Brief Interventions for men on remand in prison</td>
      <td>Mental and Behavioural Disorders</td>
      <td>Adult</td>
      <td>180</td>
    </tr>
    <tr>
      <td><a href='https://www.isrctn.com/ISRCTN11580369' target='_blank'><div>ISRCTN11580369</div></a></td>
      <td>Stand up for health: a feasibility study of an intervention to reduce seden...</td>
      <td>Not Applicable</td>
      <td>Adult</td>
      <td>350</td>
    </tr>
    <tr>
      <td><a href='https://www.isrctn.com/ISRCTN10200526' target='_blank'><div>ISRCTN10200526</div></a></td>
      <td>Do 20mph speed limits reduce casualties and increase cycling, walking, and ...</td>
      <td>Not Applicable</td>
      <td>Adult</td>
      <td>60</td>
    </tr>
    <tr>
      <td><a href='https://www.isrctn.com/ISRCTN70616901' target='_blank'><div>ISRCTN70616901</div></a></td>
      <td>The effectiveness of bridging from emergency to regular contraception</td>
      <td>Pregnancy and Childbirth</td>
      <td>Adult</td>
      <td>737</td>
    </tr>
    <tr>
      <td><a href='https://www.isrctn.com/ISRCTN11001662' target='_blank'><div>ISRCTN11001662</div></a></td>
      <td>Pilot trial of an interactive music programme for individuals living with d...</td>
      <td>Mental and Behavioural Disorders</td>
      <td>Senior</td>
      <td>20</td>
    </tr>
  </tbody>
</table>"
95,-179743.21805985976,7357827.800864691,Newcastle University,54.9791871,-1.6146608,16.0,18.227062322935723,"<table border=""1"" class=""dataframe"">
  <thead>
    <tr style=""text-align: left;"">
      <th>ISRCTN link</th>
      <th>Title</th>
      <th>Condition category</th>
      <th>Age group</th>
      <th>Target number of participants</th>
    </tr>
  </thead>
  <tbody>
    <tr>
      <td><a href='https://www.isrctn.com/ISRCTN70594445' target='_blank'><div>ISRCTN70594445</div></a></td>
      <td>A study of the use of safety plans to reduce self-harm and suicide for auti...</td>
      <td>Mental and Behavioural Disorders</td>
      <td>Adult</td>
      <td>155</td>
    </tr>
    <tr>
      <td><a href='https://www.isrctn.com/ISRCTN10974028' target='_blank'><div>ISRCTN10974028</div></a></td>
      <td>Language intervention in the early years - comparing the effectiveness of l...</td>
      <td>Mental and Behavioural Disorders</td>
      <td>Child</td>
      <td>288</td>
    </tr>
    <tr>
      <td><a href='https://www.isrctn.com/ISRCTN50072340' target='_blank'><div>ISRCTN50072340</div></a></td>
      <td>Do the remaining insulin-producing cells in people with type 1 diabetes hel...</td>
      <td>Nutritional, Metabolic, Endocrine</td>
      <td>Adult</td>
      <td>30</td>
    </tr>
    <tr>
      <td><a href='https://www.isrctn.com/ISRCTN10346879' target='_blank'><div>ISRCTN10346879</div></a></td>
      <td>How does exercise impact bone turnover in people with and without Type 1 di...</td>
      <td>Nutritional, Metabolic, Endocrine</td>
      <td>Adult</td>
      <td>30</td>
    </tr>
    <tr>
      <td><a href='https://www.isrctn.com/ISRCTN13880272' target='_blank'><div>ISRCTN13880272</div></a></td>
      <td>Impact of a community based social prescribing intervention on people with ...</td>
      <td>Nutritional, Metabolic, Endocrine</td>
      <td>Adult</td>
      <td>6400</td>
    </tr>
    <tr>
      <td><a href='https://www.isrctn.com/ISRCTN92567676' target='_blank'><div>ISRCTN92567676</div></a></td>
      <td>Trial of lung rehabilitation customised for interstitial lung disease</td>
      <td>Respiratory</td>
      <td>Adult</td>
      <td>36</td>
    </tr>
    <tr>
      <td><a href='https://www.isrctn.com/ISRCTN13792389' target='_blank'><div>ISRCTN13792389</div></a></td>
      <td>A preschool intervention to improve child and family health behaviours</td>
      <td>Mental and Behavioural Disorders</td>
      <td>Mixed</td>
      <td>121</td>
    </tr>
    <tr>
      <td><a href='https://www.isrctn.com/ISRCTN60291091' target='_blank'><div>ISRCTN60291091</div></a></td>
      <td>Brief interventions to reduce risky drinking in parents of children referre...</td>
      <td>Mental and Behavioural Disorders</td>
      <td>Adult</td>
      <td>180</td>
    </tr>
    <tr>
      <td><a href='https://www.isrctn.com/ISRCTN80786829' target='_blank'><div>ISRCTN80786829</div></a></td>
      <td>Supporting looked after children and care leavers in decreasing drugs and a...</td>
      <td>Mental and Behavioural Disorders</td>
      <td>Mixed</td>
      <td>150</td>
    </tr>
    <tr>
      <td><a href='https://www.isrctn.com/ISRCTN45691494' target='_blank'><div>ISRCTN45691494</div></a></td>
      <td>Screening and brief alcohol intervention to prevent risky drinking in young...</td>
      <td>Mental and Behavioural Disorders</td>
      <td>Child</td>
      <td>257</td>
    </tr>
    <tr>
      <td><a href='https://www.isrctn.com/ISRCTN91580447' target='_blank'><div>ISRCTN91580447</div></a></td>
      <td>Pilot trial of an adult community cooking skills intervention</td>
      <td>Nutritional, Metabolic, Endocrine</td>
      <td>Adult</td>
      <td>96</td>
    </tr>
    <tr>
      <td><a href='https://www.isrctn.com/ISRCTN15637399' target='_blank'><div>ISRCTN15637399</div></a></td>
      <td>Implementation intentions for creating and breaking habits in care provided...</td>
      <td>Nutritional, Metabolic, Endocrine</td>
      <td>Mixed</td>
      <td>128</td>
    </tr>
    <tr>
      <td><a href='https://www.isrctn.com/ISRCTN58483069' target='_blank'><div>ISRCTN58483069</div></a></td>
      <td>Using a virtual reality environment to reduce anxiety in children with auti...</td>
      <td>Mental and Behavioural Disorders</td>
      <td>Child</td>
      <td>20</td>
    </tr>
    <tr>
      <td><a href='https://www.isrctn.com/ISRCTN91136472' target='_blank'><div>ISRCTN91136472</div></a></td>
      <td>Improving Recognition of Childhood Overweight</td>
      <td>Nutritional, Metabolic, Endocrine</td>
      <td>Child</td>
      <td>2160</td>
    </tr>
    <tr>
      <td><a href='https://www.isrctn.com/ISRCTN07073105' target='_blank'><div>ISRCTN07073105</div></a></td>
      <td>A brief alcohol intervention to prevent hazardous drinking in young people ...</td>
      <td>Mental and Behavioural Disorders</td>
      <td>Child</td>
      <td>232</td>
    </tr>
    <tr>
      <td><a href='https://www.isrctn.com/ISRCTN14046627' target='_blank'><div>ISRCTN14046627</div></a></td>
      <td>A pilot study to assess whether delivery of a health and well-being program...</td>
      <td>Not Applicable</td>
      <td>Adult</td>
      <td>92</td>
    </tr>
  </tbody>
</table>"
96,-233940.7708129778,7793869.012440783,University of Aberdeen,57.16475999999999,-2.1015257,3.0,7.826061944859854,"<table border=""1"" class=""dataframe"">
  <thead>
    <tr style=""text-align: left;"">
      <th>ISRCTN link</th>
      <th>Title</th>
      <th>Condition category</th>
      <th>Age group</th>
      <th>Target number of participants</th>
    </tr>
  </thead>
  <tbody>
    <tr>
      <td><a href='https://www.isrctn.com/ISRCTN90365793' target='_blank'><div>ISRCTN90365793</div></a></td>
      <td>Prompting healthier snack choices in Scottish hospitals</td>
      <td>Not Applicable</td>
      <td>Mixed</td>
      <td>30</td>
    </tr>
    <tr>
      <td><a href='https://www.isrctn.com/ISRCTN47575326' target='_blank'><div>ISRCTN47575326</div></a></td>
      <td>The Mellow Babies Trial</td>
      <td>Not Applicable</td>
      <td>Adult</td>
      <td>212</td>
    </tr>
    <tr>
      <td><a href='https://www.isrctn.com/ISRCTN17517647' target='_blank'><div>ISRCTN17517647</div></a></td>
      <td>Wholegrain diet and blood pressure study: the WISH study\n</td>
      <td>Circulatory System</td>
      <td>Adult</td>
      <td>72</td>
    </tr>
  </tbody>
</table>"
97,-174952.83980840005,7362681.212442565,Northumbria University,55.0041996,-1.5716281,3.0,7.826061944859854,"<table border=""1"" class=""dataframe"">
  <thead>
    <tr style=""text-align: left;"">
      <th>ISRCTN link</th>
      <th>Title</th>
      <th>Condition category</th>
      <th>Age group</th>
      <th>Target number of participants</th>
    </tr>
  </thead>
  <tbody>
    <tr>
      <td><a href='https://www.isrctn.com/ISRCTN43900695' target='_blank'><div>ISRCTN43900695</div></a></td>
      <td>Testing an early online intervention for the treatment of disturbed sleep d...</td>
      <td>Mental and Behavioural Disorders</td>
      <td>Adult</td>
      <td>60</td>
    </tr>
    <tr>
      <td><a href='https://www.isrctn.com/ISRCTN13567538' target='_blank'><div>ISRCTN13567538</div></a></td>
      <td>The Gentle Years Yoga Trial</td>
      <td>Not Applicable</td>
      <td>Adult</td>
      <td>586</td>
    </tr>
    <tr>
      <td><a href='https://www.isrctn.com/ISRCTN16949845' target='_blank'><div>ISRCTN16949845</div></a></td>
      <td>Falls prevention in the visually impaired</td>
      <td>Not Applicable</td>
      <td>Mixed</td>
      <td>80</td>
    </tr>
  </tbody>
</table>"
99,-15299.205349122634,6714813.893758078,University College London Hospitals NHS Foundation Trust,51.5256876,-0.1374351,3.0,7.826061944859854,"<table border=""1"" class=""dataframe"">
  <thead>
    <tr style=""text-align: left;"">
      <th>ISRCTN link</th>
      <th>Title</th>
      <th>Condition category</th>
      <th>Age group</th>
      <th>Target number of participants</th>
    </tr>
  </thead>
  <tbody>
    <tr>
      <td><a href='https://www.isrctn.com/ISRCTN12655391' target='_blank'><div>ISRCTN12655391</div></a></td>
      <td>A trial of acceptance and commitment therapy for people with motor neuron d...</td>
      <td>Nervous System Diseases</td>
      <td>Mixed</td>
      <td>216</td>
    </tr>
    <tr>
      <td><a href='https://www.isrctn.com/ISRCTN45454522' target='_blank'><div>ISRCTN45454522</div></a></td>
      <td>Feasibility of a personalised, distance-based lifestyle intervention in col...</td>
      <td>Cancer</td>
      <td>Adult</td>
      <td>30</td>
    </tr>
    <tr>
      <td><a href='https://www.isrctn.com/ISRCTN87551289' target='_blank'><div>ISRCTN87551289</div></a></td>
      <td>Strengthening hip muscles to improve walking distance in people with Charco...</td>
      <td>Nervous System Diseases</td>
      <td>Adult</td>
      <td>32</td>
    </tr>
  </tbody>
</table>"
100,-9745.932363358466,6597926.835537341,University of Sussex,50.8677123,-0.0875492,3.0,7.826061944859854,"<table border=""1"" class=""dataframe"">
  <thead>
    <tr style=""text-align: left;"">
      <th>ISRCTN link</th>
      <th>Title</th>
      <th>Condition category</th>
      <th>Age group</th>
      <th>Target number of participants</th>
    </tr>
  </thead>
  <tbody>
    <tr>
      <td><a href='https://www.isrctn.com/ISRCTN10777283' target='_blank'><div>ISRCTN10777283</div></a></td>
      <td>Investigating the effects of a supported self-management pathway in people ...</td>
      <td>Cancer</td>
      <td>Adult</td>
      <td>110</td>
    </tr>
    <tr>
      <td><a href='https://www.isrctn.com/ISRCTN79116352' target='_blank'><div>ISRCTN79116352</div></a></td>
      <td>Caring for caregivers (C4C)</td>
      <td>Mental and Behavioural Disorders</td>
      <td>Adult</td>
      <td>60</td>
    </tr>
    <tr>
      <td><a href='https://www.isrctn.com/ISRCTN77762753' target='_blank'><div>ISRCTN77762753</div></a></td>
      <td>A pilot randomised controlled trial of guided self-help cognitive behaviour...</td>
      <td>Mental and Behavioural Disorders</td>
      <td>Adult</td>
      <td>30</td>
    </tr>
  </tbody>
</table>"
102,-237986.04318476183,7784468.383156934,Robert Gordon University,57.1189422,-2.137865,1.0,1.0,"<table border=""1"" class=""dataframe"">
  <thead>
    <tr style=""text-align: left;"">
      <th>ISRCTN link</th>
      <th>Title</th>
      <th>Condition category</th>
      <th>Age group</th>
      <th>Target number of participants</th>
    </tr>
  </thead>
  <tbody>
    <tr>
      <td><a href='https://www.isrctn.com/ISRCTN11672329' target='_blank'><div>ISRCTN11672329</div></a></td>
      <td>Feasibility and acceptability of a specialist exercise programme for people...</td>
      <td>Nervous System Diseases</td>
      <td>Adult</td>
      <td>30</td>
    </tr>
  </tbody>
</table>"
103,-135684.81150742923,6757635.9259120105,Oxford Radcliffe Hospitals NHS Trust,51.764391,-1.2188774,1.0,1.0,"<table border=""1"" class=""dataframe"">
  <thead>
    <tr style=""text-align: left;"">
      <th>ISRCTN link</th>
      <th>Title</th>
      <th>Condition category</th>
      <th>Age group</th>
      <th>Target number of participants</th>
    </tr>
  </thead>
  <tbody>
    <tr>
      <td><a href='https://www.isrctn.com/ISRCTN12698674' target='_blank'><div>ISRCTN12698674</div></a></td>
      <td>Better outcomes for older people with spinal trouble</td>
      <td>Nervous System Diseases</td>
      <td>Adult</td>
      <td>438</td>
    </tr>
  </tbody>
</table>"
104,-126888.23402545397,6914819.672328286,De Montfort University,52.6298398,-1.1398564,1.0,1.0,"<table border=""1"" class=""dataframe"">
  <thead>
    <tr style=""text-align: left;"">
      <th>ISRCTN link</th>
      <th>Title</th>
      <th>Condition category</th>
      <th>Age group</th>
      <th>Target number of participants</th>
    </tr>
  </thead>
  <tbody>
    <tr>
      <td><a href='https://www.isrctn.com/ISRCTN15657586' target='_blank'><div>ISRCTN15657586</div></a></td>
      <td>A Germ’s Journey Soaper Heroes: Interactive educational handwashing interve...</td>
      <td>Infections and Infestations</td>
      <td>Mixed</td>
      <td>70</td>
    </tr>
  </tbody>
</table>"
106,17020.137885092165,6842514.810432163,Ieso Digital Health,52.23382429999999,0.1528945,2.0,5.306765580733931,"<table border=""1"" class=""dataframe"">
  <thead>
    <tr style=""text-align: left;"">
      <th>ISRCTN link</th>
      <th>Title</th>
      <th>Condition category</th>
      <th>Age group</th>
      <th>Target number of participants</th>
    </tr>
  </thead>
  <tbody>
    <tr>
      <td><a href='https://www.isrctn.com/ISRCTN87336732' target='_blank'><div>ISRCTN87336732</div></a></td>
      <td>Digital therapeutic tools in the treatment of mild to moderate depression a...</td>
      <td>Mental and Behavioural Disorders</td>
      <td>Adult</td>
      <td>300</td>
    </tr>
    <tr>
      <td><a href='https://www.isrctn.com/ISRCTN11004397' target='_blank'><div>ISRCTN11004397</div></a></td>
      <td>Cognitive and behavioural biomarkers for the treatment of mental health con...</td>
      <td>Mental and Behavioural Disorders</td>
      <td>Adult</td>
      <td>200</td>
    </tr>
  </tbody>
</table>"
107,-65619.09948774411,6664416.1057942845,University of Surrey,51.2431429,-0.5894664,3.0,7.826061944859854,"<table border=""1"" class=""dataframe"">
  <thead>
    <tr style=""text-align: left;"">
      <th>ISRCTN link</th>
      <th>Title</th>
      <th>Condition category</th>
      <th>Age group</th>
      <th>Target number of participants</th>
    </tr>
  </thead>
  <tbody>
    <tr>
      <td><a href='https://www.isrctn.com/ISRCTN32122407' target='_blank'><div>ISRCTN32122407</div></a></td>
      <td>The effects of early versus late time-restricted feeding on metabolic disea...</td>
      <td>Nutritional, Metabolic, Endocrine</td>
      <td>Adult</td>
      <td>51</td>
    </tr>
    <tr>
      <td><a href='https://www.isrctn.com/ISRCTN66418871' target='_blank'><div>ISRCTN66418871</div></a></td>
      <td>Investigation into the impact of a physical activity health promotion pack ...</td>
      <td>Cancer</td>
      <td>Adult</td>
      <td>164</td>
    </tr>
    <tr>
      <td><a href='https://www.isrctn.com/ISRCTN16727984' target='_blank'><div>ISRCTN16727984</div></a></td>
      <td>Study to explain the reason for the variation in blood cholesterol response...</td>
      <td>Circulatory System</td>
      <td>Adult</td>
      <td>36</td>
    </tr>
  </tbody>
</table>"
108,-697786.6135433577,7049681.502252439,Parents Plus,53.3590013,-6.2683238,1.0,1.0,"<table border=""1"" class=""dataframe"">
  <thead>
    <tr style=""text-align: left;"">
      <th>ISRCTN link</th>
      <th>Title</th>
      <th>Condition category</th>
      <th>Age group</th>
      <th>Target number of participants</th>
    </tr>
  </thead>
  <tbody>
    <tr>
      <td><a href='https://www.isrctn.com/ISRCTN31917713' target='_blank'><div>ISRCTN31917713</div></a></td>
      <td>Testing the effectiveness of the Parents Plus Pathways programme for parent...</td>
      <td>Mental and Behavioural Disorders</td>
      <td>Adult</td>
      <td>120</td>
    </tr>
  </tbody>
</table>"
111,-165484.2154285567,7112240.3443078045,Mid Yorkshire Hospitals NHS Trust,53.6930697,-1.48657,1.0,1.0,"<table border=""1"" class=""dataframe"">
  <thead>
    <tr style=""text-align: left;"">
      <th>ISRCTN link</th>
      <th>Title</th>
      <th>Condition category</th>
      <th>Age group</th>
      <th>Target number of participants</th>
    </tr>
  </thead>
  <tbody>
    <tr>
      <td><a href='https://www.isrctn.com/ISRCTN17953876' target='_blank'><div>ISRCTN17953876</div></a></td>
      <td>Motivating weight loss through a personalised avatar</td>
      <td>Nutritional, Metabolic, Endocrine</td>
      <td>Adult</td>
      <td>60</td>
    </tr>
  </tbody>
</table>"
112,-11468.72393482425,6715051.471382628,NatCen Social Research,51.5270154,-0.1030253,1.0,1.0,"<table border=""1"" class=""dataframe"">
  <thead>
    <tr style=""text-align: left;"">
      <th>ISRCTN link</th>
      <th>Title</th>
      <th>Condition category</th>
      <th>Age group</th>
      <th>Target number of participants</th>
    </tr>
  </thead>
  <tbody>
    <tr>
      <td><a href='https://www.isrctn.com/ISRCTN17261407' target='_blank'><div>ISRCTN17261407</div></a></td>
      <td>Survey of people’s eating habits in the UK</td>
      <td>Nutritional, Metabolic, Endocrine</td>
      <td>Mixed</td>
      <td>1000</td>
    </tr>
  </tbody>
</table>"
113,-357660.29553300125,7544532.960093776,NHS Lothian,55.9301999,-3.2129171,1.0,1.0,"<table border=""1"" class=""dataframe"">
  <thead>
    <tr style=""text-align: left;"">
      <th>ISRCTN link</th>
      <th>Title</th>
      <th>Condition category</th>
      <th>Age group</th>
      <th>Target number of participants</th>
    </tr>
  </thead>
  <tbody>
    <tr>
      <td><a href='https://www.isrctn.com/ISRCTN17883425' target='_blank'><div>ISRCTN17883425</div></a></td>
      <td>BT-LIFE: Brain tumours, lifestyle interventions and fatigue evaluation</td>
      <td>Cancer</td>
      <td>Adult</td>
      <td>60</td>
    </tr>
  </tbody>
</table>"
114,523234.47937401704,6599733.614531233,KU Leuven,50.87795449999999,4.7002953,1.0,1.0,"<table border=""1"" class=""dataframe"">
  <thead>
    <tr style=""text-align: left;"">
      <th>ISRCTN link</th>
      <th>Title</th>
      <th>Condition category</th>
      <th>Age group</th>
      <th>Target number of participants</th>
    </tr>
  </thead>
  <tbody>
    <tr>
      <td><a href='https://www.isrctn.com/ISRCTN10196901' target='_blank'><div>ISRCTN10196901</div></a></td>
      <td>Magnet4Europe - Improving mental health and wellbeing in the health care wo...</td>
      <td>Not Applicable</td>
      <td>Adult</td>
      <td>10253</td>
    </tr>
  </tbody>
</table>"
117,2849.4561377845034,6726254.0404829895,North East London NHS Foundation Trust,51.5895816,0.0255971,3.0,7.826061944859854,"<table border=""1"" class=""dataframe"">
  <thead>
    <tr style=""text-align: left;"">
      <th>ISRCTN link</th>
      <th>Title</th>
      <th>Condition category</th>
      <th>Age group</th>
      <th>Target number of participants</th>
    </tr>
  </thead>
  <tbody>
    <tr>
      <td><a href='https://www.isrctn.com/ISRCTN15589468' target='_blank'><div>ISRCTN15589468</div></a></td>
      <td>Equilibrium: an intervention for young people who self-harm and attempt sui...</td>
      <td>Mental and Behavioural Disorders</td>
      <td>Child</td>
      <td>6</td>
    </tr>
    <tr>
      <td><a href='https://www.isrctn.com/ISRCTN11778891' target='_blank'><div>ISRCTN11778891</div></a></td>
      <td>Acceptability of the Specialist Psychotherapy with Emotion for Anorexia in ...</td>
      <td>Mental and Behavioural Disorders</td>
      <td>Adult</td>
      <td>36</td>
    </tr>
    <tr>
      <td><a href='https://www.isrctn.com/ISRCTN46521766' target='_blank'><div>ISRCTN46521766</div></a></td>
      <td>'I can't forget to worry': cognitive behavioural therapy (CBT) for anxiety ...</td>
      <td>Nervous System Diseases</td>
      <td>Adult</td>
      <td>50</td>
    </tr>
  </tbody>
</table>"
118,-12677.163799079708,6715942.297079939,Anna Freud Centre,51.5319938,-0.1138809,1.0,1.0,"<table border=""1"" class=""dataframe"">
  <thead>
    <tr style=""text-align: left;"">
      <th>ISRCTN link</th>
      <th>Title</th>
      <th>Condition category</th>
      <th>Age group</th>
      <th>Target number of participants</th>
    </tr>
  </thead>
  <tbody>
    <tr>
      <td><a href='https://www.isrctn.com/ISRCTN11162672' target='_blank'><div>ISRCTN11162672</div></a></td>
      <td>Can a resilience intervention (Bounce Back) improve children's mental healt...</td>
      <td>Mental and Behavioural Disorders</td>
      <td>Child</td>
      <td>390</td>
    </tr>
  </tbody>
</table>"
128,105442.58978387521,6778046.852363223,University of Essex,51.87772589999999,0.9472069000000001,3.0,7.826061944859854,"<table border=""1"" class=""dataframe"">
  <thead>
    <tr style=""text-align: left;"">
      <th>ISRCTN link</th>
      <th>Title</th>
      <th>Condition category</th>
      <th>Age group</th>
      <th>Target number of participants</th>
    </tr>
  </thead>
  <tbody>
    <tr>
      <td><a href='https://www.isrctn.com/ISRCTN59395217' target='_blank'><div>ISRCTN59395217</div></a></td>
      <td>Examining the effects of outdoor recreational experiences on military veter...</td>
      <td>Mental and Behavioural Disorders</td>
      <td>All</td>
      <td>25</td>
    </tr>
    <tr>
      <td><a href='https://www.isrctn.com/ISRCTN15325073' target='_blank'><div>ISRCTN15325073</div></a></td>
      <td>Examining the effects of outdoor recreational experiences on military veter...</td>
      <td>Mental and Behavioural Disorders</td>
      <td>All</td>
      <td>50</td>
    </tr>
    <tr>
      <td><a href='https://www.isrctn.com/ISRCTN14852234' target='_blank'><div>ISRCTN14852234</div></a></td>
      <td>Using the Nintendo Wii as an intervention for elderly fallers</td>
      <td>Not Applicable</td>
      <td>Senior</td>
      <td>30</td>
    </tr>
  </tbody>
</table>"
129,-15949.099668322844,6713249.343139148,University of Westminster,51.5169425,-0.1432732,1.0,1.0,"<table border=""1"" class=""dataframe"">
  <thead>
    <tr style=""text-align: left;"">
      <th>ISRCTN link</th>
      <th>Title</th>
      <th>Condition category</th>
      <th>Age group</th>
      <th>Target number of participants</th>
    </tr>
  </thead>
  <tbody>
    <tr>
      <td><a href='https://www.isrctn.com/ISRCTN26058700' target='_blank'><div>ISRCTN26058700</div></a></td>
      <td>Can dietary changes lead to remission of type 2 diabetes even if a person d...</td>
      <td>Nutritional, Metabolic, Endocrine</td>
      <td>Adult</td>
      <td>30</td>
    </tr>
  </tbody>
</table>"
130,-253081.24443505672,7073603.847066523,University of Salford,53.4870594,-2.2734675,3.0,7.826061944859854,"<table border=""1"" class=""dataframe"">
  <thead>
    <tr style=""text-align: left;"">
      <th>ISRCTN link</th>
      <th>Title</th>
      <th>Condition category</th>
      <th>Age group</th>
      <th>Target number of participants</th>
    </tr>
  </thead>
  <tbody>
    <tr>
      <td><a href='https://www.isrctn.com/ISRCTN51913166' target='_blank'><div>ISRCTN51913166</div></a></td>
      <td>Developing a new treatment for knee osteoarthritis using feedback from musc...</td>
      <td>Musculoskeletal Diseases</td>
      <td>Adult</td>
      <td>75</td>
    </tr>
    <tr>
      <td><a href='https://www.isrctn.com/ISRCTN81942890' target='_blank'><div>ISRCTN81942890</div></a></td>
      <td>Evaluation of the Communities In Charge of Alcohol (CICA) Programme in Grea...</td>
      <td>Mental and Behavioural Disorders</td>
      <td>All</td>
      <td>15000</td>
    </tr>
    <tr>
      <td><a href='https://www.isrctn.com/ISRCTN29533052' target='_blank'><div>ISRCTN29533052</div></a></td>
      <td>Mirror Arm Exercises for STROke</td>
      <td>Circulatory System</td>
      <td>Adult</td>
      <td>83</td>
    </tr>
  </tbody>
</table>"
131,-190397.472940295,7355842.174687841,North East Ambulance Service NHS Foundation Trust,54.9689495,-1.7103696,1.0,1.0,"<table border=""1"" class=""dataframe"">
  <thead>
    <tr style=""text-align: left;"">
      <th>ISRCTN link</th>
      <th>Title</th>
      <th>Condition category</th>
      <th>Age group</th>
      <th>Target number of participants</th>
    </tr>
  </thead>
  <tbody>
    <tr>
      <td><a href='https://www.isrctn.com/ISRCTN17329526' target='_blank'><div>ISRCTN17329526</div></a></td>
      <td>Paramedic management of an airway obstructed with fluid using the SALAD tec...</td>
      <td>Respiratory</td>
      <td>Adult</td>
      <td>100</td>
    </tr>
  </tbody>
</table>"
132,-21888.61789129243,6642001.04891878,Sussex Community NHS Foundation Trust,51.1169167,-0.1966288,1.0,1.0,"<table border=""1"" class=""dataframe"">
  <thead>
    <tr style=""text-align: left;"">
      <th>ISRCTN link</th>
      <th>Title</th>
      <th>Condition category</th>
      <th>Age group</th>
      <th>Target number of participants</th>
    </tr>
  </thead>
  <tbody>
    <tr>
      <td><a href='https://www.isrctn.com/ISRCTN55255770' target='_blank'><div>ISRCTN55255770</div></a></td>
      <td>Can the Pirates game be used to help assess children with possible autism?</td>
      <td>Mental and Behavioural Disorders</td>
      <td>Child</td>
      <td>124</td>
    </tr>
  </tbody>
</table>"
133,-122156.44322199876,6584910.858229808,University of Portsmouth,50.7938613,-1.09735,2.0,5.306765580733931,"<table border=""1"" class=""dataframe"">
  <thead>
    <tr style=""text-align: left;"">
      <th>ISRCTN link</th>
      <th>Title</th>
      <th>Condition category</th>
      <th>Age group</th>
      <th>Target number of participants</th>
    </tr>
  </thead>
  <tbody>
    <tr>
      <td><a href='https://www.isrctn.com/ISRCTN77954447' target='_blank'><div>ISRCTN77954447</div></a></td>
      <td>Brief health promotion intervention in walk-in unit: Randomised controlled ...</td>
      <td>Respiratory</td>
      <td>Adult</td>
      <td>204</td>
    </tr>
    <tr>
      <td><a href='https://www.isrctn.com/ISRCTN17267204' target='_blank'><div>ISRCTN17267204</div></a></td>
      <td>Can the 'Up2U' programme reduce violence by domestic abusers, and improve q...</td>
      <td>Mental and Behavioural Disorders</td>
      <td>Adult</td>
      <td>400</td>
    </tr>
  </tbody>
</table>"
134,-104842.44414511052,6699750.487666,University of Reading,51.4414205,-0.9418157,8.0,13.920296742201792,"<table border=""1"" class=""dataframe"">
  <thead>
    <tr style=""text-align: left;"">
      <th>ISRCTN link</th>
      <th>Title</th>
      <th>Condition category</th>
      <th>Age group</th>
      <th>Target number of participants</th>
    </tr>
  </thead>
  <tbody>
    <tr>
      <td><a href='https://www.isrctn.com/ISRCTN12536062' target='_blank'><div>ISRCTN12536062</div></a></td>
      <td>Can music-assisted language interventions improve communication skills in c...</td>
      <td>Mental and Behavioural Disorders</td>
      <td>Child</td>
      <td>30</td>
    </tr>
    <tr>
      <td><a href='https://www.isrctn.com/ISRCTN86123204' target='_blank'><div>ISRCTN86123204</div></a></td>
      <td>Treatment of anxiety disorders in adolescents</td>
      <td>Mental and Behavioural Disorders</td>
      <td>Child</td>
      <td>48</td>
    </tr>
    <tr>
      <td><a href='https://www.isrctn.com/ISRCTN28513611' target='_blank'><div>ISRCTN28513611</div></a></td>
      <td>Early years provision in children's centres</td>
      <td>Mental and Behavioural Disorders</td>
      <td>Child</td>
      <td>428</td>
    </tr>
    <tr>
      <td><a href='https://www.isrctn.com/ISRCTN79652741' target='_blank'><div>ISRCTN79652741</div></a></td>
      <td>A pilot randomised controlled trial of an internet-based cognitive behavior...</td>
      <td>Mental and Behavioural Disorders</td>
      <td>Child</td>
      <td>60</td>
    </tr>
    <tr>
      <td><a href='https://www.isrctn.com/ISRCTN77196667' target='_blank'><div>ISRCTN77196667</div></a></td>
      <td>Promoting tolerance of childrens feelings</td>
      <td>Mental and Behavioural Disorders</td>
      <td>Child</td>
      <td>65</td>
    </tr>
    <tr>
      <td><a href='https://www.isrctn.com/ISRCTN07627865' target='_blank'><div>ISRCTN07627865</div></a></td>
      <td>Guided self-help for childhood anxiety problems: a comparison with usual ca...</td>
      <td>Mental and Behavioural Disorders</td>
      <td>Child</td>
      <td>136</td>
    </tr>
    <tr>
      <td><a href='https://www.isrctn.com/ISRCTN19762288' target='_blank'><div>ISRCTN19762288</div></a></td>
      <td>Treatment of child anxiety disorder in the context of maternal anxiety</td>
      <td>Mental and Behavioural Disorders</td>
      <td>Mixed</td>
      <td>210</td>
    </tr>
    <tr>
      <td><a href='https://www.isrctn.com/ISRCTN16727984' target='_blank'><div>ISRCTN16727984</div></a></td>
      <td>Study to explain the reason for the variation in blood cholesterol response...</td>
      <td>Circulatory System</td>
      <td>Adult</td>
      <td>36</td>
    </tr>
  </tbody>
</table>"
136,-35927.02981963953,6723721.029958438,North West London Hospitals NHS Trust,51.57544230000001,-0.322738,2.0,5.306765580733931,"<table border=""1"" class=""dataframe"">
  <thead>
    <tr style=""text-align: left;"">
      <th>ISRCTN link</th>
      <th>Title</th>
      <th>Condition category</th>
      <th>Age group</th>
      <th>Target number of participants</th>
    </tr>
  </thead>
  <tbody>
    <tr>
      <td><a href='https://www.isrctn.com/ISRCTN71618461' target='_blank'><div>ISRCTN71618461</div></a></td>
      <td>A supported online self-management for symptoms of fatigue, pain and urgenc...</td>
      <td>Digestive System</td>
      <td>Adult</td>
      <td>680</td>
    </tr>
    <tr>
      <td><a href='https://www.isrctn.com/ISRCTN19023898' target='_blank'><div>ISRCTN19023898</div></a></td>
      <td>Is it feasible to run a clinical trial of online acceptance and commitment ...</td>
      <td>Signs and Symptoms</td>
      <td>Adult</td>
      <td>86</td>
    </tr>
  </tbody>
</table>"
137,-459748.0832186868,7025566.362075045,Bangor University,53.2295205,-4.1299873,7.0,13.090619551221675,"<table border=""1"" class=""dataframe"">
  <thead>
    <tr style=""text-align: left;"">
      <th>ISRCTN link</th>
      <th>Title</th>
      <th>Condition category</th>
      <th>Age group</th>
      <th>Target number of participants</th>
    </tr>
  </thead>
  <tbody>
    <tr>
      <td><a href='https://www.isrctn.com/ISRCTN12300853' target='_blank'><div>ISRCTN12300853</div></a></td>
      <td>Stand Together: supporting children’s social and emotional wellbeing in sch...</td>
      <td>Mental and Behavioural Disorders</td>
      <td>Child</td>
      <td>12828</td>
    </tr>
    <tr>
      <td><a href='https://www.isrctn.com/ISRCTN12565492' target='_blank'><div>ISRCTN12565492</div></a></td>
      <td>Computer-based treatment to reduce slowing of movement and fatigue in Parki...</td>
      <td>Nervous System Diseases</td>
      <td>Adult</td>
      <td>40</td>
    </tr>
    <tr>
      <td><a href='https://www.isrctn.com/ISRCTN57070414' target='_blank'><div>ISRCTN57070414</div></a></td>
      <td>PALACES – Parenting for autism, language, and communication evaluation stud...</td>
      <td>Mental and Behavioural Disorders</td>
      <td>Mixed</td>
      <td>72</td>
    </tr>
    <tr>
      <td><a href='https://www.isrctn.com/ISRCTN89370147' target='_blank'><div>ISRCTN89370147</div></a></td>
      <td>Evaluating an online parenting programme based on 'The Little Parent Handbo...</td>
      <td>Not Applicable</td>
      <td>Adult</td>
      <td>60</td>
    </tr>
    <tr>
      <td><a href='https://www.isrctn.com/ISRCTN06867279' target='_blank'><div>ISRCTN06867279</div></a></td>
      <td>Evaluation of the Enhancing Parenting Skills (EPaS) 2014 intervention for p...</td>
      <td>Mental and Behavioural Disorders</td>
      <td>Mixed</td>
      <td>120</td>
    </tr>
    <tr>
      <td><a href='https://www.isrctn.com/ISRCTN13019951' target='_blank'><div>ISRCTN13019951</div></a></td>
      <td>Optimising patient function following elective Total Hip Replacement (THR) ...</td>
      <td>Musculoskeletal Diseases</td>
      <td>Adult</td>
      <td>50</td>
    </tr>
    <tr>
      <td><a href='https://www.isrctn.com/ISRCTN42430123' target='_blank'><div>ISRCTN42430123</div></a></td>
      <td>Reminiscence groups for people with dementia and their family care-givers: ...</td>
      <td>Mental and Behavioural Disorders</td>
      <td>Senior</td>
      <td>576</td>
    </tr>
  </tbody>
</table>"
139,-13795.022993676683,6713340.380156105,ukactive,51.51745140000001,-0.1239228,1.0,1.0,"<table border=""1"" class=""dataframe"">
  <thead>
    <tr style=""text-align: left;"">
      <th>ISRCTN link</th>
      <th>Title</th>
      <th>Condition category</th>
      <th>Age group</th>
      <th>Target number of participants</th>
    </tr>
  </thead>
  <tbody>
    <tr>
      <td><a href='https://www.isrctn.com/ISRCTN13024854' target='_blank'><div>ISRCTN13024854</div></a></td>
      <td>The effects of different community fitness centre based interventions in se...</td>
      <td>Not Applicable</td>
      <td>Adult</td>
      <td>2080</td>
    </tr>
  </tbody>
</table>"
140,-349417.3989343336,7542951.3872058885,ACCORD,55.92224,-3.1388699,1.0,1.0,"<table border=""1"" class=""dataframe"">
  <thead>
    <tr style=""text-align: left;"">
      <th>ISRCTN link</th>
      <th>Title</th>
      <th>Condition category</th>
      <th>Age group</th>
      <th>Target number of participants</th>
    </tr>
  </thead>
  <tbody>
    <tr>
      <td><a href='https://www.isrctn.com/ISRCTN65197569' target='_blank'><div>ISRCTN65197569</div></a></td>
      <td>The effect of parental group sleep education in young children with Down sy...</td>
      <td>Genetic Diseases</td>
      <td>Mixed</td>
      <td>60</td>
    </tr>
  </tbody>
</table>"
141,-255211.56553036757,7082859.002290356,Greater Manchester West Mental Health NHS Foundation Trust,53.5364995,-2.2926045,2.0,5.306765580733931,"<table border=""1"" class=""dataframe"">
  <thead>
    <tr style=""text-align: left;"">
      <th>ISRCTN link</th>
      <th>Title</th>
      <th>Condition category</th>
      <th>Age group</th>
      <th>Target number of participants</th>
    </tr>
  </thead>
  <tbody>
    <tr>
      <td><a href='https://www.isrctn.com/ISRCTN12622538' target='_blank'><div>ISRCTN12622538</div></a></td>
      <td>Family intervention for Sub Saharan African and Caribbean people with psych...</td>
      <td>Mental and Behavioural Disorders</td>
      <td>Adult</td>
      <td>404</td>
    </tr>
    <tr>
      <td><a href='https://www.isrctn.com/ISRCTN99672552' target='_blank'><div>ISRCTN99672552</div></a></td>
      <td>Focusing on clozapine unresponsive symptoms trial</td>
      <td>Mental and Behavioural Disorders</td>
      <td>Adult</td>
      <td>487</td>
    </tr>
  </tbody>
</table>"
142,816.9960068299935,6711679.65571093,Healum Ltd,51.508167,0.0073392,1.0,1.0,"<table border=""1"" class=""dataframe"">
  <thead>
    <tr style=""text-align: left;"">
      <th>ISRCTN link</th>
      <th>Title</th>
      <th>Condition category</th>
      <th>Age group</th>
      <th>Target number of participants</th>
    </tr>
  </thead>
  <tbody>
    <tr>
      <td><a href='https://www.isrctn.com/ISRCTN57314489' target='_blank'><div>ISRCTN57314489</div></a></td>
      <td>Enhancing type 2 diabetes treatment through digital plans of care</td>
      <td>Nutritional, Metabolic, Endocrine</td>
      <td>Adult</td>
      <td>450</td>
    </tr>
  </tbody>
</table>"
143,-65282.469347585255,6664948.735259934,Philips Oral Healthcare,51.2461381,-0.5864423999999999,1.0,1.0,"<table border=""1"" class=""dataframe"">
  <thead>
    <tr style=""text-align: left;"">
      <th>ISRCTN link</th>
      <th>Title</th>
      <th>Condition category</th>
      <th>Age group</th>
      <th>Target number of participants</th>
    </tr>
  </thead>
  <tbody>
    <tr>
      <td><a href='https://www.isrctn.com/ISRCTN29412903' target='_blank'><div>ISRCTN29412903</div></a></td>
      <td>The effect of a behavioural management tool in adults with mild to moderate...</td>
      <td>Oral Health</td>
      <td>Adult</td>
      <td>60</td>
    </tr>
  </tbody>
</table>"
144,-10435.022275266989,6704483.374082789,King's College Hospital NHS Foundation Trust,51.4679138,-0.0937394,4.0,9.613531161467861,"<table border=""1"" class=""dataframe"">
  <thead>
    <tr style=""text-align: left;"">
      <th>ISRCTN link</th>
      <th>Title</th>
      <th>Condition category</th>
      <th>Age group</th>
      <th>Target number of participants</th>
    </tr>
  </thead>
  <tbody>
    <tr>
      <td><a href='https://www.isrctn.com/ISRCTN12609324' target='_blank'><div>ISRCTN12609324</div></a></td>
      <td>The GFR-Exercise feasibility study</td>
      <td>Urological and Genital Diseases</td>
      <td>Adult</td>
      <td>90</td>
    </tr>
    <tr>
      <td><a href='https://www.isrctn.com/ISRCTN13339678' target='_blank'><div>ISRCTN13339678</div></a></td>
      <td>Insulin intervention development for people with type 2 diabetes</td>
      <td>Nutritional, Metabolic, Endocrine</td>
      <td>Adult</td>
      <td>86</td>
    </tr>
    <tr>
      <td><a href='https://www.isrctn.com/ISRCTN95625309' target='_blank'><div>ISRCTN95625309</div></a></td>
      <td>The impact of providing post-abortion contraceptive support</td>
      <td>Pregnancy and Childbirth</td>
      <td>Adult</td>
      <td>569</td>
    </tr>
    <tr>
      <td><a href='https://www.isrctn.com/ISRCTN73039760' target='_blank'><div>ISRCTN73039760</div></a></td>
      <td>Physio and Speech Therapy management of chronic cough</td>
      <td>Respiratory</td>
      <td>Adult</td>
      <td>88</td>
    </tr>
  </tbody>
</table>"
149,-177353.03274524107,7362485.32925916,The Newcastle Upon Tyne Hospitals NHS Foundation Trust,55.0031904,-1.5931894,3.0,7.826061944859854,"<table border=""1"" class=""dataframe"">
  <thead>
    <tr style=""text-align: left;"">
      <th>ISRCTN link</th>
      <th>Title</th>
      <th>Condition category</th>
      <th>Age group</th>
      <th>Target number of participants</th>
    </tr>
  </thead>
  <tbody>
    <tr>
      <td><a href='https://www.isrctn.com/ISRCTN11126923' target='_blank'><div>ISRCTN11126923</div></a></td>
      <td>NED: APRIQOT study of performance feedback emailed to endoscopists and endo...</td>
      <td>Digestive System</td>
      <td>Adult</td>
      <td>480</td>
    </tr>
    <tr>
      <td><a href='https://www.isrctn.com/ISRCTN69270299' target='_blank'><div>ISRCTN69270299</div></a></td>
      <td>Development of an internet/mobile phone service pathway for pre-diabetes</td>
      <td>Nutritional, Metabolic, Endocrine</td>
      <td>Adult</td>
      <td>40</td>
    </tr>
    <tr>
      <td><a href='https://www.isrctn.com/ISRCTN36257982' target='_blank'><div>ISRCTN36257982</div></a></td>
      <td>Pre-operative behavioural intervention for risky drinkers before elective o...</td>
      <td>Mental and Behavioural Disorders</td>
      <td>Adult</td>
      <td>122</td>
    </tr>
  </tbody>
</table>"
150,-125377.98475775978,6979180.418066699,Nottinghamshire Healthcare NHS Foundation Trust,52.9793569,-1.1262896,2.0,5.306765580733931,"<table border=""1"" class=""dataframe"">
  <thead>
    <tr style=""text-align: left;"">
      <th>ISRCTN link</th>
      <th>Title</th>
      <th>Condition category</th>
      <th>Age group</th>
      <th>Target number of participants</th>
    </tr>
  </thead>
  <tbody>
    <tr>
      <td><a href='https://www.isrctn.com/ISRCTN15748675' target='_blank'><div>ISRCTN15748675</div></a></td>
      <td>Does the use of a standard information-gathering package help with assessme...</td>
      <td>Mental and Behavioural Disorders</td>
      <td>Mixed</td>
      <td>1210</td>
    </tr>
    <tr>
      <td><a href='https://www.isrctn.com/ISRCTN70758207' target='_blank'><div>ISRCTN70758207</div></a></td>
      <td>Online Remote Behavioural Intervention for Tics (ORBIT)</td>
      <td>Mental and Behavioural Disorders</td>
      <td>Child</td>
      <td>220</td>
    </tr>
  </tbody>
</table>"
155,-15570.479816236762,6722139.742367595,The Whittington Hospital NHS Trust,51.5666133,-0.139872,1.0,1.0,"<table border=""1"" class=""dataframe"">
  <thead>
    <tr style=""text-align: left;"">
      <th>ISRCTN link</th>
      <th>Title</th>
      <th>Condition category</th>
      <th>Age group</th>
      <th>Target number of participants</th>
    </tr>
  </thead>
  <tbody>
    <tr>
      <td><a href='https://www.isrctn.com/ISRCTN17058884' target='_blank'><div>ISRCTN17058884</div></a></td>
      <td>Palin Stammering Therapy for School-aged Children: testing the methods for ...</td>
      <td>Mental and Behavioural Disorders</td>
      <td>Mixed</td>
      <td>150</td>
    </tr>
  </tbody>
</table>"
158,-15264.796494518432,6714519.337898758,Joint UCLH and UCL Biomedical Research Unit,51.5240413,-0.137126,5.0,11.0,"<table border=""1"" class=""dataframe"">
  <thead>
    <tr style=""text-align: left;"">
      <th>ISRCTN link</th>
      <th>Title</th>
      <th>Condition category</th>
      <th>Age group</th>
      <th>Target number of participants</th>
    </tr>
  </thead>
  <tbody>
    <tr>
      <td><a href='https://www.isrctn.com/ISRCTN17325135' target='_blank'><div>ISRCTN17325135</div></a></td>
      <td>APPLE-Tree programme for dementia prevention</td>
      <td>Mental and Behavioural Disorders</td>
      <td>Adult</td>
      <td>704</td>
    </tr>
    <tr>
      <td><a href='https://www.isrctn.com/ISRCTN94868350' target='_blank'><div>ISRCTN94868350</div></a></td>
      <td>Healthy Habits: Teenage and Young Adult Cancer Survivors</td>
      <td>Cancer</td>
      <td>Mixed</td>
      <td>40</td>
    </tr>
    <tr>
      <td><a href='https://www.isrctn.com/ISRCTN17222161' target='_blank'><div>ISRCTN17222161</div></a></td>
      <td>Changes in male fertility during chronic illness</td>
      <td>Urological and Genital Diseases</td>
      <td>Adult</td>
      <td>50</td>
    </tr>
    <tr>
      <td><a href='https://www.isrctn.com/ISRCTN44293755' target='_blank'><div>ISRCTN44293755</div></a></td>
      <td>Using annual reminders to facilitate uptake of bowel scope screening in pre...</td>
      <td>Cancer</td>
      <td>Adult</td>
      <td>1386</td>
    </tr>
    <tr>
      <td><a href='https://www.isrctn.com/ISRCTN17421871' target='_blank'><div>ISRCTN17421871</div></a></td>
      <td>ASCOT: Lifestyle study for cancer survivors</td>
      <td>Cancer</td>
      <td>Adult</td>
      <td>5000</td>
    </tr>
  </tbody>
</table>"
159,-660575.3464181816,7281622.521041222,Queen's University Belfast,54.5844087,-5.9340493,18.0,18.958889470453634,"<table border=""1"" class=""dataframe"">
  <thead>
    <tr style=""text-align: left;"">
      <th>ISRCTN link</th>
      <th>Title</th>
      <th>Condition category</th>
      <th>Age group</th>
      <th>Target number of participants</th>
    </tr>
  </thead>
  <tbody>
    <tr>
      <td><a href='https://www.isrctn.com/ISRCTN41009897' target='_blank'><div>ISRCTN41009897</div></a></td>
      <td>Pilot testing of a new approach to improving the prescribing of many drugs ...</td>
      <td>Not Applicable</td>
      <td>Senior</td>
      <td>120</td>
    </tr>
    <tr>
      <td><a href='https://www.isrctn.com/ISRCTN94143260' target='_blank'><div>ISRCTN94143260</div></a></td>
      <td>Developing a way of improving how medicines are managed by community pharma...</td>
      <td>Nervous System Diseases</td>
      <td>Mixed</td>
      <td>20</td>
    </tr>
    <tr>
      <td><a href='https://www.isrctn.com/ISRCTN33951209' target='_blank'><div>ISRCTN33951209</div></a></td>
      <td>A comparison of pictures vs. text for the explanation of cancer statistics ...</td>
      <td>Cancer</td>
      <td>Adult</td>
      <td>60</td>
    </tr>
    <tr>
      <td><a href='https://www.isrctn.com/ISRCTN73831533' target='_blank'><div>ISRCTN73831533</div></a></td>
      <td>Pilot testing of a new service designed to improve the use of multiple medi...</td>
      <td>Not Applicable</td>
      <td>Senior</td>
      <td>120</td>
    </tr>
    <tr>
      <td><a href='https://www.isrctn.com/ISRCTN81582662' target='_blank'><div>ISRCTN81582662</div></a></td>
      <td>Reciprocal Reading: a training programme for teachers aimed at improving re...</td>
      <td>Not Applicable</td>
      <td>Child</td>
      <td>6200</td>
    </tr>
    <tr>
      <td><a href='https://www.isrctn.com/ISRCTN90393571' target='_blank'><div>ISRCTN90393571</div></a></td>
      <td>Text messaging as a way of helping overweight and obese women manage their ...</td>
      <td>Nutritional, Metabolic, Endocrine</td>
      <td>Adult</td>
      <td>100</td>
    </tr>
    <tr>
      <td><a href='https://www.isrctn.com/ISRCTN21712871' target='_blank'><div>ISRCTN21712871</div></a></td>
      <td>Testing a new approach to supporting people with bronchiectasis to take pre...</td>
      <td>Respiratory</td>
      <td>Adult</td>
      <td>5</td>
    </tr>
    <tr>
      <td><a href='https://www.isrctn.com/ISRCTN17966504' target='_blank'><div>ISRCTN17966504</div></a></td>
      <td>Testing of a new community pharmacy service to help older patients who live...</td>
      <td>Not Applicable</td>
      <td>Senior</td>
      <td>14</td>
    </tr>
    <tr>
      <td><a href='https://www.isrctn.com/ISRCTN99459996' target='_blank'><div>ISRCTN99459996</div></a></td>
      <td>The JACK Trial: Evaluation of an interactive film-based intervention to red...</td>
      <td>Pregnancy and Childbirth</td>
      <td>Child</td>
      <td>7920</td>
    </tr>
    <tr>
      <td><a href='https://www.isrctn.com/ISRCTN97011396' target='_blank'><div>ISRCTN97011396</div></a></td>
      <td>Evaluation of Success For All</td>
      <td>Not Applicable</td>
      <td>Child</td>
      <td>1250</td>
    </tr>
    <tr>
      <td><a href='https://www.isrctn.com/ISRCTN82558815' target='_blank'><div>ISRCTN82558815</div></a></td>
      <td>Evaluation of Zippy’s Friends: a school-based coping and social skills prog...</td>
      <td>Not Applicable</td>
      <td>Child</td>
      <td>2590</td>
    </tr>
    <tr>
      <td><a href='https://www.isrctn.com/ISRCTN66118345' target='_blank'><div>ISRCTN66118345</div></a></td>
      <td>Oral rehabilitation coupled with dietary intervention for older patients</td>
      <td>Nutritional, Metabolic, Endocrine</td>
      <td>Adult</td>
      <td>50</td>
    </tr>
    <tr>
      <td><a href='https://www.isrctn.com/ISRCTN18176245' target='_blank'><div>ISRCTN18176245</div></a></td>
      <td>Developing a way of improving the prescribing of many drugs for older peopl...</td>
      <td>Not Applicable</td>
      <td>Senior</td>
      <td>10</td>
    </tr>
    <tr>
      <td><a href='https://www.isrctn.com/ISRCTN11632300' target='_blank'><div>ISRCTN11632300</div></a></td>
      <td>The 'If I Were Jack' feasibility trial</td>
      <td>Pregnancy and Childbirth</td>
      <td>Child</td>
      <td>630</td>
    </tr>
    <tr>
      <td><a href='https://www.isrctn.com/ISRCTN78027416' target='_blank'><div>ISRCTN78027416</div></a></td>
      <td>Evaluation of Quest</td>
      <td>Not Applicable</td>
      <td>Child</td>
      <td>2400</td>
    </tr>
    <tr>
      <td><a href='https://www.isrctn.com/ISRCTN17975376' target='_blank'><div>ISRCTN17975376</div></a></td>
      <td>Physical Activity Loyalty scheme for behaviour change</td>
      <td>Nutritional, Metabolic, Endocrine</td>
      <td>Adult</td>
      <td>1380</td>
    </tr>
    <tr>
      <td><a href='https://www.isrctn.com/ISRCTN07540423' target='_blank'><div>ISRCTN07540423</div></a></td>
      <td>Roots of Empathy (ROE): a schools-based programme for improving social and ...</td>
      <td>Mental and Behavioural Disorders</td>
      <td>Child</td>
      <td>1260</td>
    </tr>
    <tr>
      <td><a href='https://www.isrctn.com/ISRCTN17944198' target='_blank'><div>ISRCTN17944198</div></a></td>
      <td>Parenting UR Teens - a randomised trial of a parenting programme for parent...</td>
      <td>Mental and Behavioural Disorders</td>
      <td>Adult</td>
      <td>120</td>
    </tr>
  </tbody>
</table>"
161,-14506.744158063477,6709268.054496901,Department for Transport,51.4946814,-0.1303163,1.0,1.0,"<table border=""1"" class=""dataframe"">
  <thead>
    <tr style=""text-align: left;"">
      <th>ISRCTN link</th>
      <th>Title</th>
      <th>Condition category</th>
      <th>Age group</th>
      <th>Target number of participants</th>
    </tr>
  </thead>
  <tbody>
    <tr>
      <td><a href='https://www.isrctn.com/ISRCTN16646122' target='_blank'><div>ISRCTN16646122</div></a></td>
      <td>Driver2020: evaluating the impact of five educational and technology-based ...</td>
      <td>Not Applicable</td>
      <td>Adult</td>
      <td>25000</td>
    </tr>
  </tbody>
</table>"
162,-21287.436981263356,6709343.956053682,The Cromwell Hospital,51.4951059,-0.1912283,1.0,1.0,"<table border=""1"" class=""dataframe"">
  <thead>
    <tr style=""text-align: left;"">
      <th>ISRCTN link</th>
      <th>Title</th>
      <th>Condition category</th>
      <th>Age group</th>
      <th>Target number of participants</th>
    </tr>
  </thead>
  <tbody>
    <tr>
      <td><a href='https://www.isrctn.com/ISRCTN36193711' target='_blank'><div>ISRCTN36193711</div></a></td>
      <td>Comparing laparoscopic and robotic surgical training and operative skills</td>
      <td>Surgery</td>
      <td>Adult</td>
      <td>20</td>
    </tr>
  </tbody>
</table>"
163,-1008747.9708064647,7034801.879333427,"National University of Ireland, Galway",53.27915489999999,-9.0617372,4.0,9.613531161467861,"<table border=""1"" class=""dataframe"">
  <thead>
    <tr style=""text-align: left;"">
      <th>ISRCTN link</th>
      <th>Title</th>
      <th>Condition category</th>
      <th>Age group</th>
      <th>Target number of participants</th>
    </tr>
  </thead>
  <tbody>
    <tr>
      <td><a href='https://www.isrctn.com/ISRCTN74114336' target='_blank'><div>ISRCTN74114336</div></a></td>
      <td>A novel approach to improving health outcomes among young adults with type ...</td>
      <td>Nutritional, Metabolic, Endocrine</td>
      <td>Other</td>
      <td>100</td>
    </tr>
    <tr>
      <td><a href='https://www.isrctn.com/ISRCTN80017020' target='_blank'><div>ISRCTN80017020</div></a></td>
      <td>The MultimorbiditY COllaborative Medication Review And DEcision Making (MyC...</td>
      <td>Not Applicable</td>
      <td>Mixed</td>
      <td>320</td>
    </tr>
    <tr>
      <td><a href='https://www.isrctn.com/ISRCTN12505737' target='_blank'><div>ISRCTN12505737</div></a></td>
      <td>Evaluation of an online cognitive-behavioural treatment programme for socia...</td>
      <td>Mental and Behavioural Disorders</td>
      <td>Adult</td>
      <td>200</td>
    </tr>
    <tr>
      <td><a href='https://www.isrctn.com/ISRCTN58820406' target='_blank'><div>ISRCTN58820406</div></a></td>
      <td>Development and evaluation of an online version of the Feeling Better pain ...</td>
      <td>Signs and Symptoms</td>
      <td>Child</td>
      <td>60</td>
    </tr>
  </tbody>
</table>"
164,-458162.2034889477,6518740.385367721,Plymouth Hospitals NHS Trust,50.4166098,-4.1157411,1.0,1.0,"<table border=""1"" class=""dataframe"">
  <thead>
    <tr style=""text-align: left;"">
      <th>ISRCTN link</th>
      <th>Title</th>
      <th>Condition category</th>
      <th>Age group</th>
      <th>Target number of participants</th>
    </tr>
  </thead>
  <tbody>
    <tr>
      <td><a href='https://www.isrctn.com/ISRCTN47776579' target='_blank'><div>ISRCTN47776579</div></a></td>
      <td>A trial of physical activity assisted reduction of smoking</td>
      <td>Respiratory</td>
      <td>Adult</td>
      <td>900</td>
    </tr>
  </tbody>
</table>"
166,-8023.797576888365,6712645.63370664,East London NHS Foundation Trust,51.51356759999999,-0.07207899999999999,2.0,5.306765580733931,"<table border=""1"" class=""dataframe"">
  <thead>
    <tr style=""text-align: left;"">
      <th>ISRCTN link</th>
      <th>Title</th>
      <th>Condition category</th>
      <th>Age group</th>
      <th>Target number of participants</th>
    </tr>
  </thead>
  <tbody>
    <tr>
      <td><a href='https://www.isrctn.com/ISRCTN34124141' target='_blank'><div>ISRCTN34124141</div></a></td>
      <td>Mobile technology health management for patients with severe mental illness...</td>
      <td>Mental and Behavioural Disorders</td>
      <td>Adult</td>
      <td>60</td>
    </tr>
    <tr>
      <td><a href='https://www.isrctn.com/ISRCTN93047402' target='_blank'><div>ISRCTN93047402</div></a></td>
      <td>Feasibility trial of a structured intervention for expanding social network...</td>
      <td>Mental and Behavioural Disorders</td>
      <td>Adult</td>
      <td>45</td>
    </tr>
  </tbody>
</table>"
167,-165690.47931304757,7053851.281417849,University of Sheffield,53.3813502,-1.4884229,10.0,15.306765580733934,"<table border=""1"" class=""dataframe"">
  <thead>
    <tr style=""text-align: left;"">
      <th>ISRCTN link</th>
      <th>Title</th>
      <th>Condition category</th>
      <th>Age group</th>
      <th>Target number of participants</th>
    </tr>
  </thead>
  <tbody>
    <tr>
      <td><a href='https://www.isrctn.com/ISRCTN12514767' target='_blank'><div>ISRCTN12514767</div></a></td>
      <td>Pilot trial of Intensive Language Action Therapy - assessing efficient deli...</td>
      <td>Circulatory System</td>
      <td>Adult</td>
      <td>42</td>
    </tr>
    <tr>
      <td><a href='https://www.isrctn.com/ISRCTN18317328' target='_blank'><div>ISRCTN18317328</div></a></td>
      <td>Enhancing a brief online intervention to reduce alcohol consumption</td>
      <td>Mental and Behavioural Disorders</td>
      <td>Adult</td>
      <td>632</td>
    </tr>
    <tr>
      <td><a href='https://www.isrctn.com/ISRCTN18384206' target='_blank'><div>ISRCTN18384206</div></a></td>
      <td>The relationship between insomnia, negative affect, and paranoia</td>
      <td>Mental and Behavioural Disorders</td>
      <td>Adult</td>
      <td>324</td>
    </tr>
    <tr>
      <td><a href='https://www.isrctn.com/ISRCTN55102899' target='_blank'><div>ISRCTN55102899</div></a></td>
      <td>Comparing counseling alone versus counseling supplemented with a well-being...</td>
      <td>Mental and Behavioural Disorders</td>
      <td>Adult</td>
      <td>40</td>
    </tr>
    <tr>
      <td><a href='https://www.isrctn.com/ISRCTN15189062' target='_blank'><div>ISRCTN15189062</div></a></td>
      <td>Evaluation of new UK drinking guidelines</td>
      <td>Mental and Behavioural Disorders</td>
      <td>Adult</td>
      <td>77400</td>
    </tr>
    <tr>
      <td><a href='https://www.isrctn.com/ISRCTN88245643' target='_blank'><div>ISRCTN88245643</div></a></td>
      <td>Treating post-stroke speech difficulties by computer therapy</td>
      <td>Signs and Symptoms</td>
      <td>Adult</td>
      <td>50</td>
    </tr>
    <tr>
      <td><a href='https://www.isrctn.com/ISRCTN44898617' target='_blank'><div>ISRCTN44898617</div></a></td>
      <td>NOurishing Start for Health (NOSH)</td>
      <td>Pregnancy and Childbirth</td>
      <td>Adult</td>
      <td>1912</td>
    </tr>
    <tr>
      <td><a href='https://www.isrctn.com/ISRCTN07407344' target='_blank'><div>ISRCTN07407344</div></a></td>
      <td>U@Uni LifeGuide: Trial of an online health behaviour intervention to promot...</td>
      <td>Not Applicable</td>
      <td>Adult</td>
      <td>1400</td>
    </tr>
    <tr>
      <td><a href='https://www.isrctn.com/ISRCTN28645428' target='_blank'><div>ISRCTN28645428</div></a></td>
      <td>Putting Life In Years (PLINY): Telephone friendship groups</td>
      <td>Not Applicable</td>
      <td>Senior</td>
      <td>248</td>
    </tr>
    <tr>
      <td><a href='https://www.isrctn.com/ISRCTN67209155' target='_blank'><div>ISRCTN67209155</div></a></td>
      <td>Lifestyle Matters</td>
      <td>Not Applicable</td>
      <td>Senior</td>
      <td>268</td>
    </tr>
  </tbody>
</table>"
168,-135503.29394574172,7275518.420243988,South Tees Hospitals NHS Foundation Trust,54.5526198,-1.2172468,3.0,7.826061944859854,"<table border=""1"" class=""dataframe"">
  <thead>
    <tr style=""text-align: left;"">
      <th>ISRCTN link</th>
      <th>Title</th>
      <th>Condition category</th>
      <th>Age group</th>
      <th>Target number of participants</th>
    </tr>
  </thead>
  <tbody>
    <tr>
      <td><a href='https://www.isrctn.com/ISRCTN36338010' target='_blank'><div>ISRCTN36338010</div></a></td>
      <td>#conversations</td>
      <td>Not Applicable</td>
      <td>Adult</td>
      <td>180</td>
    </tr>
    <tr>
      <td><a href='https://www.isrctn.com/ISRCTN16642368' target='_blank'><div>ISRCTN16642368</div></a></td>
      <td>Timing of text message prompts to increase trial participant response to po...</td>
      <td>Musculoskeletal Diseases</td>
      <td>Adult</td>
      <td>300</td>
    </tr>
    <tr>
      <td><a href='https://www.isrctn.com/ISRCTN14197492' target='_blank'><div>ISRCTN14197492</div></a></td>
      <td>Changing health behaviours prior to surgery: What are your views?</td>
      <td>Surgery</td>
      <td>Adult</td>
      <td>150</td>
    </tr>
  </tbody>
</table>"
172,-390317.05927575956,6571089.794461092,Devon Partnership NHS Trust,50.7153144,-3.5062778,2.0,5.306765580733931,"<table border=""1"" class=""dataframe"">
  <thead>
    <tr style=""text-align: left;"">
      <th>ISRCTN link</th>
      <th>Title</th>
      <th>Condition category</th>
      <th>Age group</th>
      <th>Target number of participants</th>
    </tr>
  </thead>
  <tbody>
    <tr>
      <td><a href='https://www.isrctn.com/ISRCTN54234300' target='_blank'><div>ISRCTN54234300</div></a></td>
      <td>ThrIVe-B feasibility study</td>
      <td>Mental and Behavioural Disorders</td>
      <td>Adult</td>
      <td>48</td>
    </tr>
    <tr>
      <td><a href='https://www.isrctn.com/ISRCTN16003313' target='_blank'><div>ISRCTN16003313</div></a></td>
      <td>A brief psychological intervention for self-harm in Emergency Departments</td>
      <td>Mental and Behavioural Disorders</td>
      <td>Adult</td>
      <td>96</td>
    </tr>
  </tbody>
</table>"
173,-15190.167907890624,6714706.415329954,UCLH,51.5250869,-0.1364556,2.0,5.306765580733931,"<table border=""1"" class=""dataframe"">
  <thead>
    <tr style=""text-align: left;"">
      <th>ISRCTN link</th>
      <th>Title</th>
      <th>Condition category</th>
      <th>Age group</th>
      <th>Target number of participants</th>
    </tr>
  </thead>
  <tbody>
    <tr>
      <td><a href='https://www.isrctn.com/ISRCTN67022693' target='_blank'><div>ISRCTN67022693</div></a></td>
      <td>Can a mindfulness-based stress-reduction course improve symptoms and wellbe...</td>
      <td>Digestive System</td>
      <td>Mixed</td>
      <td>86</td>
    </tr>
    <tr>
      <td><a href='https://www.isrctn.com/ISRCTN10921803' target='_blank'><div>ISRCTN10921803</div></a></td>
      <td>Is it feasible and acceptable to deliver HELPclinic (Healthy Eating Lifesty...</td>
      <td>Nutritional, Metabolic, Endocrine</td>
      <td>Child</td>
      <td>40</td>
    </tr>
  </tbody>
</table>"
175,-170931.6235785765,6850118.244859828,inFertile Life,52.275636,-1.5355049,1.0,1.0,"<table border=""1"" class=""dataframe"">
  <thead>
    <tr style=""text-align: left;"">
      <th>ISRCTN link</th>
      <th>Title</th>
      <th>Condition category</th>
      <th>Age group</th>
      <th>Target number of participants</th>
    </tr>
  </thead>
  <tbody>
    <tr>
      <td><a href='https://www.isrctn.com/ISRCTN12487925' target='_blank'><div>ISRCTN12487925</div></a></td>
      <td>Enhanced fertility programme: developing an accessible, safe and cost-effec...</td>
      <td>Urological and Genital Diseases</td>
      <td>Adult</td>
      <td>128</td>
    </tr>
  </tbody>
</table>"
176,-126341.62192981176,6914257.025768537,University Hospitals of Leicester NHS Trust,52.62677189999999,-1.1349461,17.0,18.603744277225882,"<table border=""1"" class=""dataframe"">
  <thead>
    <tr style=""text-align: left;"">
      <th>ISRCTN link</th>
      <th>Title</th>
      <th>Condition category</th>
      <th>Age group</th>
      <th>Target number of participants</th>
    </tr>
  </thead>
  <tbody>
    <tr>
      <td><a href='https://www.isrctn.com/ISRCTN30110012' target='_blank'><div>ISRCTN30110012</div></a></td>
      <td>Evaluating a group-based maintenance self-management intervention for patie...</td>
      <td>Respiratory</td>
      <td>Adult</td>
      <td>116</td>
    </tr>
    <tr>
      <td><a href='https://www.isrctn.com/ISRCTN12965286' target='_blank'><div>ISRCTN12965286</div></a></td>
      <td>Cognitive functional therapy for low back pain: a feasibility randomised co...</td>
      <td>Musculoskeletal Diseases</td>
      <td>Adult</td>
      <td>60</td>
    </tr>
    <tr>
      <td><a href='https://www.isrctn.com/ISRCTN13899108' target='_blank'><div>ISRCTN13899108</div></a></td>
      <td>Can a physical activity programme or pulmonary rehabilitation reduce the ri...</td>
      <td>Circulatory System</td>
      <td>Mixed</td>
      <td>60</td>
    </tr>
    <tr>
      <td><a href='https://www.isrctn.com/ISRCTN17122775' target='_blank'><div>ISRCTN17122775</div></a></td>
      <td>Participant acceptability of exercise in kidney disease</td>
      <td>Urological and Genital Diseases</td>
      <td>Adult</td>
      <td>24</td>
    </tr>
    <tr>
      <td><a href='https://www.isrctn.com/ISRCTN57111126' target='_blank'><div>ISRCTN57111126</div></a></td>
      <td>A randomised controlled trial of an interactive family-based lifestyle prog...</td>
      <td>Nutritional, Metabolic, Endocrine</td>
      <td>Child</td>
      <td>270</td>
    </tr>
    <tr>
      <td><a href='https://www.isrctn.com/ISRCTN87066351' target='_blank'><div>ISRCTN87066351</div></a></td>
      <td>Physical activity opinions in kidney patients</td>
      <td>Urological and Genital Diseases</td>
      <td>Adult</td>
      <td>1900</td>
    </tr>
    <tr>
      <td><a href='https://www.isrctn.com/ISRCTN38935454' target='_blank'><div>ISRCTN38935454</div></a></td>
      <td>Physical activity, immune function and inflammation in kidney patients - a ...</td>
      <td>Urological and Genital Diseases</td>
      <td>Adult</td>
      <td>12</td>
    </tr>
    <tr>
      <td><a href='https://www.isrctn.com/ISRCTN13790881' target='_blank'><div>ISRCTN13790881</div></a></td>
      <td>Feasibility of an at-home intervention to reduce prolonged sitting in patie...</td>
      <td>Respiratory</td>
      <td>Adult</td>
      <td>60</td>
    </tr>
    <tr>
      <td><a href='https://www.isrctn.com/ISRCTN10726798' target='_blank'><div>ISRCTN10726798</div></a></td>
      <td>A web-based cardiac rehabilitation alternative for those declining or dropp...</td>
      <td>Circulatory System</td>
      <td>Adult</td>
      <td>60</td>
    </tr>
    <tr>
      <td><a href='https://www.isrctn.com/ISRCTN69257140' target='_blank'><div>ISRCTN69257140</div></a></td>
      <td>Programmes to encourage exercise and active lifestyles in kidney disease</td>
      <td>Urological and Genital Diseases</td>
      <td>Adult</td>
      <td>12</td>
    </tr>
    <tr>
      <td><a href='https://www.isrctn.com/ISRCTN12942806' target='_blank'><div>ISRCTN12942806</div></a></td>
      <td>Self-Management Programme for Improving Health through Physical Activity in...</td>
      <td>Urological and Genital Diseases</td>
      <td>Adult</td>
      <td>15</td>
    </tr>
    <tr>
      <td><a href='https://www.isrctn.com/ISRCTN13081008' target='_blank'><div>ISRCTN13081008</div></a></td>
      <td>InterSPACE: feasibility of an integrated telehealth and self-management pro...</td>
      <td>Respiratory</td>
      <td>All</td>
      <td>100</td>
    </tr>
    <tr>
      <td><a href='https://www.isrctn.com/ISRCTN65957980' target='_blank'><div>ISRCTN65957980</div></a></td>
      <td>A feasibility study to identify attitudes, determine outcome measures and d...</td>
      <td>Circulatory System</td>
      <td>Adult</td>
      <td>902</td>
    </tr>
    <tr>
      <td><a href='https://www.isrctn.com/ISRCTN36489137' target='_blank'><div>ISRCTN36489137</div></a></td>
      <td>Exercise Training in Chronic Kidney Disease</td>
      <td>Urological and Genital Diseases</td>
      <td>Adult</td>
      <td>54</td>
    </tr>
    <tr>
      <td><a href='https://www.isrctn.com/ISRCTN96143888' target='_blank'><div>ISRCTN96143888</div></a></td>
      <td>The development of an asthma-tailored pulmonary rehabilitation programme fo...</td>
      <td>Respiratory</td>
      <td>Not Specified</td>
      <td>0</td>
    </tr>
    <tr>
      <td><a href='https://www.isrctn.com/ISRCTN08434554' target='_blank'><div>ISRCTN08434554</div></a></td>
      <td>An intervention to decrease sedentary behaviour in young adults at risk of ...</td>
      <td>Nutritional, Metabolic, Endocrine</td>
      <td>Adult</td>
      <td>178</td>
    </tr>
    <tr>
      <td><a href='https://www.isrctn.com/ISRCTN19583050' target='_blank'><div>ISRCTN19583050</div></a></td>
      <td>Prevention of diabetes using structured education and continuous support pr...</td>
      <td>Signs and Symptoms</td>
      <td>Adult</td>
      <td>816</td>
    </tr>
  </tbody>
</table>"
177,-39883.53602946498,7121862.737414685,Hull and East Yorkshire Hospitals NHS Trust,53.74422029999999,-0.3582799,2.0,5.306765580733931,"<table border=""1"" class=""dataframe"">
  <thead>
    <tr style=""text-align: left;"">
      <th>ISRCTN link</th>
      <th>Title</th>
      <th>Condition category</th>
      <th>Age group</th>
      <th>Target number of participants</th>
    </tr>
  </thead>
  <tbody>
    <tr>
      <td><a href='https://www.isrctn.com/ISRCTN49387307' target='_blank'><div>ISRCTN49387307</div></a></td>
      <td>Shortness Of Breath in Lung Cancer</td>
      <td>Cancer</td>
      <td>Adult</td>
      <td>146</td>
    </tr>
    <tr>
      <td><a href='https://www.isrctn.com/ISRCTN13784514' target='_blank'><div>ISRCTN13784514</div></a></td>
      <td>A feasibility, randomised controlled trial of a complex breathlessness inte...</td>
      <td>Respiratory</td>
      <td>Adult</td>
      <td>50</td>
    </tr>
  </tbody>
</table>"
178,682546.897330115,6377103.455962198,EU Horizon 2020,49.59892019999999,6.1314231,1.0,1.0,"<table border=""1"" class=""dataframe"">
  <thead>
    <tr style=""text-align: left;"">
      <th>ISRCTN link</th>
      <th>Title</th>
      <th>Condition category</th>
      <th>Age group</th>
      <th>Target number of participants</th>
    </tr>
  </thead>
  <tbody>
    <tr>
      <td><a href='https://www.isrctn.com/ISRCTN68334579' target='_blank'><div>ISRCTN68334579</div></a></td>
      <td>Heart health without a doctor: an implementation study of CVD prevention an...</td>
      <td>Circulatory System</td>
      <td>Adult</td>
      <td>800</td>
    </tr>
  </tbody>
</table>"
183,-133453.6126895615,6753868.392878105,Oxford Health NHS Foundation Trust,51.74344,-1.1988342,2.0,5.306765580733931,"<table border=""1"" class=""dataframe"">
  <thead>
    <tr style=""text-align: left;"">
      <th>ISRCTN link</th>
      <th>Title</th>
      <th>Condition category</th>
      <th>Age group</th>
      <th>Target number of participants</th>
    </tr>
  </thead>
  <tbody>
    <tr>
      <td><a href='https://www.isrctn.com/ISRCTN10541045' target='_blank'><div>ISRCTN10541045</div></a></td>
      <td>Beating Adolescent Self Harm (BASH)</td>
      <td>Mental and Behavioural Disorders</td>
      <td>Child</td>
      <td>172</td>
    </tr>
    <tr>
      <td><a href='https://www.isrctn.com/ISRCTN41346609' target='_blank'><div>ISRCTN41346609</div></a></td>
      <td>Computerised cognitive behaviour therapy for dementia carers</td>
      <td>Mental and Behavioural Disorders</td>
      <td>Adult</td>
      <td>750</td>
    </tr>
  </tbody>
</table>"
187,-322481.12118446006,7060800.051357996,Alder Hey Children's NHS Foundation Trust,53.4185677,-2.8968972,1.0,1.0,"<table border=""1"" class=""dataframe"">
  <thead>
    <tr style=""text-align: left;"">
      <th>ISRCTN link</th>
      <th>Title</th>
      <th>Condition category</th>
      <th>Age group</th>
      <th>Target number of participants</th>
    </tr>
  </thead>
  <tbody>
    <tr>
      <td><a href='https://www.isrctn.com/ISRCTN25252940' target='_blank'><div>ISRCTN25252940</div></a></td>
      <td>Matching the therapeutic approach to childrens emotional and behavioural n...</td>
      <td>Mental and Behavioural Disorders</td>
      <td>Child</td>
      <td>160</td>
    </tr>
  </tbody>
</table>"
192,13809.47226358165,6839194.178962686,RAND Europe,52.2155516,0.1240526,5.0,11.0,"<table border=""1"" class=""dataframe"">
  <thead>
    <tr style=""text-align: left;"">
      <th>ISRCTN link</th>
      <th>Title</th>
      <th>Condition category</th>
      <th>Age group</th>
      <th>Target number of participants</th>
    </tr>
  </thead>
  <tbody>
    <tr>
      <td><a href='https://www.isrctn.com/ISRCTN50771738' target='_blank'><div>ISRCTN50771738</div></a></td>
      <td>Evaluation of Primary Science Quality Mark educational accreditation progra...</td>
      <td>Not Applicable</td>
      <td>All</td>
      <td>7000</td>
    </tr>
    <tr>
      <td><a href='https://www.isrctn.com/ISRCTN12967252' target='_blank'><div>ISRCTN12967252</div></a></td>
      <td>The effect of incentive payments for teachers on pupil attainment</td>
      <td>Not Applicable</td>
      <td>Child</td>
      <td>400</td>
    </tr>
    <tr>
      <td><a href='https://www.isrctn.com/ISRCTN21056851' target='_blank'><div>ISRCTN21056851</div></a></td>
      <td>Maximising the impact of teaching assistants (MITA): a randomised-controlle...</td>
      <td>Not Applicable</td>
      <td>Mixed</td>
      <td>13200</td>
    </tr>
    <tr>
      <td><a href='https://www.isrctn.com/ISRCTN17400885' target='_blank'><div>ISRCTN17400885</div></a></td>
      <td>A cluster-randomised controlled trial of the Accelerated Reader literacy pr...</td>
      <td>Not Applicable</td>
      <td>Child</td>
      <td>13000</td>
    </tr>
    <tr>
      <td><a href='https://www.isrctn.com/ISRCTN17400885' target='_blank'><div>ISRCTN17400885</div></a></td>
      <td>A cluster-randomised controlled trial of the Accelerated Reader literacy pr...</td>
      <td>Not Applicable</td>
      <td>Child</td>
      <td>13000</td>
    </tr>
  </tbody>
</table>"
194,-438981.8886211139,6732256.168492761,Swansea Bay University Health Board,51.623068,-3.9434414,1.0,1.0,"<table border=""1"" class=""dataframe"">
  <thead>
    <tr style=""text-align: left;"">
      <th>ISRCTN link</th>
      <th>Title</th>
      <th>Condition category</th>
      <th>Age group</th>
      <th>Target number of participants</th>
    </tr>
  </thead>
  <tbody>
    <tr>
      <td><a href='https://www.isrctn.com/ISRCTN16197429' target='_blank'><div>ISRCTN16197429</div></a></td>
      <td>Early exercise in blunt chest wall trauma: a feasibility trial</td>
      <td>Injury, Occupational Diseases, Poisoning</td>
      <td>Adult</td>
      <td>20</td>
    </tr>
  </tbody>
</table>"
196,-45770.344473543955,6593253.52949072,Sussex Partnership NHS Foundation Trust,50.84121,-0.411162,5.0,11.0,"<table border=""1"" class=""dataframe"">
  <thead>
    <tr style=""text-align: left;"">
      <th>ISRCTN link</th>
      <th>Title</th>
      <th>Condition category</th>
      <th>Age group</th>
      <th>Target number of participants</th>
    </tr>
  </thead>
  <tbody>
    <tr>
      <td><a href='https://www.isrctn.com/ISRCTN51629746' target='_blank'><div>ISRCTN51629746</div></a></td>
      <td>Early Youth Engagement in First Episode Psychosis (EYE-2) Randomised Contro...</td>
      <td>Mental and Behavioural Disorders</td>
      <td>Mixed</td>
      <td>950</td>
    </tr>
    <tr>
      <td><a href='https://www.isrctn.com/ISRCTN16166070' target='_blank'><div>ISRCTN16166070</div></a></td>
      <td>Increasing access to CBT for psychosis patients</td>
      <td>Mental and Behavioural Disorders</td>
      <td>Adult</td>
      <td>90</td>
    </tr>
    <tr>
      <td><a href='https://www.isrctn.com/ISRCTN16486066' target='_blank'><div>ISRCTN16486066</div></a></td>
      <td>Is self-help mindfulness-based cognitive therapy beneficial for healthcare ...</td>
      <td>Mental and Behavioural Disorders</td>
      <td>Adult</td>
      <td>40</td>
    </tr>
    <tr>
      <td><a href='https://www.isrctn.com/ISRCTN52684820' target='_blank'><div>ISRCTN52684820</div></a></td>
      <td>A comparison to two types of group behaviour therapy for obsessive compulsi...</td>
      <td>Mental and Behavioural Disorders</td>
      <td>Adult</td>
      <td>40</td>
    </tr>
    <tr>
      <td><a href='https://www.isrctn.com/ISRCTN47998710' target='_blank'><div>ISRCTN47998710</div></a></td>
      <td>PRODIGY: Prevention of long-term social disability amongst young people wit...</td>
      <td>Mental and Behavioural Disorders</td>
      <td>Adult</td>
      <td>270</td>
    </tr>
  </tbody>
</table>"
197,121324.41908391168,6670883.039074487,Canterbury Christ Church University,51.27949599999999,1.0898758,1.0,1.0,"<table border=""1"" class=""dataframe"">
  <thead>
    <tr style=""text-align: left;"">
      <th>ISRCTN link</th>
      <th>Title</th>
      <th>Condition category</th>
      <th>Age group</th>
      <th>Target number of participants</th>
    </tr>
  </thead>
  <tbody>
    <tr>
      <td><a href='https://www.isrctn.com/ISRCTN42943709' target='_blank'><div>ISRCTN42943709</div></a></td>
      <td>Singing and COPD: a pilot randomised controlled trial</td>
      <td>Respiratory</td>
      <td>Senior</td>
      <td>100</td>
    </tr>
  </tbody>
</table>"
198,-3942.60240542537,6705620.570739751,"Goldsmiths, University of London",51.4742772,-0.035417,3.0,7.826061944859854,"<table border=""1"" class=""dataframe"">
  <thead>
    <tr style=""text-align: left;"">
      <th>ISRCTN link</th>
      <th>Title</th>
      <th>Condition category</th>
      <th>Age group</th>
      <th>Target number of participants</th>
    </tr>
  </thead>
  <tbody>
    <tr>
      <td><a href='https://www.isrctn.com/ISRCTN12969079' target='_blank'><div>ISRCTN12969079</div></a></td>
      <td>Sonic Sleeve: investigating whether music feedback can help reduce compensa...</td>
      <td>Nervous System Diseases</td>
      <td>Adult</td>
      <td>45</td>
    </tr>
    <tr>
      <td><a href='https://www.isrctn.com/ISRCTN11696836' target='_blank'><div>ISRCTN11696836</div></a></td>
      <td>Maternal moments</td>
      <td>Mental and Behavioural Disorders</td>
      <td>Mixed</td>
      <td>150</td>
    </tr>
    <tr>
      <td><a href='https://www.isrctn.com/ISRCTN16896708' target='_blank'><div>ISRCTN16896708</div></a></td>
      <td>Sing to Your Bump</td>
      <td>Mental and Behavioural Disorders</td>
      <td>Adult</td>
      <td>210</td>
    </tr>
  </tbody>
</table>"
201,-128488.5964209453,6975258.167869225,Nottingham Trent University,52.9581371,-1.1542327,1.0,1.0,"<table border=""1"" class=""dataframe"">
  <thead>
    <tr style=""text-align: left;"">
      <th>ISRCTN link</th>
      <th>Title</th>
      <th>Condition category</th>
      <th>Age group</th>
      <th>Target number of participants</th>
    </tr>
  </thead>
  <tbody>
    <tr>
      <td><a href='https://www.isrctn.com/ISRCTN21855728' target='_blank'><div>ISRCTN21855728</div></a></td>
      <td>The effect of a one hour bout of games-based activity on adolescent cardiov...</td>
      <td>Circulatory System</td>
      <td>Child</td>
      <td>40</td>
    </tr>
  </tbody>
</table>"
205,-258973.5186661336,6688471.631280648,University of Bath,51.3782228,-2.3263987,10.0,15.306765580733934,"<table border=""1"" class=""dataframe"">
  <thead>
    <tr style=""text-align: left;"">
      <th>ISRCTN link</th>
      <th>Title</th>
      <th>Condition category</th>
      <th>Age group</th>
      <th>Target number of participants</th>
    </tr>
  </thead>
  <tbody>
    <tr>
      <td><a href='https://www.isrctn.com/ISRCTN29195046' target='_blank'><div>ISRCTN29195046</div></a></td>
      <td>Mobilising vitamin D sequestered in adipose tissue in humans with Exercise ...</td>
      <td>Nutritional, Metabolic, Endocrine</td>
      <td>Adult</td>
      <td>70</td>
    </tr>
    <tr>
      <td><a href='https://www.isrctn.com/ISRCTN65527208' target='_blank'><div>ISRCTN65527208</div></a></td>
      <td>Effects of an exercise programme on asymptomatic monoclonal gammopathies</td>
      <td>Cancer</td>
      <td>Other</td>
      <td>20</td>
    </tr>
    <tr>
      <td><a href='https://www.isrctn.com/ISRCTN46828292' target='_blank'><div>ISRCTN46828292</div></a></td>
      <td>Treatment of complex regional pain syndrome (CRPS) with sensory-motor adapt...</td>
      <td>Signs and Symptoms</td>
      <td>Adult</td>
      <td>63</td>
    </tr>
    <tr>
      <td><a href='https://www.isrctn.com/ISRCTN31489026' target='_blank'><div>ISRCTN31489026</div></a></td>
      <td>A comparison of short- and medium-term weight loss following a commercial i...</td>
      <td>Nutritional, Metabolic, Endocrine</td>
      <td>Adult</td>
      <td>100</td>
    </tr>
    <tr>
      <td><a href='https://www.isrctn.com/ISRCTN45627165' target='_blank'><div>ISRCTN45627165</div></a></td>
      <td>The REACT (retirement in action) study</td>
      <td>Signs and Symptoms</td>
      <td>Adult</td>
      <td>768</td>
    </tr>
    <tr>
      <td><a href='https://www.isrctn.com/ISRCTN13422001' target='_blank'><div>ISRCTN13422001</div></a></td>
      <td>The efficacy of a movement control exercise programme to reduce injuries in...</td>
      <td>Injury, Occupational Diseases, Poisoning</td>
      <td>Child</td>
      <td>1920</td>
    </tr>
    <tr>
      <td><a href='https://www.isrctn.com/ISRCTN57096451' target='_blank'><div>ISRCTN57096451</div></a></td>
      <td>The impact of a home-based exercise program on health and fitness in wheelc...</td>
      <td>Injury, Occupational Diseases, Poisoning</td>
      <td>Adult</td>
      <td>24</td>
    </tr>
    <tr>
      <td><a href='https://www.isrctn.com/ISRCTN31226584' target='_blank'><div>ISRCTN31226584</div></a></td>
      <td>An investigation of the relationship between social factors in older age an...</td>
      <td>Not Applicable</td>
      <td>Senior</td>
      <td>75</td>
    </tr>
    <tr>
      <td><a href='https://www.isrctn.com/ISRCTN55839517' target='_blank'><div>ISRCTN55839517</div></a></td>
      <td>The use of incentives in the formation of healthy lifestyle habits followin...</td>
      <td>Nutritional, Metabolic, Endocrine</td>
      <td>Adult</td>
      <td>350</td>
    </tr>
    <tr>
      <td><a href='https://www.isrctn.com/ISRCTN02750650' target='_blank'><div>ISRCTN02750650</div></a></td>
      <td>Health benefits of a novel exercise intervention in Type 2 diabetes</td>
      <td>Nutritional, Metabolic, Endocrine</td>
      <td>Adult</td>
      <td>21</td>
    </tr>
  </tbody>
</table>"
214,-11312.342314157859,6714210.336756093,Nuffield Foundation,51.5223142,-0.1016205,2.0,5.306765580733931,"<table border=""1"" class=""dataframe"">
  <thead>
    <tr style=""text-align: left;"">
      <th>ISRCTN link</th>
      <th>Title</th>
      <th>Condition category</th>
      <th>Age group</th>
      <th>Target number of participants</th>
    </tr>
  </thead>
  <tbody>
    <tr>
      <td><a href='https://www.isrctn.com/ISRCTN88158874' target='_blank'><div>ISRCTN88158874</div></a></td>
      <td>Can the Families Connect programme, which supports parents and children to ...</td>
      <td>Not Applicable</td>
      <td>Mixed</td>
      <td>440</td>
    </tr>
    <tr>
      <td><a href='https://www.isrctn.com/ISRCTN38427991' target='_blank'><div>ISRCTN38427991</div></a></td>
      <td>Evaluation of the Integrated Group Reading (IGR) early intervention.</td>
      <td>Not Applicable</td>
      <td>Child</td>
      <td>320</td>
    </tr>
  </tbody>
</table>"
215,-14592.070547756523,6710274.1070240885,Behavioural Insights Team,51.5003077,-0.1310828,7.0,13.090619551221675,"<table border=""1"" class=""dataframe"">
  <thead>
    <tr style=""text-align: left;"">
      <th>ISRCTN link</th>
      <th>Title</th>
      <th>Condition category</th>
      <th>Age group</th>
      <th>Target number of participants</th>
    </tr>
  </thead>
  <tbody>
    <tr>
      <td><a href='https://www.isrctn.com/ISRCTN14810016' target='_blank'><div>ISRCTN14810016</div></a></td>
      <td>Can participation in the Maths-for-Life programme improve maths GCSE resit ...</td>
      <td>Not Applicable</td>
      <td>Mixed</td>
      <td>4600</td>
    </tr>
    <tr>
      <td><a href='https://www.isrctn.com/ISRCTN94361793' target='_blank'><div>ISRCTN94361793</div></a></td>
      <td>Encouraging compliance with bowel and cervical cancer screening using behav...</td>
      <td>Not Applicable</td>
      <td>Adult</td>
      <td>3000</td>
    </tr>
    <tr>
      <td><a href='https://www.isrctn.com/ISRCTN14035536' target='_blank'><div>ISRCTN14035536</div></a></td>
      <td>Does providing 5-6 year olds with daily 15 minute music sessions impact on ...</td>
      <td>Not Applicable</td>
      <td>Child</td>
      <td>3288</td>
    </tr>
    <tr>
      <td><a href='https://www.isrctn.com/ISRCTN73424656' target='_blank'><div>ISRCTN73424656</div></a></td>
      <td>Waiting list support for mental health patients</td>
      <td>Mental and Behavioural Disorders</td>
      <td>Adult</td>
      <td>15000</td>
    </tr>
    <tr>
      <td><a href='https://www.isrctn.com/ISRCTN14774597' target='_blank'><div>ISRCTN14774597</div></a></td>
      <td>Visible classroom evaluation</td>
      <td>Not Applicable</td>
      <td>Child</td>
      <td>11760</td>
    </tr>
    <tr>
      <td><a href='https://www.isrctn.com/ISRCTN18055918' target='_blank'><div>ISRCTN18055918</div></a></td>
      <td>Using research tools to improve language in the early years</td>
      <td>Not Applicable</td>
      <td>Child</td>
      <td>2400</td>
    </tr>
    <tr>
      <td><a href='https://www.isrctn.com/ISRCTN11330268' target='_blank'><div>ISRCTN11330268</div></a></td>
      <td>A randomised controlled trial to measure the impact of behavioural SMS remi...</td>
      <td>Mental and Behavioural Disorders</td>
      <td>Adult</td>
      <td>10000</td>
    </tr>
  </tbody>
</table>"
216,-129118.87624586775,6981027.073493769,Nottingham University Hospital,52.98934389999999,-1.1598946,1.0,1.0,"<table border=""1"" class=""dataframe"">
  <thead>
    <tr style=""text-align: left;"">
      <th>ISRCTN link</th>
      <th>Title</th>
      <th>Condition category</th>
      <th>Age group</th>
      <th>Target number of participants</th>
    </tr>
  </thead>
  <tbody>
    <tr>
      <td><a href='https://www.isrctn.com/ISRCTN20368092' target='_blank'><div>ISRCTN20368092</div></a></td>
      <td>Improving bowel preparation for colonoscopy with the use of an educational ...</td>
      <td>Surgery</td>
      <td>Adult</td>
      <td>600</td>
    </tr>
  </tbody>
</table>"
219,-12429.377744522963,6713859.841916137,Digital Therapeutics Inc.,51.5203551,-0.111655,1.0,1.0,"<table border=""1"" class=""dataframe"">
  <thead>
    <tr style=""text-align: left;"">
      <th>ISRCTN link</th>
      <th>Title</th>
      <th>Condition category</th>
      <th>Age group</th>
      <th>Target number of participants</th>
    </tr>
  </thead>
  <tbody>
    <tr>
      <td><a href='https://www.isrctn.com/ISRCTN65853476' target='_blank'><div>ISRCTN65853476</div></a></td>
      <td>Is a mobile phone app delivering cognitive behavioural therapy effective at...</td>
      <td>Mental and Behavioural Disorders</td>
      <td>Adult</td>
      <td>500</td>
    </tr>
  </tbody>
</table>"
221,-249201.9271601473,7070612.576306922,Manchester Metropolitan University,53.471068,-2.238619,1.0,1.0,"<table border=""1"" class=""dataframe"">
  <thead>
    <tr style=""text-align: left;"">
      <th>ISRCTN link</th>
      <th>Title</th>
      <th>Condition category</th>
      <th>Age group</th>
      <th>Target number of participants</th>
    </tr>
  </thead>
  <tbody>
    <tr>
      <td><a href='https://www.isrctn.com/ISRCTN48264634' target='_blank'><div>ISRCTN48264634</div></a></td>
      <td>Is it more beneficial for appetite and weight management to exercise once o...</td>
      <td>Nutritional, Metabolic, Endocrine</td>
      <td>Adult</td>
      <td>14</td>
    </tr>
  </tbody>
</table>"
222,-389286.28531881014,7033341.626065807,Betsi Cadwaladr University Health Board,53.2713109,-3.4970182,3.0,7.826061944859854,"<table border=""1"" class=""dataframe"">
  <thead>
    <tr style=""text-align: left;"">
      <th>ISRCTN link</th>
      <th>Title</th>
      <th>Condition category</th>
      <th>Age group</th>
      <th>Target number of participants</th>
    </tr>
  </thead>
  <tbody>
    <tr>
      <td><a href='https://www.isrctn.com/ISRCTN13811906' target='_blank'><div>ISRCTN13811906</div></a></td>
      <td>KeepYouSafe: a bilingual Cancer Care Checklist application</td>
      <td>Cancer</td>
      <td>Adult</td>
      <td>150</td>
    </tr>
    <tr>
      <td><a href='https://www.isrctn.com/ISRCTN17509500' target='_blank'><div>ISRCTN17509500</div></a></td>
      <td>The reliability of frailty assessment in intensive care</td>
      <td>Musculoskeletal Diseases</td>
      <td>Senior</td>
      <td>100</td>
    </tr>
    <tr>
      <td><a href='https://www.isrctn.com/ISRCTN16584442' target='_blank'><div>ISRCTN16584442</div></a></td>
      <td>Living well with memory difficulties in Parkinsonism</td>
      <td>Mental and Behavioural Disorders</td>
      <td>Adult</td>
      <td>45</td>
    </tr>
  </tbody>
</table>"
223,-337697.7497353122,6961655.988043773,The Orthopaedic Institute,52.88446709999999,-3.0335905,1.0,1.0,"<table border=""1"" class=""dataframe"">
  <thead>
    <tr style=""text-align: left;"">
      <th>ISRCTN link</th>
      <th>Title</th>
      <th>Condition category</th>
      <th>Age group</th>
      <th>Target number of participants</th>
    </tr>
  </thead>
  <tbody>
    <tr>
      <td><a href='https://www.isrctn.com/ISRCTN75779521' target='_blank'><div>ISRCTN75779521</div></a></td>
      <td>Novel pre-surgery exercise in patients waiting for a total knee replacement</td>
      <td>Musculoskeletal Diseases</td>
      <td>Adult</td>
      <td>60</td>
    </tr>
  </tbody>
</table>"
225,-18348.64695211725,6719793.827113766,Royal Free Hospital,51.5535119,-0.1648287,1.0,1.0,"<table border=""1"" class=""dataframe"">
  <thead>
    <tr style=""text-align: left;"">
      <th>ISRCTN link</th>
      <th>Title</th>
      <th>Condition category</th>
      <th>Age group</th>
      <th>Target number of participants</th>
    </tr>
  </thead>
  <tbody>
    <tr>
      <td><a href='https://www.isrctn.com/ISRCTN36702813' target='_blank'><div>ISRCTN36702813</div></a></td>
      <td>A low FODMAP diet for diarrhoea predominant functional gastrointestinal dis...</td>
      <td>Digestive System</td>
      <td>Adult</td>
      <td>40</td>
    </tr>
  </tbody>
</table>"
228,-13365.685981585186,6714388.318265595,Institute of Child Health,51.523309,-0.120066,1.0,1.0,"<table border=""1"" class=""dataframe"">
  <thead>
    <tr style=""text-align: left;"">
      <th>ISRCTN link</th>
      <th>Title</th>
      <th>Condition category</th>
      <th>Age group</th>
      <th>Target number of participants</th>
    </tr>
  </thead>
  <tbody>
    <tr>
      <td><a href='https://www.isrctn.com/ISRCTN99840111' target='_blank'><div>ISRCTN99840111</div></a></td>
      <td>HELP trial: Healthy Eating Lifestyle Programme for adolescents</td>
      <td>Nutritional, Metabolic, Endocrine</td>
      <td>Child</td>
      <td>174</td>
    </tr>
  </tbody>
</table>"
229,-219718.50361363654,6572151.6785112135,Poole Hospital NHS Foundation Trust,50.7213539,-1.9737649,1.0,1.0,"<table border=""1"" class=""dataframe"">
  <thead>
    <tr style=""text-align: left;"">
      <th>ISRCTN link</th>
      <th>Title</th>
      <th>Condition category</th>
      <th>Age group</th>
      <th>Target number of participants</th>
    </tr>
  </thead>
  <tbody>
    <tr>
      <td><a href='https://www.isrctn.com/ISRCTN76517470' target='_blank'><div>ISRCTN76517470</div></a></td>
      <td>A randomised controlled trial of a self-management programme for fatigue in...</td>
      <td>Nervous System Diseases</td>
      <td>Adult</td>
      <td>180</td>
    </tr>
  </tbody>
</table>"
230,-424589.458448146,6730584.303541024,Abertawe Bro Morgannwg University Health Board,51.613743,-3.814152,2.0,5.306765580733931,"<table border=""1"" class=""dataframe"">
  <thead>
    <tr style=""text-align: left;"">
      <th>ISRCTN link</th>
      <th>Title</th>
      <th>Condition category</th>
      <th>Age group</th>
      <th>Target number of participants</th>
    </tr>
  </thead>
  <tbody>
    <tr>
      <td><a href='https://www.isrctn.com/ISRCTN68904585' target='_blank'><div>ISRCTN68904585</div></a></td>
      <td>Evaluation of Groups for Alcohol-misusing Short-term Prisoners</td>
      <td>Mental and Behavioural Disorders</td>
      <td>Adult</td>
      <td>140</td>
    </tr>
    <tr>
      <td><a href='https://www.isrctn.com/ISRCTN11853373' target='_blank'><div>ISRCTN11853373</div></a></td>
      <td>Does a six week supervised Exercise programme improve fitness and well-bein...</td>
      <td>Not Applicable</td>
      <td>Adult</td>
      <td>60</td>
    </tr>
  </tbody>
</table>"
231,-11261.914584828504,6709828.41953442,London South Bank University,51.4978153,-0.1011675,2.0,5.306765580733931,"<table border=""1"" class=""dataframe"">
  <thead>
    <tr style=""text-align: left;"">
      <th>ISRCTN link</th>
      <th>Title</th>
      <th>Condition category</th>
      <th>Age group</th>
      <th>Target number of participants</th>
    </tr>
  </thead>
  <tbody>
    <tr>
      <td><a href='https://www.isrctn.com/ISRCTN76967031' target='_blank'><div>ISRCTN76967031</div></a></td>
      <td>Perceptions of harm and intentions to use e-cigarettes after viewing differ...</td>
      <td>Not Applicable</td>
      <td>Adult</td>
      <td>2400</td>
    </tr>
    <tr>
      <td><a href='https://www.isrctn.com/ISRCTN23584477' target='_blank'><div>ISRCTN23584477</div></a></td>
      <td>Study comparing two stop smoking intervention efficacies</td>
      <td>Mental and Behavioural Disorders</td>
      <td>Adult</td>
      <td>620</td>
    </tr>
  </tbody>
</table>"
233,53293.215473811666,6670659.378765342,Kent Community Health NHS Foundation Trust,51.27823919999999,0.4787411,1.0,1.0,"<table border=""1"" class=""dataframe"">
  <thead>
    <tr style=""text-align: left;"">
      <th>ISRCTN link</th>
      <th>Title</th>
      <th>Condition category</th>
      <th>Age group</th>
      <th>Target number of participants</th>
    </tr>
  </thead>
  <tbody>
    <tr>
      <td><a href='https://www.isrctn.com/ISRCTN69831268' target='_blank'><div>ISRCTN69831268</div></a></td>
      <td>Transforming Integrated Care in the Community (TICC)</td>
      <td>Not Applicable</td>
      <td>Adult</td>
      <td>375</td>
    </tr>
  </tbody>
</table>"
234,-16902.74035010158,6612788.276237139,Roche Diabetes Care Ltd,50.9518914,-0.1518399,1.0,1.0,"<table border=""1"" class=""dataframe"">
  <thead>
    <tr style=""text-align: left;"">
      <th>ISRCTN link</th>
      <th>Title</th>
      <th>Condition category</th>
      <th>Age group</th>
      <th>Target number of participants</th>
    </tr>
  </thead>
  <tbody>
    <tr>
      <td><a href='https://www.isrctn.com/ISRCTN86160989' target='_blank'><div>ISRCTN86160989</div></a></td>
      <td>Evaluating a diabetes-specific online cognitive behavioural therapy interve...</td>
      <td>Nutritional, Metabolic, Endocrine</td>
      <td>Adult</td>
      <td>500</td>
    </tr>
  </tbody>
</table>"
235,-196597.90178578589,7130761.277135239,University of Bradford,53.7914677,-1.766069,1.0,1.0,"<table border=""1"" class=""dataframe"">
  <thead>
    <tr style=""text-align: left;"">
      <th>ISRCTN link</th>
      <th>Title</th>
      <th>Condition category</th>
      <th>Age group</th>
      <th>Target number of participants</th>
    </tr>
  </thead>
  <tbody>
    <tr>
      <td><a href='https://www.isrctn.com/ISRCTN41973090' target='_blank'><div>ISRCTN41973090</div></a></td>
      <td>The use of health belief derived interventions to improve the ability of pa...</td>
      <td>Circulatory System</td>
      <td>Adult</td>
      <td>33</td>
    </tr>
  </tbody>
</table>"
236,-175684.74319646767,7316387.616306924,Durham University,54.7649859,-1.5782029,4.0,9.613531161467861,"<table border=""1"" class=""dataframe"">
  <thead>
    <tr style=""text-align: left;"">
      <th>ISRCTN link</th>
      <th>Title</th>
      <th>Condition category</th>
      <th>Age group</th>
      <th>Target number of participants</th>
    </tr>
  </thead>
  <tbody>
    <tr>
      <td><a href='https://www.isrctn.com/ISRCTN38596728' target='_blank'><div>ISRCTN38596728</div></a></td>
      <td>An independent evaluation of the Innovation Unit's 'Learning through REAL P...</td>
      <td>Not Applicable</td>
      <td>Child</td>
      <td>24</td>
    </tr>
    <tr>
      <td><a href='https://www.isrctn.com/ISRCTN52147450' target='_blank'><div>ISRCTN52147450</div></a></td>
      <td>The Feasibility and Acceptability of Behavioural Activation treatment for y...</td>
      <td>Mental and Behavioural Disorders</td>
      <td>Child</td>
      <td>40</td>
    </tr>
    <tr>
      <td><a href='https://www.isrctn.com/ISRCTN99779220' target='_blank'><div>ISRCTN99779220</div></a></td>
      <td>An independent evaluation of the Hallé Support and Help in Education (SHINE...</td>
      <td>Not Applicable</td>
      <td>Child</td>
      <td>2570</td>
    </tr>
    <tr>
      <td><a href='https://www.isrctn.com/ISRCTN82956355' target='_blank'><div>ISRCTN82956355</div></a></td>
      <td>Physical activity and wellbeing in schools</td>
      <td>Not Applicable</td>
      <td>Child</td>
      <td>2300</td>
    </tr>
  </tbody>
</table>"
238,-337638.20493968687,7651395.375952595,NHS Tayside,56.4642503,-3.0330556,7.0,13.090619551221675,"<table border=""1"" class=""dataframe"">
  <thead>
    <tr style=""text-align: left;"">
      <th>ISRCTN link</th>
      <th>Title</th>
      <th>Condition category</th>
      <th>Age group</th>
      <th>Target number of participants</th>
    </tr>
  </thead>
  <tbody>
    <tr>
      <td><a href='https://www.isrctn.com/ISRCTN13414304' target='_blank'><div>ISRCTN13414304</div></a></td>
      <td>Cue-based versus scheduled feeding for premature babies in neonatal units</td>
      <td>Nutritional, Metabolic, Endocrine</td>
      <td>Mixed</td>
      <td>165</td>
    </tr>
    <tr>
      <td><a href='https://www.isrctn.com/ISRCTN11057518' target='_blank'><div>ISRCTN11057518</div></a></td>
      <td>A randomised controlled trial to assess the impact of a lifestyle intervent...</td>
      <td>Not Applicable</td>
      <td>Mixed</td>
      <td>552</td>
    </tr>
    <tr>
      <td><a href='https://www.isrctn.com/ISRCTN15373978' target='_blank'><div>ISRCTN15373978</div></a></td>
      <td>High intensity exercise as a possible treatment for loss of symptoms of low...</td>
      <td>Nutritional, Metabolic, Endocrine</td>
      <td>Adult</td>
      <td>32</td>
    </tr>
    <tr>
      <td><a href='https://www.isrctn.com/ISRCTN15236211' target='_blank'><div>ISRCTN15236211</div></a></td>
      <td>Dishabituation as a treatment for impaired awareness of hypoglycaemia in ty...</td>
      <td>Nutritional, Metabolic, Endocrine</td>
      <td>Adult</td>
      <td>12</td>
    </tr>
    <tr>
      <td><a href='https://www.isrctn.com/ISRCTN34488928' target='_blank'><div>ISRCTN34488928</div></a></td>
      <td>We Walk: development of a family-centred intervention to promote regular ou...</td>
      <td>Circulatory System</td>
      <td>Adult</td>
      <td>28</td>
    </tr>
    <tr>
      <td><a href='https://www.isrctn.com/ISRCTN14254582' target='_blank'><div>ISRCTN14254582</div></a></td>
      <td>Personalised risk information and its impact on informed choice and intenti...</td>
      <td>Cancer</td>
      <td>Adult</td>
      <td>300</td>
    </tr>
    <tr>
      <td><a href='https://www.isrctn.com/ISRCTN14254582' target='_blank'><div>ISRCTN14254582</div></a></td>
      <td>Personalised risk information and its impact on informed choice and intenti...</td>
      <td>Cancer</td>
      <td>Adult</td>
      <td>300</td>
    </tr>
  </tbody>
</table>"
239,-13603.687052901203,6716022.501939795,The Loss Foundation,51.532442,-0.122204,1.0,1.0,"<table border=""1"" class=""dataframe"">
  <thead>
    <tr style=""text-align: left;"">
      <th>ISRCTN link</th>
      <th>Title</th>
      <th>Condition category</th>
      <th>Age group</th>
      <th>Target number of participants</th>
    </tr>
  </thead>
  <tbody>
    <tr>
      <td><a href='https://www.isrctn.com/ISRCTN56216152' target='_blank'><div>ISRCTN56216152</div></a></td>
      <td>Outcomes of cancer bereavement therapeutic support groups</td>
      <td>Mental and Behavioural Disorders</td>
      <td>Adult</td>
      <td>60</td>
    </tr>
  </tbody>
</table>"
240,-322806.407868507,7020130.6966694575,University of Chester,53.2002807,-2.8998193,2.0,5.306765580733931,"<table border=""1"" class=""dataframe"">
  <thead>
    <tr style=""text-align: left;"">
      <th>ISRCTN link</th>
      <th>Title</th>
      <th>Condition category</th>
      <th>Age group</th>
      <th>Target number of participants</th>
    </tr>
  </thead>
  <tbody>
    <tr>
      <td><a href='https://www.isrctn.com/ISRCTN16647750' target='_blank'><div>ISRCTN16647750</div></a></td>
      <td>Effectiveness of a community based weight management programme in North Wes...</td>
      <td>Nutritional, Metabolic, Endocrine</td>
      <td>Adult</td>
      <td>16722</td>
    </tr>
    <tr>
      <td><a href='https://www.isrctn.com/ISRCTN05903336' target='_blank'><div>ISRCTN05903336</div></a></td>
      <td>Investigating a low carbohydrate/high protein diet in type 2 diabetes patie...</td>
      <td>Nutritional, Metabolic, Endocrine</td>
      <td>Adult</td>
      <td>32</td>
    </tr>
  </tbody>
</table>"
241,-301253.7522004287,7130511.553403362,Lancashire Teaching Hospitals NHS Trust,53.79014249999999,-2.7062085,1.0,1.0,"<table border=""1"" class=""dataframe"">
  <thead>
    <tr style=""text-align: left;"">
      <th>ISRCTN link</th>
      <th>Title</th>
      <th>Condition category</th>
      <th>Age group</th>
      <th>Target number of participants</th>
    </tr>
  </thead>
  <tbody>
    <tr>
      <td><a href='https://www.isrctn.com/ISRCTN87708989' target='_blank'><div>ISRCTN87708989</div></a></td>
      <td>The EX-FRAIL CKD Trial</td>
      <td>Urological and Genital Diseases</td>
      <td>Adult</td>
      <td>40</td>
    </tr>
  </tbody>
</table>"
243,-473103.4053556791,7531948.501503367,Glasgow Caledonian University,55.8668183,-4.249960199999999,2.0,5.306765580733931,"<table border=""1"" class=""dataframe"">
  <thead>
    <tr style=""text-align: left;"">
      <th>ISRCTN link</th>
      <th>Title</th>
      <th>Condition category</th>
      <th>Age group</th>
      <th>Target number of participants</th>
    </tr>
  </thead>
  <tbody>
    <tr>
      <td><a href='https://www.isrctn.com/ISRCTN32522341' target='_blank'><div>ISRCTN32522341</div></a></td>
      <td>Early versus later extra physiotherapy compared with usual care to improve ...</td>
      <td>Nervous System Diseases</td>
      <td>Adult</td>
      <td>75</td>
    </tr>
    <tr>
      <td><a href='https://www.isrctn.com/ISRCTN14277030' target='_blank'><div>ISRCTN14277030</div></a></td>
      <td>The Gait Rehabilitation in Early Arthritis Trial</td>
      <td>Musculoskeletal Diseases</td>
      <td>Adult</td>
      <td>592</td>
    </tr>
  </tbody>
</table>"
244,-39770.72485749507,6711138.961211645,West London Mental Health NHS Trust,51.5051438,-0.3572665,1.0,1.0,"<table border=""1"" class=""dataframe"">
  <thead>
    <tr style=""text-align: left;"">
      <th>ISRCTN link</th>
      <th>Title</th>
      <th>Condition category</th>
      <th>Age group</th>
      <th>Target number of participants</th>
    </tr>
  </thead>
  <tbody>
    <tr>
      <td><a href='https://www.isrctn.com/ISRCTN52074801' target='_blank'><div>ISRCTN52074801</div></a></td>
      <td>Feasibility trial of acceptance and commitment therapy in bariatric patient...</td>
      <td>Mental and Behavioural Disorders</td>
      <td>Adult</td>
      <td>58</td>
    </tr>
  </tbody>
</table>"
245,-696255.7256420703,7046845.334566046,Trinity College Dublin,53.3437935,-6.254571599999999,1.0,1.0,"<table border=""1"" class=""dataframe"">
  <thead>
    <tr style=""text-align: left;"">
      <th>ISRCTN link</th>
      <th>Title</th>
      <th>Condition category</th>
      <th>Age group</th>
      <th>Target number of participants</th>
    </tr>
  </thead>
  <tbody>
    <tr>
      <td><a href='https://www.isrctn.com/ISRCTN10540035' target='_blank'><div>ISRCTN10540035</div></a></td>
      <td>In children with cleft palate speech disorder, is speech improved when trai...</td>
      <td>Signs and Symptoms</td>
      <td>Mixed</td>
      <td>48</td>
    </tr>
  </tbody>
</table>"
246,-14242.404895225769,6714321.78049309,UCL Institute of Education,51.5229371,-0.1279417,1.0,1.0,"<table border=""1"" class=""dataframe"">
  <thead>
    <tr style=""text-align: left;"">
      <th>ISRCTN link</th>
      <th>Title</th>
      <th>Condition category</th>
      <th>Age group</th>
      <th>Target number of participants</th>
    </tr>
  </thead>
  <tbody>
    <tr>
      <td><a href='https://www.isrctn.com/ISRCTN15334278' target='_blank'><div>ISRCTN15334278</div></a></td>
      <td>Using the Power of Pictures to improve pupil attainment in schools</td>
      <td>Not Applicable</td>
      <td>Child</td>
      <td>3600</td>
    </tr>
  </tbody>
</table>"
249,-155054.02441919013,6609910.357822417,University of Southampton Auditory Implant Service,50.935602,-1.392874,1.0,1.0,"<table border=""1"" class=""dataframe"">
  <thead>
    <tr style=""text-align: left;"">
      <th>ISRCTN link</th>
      <th>Title</th>
      <th>Condition category</th>
      <th>Age group</th>
      <th>Target number of participants</th>
    </tr>
  </thead>
  <tbody>
    <tr>
      <td><a href='https://www.isrctn.com/ISRCTN14882247' target='_blank'><div>ISRCTN14882247</div></a></td>
      <td>Getting ready for cochlear implant assessment using online tools at home</td>
      <td>Ear, Nose and Throat</td>
      <td>Adult</td>
      <td>30</td>
    </tr>
  </tbody>
</table>"
250,-652518.8765707453,5366704.995599838,Consejería de Sanidad del Principado de Asturias (CSPA),43.35853669999999,-5.8616768,1.0,1.0,"<table border=""1"" class=""dataframe"">
  <thead>
    <tr style=""text-align: left;"">
      <th>ISRCTN link</th>
      <th>Title</th>
      <th>Condition category</th>
      <th>Age group</th>
      <th>Target number of participants</th>
    </tr>
  </thead>
  <tbody>
    <tr>
      <td><a href='https://www.isrctn.com/ISRCTN70517103' target='_blank'><div>ISRCTN70517103</div></a></td>
      <td>EFFICHRONIC: Efficiency analysis of a self-management programme in 5 Europe...</td>
      <td>Not Applicable</td>
      <td>Adult</td>
      <td>2000</td>
    </tr>
  </tbody>
</table>"
253,-198659.46083163374,6722173.3028083015,Medical Research Council,51.56680069999999,-1.7845883,1.0,1.0,"<table border=""1"" class=""dataframe"">
  <thead>
    <tr style=""text-align: left;"">
      <th>ISRCTN link</th>
      <th>Title</th>
      <th>Condition category</th>
      <th>Age group</th>
      <th>Target number of participants</th>
    </tr>
  </thead>
  <tbody>
    <tr>
      <td><a href='https://www.isrctn.com/ISRCTN82857232' target='_blank'><div>ISRCTN82857232</div></a></td>
      <td>Weight loss Referrals for Adults in Primary care (WRAP)</td>
      <td>Nutritional, Metabolic, Endocrine</td>
      <td>Adult</td>
      <td>1200</td>
    </tr>
  </tbody>
</table>"
257,-14693.438076072878,6716737.168907866,NOCLOR,51.5364355,-0.1319934,1.0,1.0,"<table border=""1"" class=""dataframe"">
  <thead>
    <tr style=""text-align: left;"">
      <th>ISRCTN link</th>
      <th>Title</th>
      <th>Condition category</th>
      <th>Age group</th>
      <th>Target number of participants</th>
    </tr>
  </thead>
  <tbody>
    <tr>
      <td><a href='https://www.isrctn.com/ISRCTN11185706' target='_blank'><div>ISRCTN11185706</div></a></td>
      <td>Problem adaptation therapy for depression in dementia (PATHFINDER)</td>
      <td>Nervous System Diseases</td>
      <td>Senior</td>
      <td>334</td>
    </tr>
  </tbody>
</table>"
259,-310328.61727743805,7172125.076875081,Lancaster University,54.0103942,-2.7877294,2.0,5.306765580733931,"<table border=""1"" class=""dataframe"">
  <thead>
    <tr style=""text-align: left;"">
      <th>ISRCTN link</th>
      <th>Title</th>
      <th>Condition category</th>
      <th>Age group</th>
      <th>Target number of participants</th>
    </tr>
  </thead>
  <tbody>
    <tr>
      <td><a href='https://www.isrctn.com/ISRCTN16267685' target='_blank'><div>ISRCTN16267685</div></a></td>
      <td>Implementation of a Relatives Toolkit (IMPART) Study</td>
      <td>Mental and Behavioural Disorders</td>
      <td>Adult</td>
      <td>100</td>
    </tr>
    <tr>
      <td><a href='https://www.isrctn.com/ISRCTN10276684' target='_blank'><div>ISRCTN10276684</div></a></td>
      <td>Peer support to maintain psychological wellbeing in people with advanced ca...</td>
      <td>Cancer</td>
      <td>Adult</td>
      <td>60</td>
    </tr>
  </tbody>
</table>"
260,19138.169308619465,6713387.661130374,North East London Foundation NHS Foundation Trust,51.5177157,0.1719211,1.0,1.0,"<table border=""1"" class=""dataframe"">
  <thead>
    <tr style=""text-align: left;"">
      <th>ISRCTN link</th>
      <th>Title</th>
      <th>Condition category</th>
      <th>Age group</th>
      <th>Target number of participants</th>
    </tr>
  </thead>
  <tbody>
    <tr>
      <td><a href='https://www.isrctn.com/ISRCTN14818949' target='_blank'><div>ISRCTN14818949</div></a></td>
      <td>Evaluating 'E-PLAYS' for children with social communication impairment</td>
      <td>Mental and Behavioural Disorders</td>
      <td>Child</td>
      <td>70</td>
    </tr>
  </tbody>
</table>"
261,-12328.266251035431,6713290.612888939,Physiotherapy Research Foundation,51.51717319999999,-0.1107467,1.0,1.0,"<table border=""1"" class=""dataframe"">
  <thead>
    <tr style=""text-align: left;"">
      <th>ISRCTN link</th>
      <th>Title</th>
      <th>Condition category</th>
      <th>Age group</th>
      <th>Target number of participants</th>
    </tr>
  </thead>
  <tbody>
    <tr>
      <td><a href='https://www.isrctn.com/ISRCTN08203457' target='_blank'><div>ISRCTN08203457</div></a></td>
      <td>Surgery and physiotherapy for prolapse to avoid recurrence: a feasibility s...</td>
      <td>Urological and Genital Diseases</td>
      <td>Adult</td>
      <td>30</td>
    </tr>
  </tbody>
</table>"
265,-255275.07329986515,7055247.716972181,University Hospital of South Manchester NHS Foundation Trust,53.38883209999999,-2.293175,2.0,5.306765580733931,"<table border=""1"" class=""dataframe"">
  <thead>
    <tr style=""text-align: left;"">
      <th>ISRCTN link</th>
      <th>Title</th>
      <th>Condition category</th>
      <th>Age group</th>
      <th>Target number of participants</th>
    </tr>
  </thead>
  <tbody>
    <tr>
      <td><a href='https://www.isrctn.com/ISRCTN52913838' target='_blank'><div>ISRCTN52913838</div></a></td>
      <td>The effect of intermittent ketogenic diets on weight loss and markers of br...</td>
      <td>Cancer</td>
      <td>Adult</td>
      <td>114</td>
    </tr>
    <tr>
      <td><a href='https://www.isrctn.com/ISRCTN77916487' target='_blank'><div>ISRCTN77916487</div></a></td>
      <td>Breast Risk Reduction Intermittent Diet Evaluation (BRRIDE) study</td>
      <td>Cancer</td>
      <td>Adult</td>
      <td>25</td>
    </tr>
  </tbody>
</table>"
266,-301491.69761199935,7125682.763301293,University of Central Lancashire,53.7645095,-2.708346,3.0,7.826061944859854,"<table border=""1"" class=""dataframe"">
  <thead>
    <tr style=""text-align: left;"">
      <th>ISRCTN link</th>
      <th>Title</th>
      <th>Condition category</th>
      <th>Age group</th>
      <th>Target number of participants</th>
    </tr>
  </thead>
  <tbody>
    <tr>
      <td><a href='https://www.isrctn.com/ISRCTN14005026' target='_blank'><div>ISRCTN14005026</div></a></td>
      <td>ICONS II: Identifying Continence OptioNs after Stroke</td>
      <td>Nervous System Diseases</td>
      <td>Adult</td>
      <td>818</td>
    </tr>
    <tr>
      <td><a href='https://www.isrctn.com/ISRCTN22620137' target='_blank'><div>ISRCTN22620137</div></a></td>
      <td>Helping pre-school children to avoid obesity</td>
      <td>Nutritional, Metabolic, Endocrine</td>
      <td>Mixed</td>
      <td>200</td>
    </tr>
    <tr>
      <td><a href='https://www.isrctn.com/ISRCTN12868810' target='_blank'><div>ISRCTN12868810</div></a></td>
      <td>Accelerating delivery of psychological therapies after stroke</td>
      <td>Nervous System Diseases</td>
      <td>Adult</td>
      <td>608</td>
    </tr>
  </tbody>
</table>"
271,-250530.45849107055,7071772.314207347,Breaking Free Group,53.4772687,-2.2505534,2.0,5.306765580733931,"<table border=""1"" class=""dataframe"">
  <thead>
    <tr style=""text-align: left;"">
      <th>ISRCTN link</th>
      <th>Title</th>
      <th>Condition category</th>
      <th>Age group</th>
      <th>Target number of participants</th>
    </tr>
  </thead>
  <tbody>
    <tr>
      <td><a href='https://www.isrctn.com/ISRCTN39840514' target='_blank'><div>ISRCTN39840514</div></a></td>
      <td>A randomised controlled trial to assess the effectiveness of the Breaking F...</td>
      <td>Mental and Behavioural Disorders</td>
      <td>Adult</td>
      <td>128</td>
    </tr>
    <tr>
      <td><a href='https://www.isrctn.com/ISRCTN09846981' target='_blank'><div>ISRCTN09846981</div></a></td>
      <td>Breaking Free Online Health and Justice outcomes in prisons</td>
      <td>Mental and Behavioural Disorders</td>
      <td>Adult</td>
      <td>128</td>
    </tr>
  </tbody>
</table>"
279,-376835.34498892055,6757618.694609562,Cwm Taf University Health Board,51.7642952,-3.3851695,1.0,1.0,"<table border=""1"" class=""dataframe"">
  <thead>
    <tr style=""text-align: left;"">
      <th>ISRCTN link</th>
      <th>Title</th>
      <th>Condition category</th>
      <th>Age group</th>
      <th>Target number of participants</th>
    </tr>
  </thead>
  <tbody>
    <tr>
      <td><a href='https://www.isrctn.com/ISRCTN77383505' target='_blank'><div>ISRCTN77383505</div></a></td>
      <td>Use of physiotherapy to improve bowel function after rectal cancer surgery</td>
      <td>Cancer</td>
      <td>Adult</td>
      <td>40</td>
    </tr>
  </tbody>
</table>"
282,-472260.99510910106,7531014.683548528,University of Strathclyde,55.862111,-4.2423927,6.0,12.132827525593784,"<table border=""1"" class=""dataframe"">
  <thead>
    <tr style=""text-align: left;"">
      <th>ISRCTN link</th>
      <th>Title</th>
      <th>Condition category</th>
      <th>Age group</th>
      <th>Target number of participants</th>
    </tr>
  </thead>
  <tbody>
    <tr>
      <td><a href='https://www.isrctn.com/ISRCTN13385965' target='_blank'><div>ISRCTN13385965</div></a></td>
      <td>Dundee Family Health Study</td>
      <td>Nutritional, Metabolic, Endocrine</td>
      <td>Mixed</td>
      <td>40</td>
    </tr>
    <tr>
      <td><a href='https://www.isrctn.com/ISRCTN12831555' target='_blank'><div>ISRCTN12831555</div></a></td>
      <td>Increasing physical activity and healthy behaviours at nursery and at home:...</td>
      <td>Nutritional, Metabolic, Endocrine</td>
      <td>Child</td>
      <td>150</td>
    </tr>
    <tr>
      <td><a href='https://www.isrctn.com/ISRCTN11607781' target='_blank'><div>ISRCTN11607781</div></a></td>
      <td>Does participating in organised active play sessions increase children's ph...</td>
      <td>Not Applicable</td>
      <td>Child</td>
      <td>120</td>
    </tr>
    <tr>
      <td><a href='https://www.isrctn.com/ISRCTN15543219' target='_blank'><div>ISRCTN15543219</div></a></td>
      <td>Visualising speech: ultrasound assessment and speech therapy for children w...</td>
      <td>Oral Health</td>
      <td>Child</td>
      <td>48</td>
    </tr>
    <tr>
      <td><a href='https://www.isrctn.com/ISRCTN14268457' target='_blank'><div>ISRCTN14268457</div></a></td>
      <td>Augmented visual feedback in upper limb stroke rehabilitation</td>
      <td>Circulatory System</td>
      <td>Adult</td>
      <td>45</td>
    </tr>
    <tr>
      <td><a href='https://www.isrctn.com/ISRCTN17619184' target='_blank'><div>ISRCTN17619184</div></a></td>
      <td>Effectiveness of speech therapy for people with Friedreich's ataxia</td>
      <td>Nervous System Diseases</td>
      <td>Adult</td>
      <td>20</td>
    </tr>
  </tbody>
</table>"
284,-319525.5887038986,7087042.38847501,Edge Hill University,53.5588278,-2.8703472,1.0,1.0,"<table border=""1"" class=""dataframe"">
  <thead>
    <tr style=""text-align: left;"">
      <th>ISRCTN link</th>
      <th>Title</th>
      <th>Condition category</th>
      <th>Age group</th>
      <th>Target number of participants</th>
    </tr>
  </thead>
  <tbody>
    <tr>
      <td><a href='https://www.isrctn.com/ISRCTN51511240' target='_blank'><div>ISRCTN51511240</div></a></td>
      <td>The Girls’ Peer-ACTivity Project (G-PACT)</td>
      <td>Mental and Behavioural Disorders</td>
      <td>Child</td>
      <td>180</td>
    </tr>
  </tbody>
</table>"
289,-14506.55491492913,6714128.414326162,Birkbeck College,51.5218563,-0.1303146,2.0,5.306765580733931,"<table border=""1"" class=""dataframe"">
  <thead>
    <tr style=""text-align: left;"">
      <th>ISRCTN link</th>
      <th>Title</th>
      <th>Condition category</th>
      <th>Age group</th>
      <th>Target number of participants</th>
    </tr>
  </thead>
  <tbody>
    <tr>
      <td><a href='https://www.isrctn.com/ISRCTN37683928' target='_blank'><div>ISRCTN37683928</div></a></td>
      <td>Attention control training for infants at risk of ADHD</td>
      <td>Mental and Behavioural Disorders</td>
      <td>Neonate</td>
      <td>50</td>
    </tr>
    <tr>
      <td><a href='https://www.isrctn.com/ISRCTN11333136' target='_blank'><div>ISRCTN11333136</div></a></td>
      <td>Efficacy of neurocognitive training as an intervention for helping breast c...</td>
      <td>Cancer</td>
      <td>Adult</td>
      <td>80</td>
    </tr>
  </tbody>
</table>"
290,-45562.18815770961,6778071.069467987,University of Bedfordshire,51.8778602,-0.4092921,5.0,11.0,"<table border=""1"" class=""dataframe"">
  <thead>
    <tr style=""text-align: left;"">
      <th>ISRCTN link</th>
      <th>Title</th>
      <th>Condition category</th>
      <th>Age group</th>
      <th>Target number of participants</th>
    </tr>
  </thead>
  <tbody>
    <tr>
      <td><a href='https://www.isrctn.com/ISRCTN61093625' target='_blank'><div>ISRCTN61093625</div></a></td>
      <td>Stigma of living as an autism carer: a brief psycho-social support interve...</td>
      <td>Mental and Behavioural Disorders</td>
      <td>Adult</td>
      <td>32</td>
    </tr>
    <tr>
      <td><a href='https://www.isrctn.com/ISRCTN44530504' target='_blank'><div>ISRCTN44530504</div></a></td>
      <td>General practice organ donation intervention: a feasibility study</td>
      <td>Not Applicable</td>
      <td>Adult</td>
      <td>1</td>
    </tr>
    <tr>
      <td><a href='https://www.isrctn.com/ISRCTN11167977' target='_blank'><div>ISRCTN11167977</div></a></td>
      <td>Evaluating how feasible a new mobile phone application is for reducing sitt...</td>
      <td>Nutritional, Metabolic, Endocrine</td>
      <td>Adult</td>
      <td>20</td>
    </tr>
    <tr>
      <td><a href='https://www.isrctn.com/ISRCTN42025531' target='_blank'><div>ISRCTN42025531</div></a></td>
      <td>Improving speech, language and communication in pre-school children: implem...</td>
      <td>Not Applicable</td>
      <td>Child</td>
      <td>1000</td>
    </tr>
    <tr>
      <td><a href='https://www.isrctn.com/ISRCTN26468622' target='_blank'><div>ISRCTN26468622</div></a></td>
      <td>Steps to Evaluation: How to set up an evaluation with external organisation...</td>
      <td>Not Applicable</td>
      <td>Mixed</td>
      <td>200</td>
    </tr>
  </tbody>
</table>"
296,-15088.321705763854,6703655.729607692,The Money Charity,51.463282,-0.1355407,1.0,1.0,"<table border=""1"" class=""dataframe"">
  <thead>
    <tr style=""text-align: left;"">
      <th>ISRCTN link</th>
      <th>Title</th>
      <th>Condition category</th>
      <th>Age group</th>
      <th>Target number of participants</th>
    </tr>
  </thead>
  <tbody>
    <tr>
      <td><a href='https://www.isrctn.com/ISRCTN11998810' target='_blank'><div>ISRCTN11998810</div></a></td>
      <td>A randomised controlled trial of The Money Charity's Workshops in Schools: ...</td>
      <td>Not Applicable</td>
      <td>Other</td>
      <td>9776</td>
    </tr>
  </tbody>
</table>"
299,-163407.3276888266,7366801.5495060515,NHS North of Tyne,55.0254219,-1.467913,1.0,1.0,"<table border=""1"" class=""dataframe"">
  <thead>
    <tr style=""text-align: left;"">
      <th>ISRCTN link</th>
      <th>Title</th>
      <th>Condition category</th>
      <th>Age group</th>
      <th>Target number of participants</th>
    </tr>
  </thead>
  <tbody>
    <tr>
      <td><a href='https://www.isrctn.com/ISRCTN56916730' target='_blank'><div>ISRCTN56916730</div></a></td>
      <td>Northumbria osteoporosis project: Group clinics</td>
      <td>Musculoskeletal Diseases</td>
      <td>Adult</td>
      <td>214</td>
    </tr>
  </tbody>
</table>"
303,118333.063991213,6673952.312950739,University of Kent,51.2967395,1.063004,2.0,5.306765580733931,"<table border=""1"" class=""dataframe"">
  <thead>
    <tr style=""text-align: left;"">
      <th>ISRCTN link</th>
      <th>Title</th>
      <th>Condition category</th>
      <th>Age group</th>
      <th>Target number of participants</th>
    </tr>
  </thead>
  <tbody>
    <tr>
      <td><a href='https://www.isrctn.com/ISRCTN77037777' target='_blank'><div>ISRCTN77037777</div></a></td>
      <td>A study to explore whether a multi-component psychosocial intervention can ...</td>
      <td>Mental and Behavioural Disorders</td>
      <td>Child</td>
      <td>567</td>
    </tr>
    <tr>
      <td><a href='https://www.isrctn.com/ISRCTN69559259' target='_blank'><div>ISRCTN69559259</div></a></td>
      <td>An open randomised feasibility trial of the equipping youth to help one ano...</td>
      <td>Mental and Behavioural Disorders</td>
      <td>Adult</td>
      <td>60</td>
    </tr>
  </tbody>
</table>"
310,-172326.52358991065,7133034.197361248,Leeds Beckett University,53.8035274,-1.5480355,1.0,1.0,"<table border=""1"" class=""dataframe"">
  <thead>
    <tr style=""text-align: left;"">
      <th>ISRCTN link</th>
      <th>Title</th>
      <th>Condition category</th>
      <th>Age group</th>
      <th>Target number of participants</th>
    </tr>
  </thead>
  <tbody>
    <tr>
      <td><a href='https://www.isrctn.com/ISRCTN15641330' target='_blank'><div>ISRCTN15641330</div></a></td>
      <td>Evaluation of the PhunkyFoods programme</td>
      <td>Not Applicable</td>
      <td>Child</td>
      <td>358</td>
    </tr>
  </tbody>
</table>"
312,993720.4852024196,5529875.479986764,University of Genoa,44.4149029,8.926743000000002,1.0,1.0,"<table border=""1"" class=""dataframe"">
  <thead>
    <tr style=""text-align: left;"">
      <th>ISRCTN link</th>
      <th>Title</th>
      <th>Condition category</th>
      <th>Age group</th>
      <th>Target number of participants</th>
    </tr>
  </thead>
  <tbody>
    <tr>
      <td><a href='https://www.isrctn.com/ISRCTN14389453' target='_blank'><div>ISRCTN14389453</div></a></td>
      <td>Study of self-perceived psychological and emotional well-being of young Par...</td>
      <td>Musculoskeletal Diseases</td>
      <td>Other</td>
      <td>2400</td>
    </tr>
  </tbody>
</table>"
318,-697700.9531951922,7046262.758465495,SilverCloud Health,53.340669,-6.2675543,1.0,1.0,"<table border=""1"" class=""dataframe"">
  <thead>
    <tr style=""text-align: left;"">
      <th>ISRCTN link</th>
      <th>Title</th>
      <th>Condition category</th>
      <th>Age group</th>
      <th>Target number of participants</th>
    </tr>
  </thead>
  <tbody>
    <tr>
      <td><a href='https://www.isrctn.com/ISRCTN91967124' target='_blank'><div>ISRCTN91967124</div></a></td>
      <td>Internet-delivered interventions for people with depression and anxiety in ...</td>
      <td>Mental and Behavioural Disorders</td>
      <td>Adult</td>
      <td>360</td>
    </tr>
  </tbody>
</table>"
324,-10270.803762448752,6710352.092322927,Guy's and St Thomas' NHS Foundation Trust,51.5007438,-0.09226419999999999,8.0,13.920296742201792,"<table border=""1"" class=""dataframe"">
  <thead>
    <tr style=""text-align: left;"">
      <th>ISRCTN link</th>
      <th>Title</th>
      <th>Condition category</th>
      <th>Age group</th>
      <th>Target number of participants</th>
    </tr>
  </thead>
  <tbody>
    <tr>
      <td><a href='https://www.isrctn.com/ISRCTN14501418' target='_blank'><div>ISRCTN14501418</div></a></td>
      <td>Motivating structured walking activity in intermittent claudication</td>
      <td>Circulatory System</td>
      <td>Adult</td>
      <td>192</td>
    </tr>
    <tr>
      <td><a href='https://www.isrctn.com/ISRCTN95392287' target='_blank'><div>ISRCTN95392287</div></a></td>
      <td>A randomised controlled trial of brief physiotherapy informed by Acceptance...</td>
      <td>Musculoskeletal Diseases</td>
      <td>Adult</td>
      <td>240</td>
    </tr>
    <tr>
      <td><a href='https://www.isrctn.com/ISRCTN15294714' target='_blank'><div>ISRCTN15294714</div></a></td>
      <td>A study to determine the effectiveness of a tailor-made prevention programm...</td>
      <td>Oral Health</td>
      <td>Adult</td>
      <td>40</td>
    </tr>
    <tr>
      <td><a href='https://www.isrctn.com/ISRCTN14254740' target='_blank'><div>ISRCTN14254740</div></a></td>
      <td>Early introduction of allergenic foods to induce tolerance in infants</td>
      <td>Not Applicable</td>
      <td>Child</td>
      <td>2500</td>
    </tr>
    <tr>
      <td><a href='https://www.isrctn.com/ISRCTN28527653' target='_blank'><div>ISRCTN28527653</div></a></td>
      <td>HoPS: Home-based picture exchange communication schedule (PECS) study</td>
      <td>Mental and Behavioural Disorders</td>
      <td>Mixed</td>
      <td>64</td>
    </tr>
    <tr>
      <td><a href='https://www.isrctn.com/ISRCTN28527653' target='_blank'><div>ISRCTN28527653</div></a></td>
      <td>HoPS: Home-based picture exchange communication schedule (PECS) study</td>
      <td>Mental and Behavioural Disorders</td>
      <td>Mixed</td>
      <td>64</td>
    </tr>
    <tr>
      <td><a href='https://www.isrctn.com/ISRCTN53303171' target='_blank'><div>ISRCTN53303171</div></a></td>
      <td>The SCIN (Skin Care Intervention in Nurses) Trial</td>
      <td>Skin and Connective Tissue Diseases</td>
      <td>Adult</td>
      <td>2240</td>
    </tr>
    <tr>
      <td><a href='https://www.isrctn.com/ISRCTN14254740' target='_blank'><div>ISRCTN14254740</div></a></td>
      <td>Early introduction of allergenic foods to induce tolerance in infants</td>
      <td>Not Applicable</td>
      <td>Child</td>
      <td>2500</td>
    </tr>
  </tbody>
</table>"
326,-342153.2566945676,7544658.329123699,Queen Margaret University,55.9308308,-3.073615,4.0,9.613531161467861,"<table border=""1"" class=""dataframe"">
  <thead>
    <tr style=""text-align: left;"">
      <th>ISRCTN link</th>
      <th>Title</th>
      <th>Condition category</th>
      <th>Age group</th>
      <th>Target number of participants</th>
    </tr>
  </thead>
  <tbody>
    <tr>
      <td><a href='https://www.isrctn.com/ISRCTN14268139' target='_blank'><div>ISRCTN14268139</div></a></td>
      <td>Ultrasound visual biofeedback for speech sound disorders in children</td>
      <td>Mental and Behavioural Disorders</td>
      <td>Child</td>
      <td>20</td>
    </tr>
    <tr>
      <td><a href='https://www.isrctn.com/ISRCTN58085997' target='_blank'><div>ISRCTN58085997</div></a></td>
      <td>The impacts of core stability exercise (Pilates) on posture, pain, function...</td>
      <td>Nervous System Diseases</td>
      <td>Adult</td>
      <td>30</td>
    </tr>
    <tr>
      <td><a href='https://www.isrctn.com/ISRCTN49706672' target='_blank'><div>ISRCTN49706672</div></a></td>
      <td>The effects of a community-based exercise therapy programme for young peopl...</td>
      <td>Nervous System Diseases</td>
      <td>Adult</td>
      <td>20</td>
    </tr>
    <tr>
      <td><a href='https://www.isrctn.com/ISRCTN75779521' target='_blank'><div>ISRCTN75779521</div></a></td>
      <td>Novel pre-surgery exercise in patients waiting for a total knee replacement</td>
      <td>Musculoskeletal Diseases</td>
      <td>Adult</td>
      <td>60</td>
    </tr>
  </tbody>
</table>"
328,53244.4130090479,6753337.1298862975,The AIM Foundation,51.7404849,0.4783027,1.0,1.0,"<table border=""1"" class=""dataframe"">
  <thead>
    <tr style=""text-align: left;"">
      <th>ISRCTN link</th>
      <th>Title</th>
      <th>Condition category</th>
      <th>Age group</th>
      <th>Target number of participants</th>
    </tr>
  </thead>
  <tbody>
    <tr>
      <td><a href='https://www.isrctn.com/ISRCTN17621046' target='_blank'><div>ISRCTN17621046</div></a></td>
      <td>A UK case-control study of the ""Mellow Babies"" effectiveness: An attachment...</td>
      <td>Mental and Behavioural Disorders</td>
      <td>Mixed</td>
      <td>102</td>
    </tr>
  </tbody>
</table>"
330,-165924.5953341349,7108777.17480973,Spectrum CIC,53.674645,-1.490526,1.0,1.0,"<table border=""1"" class=""dataframe"">
  <thead>
    <tr style=""text-align: left;"">
      <th>ISRCTN link</th>
      <th>Title</th>
      <th>Condition category</th>
      <th>Age group</th>
      <th>Target number of participants</th>
    </tr>
  </thead>
  <tbody>
    <tr>
      <td><a href='https://www.isrctn.com/ISRCTN15279360' target='_blank'><div>ISRCTN15279360</div></a></td>
      <td>The feasibility of a prisoner-led intervention to reduce smoking and improv...</td>
      <td>Not Applicable</td>
      <td>Adult</td>
      <td>160</td>
    </tr>
  </tbody>
</table>"
337,-233193.76137000957,6909028.732870431,Royal Wolverhampton Hospitals NHS Trust,52.5982537,-2.0948152,1.0,1.0,"<table border=""1"" class=""dataframe"">
  <thead>
    <tr style=""text-align: left;"">
      <th>ISRCTN link</th>
      <th>Title</th>
      <th>Condition category</th>
      <th>Age group</th>
      <th>Target number of participants</th>
    </tr>
  </thead>
  <tbody>
    <tr>
      <td><a href='https://www.isrctn.com/ISRCTN74230187' target='_blank'><div>ISRCTN74230187</div></a></td>
      <td>Optimising neonatal service provision for preterm babies born between 27 an...</td>
      <td>Neonatal Diseases</td>
      <td>Neonate</td>
      <td>24000</td>
    </tr>
  </tbody>
</table>"
340,-15276.985978760298,6717607.488341389,Helen Bamber Foundation,51.5412983,-0.1372355,1.0,1.0,"<table border=""1"" class=""dataframe"">
  <thead>
    <tr style=""text-align: left;"">
      <th>ISRCTN link</th>
      <th>Title</th>
      <th>Condition category</th>
      <th>Age group</th>
      <th>Target number of participants</th>
    </tr>
  </thead>
  <tbody>
    <tr>
      <td><a href='https://www.isrctn.com/ISRCTN95136302' target='_blank'><div>ISRCTN95136302</div></a></td>
      <td>Narrative exposure therapy in victims of trafficking and other forced migra...</td>
      <td>Mental and Behavioural Disorders</td>
      <td>Adult</td>
      <td>40</td>
    </tr>
  </tbody>
</table>"
343,121056.16137499805,6670115.077638624,Psicon Limited,51.2751805,1.087466,1.0,1.0,"<table border=""1"" class=""dataframe"">
  <thead>
    <tr style=""text-align: left;"">
      <th>ISRCTN link</th>
      <th>Title</th>
      <th>Condition category</th>
      <th>Age group</th>
      <th>Target number of participants</th>
    </tr>
  </thead>
  <tbody>
    <tr>
      <td><a href='https://www.isrctn.com/ISRCTN13900653' target='_blank'><div>ISRCTN13900653</div></a></td>
      <td>Therapeutic group for women on the autism spectrum</td>
      <td>Mental and Behavioural Disorders</td>
      <td>Adult</td>
      <td>30</td>
    </tr>
  </tbody>
</table>"
349,-253587.2583124066,7065780.915091414,Manchester Mental Health and Social Care Trust,53.44522509999999,-2.2780131,1.0,1.0,"<table border=""1"" class=""dataframe"">
  <thead>
    <tr style=""text-align: left;"">
      <th>ISRCTN link</th>
      <th>Title</th>
      <th>Condition category</th>
      <th>Age group</th>
      <th>Target number of participants</th>
    </tr>
  </thead>
  <tbody>
    <tr>
      <td><a href='https://www.isrctn.com/ISRCTN11455062' target='_blank'><div>ISRCTN11455062</div></a></td>
      <td>A psychosocial therapy to benefit people with Parkinson’s-related dementia ...</td>
      <td>Nervous System Diseases</td>
      <td>Adult</td>
      <td>186</td>
    </tr>
  </tbody>
</table>"
350,-16004.75941371948,6714148.630966314,Netmums,51.52196929999999,-0.1437732,1.0,1.0,"<table border=""1"" class=""dataframe"">
  <thead>
    <tr style=""text-align: left;"">
      <th>ISRCTN link</th>
      <th>Title</th>
      <th>Condition category</th>
      <th>Age group</th>
      <th>Target number of participants</th>
    </tr>
  </thead>
  <tbody>
    <tr>
      <td><a href='https://www.isrctn.com/ISRCTN11278880' target='_blank'><div>ISRCTN11278880</div></a></td>
      <td>Netmums healthier lives study</td>
      <td>Nutritional, Metabolic, Endocrine</td>
      <td>Adult</td>
      <td>1500</td>
    </tr>
  </tbody>
</table>"
351,6438.051430538185,6758537.07686074,Lighterlife UK Ltd,51.7694008,0.057834,1.0,1.0,"<table border=""1"" class=""dataframe"">
  <thead>
    <tr style=""text-align: left;"">
      <th>ISRCTN link</th>
      <th>Title</th>
      <th>Condition category</th>
      <th>Age group</th>
      <th>Target number of participants</th>
    </tr>
  </thead>
  <tbody>
    <tr>
      <td><a href='https://www.isrctn.com/ISRCTN13687043' target='_blank'><div>ISRCTN13687043</div></a></td>
      <td>Comparative effects of intermittent versus continuous energy restriction on...</td>
      <td>Nutritional, Metabolic, Endocrine</td>
      <td>Adult</td>
      <td>27</td>
    </tr>
  </tbody>
</table>"
352,-36404.91326166598,6700756.652418542,National Institute for Health Research,51.447054,-0.3270309,1.0,1.0,"<table border=""1"" class=""dataframe"">
  <thead>
    <tr style=""text-align: left;"">
      <th>ISRCTN link</th>
      <th>Title</th>
      <th>Condition category</th>
      <th>Age group</th>
      <th>Target number of participants</th>
    </tr>
  </thead>
  <tbody>
    <tr>
      <td><a href='https://www.isrctn.com/ISRCTN26286067' target='_blank'><div>ISRCTN26286067</div></a></td>
      <td>Maintenance Cognitive Stimulation Therapy groups for dementia</td>
      <td>Mental and Behavioural Disorders</td>
      <td>Senior</td>
      <td>230</td>
    </tr>
  </tbody>
</table>"
375,-216286.62390002166,6882505.053271695,Birmingham Women's NHS Foundation Trust,52.4532916,-1.9429358,2.0,5.306765580733931,"<table border=""1"" class=""dataframe"">
  <thead>
    <tr style=""text-align: left;"">
      <th>ISRCTN link</th>
      <th>Title</th>
      <th>Condition category</th>
      <th>Age group</th>
      <th>Target number of participants</th>
    </tr>
  </thead>
  <tbody>
    <tr>
      <td><a href='https://www.isrctn.com/ISRCTN14300475' target='_blank'><div>ISRCTN14300475</div></a></td>
      <td>Evaluation of bespoke training to midwifery teams to increase membrane swee...</td>
      <td>Pregnancy and Childbirth</td>
      <td>Adult</td>
      <td>2787</td>
    </tr>
    <tr>
      <td><a href='https://www.isrctn.com/ISRCTN10833250' target='_blank'><div>ISRCTN10833250</div></a></td>
      <td>APPEAL: Antenatal preventative pelvic floor muscle exercise intervention le...</td>
      <td>Urological and Genital Diseases</td>
      <td>Adult</td>
      <td>1400</td>
    </tr>
  </tbody>
</table>"
385,-197936.97507248726,7102800.401252137,University of Huddersfield,53.64282850000001,-1.7780981,1.0,1.0,"<table border=""1"" class=""dataframe"">
  <thead>
    <tr style=""text-align: left;"">
      <th>ISRCTN link</th>
      <th>Title</th>
      <th>Condition category</th>
      <th>Age group</th>
      <th>Target number of participants</th>
    </tr>
  </thead>
  <tbody>
    <tr>
      <td><a href='https://www.isrctn.com/ISRCTN15747739' target='_blank'><div>ISRCTN15747739</div></a></td>
      <td>The RESPECT Study (Randomised Evaluation of Sexual health Promotion Effecti...</td>
      <td>Mental and Behavioural Disorders</td>
      <td>Adult</td>
      <td>100</td>
    </tr>
  </tbody>
</table>"
388,-15429.17085462378,6721425.621871408,Optimum Health Innovations Ltd,51.5626255,-0.1386026,1.0,1.0,"<table border=""1"" class=""dataframe"">
  <thead>
    <tr style=""text-align: left;"">
      <th>ISRCTN link</th>
      <th>Title</th>
      <th>Condition category</th>
      <th>Age group</th>
      <th>Target number of participants</th>
    </tr>
  </thead>
  <tbody>
    <tr>
      <td><a href='https://www.isrctn.com/ISRCTN14900339' target='_blank'><div>ISRCTN14900339</div></a></td>
      <td>Metabolic education for new diabetics using energy restriction</td>
      <td>Nutritional, Metabolic, Endocrine</td>
      <td>Adult</td>
      <td>12</td>
    </tr>
  </tbody>
</table>"
396,-137509.30456568376,7278984.851181683,Teesside University,54.5706753,-1.2352671,1.0,1.0,"<table border=""1"" class=""dataframe"">
  <thead>
    <tr style=""text-align: left;"">
      <th>ISRCTN link</th>
      <th>Title</th>
      <th>Condition category</th>
      <th>Age group</th>
      <th>Target number of participants</th>
    </tr>
  </thead>
  <tbody>
    <tr>
      <td><a href='https://www.isrctn.com/ISRCTN13924231' target='_blank'><div>ISRCTN13924231</div></a></td>
      <td>Virtual reality augmented exercise in multiple sclerosis patients</td>
      <td>Nervous System Diseases</td>
      <td>Adult</td>
      <td>66</td>
    </tr>
  </tbody>
</table>"
401,1528566.9455639625,6626351.831418069,Technical University Dresden (Technische Universität Dresden),51.0285861,13.7313505,1.0,1.0,"<table border=""1"" class=""dataframe"">
  <thead>
    <tr style=""text-align: left;"">
      <th>ISRCTN link</th>
      <th>Title</th>
      <th>Condition category</th>
      <th>Age group</th>
      <th>Target number of participants</th>
    </tr>
  </thead>
  <tbody>
    <tr>
      <td><a href='https://www.isrctn.com/ISRCTN12608780' target='_blank'><div>ISRCTN12608780</div></a></td>
      <td>Bridging waiting time with internet-based self-help for bulimia nervosa, bi...</td>
      <td>Mental and Behavioural Disorders</td>
      <td>Adult</td>
      <td>275</td>
    </tr>
  </tbody>
</table>"
402,-11406.062193456715,6715222.618165536,City University London,51.5279719,-0.1024624,4.0,9.613531161467861,"<table border=""1"" class=""dataframe"">
  <thead>
    <tr style=""text-align: left;"">
      <th>ISRCTN link</th>
      <th>Title</th>
      <th>Condition category</th>
      <th>Age group</th>
      <th>Target number of participants</th>
    </tr>
  </thead>
  <tbody>
    <tr>
      <td><a href='https://www.isrctn.com/ISRCTN13463507' target='_blank'><div>ISRCTN13463507</div></a></td>
      <td>Evaluating the effects of a virtual communication environment for people wi...</td>
      <td>Signs and Symptoms</td>
      <td>Adult</td>
      <td>20</td>
    </tr>
    <tr>
      <td><a href='https://www.isrctn.com/ISRCTN25895079' target='_blank'><div>ISRCTN25895079</div></a></td>
      <td>Pilot study: impact of gynaecological cancers leaflet in GP practices</td>
      <td>Cancer</td>
      <td>Adult</td>
      <td>16520</td>
    </tr>
    <tr>
      <td><a href='https://www.isrctn.com/ISRCTN11568927' target='_blank'><div>ISRCTN11568927</div></a></td>
      <td>Rainbow Mind: Examining the effectiveness and mechanisms of change of a min...</td>
      <td>Mental and Behavioural Disorders</td>
      <td>Adult</td>
      <td>300</td>
    </tr>
    <tr>
      <td><a href='https://www.isrctn.com/ISRCTN16003313' target='_blank'><div>ISRCTN16003313</div></a></td>
      <td>A brief psychological intervention for self-harm in Emergency Departments</td>
      <td>Mental and Behavioural Disorders</td>
      <td>Adult</td>
      <td>96</td>
    </tr>
  </tbody>
</table>"
406,-477848.38751879334,7533287.522498265,Clinical Trials and Research Governance,55.8735672,-4.2925851,1.0,1.0,"<table border=""1"" class=""dataframe"">
  <thead>
    <tr style=""text-align: left;"">
      <th>ISRCTN link</th>
      <th>Title</th>
      <th>Condition category</th>
      <th>Age group</th>
      <th>Target number of participants</th>
    </tr>
  </thead>
  <tbody>
    <tr>
      <td><a href='https://www.isrctn.com/ISRCTN19316955' target='_blank'><div>ISRCTN19316955</div></a></td>
      <td>Front of pack food Labelling: Impact on Consumer Choice</td>
      <td>Nutritional, Metabolic, Endocrine</td>
      <td>Adult</td>
      <td>1300</td>
    </tr>
  </tbody>
</table>"
408,-166664.9144757065,6971517.17230245,University of Derby,52.9378882,-1.4971764,2.0,5.306765580733931,"<table border=""1"" class=""dataframe"">
  <thead>
    <tr style=""text-align: left;"">
      <th>ISRCTN link</th>
      <th>Title</th>
      <th>Condition category</th>
      <th>Age group</th>
      <th>Target number of participants</th>
    </tr>
  </thead>
  <tbody>
    <tr>
      <td><a href='https://www.isrctn.com/ISRCTN16873876' target='_blank'><div>ISRCTN16873876</div></a></td>
      <td>The impact of adding compassion-focused modules to a commercial weight mana...</td>
      <td>Nutritional, Metabolic, Endocrine</td>
      <td>Adult</td>
      <td>85</td>
    </tr>
    <tr>
      <td><a href='https://www.isrctn.com/ISRCTN61120944' target='_blank'><div>ISRCTN61120944</div></a></td>
      <td>Yoga and quality of life study</td>
      <td>Cancer</td>
      <td>Adult</td>
      <td>54</td>
    </tr>
  </tbody>
</table>"
412,-266071.91731605754,6690662.675864719,Royal National Hospital for Rheumatic Diseases,51.3905065,-2.3901647,2.0,5.306765580733931,"<table border=""1"" class=""dataframe"">
  <thead>
    <tr style=""text-align: left;"">
      <th>ISRCTN link</th>
      <th>Title</th>
      <th>Condition category</th>
      <th>Age group</th>
      <th>Target number of participants</th>
    </tr>
  </thead>
  <tbody>
    <tr>
      <td><a href='https://www.isrctn.com/ISRCTN23962803' target='_blank'><div>ISRCTN23962803</div></a></td>
      <td>MAGENTA: Managed activity graded exercise in teenagers and pre-adolescents</td>
      <td>Nervous System Diseases</td>
      <td>Child</td>
      <td>222</td>
    </tr>
    <tr>
      <td><a href='https://www.isrctn.com/ISRCTN49827391' target='_blank'><div>ISRCTN49827391</div></a></td>
      <td>Contextual Cognitive-Behavioural Therapy (CBT) for the Self-Management of C...</td>
      <td>Signs and Symptoms</td>
      <td>Adult</td>
      <td>60</td>
    </tr>
  </tbody>
</table>"
419,-354811.1176939437,7547616.251346211,Nesta,55.9457131,-3.1873225,1.0,1.0,"<table border=""1"" class=""dataframe"">
  <thead>
    <tr style=""text-align: left;"">
      <th>ISRCTN link</th>
      <th>Title</th>
      <th>Condition category</th>
      <th>Age group</th>
      <th>Target number of participants</th>
    </tr>
  </thead>
  <tbody>
    <tr>
      <td><a href='https://www.isrctn.com/ISRCTN17195519' target='_blank'><div>ISRCTN17195519</div></a></td>
      <td>National evaluation of the impact of code clubs</td>
      <td>Not Applicable</td>
      <td>Child</td>
      <td>600</td>
    </tr>
  </tbody>
</table>"
428,11320797.140803097,349565.4876503971,Ministry of Education Malaysia,3.1386293,101.696451,1.0,1.0,"<table border=""1"" class=""dataframe"">
  <thead>
    <tr style=""text-align: left;"">
      <th>ISRCTN link</th>
      <th>Title</th>
      <th>Condition category</th>
      <th>Age group</th>
      <th>Target number of participants</th>
    </tr>
  </thead>
  <tbody>
    <tr>
      <td><a href='https://www.isrctn.com/ISRCTN16023965' target='_blank'><div>ISRCTN16023965</div></a></td>
      <td>Home-training for hemianopia (partial blindness)</td>
      <td>Eye Diseases</td>
      <td>Mixed</td>
      <td>120</td>
    </tr>
  </tbody>
</table>"
432,-420303.7359762486,6532044.537419647,Dartington Social Research Unit,50.4927025,-3.7756527,2.0,5.306765580733931,"<table border=""1"" class=""dataframe"">
  <thead>
    <tr style=""text-align: left;"">
      <th>ISRCTN link</th>
      <th>Title</th>
      <th>Condition category</th>
      <th>Age group</th>
      <th>Target number of participants</th>
    </tr>
  </thead>
  <tbody>
    <tr>
      <td><a href='https://www.isrctn.com/ISRCTN16157843' target='_blank'><div>ISRCTN16157843</div></a></td>
      <td>An evaluation of Safe Families for Children</td>
      <td>Mental and Behavioural Disorders</td>
      <td>All</td>
      <td>600</td>
    </tr>
    <tr>
      <td><a href='https://www.isrctn.com/ISRCTN23999021' target='_blank'><div>ISRCTN23999021</div></a></td>
      <td>An evaluation of the KiVa Anti-Bullying programme in Welsh Schools</td>
      <td>Mental and Behavioural Disorders</td>
      <td>Child</td>
      <td>22</td>
    </tr>
  </tbody>
</table>"
435,6199.226594990295,6701438.614606272,Oxleas NHS foundation Trust,51.4508719,0.0556886,1.0,1.0,"<table border=""1"" class=""dataframe"">
  <thead>
    <tr style=""text-align: left;"">
      <th>ISRCTN link</th>
      <th>Title</th>
      <th>Condition category</th>
      <th>Age group</th>
      <th>Target number of participants</th>
    </tr>
  </thead>
  <tbody>
    <tr>
      <td><a href='https://www.isrctn.com/ISRCTN11422802' target='_blank'><div>ISRCTN11422802</div></a></td>
      <td>Worry & persecutory delusions: a brief group intervention</td>
      <td>Mental and Behavioural Disorders</td>
      <td>Adult</td>
      <td>20</td>
    </tr>
  </tbody>
</table>"
442,-12774.913443945283,6591502.633947955,Sussex Community NHS Trust,50.8312768,-0.114759,1.0,1.0,"<table border=""1"" class=""dataframe"">
  <thead>
    <tr style=""text-align: left;"">
      <th>ISRCTN link</th>
      <th>Title</th>
      <th>Condition category</th>
      <th>Age group</th>
      <th>Target number of participants</th>
    </tr>
  </thead>
  <tbody>
    <tr>
      <td><a href='https://www.isrctn.com/ISRCTN17624388' target='_blank'><div>ISRCTN17624388</div></a></td>
      <td>Wii Fit and cerebral palsy feasibility study</td>
      <td>Nervous System Diseases</td>
      <td>Adult</td>
      <td>80</td>
    </tr>
  </tbody>
</table>"
443,-24743.3728368387,6708407.224753418,Health Navigator AB,51.4898667,-0.2222735,1.0,1.0,"<table border=""1"" class=""dataframe"">
  <thead>
    <tr style=""text-align: left;"">
      <th>ISRCTN link</th>
      <th>Title</th>
      <th>Condition category</th>
      <th>Age group</th>
      <th>Target number of participants</th>
    </tr>
  </thead>
  <tbody>
    <tr>
      <td><a href='https://www.isrctn.com/ISRCTN12724749' target='_blank'><div>ISRCTN12724749</div></a></td>
      <td>A telephone-based case management intervention for patients at risk of high...</td>
      <td>Not Applicable</td>
      <td>Adult</td>
      <td>7000</td>
    </tr>
  </tbody>
</table>"
448,-120334.09862991657,6914855.051110243,Leicester General Hospital,52.6300327,-1.0809796,1.0,1.0,"<table border=""1"" class=""dataframe"">
  <thead>
    <tr style=""text-align: left;"">
      <th>ISRCTN link</th>
      <th>Title</th>
      <th>Condition category</th>
      <th>Age group</th>
      <th>Target number of participants</th>
    </tr>
  </thead>
  <tbody>
    <tr>
      <td><a href='https://www.isrctn.com/ISRCTN17942821' target='_blank'><div>ISRCTN17942821</div></a></td>
      <td>A self-management programme of activity coping and education - SPACE FOR CO...</td>
      <td>Respiratory</td>
      <td>All</td>
      <td>193</td>
    </tr>
  </tbody>
</table>"
452,-19356.355510574285,6697166.855111391,St George's University of London,51.4269516,-0.1738811,6.0,12.132827525593784,"<table border=""1"" class=""dataframe"">
  <thead>
    <tr style=""text-align: left;"">
      <th>ISRCTN link</th>
      <th>Title</th>
      <th>Condition category</th>
      <th>Age group</th>
      <th>Target number of participants</th>
    </tr>
  </thead>
  <tbody>
    <tr>
      <td><a href='https://www.isrctn.com/ISRCTN98538934' target='_blank'><div>ISRCTN98538934</div></a></td>
      <td>A pedometer intervention to increase walking in adults: Pedometer And Consu...</td>
      <td>Not Applicable</td>
      <td>Adult</td>
      <td>993</td>
    </tr>
    <tr>
      <td><a href='https://www.isrctn.com/ISRCTN61538090' target='_blank'><div>ISRCTN61538090</div></a></td>
      <td>Coping with chronic pain</td>
      <td>Musculoskeletal Diseases</td>
      <td>Adult</td>
      <td>90</td>
    </tr>
    <tr>
      <td><a href='https://www.isrctn.com/ISRCTN10043328' target='_blank'><div>ISRCTN10043328</div></a></td>
      <td>Peer support for discharge from inpatient to community mental health servic...</td>
      <td>Mental and Behavioural Disorders</td>
      <td>Adult</td>
      <td>590</td>
    </tr>
    <tr>
      <td><a href='https://www.isrctn.com/ISRCTN48600346' target='_blank'><div>ISRCTN48600346</div></a></td>
      <td>Trial of physical activity for smoking cessation during pregnancy</td>
      <td>Mental and Behavioural Disorders</td>
      <td>Adult</td>
      <td>866</td>
    </tr>
    <tr>
      <td><a href='https://www.isrctn.com/ISRCTN15853981' target='_blank'><div>ISRCTN15853981</div></a></td>
      <td>Using a smartphone application as an adjunct to counselling in substance mi...</td>
      <td>Mental and Behavioural Disorders</td>
      <td>Adult</td>
      <td>20</td>
    </tr>
    <tr>
      <td><a href='https://www.isrctn.com/ISRCTN15853981' target='_blank'><div>ISRCTN15853981</div></a></td>
      <td>Using a smartphone application as an adjunct to counselling in substance mi...</td>
      <td>Mental and Behavioural Disorders</td>
      <td>Adult</td>
      <td>20</td>
    </tr>
  </tbody>
</table>"
454,-283589.75351253734,6710243.116971506,Centre for Appearance Research,51.5001344,-2.5475301,2.0,5.306765580733931,"<table border=""1"" class=""dataframe"">
  <thead>
    <tr style=""text-align: left;"">
      <th>ISRCTN link</th>
      <th>Title</th>
      <th>Condition category</th>
      <th>Age group</th>
      <th>Target number of participants</th>
    </tr>
  </thead>
  <tbody>
    <tr>
      <td><a href='https://www.isrctn.com/ISRCTN16782819' target='_blank'><div>ISRCTN16782819</div></a></td>
      <td>An evaluation of the Dove Self Esteem Project School Workshops for Body Con...</td>
      <td>Mental and Behavioural Disorders</td>
      <td>Child</td>
      <td>1700</td>
    </tr>
    <tr>
      <td><a href='https://www.isrctn.com/ISRCTN57308485' target='_blank'><div>ISRCTN57308485</div></a></td>
      <td>An evaluation of the Dove Self-Esteem Project Website for Parents among mot...</td>
      <td>Mental and Behavioural Disorders</td>
      <td>Mixed</td>
      <td>240</td>
    </tr>
  </tbody>
</table>"
462,-659448.581664321,7282840.458257047,The Big Lottery Fund,54.5907485,-5.923927399999999,1.0,1.0,"<table border=""1"" class=""dataframe"">
  <thead>
    <tr style=""text-align: left;"">
      <th>ISRCTN link</th>
      <th>Title</th>
      <th>Condition category</th>
      <th>Age group</th>
      <th>Target number of participants</th>
    </tr>
  </thead>
  <tbody>
    <tr>
      <td><a href='https://www.isrctn.com/ISRCTN32083735' target='_blank'><div>ISRCTN32083735</div></a></td>
      <td>Helping Others Parent Empathically: an evaluation of Malachi Community Trus...</td>
      <td>Mental and Behavioural Disorders</td>
      <td>Child</td>
      <td>280</td>
    </tr>
  </tbody>
</table>"
479,-175563.0821249797,7350231.428662039,"Northumberland, Tyne and Wear NHS Foundation Trust",54.9400072,-1.57711,2.0,5.306765580733931,"<table border=""1"" class=""dataframe"">
  <thead>
    <tr style=""text-align: left;"">
      <th>ISRCTN link</th>
      <th>Title</th>
      <th>Condition category</th>
      <th>Age group</th>
      <th>Target number of participants</th>
    </tr>
  </thead>
  <tbody>
    <tr>
      <td><a href='https://www.isrctn.com/ISRCTN15550611' target='_blank'><div>ISRCTN15550611</div></a></td>
      <td>Managing repetitive behaviours parent group study</td>
      <td>Mental and Behavioural Disorders</td>
      <td>Adult</td>
      <td>250</td>
    </tr>
    <tr>
      <td><a href='https://www.isrctn.com/ISRCTN15881562' target='_blank'><div>ISRCTN15881562</div></a></td>
      <td>Personalised anxiety treatment for autism - the PAT-A trial</td>
      <td>Mental and Behavioural Disorders</td>
      <td>Mixed</td>
      <td>40</td>
    </tr>
  </tbody>
</table>"
480,-474306.301509293,7531481.50894859,Breast Cancer Care,55.86446429999999,-4.260765999999999,1.0,1.0,"<table border=""1"" class=""dataframe"">
  <thead>
    <tr style=""text-align: left;"">
      <th>ISRCTN link</th>
      <th>Title</th>
      <th>Condition category</th>
      <th>Age group</th>
      <th>Target number of participants</th>
    </tr>
  </thead>
  <tbody>
    <tr>
      <td><a href='https://www.isrctn.com/ISRCTN14016157' target='_blank'><div>ISRCTN14016157</div></a></td>
      <td>Promoting wellbeing, equality, and support in breast cancer survivorship</td>
      <td>Cancer</td>
      <td>Adult</td>
      <td>60</td>
    </tr>
  </tbody>
</table>"
490,140531.19459470702,6915616.640589995,NHS Norfolk,52.634185,1.2624132,1.0,1.0,"<table border=""1"" class=""dataframe"">
  <thead>
    <tr style=""text-align: left;"">
      <th>ISRCTN link</th>
      <th>Title</th>
      <th>Condition category</th>
      <th>Age group</th>
      <th>Target number of participants</th>
    </tr>
  </thead>
  <tbody>
    <tr>
      <td><a href='https://www.isrctn.com/ISRCTN68270406' target='_blank'><div>ISRCTN68270406</div></a></td>
      <td>Fun and Fit Norfolk: Evaluating different methods of recruiting and engagin...</td>
      <td>Not Applicable</td>
      <td>Adult</td>
      <td>3000</td>
    </tr>
  </tbody>
</table>"
493,-146911.14838300023,6723712.163575512,Medical Research Council Human Nutrition Research,51.5753928,-1.3197253,1.0,1.0,"<table border=""1"" class=""dataframe"">
  <thead>
    <tr style=""text-align: left;"">
      <th>ISRCTN link</th>
      <th>Title</th>
      <th>Condition category</th>
      <th>Age group</th>
      <th>Target number of participants</th>
    </tr>
  </thead>
  <tbody>
    <tr>
      <td><a href='https://www.isrctn.com/ISRCTN85485463' target='_blank'><div>ISRCTN85485463</div></a></td>
      <td>A randomised controlled trial to investigate the effectiveness of two commo...</td>
      <td>Nutritional, Metabolic, Endocrine</td>
      <td>Adult</td>
      <td>804</td>
    </tr>
  </tbody>
</table>"
501,-19506.33626052006,6697097.476211271,St George's Healthcare NHS Trust,51.42656299999999,-0.1752284,2.0,5.306765580733931,"<table border=""1"" class=""dataframe"">
  <thead>
    <tr style=""text-align: left;"">
      <th>ISRCTN link</th>
      <th>Title</th>
      <th>Condition category</th>
      <th>Age group</th>
      <th>Target number of participants</th>
    </tr>
  </thead>
  <tbody>
    <tr>
      <td><a href='https://www.isrctn.com/ISRCTN24000891' target='_blank'><div>ISRCTN24000891</div></a></td>
      <td>Increasing opportunities of older residents in care homes to engage in acti...</td>
      <td>Signs and Symptoms</td>
      <td>Not Specified</td>
      <td>114</td>
    </tr>
    <tr>
      <td><a href='https://www.isrctn.com/ISRCTN24000891' target='_blank'><div>ISRCTN24000891</div></a></td>
      <td>Increasing opportunities of older residents in care homes to engage in acti...</td>
      <td>Signs and Symptoms</td>
      <td>Not Specified</td>
      <td>114</td>
    </tr>
  </tbody>
</table>"
518,15310.66012472526,6831680.023198534,MRC Human Nutrition Research,52.1741751,0.137538,1.0,1.0,"<table border=""1"" class=""dataframe"">
  <thead>
    <tr style=""text-align: left;"">
      <th>ISRCTN link</th>
      <th>Title</th>
      <th>Condition category</th>
      <th>Age group</th>
      <th>Target number of participants</th>
    </tr>
  </thead>
  <tbody>
    <tr>
      <td><a href='https://www.isrctn.com/ISRCTN20814693' target='_blank'><div>ISRCTN20814693</div></a></td>
      <td>Baby Milk Study: establishing a healthy growth trajectory from birth</td>
      <td>Nutritional, Metabolic, Endocrine</td>
      <td>Neonate</td>
      <td>700</td>
    </tr>
  </tbody>
</table>"
524,-272086.6095911598,6571437.575208699,Dorset HealthCare University NHS Foundation Trust,50.7172925,-2.4441956,2.0,5.306765580733931,"<table border=""1"" class=""dataframe"">
  <thead>
    <tr style=""text-align: left;"">
      <th>ISRCTN link</th>
      <th>Title</th>
      <th>Condition category</th>
      <th>Age group</th>
      <th>Target number of participants</th>
    </tr>
  </thead>
  <tbody>
    <tr>
      <td><a href='https://www.isrctn.com/ISRCTN52125767' target='_blank'><div>ISRCTN52125767</div></a></td>
      <td>Does dialectical behaviour therapy (DBT) reduce hospital utilisation by sel...</td>
      <td>Mental and Behavioural Disorders</td>
      <td>Adult</td>
      <td>48</td>
    </tr>
    <tr>
      <td><a href='https://www.isrctn.com/ISRCTN18382289' target='_blank'><div>ISRCTN18382289</div></a></td>
      <td>Ameliorating patient stigma amongst staff working with personality disorder</td>
      <td>Mental and Behavioural Disorders</td>
      <td>Adult</td>
      <td>150</td>
    </tr>
  </tbody>
</table>"
532,-160342.88021847306,6876780.769194723,University Hospitals Coventry and Warwickshire NHS Trust,52.4219434,-1.4403846,2.0,5.306765580733931,"<table border=""1"" class=""dataframe"">
  <thead>
    <tr style=""text-align: left;"">
      <th>ISRCTN link</th>
      <th>Title</th>
      <th>Condition category</th>
      <th>Age group</th>
      <th>Target number of participants</th>
    </tr>
  </thead>
  <tbody>
    <tr>
      <td><a href='https://www.isrctn.com/ISRCTN10608766' target='_blank'><div>ISRCTN10608766</div></a></td>
      <td>Supervised Pulmonary Hypertension Exercise REhabilitation (SPHERe) trial</td>
      <td>Circulatory System</td>
      <td>Adult</td>
      <td>352</td>
    </tr>
    <tr>
      <td><a href='https://www.isrctn.com/ISRCTN35358984' target='_blank'><div>ISRCTN35358984</div></a></td>
      <td>Exercise to prevent shoulder problems in patients undergoing breast cancer ...</td>
      <td>Cancer</td>
      <td>Adult</td>
      <td>350</td>
    </tr>
  </tbody>
</table>"
539,100071.21284606724,6783843.872626643,Colchester Hospital University NHS Foundation Trust,51.9098628,0.8989549999999998,1.0,1.0,"<table border=""1"" class=""dataframe"">
  <thead>
    <tr style=""text-align: left;"">
      <th>ISRCTN link</th>
      <th>Title</th>
      <th>Condition category</th>
      <th>Age group</th>
      <th>Target number of participants</th>
    </tr>
  </thead>
  <tbody>
    <tr>
      <td><a href='https://www.isrctn.com/ISRCTN74075972' target='_blank'><div>ISRCTN74075972</div></a></td>
      <td>Modified Pilates as an adjunct treatment for urinary incontinence</td>
      <td>Urological and Genital Diseases</td>
      <td>Adult</td>
      <td>100</td>
    </tr>
  </tbody>
</table>"
572,-123520.52999828137,7081784.485567878,Doncaster and Bassetlaw Hospitals NHS Foundation Trust,53.53076249999999,-1.1096038,1.0,1.0,"<table border=""1"" class=""dataframe"">
  <thead>
    <tr style=""text-align: left;"">
      <th>ISRCTN link</th>
      <th>Title</th>
      <th>Condition category</th>
      <th>Age group</th>
      <th>Target number of participants</th>
    </tr>
  </thead>
  <tbody>
    <tr>
      <td><a href='https://www.isrctn.com/ISRCTN84709751' target='_blank'><div>ISRCTN84709751</div></a></td>
      <td>A self-managed exercise programme versus usual physiotherapy for chronic ro...</td>
      <td>Musculoskeletal Diseases</td>
      <td>Adult</td>
      <td>78</td>
    </tr>
  </tbody>
</table>"
576,-158716.70283306675,7131604.89741827,Leeds Partnerships NHS Foundation Trust,53.7959442,-1.4257764,4.0,9.613531161467861,"<table border=""1"" class=""dataframe"">
  <thead>
    <tr style=""text-align: left;"">
      <th>ISRCTN link</th>
      <th>Title</th>
      <th>Condition category</th>
      <th>Age group</th>
      <th>Target number of participants</th>
    </tr>
  </thead>
  <tbody>
    <tr>
      <td><a href='https://www.isrctn.com/ISRCTN47728072' target='_blank'><div>ISRCTN47728072</div></a></td>
      <td>Addressing Drinking Among Patients: comparing Two Approaches</td>
      <td>Mental and Behavioural Disorders</td>
      <td>Adult</td>
      <td>222</td>
    </tr>
    <tr>
      <td><a href='https://www.isrctn.com/ISRCTN11634810' target='_blank'><div>ISRCTN11634810</div></a></td>
      <td>A primary school research study to establish whether Social Stories™ can im...</td>
      <td>Mental and Behavioural Disorders</td>
      <td>Child</td>
      <td>278</td>
    </tr>
    <tr>
      <td><a href='https://www.isrctn.com/ISRCTN19883421' target='_blank'><div>ISRCTN19883421</div></a></td>
      <td>Alleviating specific phobias experienced by children trial (ASPECT)</td>
      <td>Mental and Behavioural Disorders</td>
      <td>Child</td>
      <td>246</td>
    </tr>
    <tr>
      <td><a href='https://www.isrctn.com/ISRCTN86725795' target='_blank'><div>ISRCTN86725795</div></a></td>
      <td>A research project for children with hard to treat behaviour problems</td>
      <td>Mental and Behavioural Disorders</td>
      <td>Adult</td>
      <td>60</td>
    </tr>
  </tbody>
</table>"
600,-9994.341807063656,6704913.579403634,Institute of Psychiatry,51.4703212,-0.08978069999999999,5.0,11.0,"<table border=""1"" class=""dataframe"">
  <thead>
    <tr style=""text-align: left;"">
      <th>ISRCTN link</th>
      <th>Title</th>
      <th>Condition category</th>
      <th>Age group</th>
      <th>Target number of participants</th>
    </tr>
  </thead>
  <tbody>
    <tr>
      <td><a href='https://www.isrctn.com/ISRCTN61115988' target='_blank'><div>ISRCTN61115988</div></a></td>
      <td>Efficacy and acceptability of a new emotional and social mind group trainin...</td>
      <td>Mental and Behavioural Disorders</td>
      <td>Adult</td>
      <td>76</td>
    </tr>
    <tr>
      <td><a href='https://www.isrctn.com/ISRCTN91411078' target='_blank'><div>ISRCTN91411078</div></a></td>
      <td>Autism spectrum treatment and resilience (ASTAR)</td>
      <td>Mental and Behavioural Disorders</td>
      <td>Mixed</td>
      <td>84</td>
    </tr>
    <tr>
      <td><a href='https://www.isrctn.com/ISRCTN30480505' target='_blank'><div>ISRCTN30480505</div></a></td>
      <td>Randomised controlled trial of brief cognitive therapy for posttraumatic st...</td>
      <td>Mental and Behavioural Disorders</td>
      <td>Adult</td>
      <td>90</td>
    </tr>
    <tr>
      <td><a href='https://www.isrctn.com/ISRCTN65854845' target='_blank'><div>ISRCTN65854845</div></a></td>
      <td>Can a brief cognitive intervention assist smokers in giving up?</td>
      <td>Mental and Behavioural Disorders</td>
      <td>Adult</td>
      <td>140</td>
    </tr>
    <tr>
      <td><a href='https://www.isrctn.com/ISRCTN78697391' target='_blank'><div>ISRCTN78697391</div></a></td>
      <td>Turning the curse into a blessing: using mindfulness to reduce suspiciousne...</td>
      <td>Mental and Behavioural Disorders</td>
      <td>Adult</td>
      <td>40</td>
    </tr>
  </tbody>
</table>"
620,-481013.30082958785,7535282.289562013,NHS Greater Glasgow and Clyde,55.883619,-4.321016,7.0,13.090619551221675,"<table border=""1"" class=""dataframe"">
  <thead>
    <tr style=""text-align: left;"">
      <th>ISRCTN link</th>
      <th>Title</th>
      <th>Condition category</th>
      <th>Age group</th>
      <th>Target number of participants</th>
    </tr>
  </thead>
  <tbody>
    <tr>
      <td><a href='https://www.isrctn.com/ISRCTN62181241' target='_blank'><div>ISRCTN62181241</div></a></td>
      <td>Safety planning intervention with follow-up telephone contact to reduce sui...</td>
      <td>Mental and Behavioural Disorders</td>
      <td>Adult</td>
      <td>150</td>
    </tr>
    <tr>
      <td><a href='https://www.isrctn.com/ISRCTN99559262' target='_blank'><div>ISRCTN99559262</div></a></td>
      <td>Early signs monitoring to prevent relapse and promote wellbeing, engagement...</td>
      <td>Mental and Behavioural Disorders</td>
      <td>Adult</td>
      <td>86</td>
    </tr>
    <tr>
      <td><a href='https://www.isrctn.com/ISRCTN50494254' target='_blank'><div>ISRCTN50494254</div></a></td>
      <td>The impact of a walking intervention on the physical activity levels and he...</td>
      <td>Mental and Behavioural Disorders</td>
      <td>Adult</td>
      <td>100</td>
    </tr>
    <tr>
      <td><a href='https://www.isrctn.com/ISRCTN85615983' target='_blank'><div>ISRCTN85615983</div></a></td>
      <td>Public title as of 17/09/2018\n'Helpmedoit!' an app, web and social support ...</td>
      <td>Nutritional, Metabolic, Endocrine</td>
      <td>Adult</td>
      <td>120</td>
    </tr>
    <tr>
      <td><a href='https://www.isrctn.com/ISRCTN03267836' target='_blank'><div>ISRCTN03267836</div></a></td>
      <td>Diabetes Remission Clinical Trial</td>
      <td>Nutritional, Metabolic, Endocrine</td>
      <td>Adult</td>
      <td>280</td>
    </tr>
    <tr>
      <td><a href='https://www.isrctn.com/ISRCTN77608320' target='_blank'><div>ISRCTN77608320</div></a></td>
      <td>Rehabilitation evaluation in survivors of testicular cancer after radical t...</td>
      <td>Cancer</td>
      <td>Adult</td>
      <td>32</td>
    </tr>
    <tr>
      <td><a href='https://www.isrctn.com/ISRCTN53784122' target='_blank'><div>ISRCTN53784122</div></a></td>
      <td>Understanding delivery of a new home rehabilitation programme for people wi...</td>
      <td>Circulatory System</td>
      <td>Adult</td>
      <td>280</td>
    </tr>
  </tbody>
</table>"
642,-168519.38587283163,6966458.236032163,Royal Derby Hospital,52.9104906,-1.5138354,1.0,1.0,"<table border=""1"" class=""dataframe"">
  <thead>
    <tr style=""text-align: left;"">
      <th>ISRCTN link</th>
      <th>Title</th>
      <th>Condition category</th>
      <th>Age group</th>
      <th>Target number of participants</th>
    </tr>
  </thead>
  <tbody>
    <tr>
      <td><a href='https://www.isrctn.com/ISRCTN61657013' target='_blank'><div>ISRCTN61657013</div></a></td>
      <td>Long term and clinical impact of the Lifestyle Management for Arthritis Pro...</td>
      <td>Musculoskeletal Diseases</td>
      <td>Adult</td>
      <td>293</td>
    </tr>
  </tbody>
</table>"
723,-473308.8788717854,7531436.418090165,Glasgow Institute of Psychosocial Interventions (GIPSI),55.864237,-4.251806,1.0,1.0,"<table border=""1"" class=""dataframe"">
  <thead>
    <tr style=""text-align: left;"">
      <th>ISRCTN link</th>
      <th>Title</th>
      <th>Condition category</th>
      <th>Age group</th>
      <th>Target number of participants</th>
    </tr>
  </thead>
  <tbody>
    <tr>
      <td><a href='https://www.isrctn.com/ISRCTN71327173' target='_blank'><div>ISRCTN71327173</div></a></td>
      <td>A pilot research project into the use of online resources for low mood and ...</td>
      <td>Mental and Behavioural Disorders</td>
      <td>Adult</td>
      <td>100</td>
    </tr>
  </tbody>
</table>"
726,-11834.375066232915,6712606.173857521,The Health Foundation,51.513347,-0.10631,1.0,1.0,"<table border=""1"" class=""dataframe"">
  <thead>
    <tr style=""text-align: left;"">
      <th>ISRCTN link</th>
      <th>Title</th>
      <th>Condition category</th>
      <th>Age group</th>
      <th>Target number of participants</th>
    </tr>
  </thead>
  <tbody>
    <tr>
      <td><a href='https://www.isrctn.com/ISRCTN11275465' target='_blank'><div>ISRCTN11275465</div></a></td>
      <td>A MultiCentre randomised Trial of the outcome, acceptability and cost-effec...</td>
      <td>Mental and Behavioural Disorders</td>
      <td>Child</td>
      <td>400</td>
    </tr>
  </tbody>
</table>"
748,-15834.663231787357,6714550.505244483,Central and North West London NHS Foundation Trust,51.5242155,-0.1422452,3.0,7.826061944859854,"<table border=""1"" class=""dataframe"">
  <thead>
    <tr style=""text-align: left;"">
      <th>ISRCTN link</th>
      <th>Title</th>
      <th>Condition category</th>
      <th>Age group</th>
      <th>Target number of participants</th>
    </tr>
  </thead>
  <tbody>
    <tr>
      <td><a href='https://www.isrctn.com/ISRCTN10052006' target='_blank'><div>ISRCTN10052006</div></a></td>
      <td>Boosting baby behaviour and bonding for parents with enduring difficulties ...</td>
      <td>Mental and Behavioural Disorders</td>
      <td>Adult</td>
      <td>48</td>
    </tr>
    <tr>
      <td><a href='https://www.isrctn.com/ISRCTN14994755' target='_blank'><div>ISRCTN14994755</div></a></td>
      <td>Low intensity psychological support for people with personality disorder: R...</td>
      <td>Mental and Behavioural Disorders</td>
      <td>Adult</td>
      <td>60</td>
    </tr>
    <tr>
      <td><a href='https://www.isrctn.com/ISRCTN95282830' target='_blank'><div>ISRCTN95282830</div></a></td>
      <td>The ACORN study: Coping and Relaxation in Pregnancy</td>
      <td>Pregnancy and Childbirth</td>
      <td>Adult</td>
      <td>66</td>
    </tr>
  </tbody>
</table>"
798,-201901.25138277007,7346226.08399096,Newcastle Primary Care Trust,54.9193334,-1.8137098,1.0,1.0,"<table border=""1"" class=""dataframe"">
  <thead>
    <tr style=""text-align: left;"">
      <th>ISRCTN link</th>
      <th>Title</th>
      <th>Condition category</th>
      <th>Age group</th>
      <th>Target number of participants</th>
    </tr>
  </thead>
  <tbody>
    <tr>
      <td><a href='https://www.isrctn.com/ISRCTN15670600' target='_blank'><div>ISRCTN15670600</div></a></td>
      <td>The European Diabetes Prevention Study</td>
      <td>Nutritional, Metabolic, Endocrine</td>
      <td>Adult</td>
      <td>104</td>
    </tr>
  </tbody>
</table>"
824,-3064.569921793425,6688993.114235685,South London and Maudsley NHS Foundation Trust,51.3811467,-0.0275295,7.0,13.090619551221675,"<table border=""1"" class=""dataframe"">
  <thead>
    <tr style=""text-align: left;"">
      <th>ISRCTN link</th>
      <th>Title</th>
      <th>Condition category</th>
      <th>Age group</th>
      <th>Target number of participants</th>
    </tr>
  </thead>
  <tbody>
    <tr>
      <td><a href='https://www.isrctn.com/ISRCTN58958179' target='_blank'><div>ISRCTN58958179</div></a></td>
      <td>Telephone delivered Incentives (verbal praise and small financial incentive...</td>
      <td>Mental and Behavioural Disorders</td>
      <td>Adult</td>
      <td>60</td>
    </tr>
    <tr>
      <td><a href='https://www.isrctn.com/ISRCTN13549282' target='_blank'><div>ISRCTN13549282</div></a></td>
      <td>Education and Employment focused Individual Placement and Support (IPS) for...</td>
      <td>Mental and Behavioural Disorders</td>
      <td>Adult</td>
      <td>25</td>
    </tr>
    <tr>
      <td><a href='https://www.isrctn.com/ISRCTN17706836' target='_blank'><div>ISRCTN17706836</div></a></td>
      <td>Sleep, wake and light therapy for depression</td>
      <td>Mental and Behavioural Disorders</td>
      <td>Adult</td>
      <td>60</td>
    </tr>
    <tr>
      <td><a href='https://www.isrctn.com/ISRCTN66109369' target='_blank'><div>ISRCTN66109369</div></a></td>
      <td>Group intervention to reduce intimate partner abuse by men in substance use...</td>
      <td>Mental and Behavioural Disorders</td>
      <td>Adult</td>
      <td>378</td>
    </tr>
    <tr>
      <td><a href='https://www.isrctn.com/ISRCTN93382525' target='_blank'><div>ISRCTN93382525</div></a></td>
      <td>STAR (Study of Trauma And Recovery): a trial of trauma-focused psychologica...</td>
      <td>Mental and Behavioural Disorders</td>
      <td>Adult</td>
      <td>300</td>
    </tr>
    <tr>
      <td><a href='https://www.isrctn.com/ISRCTN14644379' target='_blank'><div>ISRCTN14644379</div></a></td>
      <td>A patient and carer shared management intervention for anorexia</td>
      <td>Mental and Behavioural Disorders</td>
      <td>Adult</td>
      <td>380</td>
    </tr>
    <tr>
      <td><a href='https://www.isrctn.com/ISRCTN79435190' target='_blank'><div>ISRCTN79435190</div></a></td>
      <td>Group intervention to reduce intimate partner abuse by men in substance use...</td>
      <td>Mental and Behavioural Disorders</td>
      <td>Adult</td>
      <td>184</td>
    </tr>
  </tbody>
</table>"
829,-180513.8272348762,7364003.475199048,Northern Primary Care Research Network (NoReN),55.0110113,-1.6215833,1.0,1.0,"<table border=""1"" class=""dataframe"">
  <thead>
    <tr style=""text-align: left;"">
      <th>ISRCTN link</th>
      <th>Title</th>
      <th>Condition category</th>
      <th>Age group</th>
      <th>Target number of participants</th>
    </tr>
  </thead>
  <tbody>
    <tr>
      <td><a href='https://www.isrctn.com/ISRCTN67674151' target='_blank'><div>ISRCTN67674151</div></a></td>
      <td>A nurse-led intervention to enhance medication adherence in ulcerative coli...</td>
      <td>Digestive System</td>
      <td>Adult</td>
      <td>106</td>
    </tr>
  </tbody>
</table>"
864,-711.1423030346697,6707177.275809403,University of Greenwich,51.4829866,-0.0063883,1.0,1.0,"<table border=""1"" class=""dataframe"">
  <thead>
    <tr style=""text-align: left;"">
      <th>ISRCTN link</th>
      <th>Title</th>
      <th>Condition category</th>
      <th>Age group</th>
      <th>Target number of participants</th>
    </tr>
  </thead>
  <tbody>
    <tr>
      <td><a href='https://www.isrctn.com/ISRCTN13024854' target='_blank'><div>ISRCTN13024854</div></a></td>
      <td>The effects of different community fitness centre based interventions in se...</td>
      <td>Not Applicable</td>
      <td>Adult</td>
      <td>2080</td>
    </tr>
  </tbody>
</table>"
865,-118223.30297329082,6585873.815537944,St.Marys NHS Treatment Centre,50.799329,-1.062018,1.0,1.0,"<table border=""1"" class=""dataframe"">
  <thead>
    <tr style=""text-align: left;"">
      <th>ISRCTN link</th>
      <th>Title</th>
      <th>Condition category</th>
      <th>Age group</th>
      <th>Target number of participants</th>
    </tr>
  </thead>
  <tbody>
    <tr>
      <td><a href='https://www.isrctn.com/ISRCTN77954447' target='_blank'><div>ISRCTN77954447</div></a></td>
      <td>Brief health promotion intervention in walk-in unit: Randomised controlled ...</td>
      <td>Respiratory</td>
      <td>Adult</td>
      <td>204</td>
    </tr>
  </tbody>
</table>"
867,-304920.57169936283,7297760.34256724,Bupa,54.6683318,-2.7391481,1.0,1.0,"<table border=""1"" class=""dataframe"">
  <thead>
    <tr style=""text-align: left;"">
      <th>ISRCTN link</th>
      <th>Title</th>
      <th>Condition category</th>
      <th>Age group</th>
      <th>Target number of participants</th>
    </tr>
  </thead>
  <tbody>
    <tr>
      <td><a href='https://www.isrctn.com/ISRCTN10548241' target='_blank'><div>ISRCTN10548241</div></a></td>
      <td>Study of effectiveness of a smartphone application for quitting smoking.</td>
      <td>Mental and Behavioural Disorders</td>
      <td>Other</td>
      <td>816</td>
    </tr>
  </tbody>
</table>"
870,36518.12518380273,6698139.025180264,My Pain Ltd,51.4323965,0.3280479,1.0,1.0,"<table border=""1"" class=""dataframe"">
  <thead>
    <tr style=""text-align: left;"">
      <th>ISRCTN link</th>
      <th>Title</th>
      <th>Condition category</th>
      <th>Age group</th>
      <th>Target number of participants</th>
    </tr>
  </thead>
  <tbody>
    <tr>
      <td><a href='https://www.isrctn.com/ISRCTN11752770' target='_blank'><div>ISRCTN11752770</div></a></td>
      <td>An evaluation of an online pain management programme\n</td>
      <td>Signs and Symptoms</td>
      <td>Adult</td>
      <td>15</td>
    </tr>
  </tbody>
</table>"
872,-173903.98756614584,7362473.373013577,Newcastle United Foundation,55.0031288,-1.5622061,1.0,1.0,"<table border=""1"" class=""dataframe"">
  <thead>
    <tr style=""text-align: left;"">
      <th>ISRCTN link</th>
      <th>Title</th>
      <th>Condition category</th>
      <th>Age group</th>
      <th>Target number of participants</th>
    </tr>
  </thead>
  <tbody>
    <tr>
      <td><a href='https://www.isrctn.com/ISRCTN14046627' target='_blank'><div>ISRCTN14046627</div></a></td>
      <td>A pilot study to assess whether delivery of a health and well-being program...</td>
      <td>Not Applicable</td>
      <td>Adult</td>
      <td>92</td>
    </tr>
  </tbody>
</table>"
874,-700694.85750423,7046458.344145419,Institute for Health Research,53.341718,-6.294448999999999,2.0,5.306765580733931,"<table border=""1"" class=""dataframe"">
  <thead>
    <tr style=""text-align: left;"">
      <th>ISRCTN link</th>
      <th>Title</th>
      <th>Condition category</th>
      <th>Age group</th>
      <th>Target number of participants</th>
    </tr>
  </thead>
  <tbody>
    <tr>
      <td><a href='https://www.isrctn.com/ISRCTN62454430' target='_blank'><div>ISRCTN62454430</div></a></td>
      <td>Reducing obesity in pre-school children: Implementation and Effectiveness o...</td>
      <td>Nutritional, Metabolic, Endocrine</td>
      <td>Mixed</td>
      <td>200</td>
    </tr>
    <tr>
      <td><a href='https://www.isrctn.com/ISRCTN14311503' target='_blank'><div>ISRCTN14311503</div></a></td>
      <td>Reduction and prevention of aggression and behavioural problems in disadvan...</td>
      <td>Mental and Behavioural Disorders</td>
      <td>Mixed</td>
      <td>100</td>
    </tr>
  </tbody>
</table>"
875,-45529.6160747035,6777444.026645771,Flying Start Luton; National Institute for Health Research,51.8743827,-0.4089995,2.0,5.306765580733931,"<table border=""1"" class=""dataframe"">
  <thead>
    <tr style=""text-align: left;"">
      <th>ISRCTN link</th>
      <th>Title</th>
      <th>Condition category</th>
      <th>Age group</th>
      <th>Target number of participants</th>
    </tr>
  </thead>
  <tbody>
    <tr>
      <td><a href='https://www.isrctn.com/ISRCTN62454430' target='_blank'><div>ISRCTN62454430</div></a></td>
      <td>Reducing obesity in pre-school children: Implementation and Effectiveness o...</td>
      <td>Nutritional, Metabolic, Endocrine</td>
      <td>Mixed</td>
      <td>200</td>
    </tr>
    <tr>
      <td><a href='https://www.isrctn.com/ISRCTN14311503' target='_blank'><div>ISRCTN14311503</div></a></td>
      <td>Reduction and prevention of aggression and behavioural problems in disadvan...</td>
      <td>Mental and Behavioural Disorders</td>
      <td>Mixed</td>
      <td>100</td>
    </tr>
  </tbody>
</table>"
876,-14954.582469524817,6714133.656335116,Weight Concern,51.5218856,-0.1343393,1.0,1.0,"<table border=""1"" class=""dataframe"">
  <thead>
    <tr style=""text-align: left;"">
      <th>ISRCTN link</th>
      <th>Title</th>
      <th>Condition category</th>
      <th>Age group</th>
      <th>Target number of participants</th>
    </tr>
  </thead>
  <tbody>
    <tr>
      <td><a href='https://www.isrctn.com/ISRCTN10470937' target='_blank'><div>ISRCTN10470937</div></a></td>
      <td>Top Tips habit-based weight loss app study</td>
      <td>Nutritional, Metabolic, Endocrine</td>
      <td>Adult</td>
      <td>75</td>
    </tr>
  </tbody>
</table>"
877,-138036.79197280767,6754608.670183744,White October,51.7475574,-1.2400056,1.0,1.0,"<table border=""1"" class=""dataframe"">
  <thead>
    <tr style=""text-align: left;"">
      <th>ISRCTN link</th>
      <th>Title</th>
      <th>Condition category</th>
      <th>Age group</th>
      <th>Target number of participants</th>
    </tr>
  </thead>
  <tbody>
    <tr>
      <td><a href='https://www.isrctn.com/ISRCTN10470937' target='_blank'><div>ISRCTN10470937</div></a></td>
      <td>Top Tips habit-based weight loss app study</td>
      <td>Nutritional, Metabolic, Endocrine</td>
      <td>Adult</td>
      <td>75</td>
    </tr>
  </tbody>
</table>"
879,-25298.645588864623,6694249.558451794,Allen Carr's Easyway (International) Ltd,51.4106086,-0.2272616,1.0,1.0,"<table border=""1"" class=""dataframe"">
  <thead>
    <tr style=""text-align: left;"">
      <th>ISRCTN link</th>
      <th>Title</th>
      <th>Condition category</th>
      <th>Age group</th>
      <th>Target number of participants</th>
    </tr>
  </thead>
  <tbody>
    <tr>
      <td><a href='https://www.isrctn.com/ISRCTN23584477' target='_blank'><div>ISRCTN23584477</div></a></td>
      <td>Study comparing two stop smoking intervention efficacies</td>
      <td>Mental and Behavioural Disorders</td>
      <td>Adult</td>
      <td>620</td>
    </tr>
  </tbody>
</table>"
889,-127346.88145947133,6974081.5983997835,Biotaware Ltd,52.9517697,-1.1439765,1.0,1.0,"<table border=""1"" class=""dataframe"">
  <thead>
    <tr style=""text-align: left;"">
      <th>ISRCTN link</th>
      <th>Title</th>
      <th>Condition category</th>
      <th>Age group</th>
      <th>Target number of participants</th>
    </tr>
  </thead>
  <tbody>
    <tr>
      <td><a href='https://www.isrctn.com/ISRCTN11004397' target='_blank'><div>ISRCTN11004397</div></a></td>
      <td>Cognitive and behavioural biomarkers for the treatment of mental health con...</td>
      <td>Mental and Behavioural Disorders</td>
      <td>Adult</td>
      <td>200</td>
    </tr>
  </tbody>
</table>"
890,-264778.95256244275,6687733.204620872,Mayden House Limited,51.3740822,-2.3785498,1.0,1.0,"<table border=""1"" class=""dataframe"">
  <thead>
    <tr style=""text-align: left;"">
      <th>ISRCTN link</th>
      <th>Title</th>
      <th>Condition category</th>
      <th>Age group</th>
      <th>Target number of participants</th>
    </tr>
  </thead>
  <tbody>
    <tr>
      <td><a href='https://www.isrctn.com/ISRCTN11330268' target='_blank'><div>ISRCTN11330268</div></a></td>
      <td>A randomised controlled trial to measure the impact of behavioural SMS remi...</td>
      <td>Mental and Behavioural Disorders</td>
      <td>Adult</td>
      <td>10000</td>
    </tr>
  </tbody>
</table>"
893,-14332.373307684895,6714896.485103432,Intensive Care National Audit and Research Centre,51.5261492,-0.1287499,2.0,5.306765580733931,"<table border=""1"" class=""dataframe"">
  <thead>
    <tr style=""text-align: left;"">
      <th>ISRCTN link</th>
      <th>Title</th>
      <th>Condition category</th>
      <th>Age group</th>
      <th>Target number of participants</th>
    </tr>
  </thead>
  <tbody>
    <tr>
      <td><a href='https://www.isrctn.com/ISRCTN61088114' target='_blank'><div>ISRCTN61088114</div></a></td>
      <td>Provision Of Psychological support to People in Intensive care (POPPI): fea...</td>
      <td>Mental and Behavioural Disorders</td>
      <td>Adult</td>
      <td>110</td>
    </tr>
    <tr>
      <td><a href='https://www.isrctn.com/ISRCTN53448131' target='_blank'><div>ISRCTN53448131</div></a></td>
      <td>Provision of psychological support to people in intensive care (v1.0)</td>
      <td>Mental and Behavioural Disorders</td>
      <td>Adult</td>
      <td>1378</td>
    </tr>
  </tbody>
</table>"
897,13273.925325324291,6835030.559955843,MRC Cognition and Brain Sciences Unit,52.1926295,0.1192417,1.0,1.0,"<table border=""1"" class=""dataframe"">
  <thead>
    <tr style=""text-align: left;"">
      <th>ISRCTN link</th>
      <th>Title</th>
      <th>Condition category</th>
      <th>Age group</th>
      <th>Target number of participants</th>
    </tr>
  </thead>
  <tbody>
    <tr>
      <td><a href='https://www.isrctn.com/ISRCTN11489327' target='_blank'><div>ISRCTN11489327</div></a></td>
      <td>Can 1 month of daily computer training help improve memory and attention in...</td>
      <td>Mental and Behavioural Disorders</td>
      <td>Adult</td>
      <td>25</td>
    </tr>
  </tbody>
</table>"
898,-390131.96835841757,6571487.683851399,Royal Devon and Exeter NHS Foundation Trust,50.7175775,-3.5046151,1.0,1.0,"<table border=""1"" class=""dataframe"">
  <thead>
    <tr style=""text-align: left;"">
      <th>ISRCTN link</th>
      <th>Title</th>
      <th>Condition category</th>
      <th>Age group</th>
      <th>Target number of participants</th>
    </tr>
  </thead>
  <tbody>
    <tr>
      <td><a href='https://www.isrctn.com/ISRCTN15811706' target='_blank'><div>ISRCTN15811706</div></a></td>
      <td>Healthy Lifestyles Programme to prevent childhood obesity</td>
      <td>Nutritional, Metabolic, Endocrine</td>
      <td>Child</td>
      <td>1000</td>
    </tr>
  </tbody>
</table>"
900,-660848.2684137594,7286371.64180247,Belfast Health and Social Care Trust,54.60912399999999,-5.936501,1.0,1.0,"<table border=""1"" class=""dataframe"">
  <thead>
    <tr style=""text-align: left;"">
      <th>ISRCTN link</th>
      <th>Title</th>
      <th>Condition category</th>
      <th>Age group</th>
      <th>Target number of participants</th>
    </tr>
  </thead>
  <tbody>
    <tr>
      <td><a href='https://www.isrctn.com/ISRCTN04094806' target='_blank'><div>ISRCTN04094806</div></a></td>
      <td>The impact of systemic family therapy as an element of treatment for famili...</td>
      <td>Mental and Behavioural Disorders</td>
      <td>Other</td>
      <td>160</td>
    </tr>
  </tbody>
</table>"
901,-14506.298880100305,6713958.059816249,London School of Hygiene and Tropical Medicine,51.5209041,-0.1303123,2.0,5.306765580733931,"<table border=""1"" class=""dataframe"">
  <thead>
    <tr style=""text-align: left;"">
      <th>ISRCTN link</th>
      <th>Title</th>
      <th>Condition category</th>
      <th>Age group</th>
      <th>Target number of participants</th>
    </tr>
  </thead>
  <tbody>
    <tr>
      <td><a href='https://www.isrctn.com/ISRCTN12524938' target='_blank'><div>ISRCTN12524938</div></a></td>
      <td>Pilot study to develop and assess the feasibility and acceptability of Posi...</td>
      <td>Pregnancy and Childbirth</td>
      <td>Child</td>
      <td>1080</td>
    </tr>
    <tr>
      <td><a href='https://www.isrctn.com/ISRCTN65324176' target='_blank'><div>ISRCTN65324176</div></a></td>
      <td>Pilot evaluation to assess the feasibility and acceptability of Project Res...</td>
      <td>Not Applicable</td>
      <td>Child</td>
      <td>1800</td>
    </tr>
  </tbody>
</table>"
902,-19011.098109878945,6707881.621036919,Royal Brompton and Harefield NHS Trust,51.4869267,-0.1707796,1.0,1.0,"<table border=""1"" class=""dataframe"">
  <thead>
    <tr style=""text-align: left;"">
      <th>ISRCTN link</th>
      <th>Title</th>
      <th>Condition category</th>
      <th>Age group</th>
      <th>Target number of participants</th>
    </tr>
  </thead>
  <tbody>
    <tr>
      <td><a href='https://www.isrctn.com/ISRCTN13165073' target='_blank'><div>ISRCTN13165073</div></a></td>
      <td>Video to increase rehabilitation uptake following hospitalised exacerbation...</td>
      <td>Respiratory</td>
      <td>Adult</td>
      <td>200</td>
    </tr>
  </tbody>
</table>"
903,-171173.5987557138,7050809.980771261,Sheffield Health and Social Care NHS Foundation Trust,53.3650508,-1.5376786,1.0,1.0,"<table border=""1"" class=""dataframe"">
  <thead>
    <tr style=""text-align: left;"">
      <th>ISRCTN link</th>
      <th>Title</th>
      <th>Condition category</th>
      <th>Age group</th>
      <th>Target number of participants</th>
    </tr>
  </thead>
  <tbody>
    <tr>
      <td><a href='https://www.isrctn.com/ISRCTN19447796' target='_blank'><div>ISRCTN19447796</div></a></td>
      <td>Structured lifestyle education for people wIth schizophrenia</td>
      <td>Mental and Behavioural Disorders</td>
      <td>Adult</td>
      <td>412</td>
    </tr>
  </tbody>
</table>"
911,-18952.878016194063,6708198.8206126075,Royal Brompton and Harefield NHS Foundation Trust,51.488701,-0.1702566,1.0,1.0,"<table border=""1"" class=""dataframe"">
  <thead>
    <tr style=""text-align: left;"">
      <th>ISRCTN link</th>
      <th>Title</th>
      <th>Condition category</th>
      <th>Age group</th>
      <th>Target number of participants</th>
    </tr>
  </thead>
  <tbody>
    <tr>
      <td><a href='https://www.isrctn.com/ISRCTN78764132' target='_blank'><div>ISRCTN78764132</div></a></td>
      <td>Early supported discharge with pulmonary rehabilitation following exacerbat...</td>
      <td>Respiratory</td>
      <td>Adult</td>
      <td>80</td>
    </tr>
  </tbody>
</table>"
913,-248594.2340599068,7071849.845587677,Greater Manchester Health and Social Care Partnership,53.47768319999999,-2.23316,3.0,7.826061944859854,"<table border=""1"" class=""dataframe"">
  <thead>
    <tr style=""text-align: left;"">
      <th>ISRCTN link</th>
      <th>Title</th>
      <th>Condition category</th>
      <th>Age group</th>
      <th>Target number of participants</th>
    </tr>
  </thead>
  <tbody>
    <tr>
      <td><a href='https://www.isrctn.com/ISRCTN11785486' target='_blank'><div>ISRCTN11785486</div></a></td>
      <td>Provision of feedback to GPs to increase suspected cancer referrals</td>
      <td>Cancer</td>
      <td>Adult</td>
      <td>546</td>
    </tr>
    <tr>
      <td><a href='https://www.isrctn.com/ISRCTN80648650' target='_blank'><div>ISRCTN80648650</div></a></td>
      <td>Behaviorally informed invitation letters to increase cervical screening att...</td>
      <td>Cancer</td>
      <td>Adult</td>
      <td>125000</td>
    </tr>
    <tr>
      <td><a href='https://www.isrctn.com/ISRCTN10939987' target='_blank'><div>ISRCTN10939987</div></a></td>
      <td>Adapting invitation letters to increase breast screening attendance</td>
      <td>Mental and Behavioural Disorders</td>
      <td>Adult</td>
      <td>55000</td>
    </tr>
  </tbody>
</table>"
916,-347277.7826615415,6623409.917173685,Taunton and Somerset NHS Foundation Trust,51.0119619,-3.1196494,2.0,5.306765580733931,"<table border=""1"" class=""dataframe"">
  <thead>
    <tr style=""text-align: left;"">
      <th>ISRCTN link</th>
      <th>Title</th>
      <th>Condition category</th>
      <th>Age group</th>
      <th>Target number of participants</th>
    </tr>
  </thead>
  <tbody>
    <tr>
      <td><a href='https://www.isrctn.com/ISRCTN67513618' target='_blank'><div>ISRCTN67513618</div></a></td>
      <td>RISCS Trial – Risks In Spinal Consenting for Surgery: Establishing the info...</td>
      <td>Musculoskeletal Diseases</td>
      <td>Adult</td>
      <td>220</td>
    </tr>
    <tr>
      <td><a href='https://www.isrctn.com/ISRCTN61403534' target='_blank'><div>ISRCTN61403534</div></a></td>
      <td>Exercise for type 1 diabetes (EXTOD) education</td>
      <td>Nutritional, Metabolic, Endocrine</td>
      <td>Adult</td>
      <td>268</td>
    </tr>
  </tbody>
</table>"
920,-14685.701371462746,6716733.446428423,Camden and Islington NHS Foundation Trust,51.53641469999999,-0.1319239,2.0,5.306765580733931,"<table border=""1"" class=""dataframe"">
  <thead>
    <tr style=""text-align: left;"">
      <th>ISRCTN link</th>
      <th>Title</th>
      <th>Condition category</th>
      <th>Age group</th>
      <th>Target number of participants</th>
    </tr>
  </thead>
  <tbody>
    <tr>
      <td><a href='https://www.isrctn.com/ISRCTN13072268' target='_blank'><div>ISRCTN13072268</div></a></td>
      <td>A parallel multi-centre randomised controlled trial to determine the clinic...</td>
      <td>Nervous System Diseases</td>
      <td>Adult</td>
      <td>740</td>
    </tr>
    <tr>
      <td><a href='https://www.isrctn.com/ISRCTN39605930' target='_blank'><div>ISRCTN39605930</div></a></td>
      <td>'Shape Up-LD': Piloting a manualised weight management programme for overwe...</td>
      <td>Mental and Behavioural Disorders</td>
      <td>Adult</td>
      <td>60</td>
    </tr>
  </tbody>
</table>"
921,-285233.5082455399,6696134.409476945,Avon and Wiltshire Mental Health Partnership NHS Trust,51.4211684,-2.5622962,2.0,5.306765580733931,"<table border=""1"" class=""dataframe"">
  <thead>
    <tr style=""text-align: left;"">
      <th>ISRCTN link</th>
      <th>Title</th>
      <th>Condition category</th>
      <th>Age group</th>
      <th>Target number of participants</th>
    </tr>
  </thead>
  <tbody>
    <tr>
      <td><a href='https://www.isrctn.com/ISRCTN54650760' target='_blank'><div>ISRCTN54650760</div></a></td>
      <td>Guided self-help for depression in adults with autism: a feasibility study</td>
      <td>Mental and Behavioural Disorders</td>
      <td>Adult</td>
      <td>70</td>
    </tr>
    <tr>
      <td><a href='https://www.isrctn.com/ISRCTN23563048' target='_blank'><div>ISRCTN23563048</div></a></td>
      <td>Preventing Anxiety in Children through Education in Schools</td>
      <td>Mental and Behavioural Disorders</td>
      <td>Child</td>
      <td>1080</td>
    </tr>
  </tbody>
</table>"
929,-38156.258282520226,6674879.916645684,Surrey and Borders Partnership NHS Foundation Trust,51.3019496,-0.3427635,1.0,1.0,"<table border=""1"" class=""dataframe"">
  <thead>
    <tr style=""text-align: left;"">
      <th>ISRCTN link</th>
      <th>Title</th>
      <th>Condition category</th>
      <th>Age group</th>
      <th>Target number of participants</th>
    </tr>
  </thead>
  <tbody>
    <tr>
      <td><a href='https://www.isrctn.com/ISRCTN14621127' target='_blank'><div>ISRCTN14621127</div></a></td>
      <td>Structured preparation for alcohol detoxification</td>
      <td>Mental and Behavioural Disorders</td>
      <td>Adult</td>
      <td>50</td>
    </tr>
  </tbody>
</table>"
932,-660832.082559798,7281830.312716888,Research and Enterprise,54.5854904,-5.9363556,1.0,1.0,"<table border=""1"" class=""dataframe"">
  <thead>
    <tr style=""text-align: left;"">
      <th>ISRCTN link</th>
      <th>Title</th>
      <th>Condition category</th>
      <th>Age group</th>
      <th>Target number of participants</th>
    </tr>
  </thead>
  <tbody>
    <tr>
      <td><a href='https://www.isrctn.com/ISRCTN94961361' target='_blank'><div>ISRCTN94961361</div></a></td>
      <td>Food choice and changes in body weight and shape in those attempting smokin...</td>
      <td>Nutritional, Metabolic, Endocrine</td>
      <td>Adult</td>
      <td>320</td>
    </tr>
  </tbody>
</table>"
935,-248194.07388635224,7069313.2135436665,Manchester Institute of Education,53.4641197,-2.2295653,1.0,1.0,"<table border=""1"" class=""dataframe"">
  <thead>
    <tr style=""text-align: left;"">
      <th>ISRCTN link</th>
      <th>Title</th>
      <th>Condition category</th>
      <th>Age group</th>
      <th>Target number of participants</th>
    </tr>
  </thead>
  <tbody>
    <tr>
      <td><a href='https://www.isrctn.com/ISRCTN18086362' target='_blank'><div>ISRCTN18086362</div></a></td>
      <td>Can a volunteering intervention (Team Social Action) improve teenagers' wel...</td>
      <td>Not Applicable</td>
      <td>Child</td>
      <td>300</td>
    </tr>
  </tbody>
</table>"
937,-13189.055345543498,6709919.704447198,Evelina Children's Hospital,51.4983258,-0.1184793,1.0,1.0,"<table border=""1"" class=""dataframe"">
  <thead>
    <tr style=""text-align: left;"">
      <th>ISRCTN link</th>
      <th>Title</th>
      <th>Condition category</th>
      <th>Age group</th>
      <th>Target number of participants</th>
    </tr>
  </thead>
  <tbody>
    <tr>
      <td><a href='https://www.isrctn.com/ISRCTN28527653' target='_blank'><div>ISRCTN28527653</div></a></td>
      <td>HoPS: Home-based picture exchange communication schedule (PECS) study</td>
      <td>Mental and Behavioural Disorders</td>
      <td>Mixed</td>
      <td>64</td>
    </tr>
  </tbody>
</table>"
959,135840.41389166008,6912499.007155243,Norfolk and Norwich University Hospitals NHS Foundation Trust,52.6171847,1.2202752,2.0,5.306765580733931,"<table border=""1"" class=""dataframe"">
  <thead>
    <tr style=""text-align: left;"">
      <th>ISRCTN link</th>
      <th>Title</th>
      <th>Condition category</th>
      <th>Age group</th>
      <th>Target number of participants</th>
    </tr>
  </thead>
  <tbody>
    <tr>
      <td><a href='https://www.isrctn.com/ISRCTN34805606' target='_blank'><div>ISRCTN34805606</div></a></td>
      <td>Norfolk Diabetes Prevention Study</td>
      <td>Nutritional, Metabolic, Endocrine</td>
      <td>Adult</td>
      <td>1330</td>
    </tr>
    <tr>
      <td><a href='https://www.isrctn.com/ISRCTN82233115' target='_blank'><div>ISRCTN82233115</div></a></td>
      <td>Supportive exercise programmes for accelerating recovery after major abdomi...</td>
      <td>Cancer</td>
      <td>Adult</td>
      <td>1146</td>
    </tr>
  </tbody>
</table>"
962,-369766.7354347329,7540750.493748074,Heriot-Watt University,55.9111604,-3.3216711,2.0,5.306765580733931,"<table border=""1"" class=""dataframe"">
  <thead>
    <tr style=""text-align: left;"">
      <th>ISRCTN link</th>
      <th>Title</th>
      <th>Condition category</th>
      <th>Age group</th>
      <th>Target number of participants</th>
    </tr>
  </thead>
  <tbody>
    <tr>
      <td><a href='https://www.isrctn.com/ISRCTN96478815' target='_blank'><div>ISRCTN96478815</div></a></td>
      <td>Does taking up a new activity benefit our thinking skills?</td>
      <td>Mental and Behavioural Disorders</td>
      <td>Senior</td>
      <td>300</td>
    </tr>
    <tr>
      <td><a href='https://www.isrctn.com/ISRCTN11693550' target='_blank'><div>ISRCTN11693550</div></a></td>
      <td>FitQuest: Does an active mobile phone game encourage children to take more ...</td>
      <td>Not Applicable</td>
      <td>Child</td>
      <td>300</td>
    </tr>
  </tbody>
</table>"
988,-62679.830784787606,6696938.581828267,"Royal Holloway, University of London",51.425673,-0.5630625,3.0,7.826061944859854,"<table border=""1"" class=""dataframe"">
  <thead>
    <tr style=""text-align: left;"">
      <th>ISRCTN link</th>
      <th>Title</th>
      <th>Condition category</th>
      <th>Age group</th>
      <th>Target number of participants</th>
    </tr>
  </thead>
  <tbody>
    <tr>
      <td><a href='https://www.isrctn.com/ISRCTN14659858' target='_blank'><div>ISRCTN14659858</div></a></td>
      <td>Are the short-term benefits of two brief mindfulness interventions sustaine...</td>
      <td>Mental and Behavioural Disorders</td>
      <td>Adult</td>
      <td>100</td>
    </tr>
    <tr>
      <td><a href='https://www.isrctn.com/ISRCTN17318966' target='_blank'><div>ISRCTN17318966</div></a></td>
      <td>Benefit and risk information for medications in multiple sclerosis</td>
      <td>Nervous System Diseases</td>
      <td>Adult</td>
      <td>24</td>
    </tr>
    <tr>
      <td><a href='https://www.isrctn.com/ISRCTN31852047' target='_blank'><div>ISRCTN31852047</div></a></td>
      <td>Randomised feasibility trial of an onward HIV disclosure intervention</td>
      <td>Infections and Infestations</td>
      <td>Adult</td>
      <td>119</td>
    </tr>
  </tbody>
</table>"
992,-9824.32354877509,6724498.604517093,"Barnet, Enfield and Haringey Mental Health Trust",51.57978319999999,-0.0882534,1.0,1.0,"<table border=""1"" class=""dataframe"">
  <thead>
    <tr style=""text-align: left;"">
      <th>ISRCTN link</th>
      <th>Title</th>
      <th>Condition category</th>
      <th>Age group</th>
      <th>Target number of participants</th>
    </tr>
  </thead>
  <tbody>
    <tr>
      <td><a href='https://www.isrctn.com/ISRCTN39303837' target='_blank'><div>ISRCTN39303837</div></a></td>
      <td>Families and Carers Training and Support Programme (FACTS) - for families o...</td>
      <td>Mental and Behavioural Disorders</td>
      <td>Adult</td>
      <td>40</td>
    </tr>
  </tbody>
</table>"
1005,497359.24335063953,6784028.294315015,"Erasmus MC university medical center, department of Public Health",51.9108848,4.467854099999999,1.0,1.0,"<table border=""1"" class=""dataframe"">
  <thead>
    <tr style=""text-align: left;"">
      <th>ISRCTN link</th>
      <th>Title</th>
      <th>Condition category</th>
      <th>Age group</th>
      <th>Target number of participants</th>
    </tr>
  </thead>
  <tbody>
    <tr>
      <td><a href='https://www.isrctn.com/ISRCTN11248135' target='_blank'><div>ISRCTN11248135</div></a></td>
      <td>Implementing the concepts of mindfulness and community engagement to self-m...</td>
      <td>Circulatory System</td>
      <td>Adult</td>
      <td>2500</td>
    </tr>
  </tbody>
</table>"
1006,-26082.813477859683,6713228.323732702,"The Patient Safety Translational Research Centre, Imperial College London",51.516825,-0.2343059,1.0,1.0,"<table border=""1"" class=""dataframe"">
  <thead>
    <tr style=""text-align: left;"">
      <th>ISRCTN link</th>
      <th>Title</th>
      <th>Condition category</th>
      <th>Age group</th>
      <th>Target number of participants</th>
    </tr>
  </thead>
  <tbody>
    <tr>
      <td><a href='https://www.isrctn.com/ISRCTN11418903' target='_blank'><div>ISRCTN11418903</div></a></td>
      <td>Applying behavioural insights to reduce burnout in trainee anaesthetists</td>
      <td>Mental and Behavioural Disorders</td>
      <td>Adult</td>
      <td>1501</td>
    </tr>
  </tbody>
</table>"
1007,-443274.2679985608,6729478.228737327,"Research and Development, Swansea Bay University Local Health Board",51.6075727,-3.9820005,1.0,1.0,"<table border=""1"" class=""dataframe"">
  <thead>
    <tr style=""text-align: left;"">
      <th>ISRCTN link</th>
      <th>Title</th>
      <th>Condition category</th>
      <th>Age group</th>
      <th>Target number of participants</th>
    </tr>
  </thead>
  <tbody>
    <tr>
      <td><a href='https://www.isrctn.com/ISRCTN12690685' target='_blank'><div>ISRCTN12690685</div></a></td>
      <td>Positive psychotherapy for people with a brain injury</td>
      <td>Injury, Occupational Diseases, Poisoning</td>
      <td>Adult</td>
      <td>60</td>
    </tr>
  </tbody>
</table>"
1014,-135714.48928367472,6757609.125676603,"Medical Sciences Inter-Divisional Research Ethics Committee, University of Oxford",51.764242,-1.219144,1.0,1.0,"<table border=""1"" class=""dataframe"">
  <thead>
    <tr style=""text-align: left;"">
      <th>ISRCTN link</th>
      <th>Title</th>
      <th>Condition category</th>
      <th>Age group</th>
      <th>Target number of participants</th>
    </tr>
  </thead>
  <tbody>
    <tr>
      <td><a href='https://www.isrctn.com/ISRCTN61272251' target='_blank'><div>ISRCTN61272251</div></a></td>
      <td>The Oxford Access for Students Improving Sleep (OASIS) study</td>
      <td>Mental and Behavioural Disorders</td>
      <td>Adult</td>
      <td>2614</td>
    </tr>
  </tbody>
</table>"
1018,-466193.31475638115,7857251.691272693,NHS Highland,57.4722033,-4.1878858,2.0,5.306765580733931,"<table border=""1"" class=""dataframe"">
  <thead>
    <tr style=""text-align: left;"">
      <th>ISRCTN link</th>
      <th>Title</th>
      <th>Condition category</th>
      <th>Age group</th>
      <th>Target number of participants</th>
    </tr>
  </thead>
  <tbody>
    <tr>
      <td><a href='https://www.isrctn.com/ISRCTN58613962' target='_blank'><div>ISRCTN58613962</div></a></td>
      <td>Current public title as of 28/02/2019:\nPhysical activity for people recover...</td>
      <td>Cancer</td>
      <td>Adult</td>
      <td>30</td>
    </tr>
    <tr>
      <td><a href='https://www.isrctn.com/ISRCTN18107122' target='_blank'><div>ISRCTN18107122</div></a></td>
      <td>Participatory digital interventions for front-line staff during the coronav...</td>
      <td>Mental and Behavioural Disorders</td>
      <td>Adult</td>
      <td>180</td>
    </tr>
  </tbody>
</table>"
1022,139246.40069171647,6920267.1086011445,Norfolk and Waveney Mental Health NHS Foundation Trust,52.6595315,1.2508717,1.0,1.0,"<table border=""1"" class=""dataframe"">
  <thead>
    <tr style=""text-align: left;"">
      <th>ISRCTN link</th>
      <th>Title</th>
      <th>Condition category</th>
      <th>Age group</th>
      <th>Target number of participants</th>
    </tr>
  </thead>
  <tbody>
    <tr>
      <td><a href='https://www.isrctn.com/ISRCTN30265294' target='_blank'><div>ISRCTN30265294</div></a></td>
      <td>Cognitive behavioural therapy for People with Asperger Syndrome and Anxiety...</td>
      <td>Mental and Behavioural Disorders</td>
      <td>Adult</td>
      <td>35</td>
    </tr>
  </tbody>
</table>"
1023,-470951.3101679691,7857005.438280461,University of the Highlands and Islands,57.47101379999999,-4.2306276,2.0,5.306765580733931,"<table border=""1"" class=""dataframe"">
  <thead>
    <tr style=""text-align: left;"">
      <th>ISRCTN link</th>
      <th>Title</th>
      <th>Condition category</th>
      <th>Age group</th>
      <th>Target number of participants</th>
    </tr>
  </thead>
  <tbody>
    <tr>
      <td><a href='https://www.isrctn.com/ISRCTN18107122' target='_blank'><div>ISRCTN18107122</div></a></td>
      <td>Participatory digital interventions for front-line staff during the coronav...</td>
      <td>Mental and Behavioural Disorders</td>
      <td>Adult</td>
      <td>180</td>
    </tr>
    <tr>
      <td><a href='https://www.isrctn.com/ISRCTN11141528' target='_blank'><div>ISRCTN11141528</div></a></td>
      <td>""Do you know your skin?"": an intervention to increase sunscreen use, skin s...</td>
      <td>Cancer</td>
      <td>Child</td>
      <td>500</td>
    </tr>
  </tbody>
</table>"
1024,-12901.928982940408,6712952.66147209,Bowel and Cancer Research,51.51528400000001,-0.1159,1.0,1.0,"<table border=""1"" class=""dataframe"">
  <thead>
    <tr style=""text-align: left;"">
      <th>ISRCTN link</th>
      <th>Title</th>
      <th>Condition category</th>
      <th>Age group</th>
      <th>Target number of participants</th>
    </tr>
  </thead>
  <tbody>
    <tr>
      <td><a href='https://www.isrctn.com/ISRCTN58613962' target='_blank'><div>ISRCTN58613962</div></a></td>
      <td>Current public title as of 28/02/2019:\nPhysical activity for people recover...</td>
      <td>Cancer</td>
      <td>Adult</td>
      <td>30</td>
    </tr>
  </tbody>
</table>"
1025,-203439.20807172268,6886994.26379817,Heart of England NHS Foundation Trust,52.4778605,-1.8275255,2.0,5.306765580733931,"<table border=""1"" class=""dataframe"">
  <thead>
    <tr style=""text-align: left;"">
      <th>ISRCTN link</th>
      <th>Title</th>
      <th>Condition category</th>
      <th>Age group</th>
      <th>Target number of participants</th>
    </tr>
  </thead>
  <tbody>
    <tr>
      <td><a href='https://www.isrctn.com/ISRCTN11112933' target='_blank'><div>ISRCTN11112933</div></a></td>
      <td>ReSPECT Evaluation study</td>
      <td>Not Applicable</td>
      <td>Adult</td>
      <td>4120</td>
    </tr>
    <tr>
      <td><a href='https://www.isrctn.com/ISRCTN15397624' target='_blank'><div>ISRCTN15397624</div></a></td>
      <td>Using environmental engineering to increase hand-hygiene compliance</td>
      <td>Not Applicable</td>
      <td>Mixed</td>
      <td>4800</td>
    </tr>
  </tbody>
</table>"
1028,-660954.155513402,7281539.594166593,Belfast Health and Social Care Trust; Queen's University Belfast,54.583977,-5.9374522,1.0,1.0,"<table border=""1"" class=""dataframe"">
  <thead>
    <tr style=""text-align: left;"">
      <th>ISRCTN link</th>
      <th>Title</th>
      <th>Condition category</th>
      <th>Age group</th>
      <th>Target number of participants</th>
    </tr>
  </thead>
  <tbody>
    <tr>
      <td><a href='https://www.isrctn.com/ISRCTN23051918' target='_blank'><div>ISRCTN23051918</div></a></td>
      <td>The Walk With Me Study: a peer-led intervention to increase physical activi...</td>
      <td>Not Applicable</td>
      <td>Mixed</td>
      <td>60</td>
    </tr>
  </tbody>
</table>"
1037,-10123.205249605951,6704550.725074519,South London and Maudsley NHS Foundation Trust and Kings College London,51.4682907,-0.0909383,6.0,12.132827525593784,"<table border=""1"" class=""dataframe"">
  <thead>
    <tr style=""text-align: left;"">
      <th>ISRCTN link</th>
      <th>Title</th>
      <th>Condition category</th>
      <th>Age group</th>
      <th>Target number of participants</th>
    </tr>
  </thead>
  <tbody>
    <tr>
      <td><a href='https://www.isrctn.com/ISRCTN11178360' target='_blank'><div>ISRCTN11178360</div></a></td>
      <td>A randomised controlled trial of brief cognitive therapy for social phobia ...</td>
      <td>Mental and Behavioural Disorders</td>
      <td>Adult</td>
      <td>90</td>
    </tr>
    <tr>
      <td><a href='https://www.isrctn.com/ISRCTN11178360' target='_blank'><div>ISRCTN11178360</div></a></td>
      <td>A randomised controlled trial of brief cognitive therapy for social phobia ...</td>
      <td>Mental and Behavioural Disorders</td>
      <td>Adult</td>
      <td>90</td>
    </tr>
    <tr>
      <td><a href='https://www.isrctn.com/ISRCTN16876240' target='_blank'><div>ISRCTN16876240</div></a></td>
      <td>Online post-traumatic stress disorder treatment for young people and their ...</td>
      <td>Mental and Behavioural Disorders</td>
      <td>Mixed</td>
      <td>34</td>
    </tr>
    <tr>
      <td><a href='https://www.isrctn.com/ISRCTN16876240' target='_blank'><div>ISRCTN16876240</div></a></td>
      <td>Online post-traumatic stress disorder treatment for young people and their ...</td>
      <td>Mental and Behavioural Disorders</td>
      <td>Mixed</td>
      <td>34</td>
    </tr>
    <tr>
      <td><a href='https://www.isrctn.com/ISRCTN66453696' target='_blank'><div>ISRCTN66453696</div></a></td>
      <td>Feasibility of psychosocial interventions for preventing blood borne virus ...</td>
      <td>Infections and Infestations</td>
      <td>Adult</td>
      <td>128</td>
    </tr>
    <tr>
      <td><a href='https://www.isrctn.com/ISRCTN66453696' target='_blank'><div>ISRCTN66453696</div></a></td>
      <td>Feasibility of psychosocial interventions for preventing blood borne virus ...</td>
      <td>Infections and Infestations</td>
      <td>Adult</td>
      <td>128</td>
    </tr>
  </tbody>
</table>"
1039,-213525.96732004292,6888232.462968498,Birmingham and Solihull Mental Health NHS Foundation Trust,52.4846346,-1.9181364,1.0,1.0,"<table border=""1"" class=""dataframe"">
  <thead>
    <tr style=""text-align: left;"">
      <th>ISRCTN link</th>
      <th>Title</th>
      <th>Condition category</th>
      <th>Age group</th>
      <th>Target number of participants</th>
    </tr>
  </thead>
  <tbody>
    <tr>
      <td><a href='https://www.isrctn.com/ISRCTN95702682' target='_blank'><div>ISRCTN95702682</div></a></td>
      <td>PARTNERS2: A cluster randomised control trial of a model of collaborative c...</td>
      <td>Mental and Behavioural Disorders</td>
      <td>Adult</td>
      <td>204</td>
    </tr>
  </tbody>
</table>"
1042,-20226.95185222124,6707428.985405554,Chelsea and Westminster NHS Foundation Trust,51.4843947,-0.1817018,1.0,1.0,"<table border=""1"" class=""dataframe"">
  <thead>
    <tr style=""text-align: left;"">
      <th>ISRCTN link</th>
      <th>Title</th>
      <th>Condition category</th>
      <th>Age group</th>
      <th>Target number of participants</th>
    </tr>
  </thead>
  <tbody>
    <tr>
      <td><a href='https://www.isrctn.com/ISRCTN11752770' target='_blank'><div>ISRCTN11752770</div></a></td>
      <td>An evaluation of an online pain management programme\n</td>
      <td>Signs and Symptoms</td>
      <td>Adult</td>
      <td>15</td>
    </tr>
  </tbody>
</table>"
1043,-283579.01118167577,6710334.478059256,University of the West of England,51.5006453,-2.5474336,4.0,9.613531161467861,"<table border=""1"" class=""dataframe"">
  <thead>
    <tr style=""text-align: left;"">
      <th>ISRCTN link</th>
      <th>Title</th>
      <th>Condition category</th>
      <th>Age group</th>
      <th>Target number of participants</th>
    </tr>
  </thead>
  <tbody>
    <tr>
      <td><a href='https://www.isrctn.com/ISRCTN10824225' target='_blank'><div>ISRCTN10824225</div></a></td>
      <td>Fibromyalgia community self-management feasibility trial</td>
      <td>Musculoskeletal Diseases</td>
      <td>Adult</td>
      <td>70</td>
    </tr>
    <tr>
      <td><a href='https://www.isrctn.com/ISRCTN66190737' target='_blank'><div>ISRCTN66190737</div></a></td>
      <td>Facilitating Activity and Self management in Arthritis (FASA)</td>
      <td>Musculoskeletal Diseases</td>
      <td>Adult</td>
      <td>352</td>
    </tr>
    <tr>
      <td><a href='https://www.isrctn.com/ISRCTN56716589' target='_blank'><div>ISRCTN56716589</div></a></td>
      <td>Home based reach to grasp training after stroke</td>
      <td>Circulatory System</td>
      <td>Adult</td>
      <td>60</td>
    </tr>
    <tr>
      <td><a href='https://www.isrctn.com/ISRCTN30485698' target='_blank'><div>ISRCTN30485698</div></a></td>
      <td>Mnemic neglect in dementia</td>
      <td>Nervous System Diseases</td>
      <td>Adult</td>
      <td>110</td>
    </tr>
  </tbody>
</table>"
1045,-202983.744375142,6576838.8780004475,Royal Bournemouth and Christchurch Hospitals NHS Foundation Trust,50.7480032,-1.823434,1.0,1.0,"<table border=""1"" class=""dataframe"">
  <thead>
    <tr style=""text-align: left;"">
      <th>ISRCTN link</th>
      <th>Title</th>
      <th>Condition category</th>
      <th>Age group</th>
      <th>Target number of participants</th>
    </tr>
  </thead>
  <tbody>
    <tr>
      <td><a href='https://www.isrctn.com/ISRCTN19778222' target='_blank'><div>ISRCTN19778222</div></a></td>
      <td>A cycling and education programme in the treatment of hip osteoarthritis</td>
      <td>Musculoskeletal Diseases</td>
      <td>Adult</td>
      <td>256</td>
    </tr>
  </tbody>
</table>"
1054,-356392.7561510836,7547642.094422427,NHS Education for Scotland,55.9458431,-3.2015306,1.0,1.0,"<table border=""1"" class=""dataframe"">
  <thead>
    <tr style=""text-align: left;"">
      <th>ISRCTN link</th>
      <th>Title</th>
      <th>Condition category</th>
      <th>Age group</th>
      <th>Target number of participants</th>
    </tr>
  </thead>
  <tbody>
    <tr>
      <td><a href='https://www.isrctn.com/ISRCTN16294743' target='_blank'><div>ISRCTN16294743</div></a></td>
      <td>Evaluating the effectiveness of behaviour change theory-based training for ...</td>
      <td>Oral Health</td>
      <td>Adult</td>
      <td>228</td>
    </tr>
  </tbody>
</table>"
1058,139253.04646531685,6920266.374485449,Norfolk and Suffolk NHS Foundation Trust,52.6595275,1.2509314,2.0,5.306765580733931,"<table border=""1"" class=""dataframe"">
  <thead>
    <tr style=""text-align: left;"">
      <th>ISRCTN link</th>
      <th>Title</th>
      <th>Condition category</th>
      <th>Age group</th>
      <th>Target number of participants</th>
    </tr>
  </thead>
  <tbody>
    <tr>
      <td><a href='https://www.isrctn.com/ISRCTN82180413' target='_blank'><div>ISRCTN82180413</div></a></td>
      <td>Interpersonal counselling for adolescent low mood</td>
      <td>Mental and Behavioural Disorders</td>
      <td>Child</td>
      <td>82</td>
    </tr>
    <tr>
      <td><a href='https://www.isrctn.com/ISRCTN16862589' target='_blank'><div>ISRCTN16862589</div></a></td>
      <td>Brief Education Supported Treatment for adolescent borderline personality d...</td>
      <td>Mental and Behavioural Disorders</td>
      <td>Adult</td>
      <td>66</td>
    </tr>
  </tbody>
</table>"
1064,-19516.366146640532,6718566.615471289,The Tavistock and Portman NHS Foundation Trust,51.5466567,-0.1753185,1.0,1.0,"<table border=""1"" class=""dataframe"">
  <thead>
    <tr style=""text-align: left;"">
      <th>ISRCTN link</th>
      <th>Title</th>
      <th>Condition category</th>
      <th>Age group</th>
      <th>Target number of participants</th>
    </tr>
  </thead>
  <tbody>
    <tr>
      <td><a href='https://www.isrctn.com/ISRCTN12258825' target='_blank'><div>ISRCTN12258825</div></a></td>
      <td>A pilot study of a couple−based intervention in the antenatal and early pos...</td>
      <td>Not Applicable</td>
      <td>Adult</td>
      <td>120</td>
    </tr>
  </tbody>
</table>"
1067,20893.555226989516,6833633.214348623,Cambridgeshire and Peterborough NHS Foundation Trust,52.184934,0.18769,4.0,9.613531161467861,"<table border=""1"" class=""dataframe"">
  <thead>
    <tr style=""text-align: left;"">
      <th>ISRCTN link</th>
      <th>Title</th>
      <th>Condition category</th>
      <th>Age group</th>
      <th>Target number of participants</th>
    </tr>
  </thead>
  <tbody>
    <tr>
      <td><a href='https://www.isrctn.com/ISRCTN17823155' target='_blank'><div>ISRCTN17823155</div></a></td>
      <td>Is mindfulness-based cognitive therapy a feasible additional treatment for ...</td>
      <td>Mental and Behavioural Disorders</td>
      <td>Child</td>
      <td>80</td>
    </tr>
    <tr>
      <td><a href='https://www.isrctn.com/ISRCTN93895792' target='_blank'><div>ISRCTN93895792</div></a></td>
      <td>Tailoring evidence-based therapy for people with a common mental disorder (...</td>
      <td>Mental and Behavioural Disorders</td>
      <td>Adult</td>
      <td>980</td>
    </tr>
    <tr>
      <td><a href='https://www.isrctn.com/ISRCTN16318194' target='_blank'><div>ISRCTN16318194</div></a></td>
      <td>Tailoring evidence-based psychological therapy for people with common menta...</td>
      <td>Mental and Behavioural Disorders</td>
      <td>Adult</td>
      <td>45</td>
    </tr>
    <tr>
      <td><a href='https://www.isrctn.com/ISRCTN12808402' target='_blank'><div>ISRCTN12808402</div></a></td>
      <td>Children with autism who understand more than they can say: Can training mo...</td>
      <td>Mental and Behavioural Disorders</td>
      <td>Child</td>
      <td>46</td>
    </tr>
  </tbody>
</table>"
1069,-181982.13131843947,7363094.539800646,"Cumbria, Northumberland, Tyne and Wear NHS Foundation Trust",55.006329,-1.6347733,1.0,1.0,"<table border=""1"" class=""dataframe"">
  <thead>
    <tr style=""text-align: left;"">
      <th>ISRCTN link</th>
      <th>Title</th>
      <th>Condition category</th>
      <th>Age group</th>
      <th>Target number of participants</th>
    </tr>
  </thead>
  <tbody>
    <tr>
      <td><a href='https://www.isrctn.com/ISRCTN14326119' target='_blank'><div>ISRCTN14326119</div></a></td>
      <td>Art therapy for people with learning disabilities in secure care</td>
      <td>Mental and Behavioural Disorders</td>
      <td>Adult</td>
      <td>20</td>
    </tr>
  </tbody>
</table>"
1072,-15167.358544227081,6714313.693659143,UCL and UCLH Clinical Research Facility,51.5228919,-0.1362507,1.0,1.0,"<table border=""1"" class=""dataframe"">
  <thead>
    <tr style=""text-align: left;"">
      <th>ISRCTN link</th>
      <th>Title</th>
      <th>Condition category</th>
      <th>Age group</th>
      <th>Target number of participants</th>
    </tr>
  </thead>
  <tbody>
    <tr>
      <td><a href='https://www.isrctn.com/ISRCTN99826269' target='_blank'><div>ISRCTN99826269</div></a></td>
      <td>Efficacy of aerobic training of people with neuromuscular diseases</td>
      <td>Nervous System Diseases</td>
      <td>Adult</td>
      <td>60</td>
    </tr>
  </tbody>
</table>"
1079,28996.100211665045,6870810.201769078,NHS Cambridgeshire and Peterborough CCG,52.3892227,0.2604764,4.0,9.613531161467861,"<table border=""1"" class=""dataframe"">
  <thead>
    <tr style=""text-align: left;"">
      <th>ISRCTN link</th>
      <th>Title</th>
      <th>Condition category</th>
      <th>Age group</th>
      <th>Target number of participants</th>
    </tr>
  </thead>
  <tbody>
    <tr>
      <td><a href='https://www.isrctn.com/ISRCTN74504989' target='_blank'><div>ISRCTN74504989</div></a></td>
      <td>A very brief face to face intervention, followed by a text message and/or a...</td>
      <td>Circulatory System</td>
      <td>Adult</td>
      <td>106</td>
    </tr>
    <tr>
      <td><a href='https://www.isrctn.com/ISRCTN18399564' target='_blank'><div>ISRCTN18399564</div></a></td>
      <td>Glucose Lowering through Weight Management (GLoW)</td>
      <td>Nutritional, Metabolic, Endocrine</td>
      <td>Adult</td>
      <td>576</td>
    </tr>
    <tr>
      <td><a href='https://www.isrctn.com/ISRCTN64986150' target='_blank'><div>ISRCTN64986150</div></a></td>
      <td>Evaluation of the medium to long term impact of commercial open-group behav...</td>
      <td>Nutritional, Metabolic, Endocrine</td>
      <td>Adult</td>
      <td>1040</td>
    </tr>
    <tr>
      <td><a href='https://www.isrctn.com/ISRCTN82013652' target='_blank'><div>ISRCTN82013652</div></a></td>
      <td>Programme on Adherence to Medication</td>
      <td>Circulatory System</td>
      <td>Adult</td>
      <td>542</td>
    </tr>
  </tbody>
</table>"
1083,-68886.49352176288,6739598.278812973,Oxfordshire and Buckinghamshire Mental Health NHS Foundation Trust,51.66399670000001,-0.6188178999999999,1.0,1.0,"<table border=""1"" class=""dataframe"">
  <thead>
    <tr style=""text-align: left;"">
      <th>ISRCTN link</th>
      <th>Title</th>
      <th>Condition category</th>
      <th>Age group</th>
      <th>Target number of participants</th>
    </tr>
  </thead>
  <tbody>
    <tr>
      <td><a href='https://www.isrctn.com/ISRCTN57363317' target='_blank'><div>ISRCTN57363317</div></a></td>
      <td>Therapeutic community intervention trial</td>
      <td>Mental and Behavioural Disorders</td>
      <td>Adult</td>
      <td>85</td>
    </tr>
  </tbody>
</table>"
1087,-12904.578386821287,6720803.812498683,Anna Freud National Centre for Children and Families; University of Manchester,51.5591529,-0.1159238,1.0,1.0,"<table border=""1"" class=""dataframe"">
  <thead>
    <tr style=""text-align: left;"">
      <th>ISRCTN link</th>
      <th>Title</th>
      <th>Condition category</th>
      <th>Age group</th>
      <th>Target number of participants</th>
    </tr>
  </thead>
  <tbody>
    <tr>
      <td><a href='https://www.isrctn.com/ISRCTN18086362' target='_blank'><div>ISRCTN18086362</div></a></td>
      <td>Can a volunteering intervention (Team Social Action) improve teenagers' wel...</td>
      <td>Not Applicable</td>
      <td>Child</td>
      <td>300</td>
    </tr>
  </tbody>
</table>"
1097,-630343.1879765951,7295802.987620213,South Eastern Health and Social Care Trust (SEHSCT),54.658162,-5.662469199999999,1.0,1.0,"<table border=""1"" class=""dataframe"">
  <thead>
    <tr style=""text-align: left;"">
      <th>ISRCTN link</th>
      <th>Title</th>
      <th>Condition category</th>
      <th>Age group</th>
      <th>Target number of participants</th>
    </tr>
  </thead>
  <tbody>
    <tr>
      <td><a href='https://www.isrctn.com/ISRCTN23051918' target='_blank'><div>ISRCTN23051918</div></a></td>
      <td>The Walk With Me Study: a peer-led intervention to increase physical activi...</td>
      <td>Not Applicable</td>
      <td>Mixed</td>
      <td>60</td>
    </tr>
  </tbody>
</table>"
1114,-127567.76159310335,7075055.126352661,Rotherham Doncaster and South Humber NHS Foundation Trust,53.4948158,-1.1459607,2.0,5.306765580733931,"<table border=""1"" class=""dataframe"">
  <thead>
    <tr style=""text-align: left;"">
      <th>ISRCTN link</th>
      <th>Title</th>
      <th>Condition category</th>
      <th>Age group</th>
      <th>Target number of participants</th>
    </tr>
  </thead>
  <tbody>
    <tr>
      <td><a href='https://www.isrctn.com/ISRCTN34503872' target='_blank'><div>ISRCTN34503872</div></a></td>
      <td>Testing the effectiveness of an intervention designed to reduce burn-out an...</td>
      <td>Mental and Behavioural Disorders</td>
      <td>Adult</td>
      <td>192</td>
    </tr>
    <tr>
      <td><a href='https://www.isrctn.com/ISRCTN18197153' target='_blank'><div>ISRCTN18197153</div></a></td>
      <td>UpLift Trial: an experimental comparison of two digital health intervention...</td>
      <td>Mental and Behavioural Disorders</td>
      <td>Adult</td>
      <td>240</td>
    </tr>
  </tbody>
</table>"
1117,-174319.52096137893,7271429.293001353,County Durham and Darlington NHS Foundation Trust,54.5313106,-1.5659389,1.0,1.0,"<table border=""1"" class=""dataframe"">
  <thead>
    <tr style=""text-align: left;"">
      <th>ISRCTN link</th>
      <th>Title</th>
      <th>Condition category</th>
      <th>Age group</th>
      <th>Target number of participants</th>
    </tr>
  </thead>
  <tbody>
    <tr>
      <td><a href='https://www.isrctn.com/ISRCTN48086713' target='_blank'><div>ISRCTN48086713</div></a></td>
      <td>Evaluation of an internet-based weight loss intervention</td>
      <td>Nutritional, Metabolic, Endocrine</td>
      <td>Adult</td>
      <td>120</td>
    </tr>
  </tbody>
</table>"
1119,-659960.8183012063,7283543.685365062,Department for Employment and Learning,54.59440859999999,-5.9285289,1.0,1.0,"<table border=""1"" class=""dataframe"">
  <thead>
    <tr style=""text-align: left;"">
      <th>ISRCTN link</th>
      <th>Title</th>
      <th>Condition category</th>
      <th>Age group</th>
      <th>Target number of participants</th>
    </tr>
  </thead>
  <tbody>
    <tr>
      <td><a href='https://www.isrctn.com/ISRCTN22062283' target='_blank'><div>ISRCTN22062283</div></a></td>
      <td>Effects of accumulated exercise on risk factors for heart disease</td>
      <td>Circulatory System</td>
      <td>Adult</td>
      <td>90</td>
    </tr>
  </tbody>
</table>"
1125,-203570.49827916428,6887054.614756272,Birmingham Heartlands Hospital,52.4781907,-1.8287049,1.0,1.0,"<table border=""1"" class=""dataframe"">
  <thead>
    <tr style=""text-align: left;"">
      <th>ISRCTN link</th>
      <th>Title</th>
      <th>Condition category</th>
      <th>Age group</th>
      <th>Target number of participants</th>
    </tr>
  </thead>
  <tbody>
    <tr>
      <td><a href='https://www.isrctn.com/ISRCTN11910243' target='_blank'><div>ISRCTN11910243</div></a></td>
      <td>The TARGET feasibility study: Can men and transgender people who have sex w...</td>
      <td>Infections and Infestations</td>
      <td>Adult</td>
      <td>110</td>
    </tr>
  </tbody>
</table>"
1132,-659067.156561067,7285961.492658176,Food Standards Agency,54.6069901,-5.920501,1.0,1.0,"<table border=""1"" class=""dataframe"">
  <thead>
    <tr style=""text-align: left;"">
      <th>ISRCTN link</th>
      <th>Title</th>
      <th>Condition category</th>
      <th>Age group</th>
      <th>Target number of participants</th>
    </tr>
  </thead>
  <tbody>
    <tr>
      <td><a href='https://www.isrctn.com/ISRCTN83078872' target='_blank'><div>ISRCTN83078872</div></a></td>
      <td>Randomised controlled trial to test the impact of increased consumption of ...</td>
      <td>Not Applicable</td>
      <td>Adult</td>
      <td>300</td>
    </tr>
  </tbody>
</table>"
1133,-11194.265730273433,6710744.372733879,Guy's and St Thomas' Charity,51.50293740000001,-0.1005598,1.0,1.0,"<table border=""1"" class=""dataframe"">
  <thead>
    <tr style=""text-align: left;"">
      <th>ISRCTN link</th>
      <th>Title</th>
      <th>Condition category</th>
      <th>Age group</th>
      <th>Target number of participants</th>
    </tr>
  </thead>
  <tbody>
    <tr>
      <td><a href='https://www.isrctn.com/ISRCTN62822052' target='_blank'><div>ISRCTN62822052</div></a></td>
      <td>An innovative early intervention for antisocial children with callous-unemo...</td>
      <td>Mental and Behavioural Disorders</td>
      <td>Child</td>
      <td>60</td>
    </tr>
  </tbody>
</table>"
1135,-123000.69024017495,6907782.267698809,Institute of Occupational Safety and Health,52.591452,-1.104934,1.0,1.0,"<table border=""1"" class=""dataframe"">
  <thead>
    <tr style=""text-align: left;"">
      <th>ISRCTN link</th>
      <th>Title</th>
      <th>Condition category</th>
      <th>Age group</th>
      <th>Target number of participants</th>
    </tr>
  </thead>
  <tbody>
    <tr>
      <td><a href='https://www.isrctn.com/ISRCTN15888934' target='_blank'><div>ISRCTN15888934</div></a></td>
      <td>A technology based intervention to nudge construction workers towards sun s...</td>
      <td>Injury, Occupational Diseases, Poisoning</td>
      <td>Adult</td>
      <td>60</td>
    </tr>
  </tbody>
</table>"
1138,-694922.9975663443,7047121.450833473,Economic and Social Research Council,53.3452743,-6.242599500000001,2.0,5.306765580733931,"<table border=""1"" class=""dataframe"">
  <thead>
    <tr style=""text-align: left;"">
      <th>ISRCTN link</th>
      <th>Title</th>
      <th>Condition category</th>
      <th>Age group</th>
      <th>Target number of participants</th>
    </tr>
  </thead>
  <tbody>
    <tr>
      <td><a href='https://www.isrctn.com/ISRCTN05716448' target='_blank'><div>ISRCTN05716448</div></a></td>
      <td>Walks4work: Investigating walking at lunchtime in the workplace</td>
      <td>Mental and Behavioural Disorders</td>
      <td>Adult</td>
      <td>94</td>
    </tr>
    <tr>
      <td><a href='https://www.isrctn.com/ISRCTN05716448' target='_blank'><div>ISRCTN05716448</div></a></td>
      <td>Walks4work: Investigating walking at lunchtime in the workplace</td>
      <td>Mental and Behavioural Disorders</td>
      <td>Adult</td>
      <td>94</td>
    </tr>
  </tbody>
</table>"
1151,-337809.8595944901,7139925.499761764,Department for Work and Pensions,53.8400702,-3.0345976,1.0,1.0,"<table border=""1"" class=""dataframe"">
  <thead>
    <tr style=""text-align: left;"">
      <th>ISRCTN link</th>
      <th>Title</th>
      <th>Condition category</th>
      <th>Age group</th>
      <th>Target number of participants</th>
    </tr>
  </thead>
  <tbody>
    <tr>
      <td><a href='https://www.isrctn.com/ISRCTN68347173' target='_blank'><div>ISRCTN68347173</div></a></td>
      <td>Sheffield City Region Health-led Trial</td>
      <td>Not Applicable</td>
      <td>Adult</td>
      <td>7500</td>
    </tr>
  </tbody>
</table>"
1163,-697717.2169727972,7049463.659711087,HRB Primary Care Clinical Trials Network Ireland,53.3578334,-6.2677004,1.0,1.0,"<table border=""1"" class=""dataframe"">
  <thead>
    <tr style=""text-align: left;"">
      <th>ISRCTN link</th>
      <th>Title</th>
      <th>Condition category</th>
      <th>Age group</th>
      <th>Target number of participants</th>
    </tr>
  </thead>
  <tbody>
    <tr>
      <td><a href='https://www.isrctn.com/ISRCTN11426121' target='_blank'><div>ISRCTN11426121</div></a></td>
      <td>The safety in primary care study: a randomised, controlled feasibility stud...</td>
      <td>Not Applicable</td>
      <td>Adult</td>
      <td>10</td>
    </tr>
  </tbody>
</table>"
1171,-477718.87842320447,7533058.605221123,"University of Glasgow, College of Medical, Veterinary and Life Sciences",55.8724135,-4.2914217,1.0,1.0,"<table border=""1"" class=""dataframe"">
  <thead>
    <tr style=""text-align: left;"">
      <th>ISRCTN link</th>
      <th>Title</th>
      <th>Condition category</th>
      <th>Age group</th>
      <th>Target number of participants</th>
    </tr>
  </thead>
  <tbody>
    <tr>
      <td><a href='https://www.isrctn.com/ISRCTN90927910' target='_blank'><div>ISRCTN90927910</div></a></td>
      <td>Enjoy your baby, life skills for mums with new babies: a pilot randomised c...</td>
      <td>Mental and Behavioural Disorders</td>
      <td>Adult</td>
      <td>60</td>
    </tr>
  </tbody>
</table>"
1176,-9968.037011389206,6704934.488024983,"Psychology and Neuroscience (IoPPN), King's College London and South London and Maudsley NHS Foundation Trust",51.4704382,-0.0895444,2.0,5.306765580733931,"<table border=""1"" class=""dataframe"">
  <thead>
    <tr style=""text-align: left;"">
      <th>ISRCTN link</th>
      <th>Title</th>
      <th>Condition category</th>
      <th>Age group</th>
      <th>Target number of participants</th>
    </tr>
  </thead>
  <tbody>
    <tr>
      <td><a href='https://www.isrctn.com/ISRCTN91411078' target='_blank'><div>ISRCTN91411078</div></a></td>
      <td>Autism spectrum treatment and resilience (ASTAR)</td>
      <td>Mental and Behavioural Disorders</td>
      <td>Mixed</td>
      <td>84</td>
    </tr>
    <tr>
      <td><a href='https://www.isrctn.com/ISRCTN91411078' target='_blank'><div>ISRCTN91411078</div></a></td>
      <td>Autism spectrum treatment and resilience (ASTAR)</td>
      <td>Mental and Behavioural Disorders</td>
      <td>Mixed</td>
      <td>84</td>
    </tr>
  </tbody>
</table>"
1183,-147999.39659304617,7279997.644773864,"Tees, Esk and Wear Valleys NHS Foundation Trust",54.5759491,-1.3295012,1.0,1.0,"<table border=""1"" class=""dataframe"">
  <thead>
    <tr style=""text-align: left;"">
      <th>ISRCTN link</th>
      <th>Title</th>
      <th>Condition category</th>
      <th>Age group</th>
      <th>Target number of participants</th>
    </tr>
  </thead>
  <tbody>
    <tr>
      <td><a href='https://www.isrctn.com/ISRCTN94091479' target='_blank'><div>ISRCTN94091479</div></a></td>
      <td>Behavioural Activation in Social IsoLation (BASIL): Benefiting from activit...</td>
      <td>Mental and Behavioural Disorders</td>
      <td>Senior</td>
      <td>100</td>
    </tr>
  </tbody>
</table>"
1184,-354113.155618619,7552489.185226847,Department of Health and Social Care,55.970218,-3.1810526,1.0,1.0,"<table border=""1"" class=""dataframe"">
  <thead>
    <tr style=""text-align: left;"">
      <th>ISRCTN link</th>
      <th>Title</th>
      <th>Condition category</th>
      <th>Age group</th>
      <th>Target number of participants</th>
    </tr>
  </thead>
  <tbody>
    <tr>
      <td><a href='https://www.isrctn.com/ISRCTN13455972' target='_blank'><div>ISRCTN13455972</div></a></td>
      <td>Evaluation of coronavirus self-isolation interventions</td>
      <td>Infections and Infestations</td>
      <td>Adult</td>
      <td>10000</td>
    </tr>
  </tbody>
</table>"
1185,-811865.1579159425,7359026.081867316,Western Health and Social Care Trust; University of Ulster,54.985364,-7.2931088,1.0,1.0,"<table border=""1"" class=""dataframe"">
  <thead>
    <tr style=""text-align: left;"">
      <th>ISRCTN link</th>
      <th>Title</th>
      <th>Condition category</th>
      <th>Age group</th>
      <th>Target number of participants</th>
    </tr>
  </thead>
  <tbody>
    <tr>
      <td><a href='https://www.isrctn.com/ISRCTN16710901' target='_blank'><div>ISRCTN16710901</div></a></td>
      <td>Overcoming psychological stress to injections for type 2 diabetes</td>
      <td>Nutritional, Metabolic, Endocrine</td>
      <td>Adult</td>
      <td>150</td>
    </tr>
  </tbody>
</table>"
1192,-14827.812031357762,6709852.226837003,Department of Health,51.49794844005473,-0.13320050177820006,9.0,14.652123889719707,"<table border=""1"" class=""dataframe"">
  <thead>
    <tr style=""text-align: left;"">
      <th>ISRCTN link</th>
      <th>Title</th>
      <th>Condition category</th>
      <th>Age group</th>
      <th>Target number of participants</th>
    </tr>
  </thead>
  <tbody>
    <tr>
      <td><a href='https://www.isrctn.com/ISRCTN15049088' target='_blank'><div>ISRCTN15049088</div></a></td>
      <td>Patient online GP letter trial</td>
      <td>Not Applicable</td>
      <td>Mixed</td>
      <td>3663</td>
    </tr>
    <tr>
      <td><a href='https://www.isrctn.com/ISRCTN93653543' target='_blank'><div>ISRCTN93653543</div></a></td>
      <td>Increasing uptake of cervical screening through behavioural insight</td>
      <td>Not Applicable</td>
      <td>Adult</td>
      <td>27000</td>
    </tr>
    <tr>
      <td><a href='https://www.isrctn.com/ISRCTN16021642' target='_blank'><div>ISRCTN16021642</div></a></td>
      <td>Inviting patients to make a commitment to take their medication as prescrib...</td>
      <td>Not Applicable</td>
      <td>Adult</td>
      <td>11292</td>
    </tr>
    <tr>
      <td><a href='https://www.isrctn.com/ISRCTN43769277' target='_blank'><div>ISRCTN43769277</div></a></td>
      <td>Older people's exercise intervention in residential and nursing accommodati...</td>
      <td>Mental and Behavioural Disorders</td>
      <td>Senior</td>
      <td>1000</td>
    </tr>
    <tr>
      <td><a href='https://www.isrctn.com/ISRCTN22547605' target='_blank'><div>ISRCTN22547605</div></a></td>
      <td>Reducing pain and disability in patients with chronic musculoskeletal pain ...</td>
      <td>Signs and Symptoms</td>
      <td>Not Specified</td>
      <td>171</td>
    </tr>
    <tr>
      <td><a href='https://www.isrctn.com/ISRCTN93311365' target='_blank'><div>ISRCTN93311365</div></a></td>
      <td>A pilot study of the effects of applying Turkington and Kingdon's Normalizi...</td>
      <td>Mental and Behavioural Disorders</td>
      <td>Not Specified</td>
      <td>0</td>
    </tr>
    <tr>
      <td><a href='https://www.isrctn.com/ISRCTN81663155' target='_blank'><div>ISRCTN81663155</div></a></td>
      <td>Investigation into the effect of intensive dietary intervention on post pra...</td>
      <td>Nutritional, Metabolic, Endocrine</td>
      <td>Adult</td>
      <td>0</td>
    </tr>
    <tr>
      <td><a href='https://www.isrctn.com/ISRCTN14725356' target='_blank'><div>ISRCTN14725356</div></a></td>
      <td>A randomised controlled trial investigating the effectiveness of regular gr...</td>
      <td>Nervous System Diseases</td>
      <td>Not Specified</td>
      <td>96</td>
    </tr>
    <tr>
      <td><a href='https://www.isrctn.com/ISRCTN84234796' target='_blank'><div>ISRCTN84234796</div></a></td>
      <td>A randomised comparative trial of group education and distance learning in ...</td>
      <td>Nutritional, Metabolic, Endocrine</td>
      <td>Not Specified</td>
      <td>50</td>
    </tr>
  </tbody>
</table>"
1194,-15549.303072546925,6716278.93059565,British Heart Foundation,51.53387494245585,-0.13968176607475538,1.0,1.0,"<table border=""1"" class=""dataframe"">
  <thead>
    <tr style=""text-align: left;"">
      <th>ISRCTN link</th>
      <th>Title</th>
      <th>Condition category</th>
      <th>Age group</th>
      <th>Target number of participants</th>
    </tr>
  </thead>
  <tbody>
    <tr>
      <td><a href='https://www.isrctn.com/ISRCTN05716448' target='_blank'><div>ISRCTN05716448</div></a></td>
      <td>Walks4work: Investigating walking at lunchtime in the workplace</td>
      <td>Mental and Behavioural Disorders</td>
      <td>Adult</td>
      <td>94</td>
    </tr>
  </tbody>
</table>"
1196,-12836.506018003305,6724440.634690489,Public Health England,51.57945959103407,-0.11531229550664585,4.0,9.613531161467861,"<table border=""1"" class=""dataframe"">
  <thead>
    <tr style=""text-align: left;"">
      <th>ISRCTN link</th>
      <th>Title</th>
      <th>Condition category</th>
      <th>Age group</th>
      <th>Target number of participants</th>
    </tr>
  </thead>
  <tbody>
    <tr>
      <td><a href='https://www.isrctn.com/ISRCTN67116897' target='_blank'><div>ISRCTN67116897</div></a></td>
      <td>How to frame swaps within an online supermarket platform to maximise accept...</td>
      <td>Nutritional, Metabolic, Endocrine</td>
      <td>Adult</td>
      <td>900</td>
    </tr>
    <tr>
      <td><a href='https://www.isrctn.com/ISRCTN24159790' target='_blank'><div>ISRCTN24159790</div></a></td>
      <td>Individual and placement support for alcohol and drug dependence</td>
      <td>Mental and Behavioural Disorders</td>
      <td>Adult</td>
      <td>2400</td>
    </tr>
    <tr>
      <td><a href='https://www.isrctn.com/ISRCTN83322985' target='_blank'><div>ISRCTN83322985</div></a></td>
      <td>A practice level intervention to reduce antibiotic prescribing for self-lim...</td>
      <td>Infections and Infestations</td>
      <td>Adult</td>
      <td>175</td>
    </tr>
    <tr>
      <td><a href='https://www.isrctn.com/ISRCTN13304533' target='_blank'><div>ISRCTN13304533</div></a></td>
      <td>A mixed methods approach to understanding parental responses to enhanced ve...</td>
      <td>Nutritional, Metabolic, Endocrine</td>
      <td>Adult</td>
      <td>9800</td>
    </tr>
  </tbody>
</table>"
