,merclng,merclat,locations,latitude,longitude,number,radius,HTML
0,-139635.47344398804,6755913.94771293,University of Oxford,51.7548164,-1.2543668,14.0,17.397385131955605,"<table border=""1"" class=""dataframe"">
  <thead>
    <tr style=""text-align: left;"">
      <th>ISRCTN link</th>
      <th>Title</th>
      <th>Condition category</th>
      <th>Age group</th>
      <th>Target number of participants</th>
    </tr>
  </thead>
  <tbody>
    <tr>
      <td><a href='https://www.isrctn.com/ISRCTN16665769' target='_blank'><div>ISRCTN16665769</div></a></td>
      <td>The role of cerebral embolic protection in preventing strokes and improving...</td>
      <td>Circulatory System</td>
      <td>Adult</td>
      <td>7730</td>
    </tr>
    <tr>
      <td><a href='https://www.isrctn.com/ISRCTN51530527' target='_blank'><div>ISRCTN51530527</div></a></td>
      <td>Can the use of wrist or chest-worn wearable devices that measure heart rate...</td>
      <td>Signs and Symptoms</td>
      <td>Adult</td>
      <td>78</td>
    </tr>
    <tr>
      <td><a href='https://www.isrctn.com/ISRCTN10708234' target='_blank'><div>ISRCTN10708234</div></a></td>
      <td>Virtual HDU Phase 3: wireless vital sign monitoring system testing on a sur...</td>
      <td>Not Applicable</td>
      <td>Adult</td>
      <td>20</td>
    </tr>
    <tr>
      <td><a href='https://www.isrctn.com/ISRCTN61535692' target='_blank'><div>ISRCTN61535692</div></a></td>
      <td>Testing the effects of low levels of blood oxygen and movement of the accur...</td>
      <td>Not Applicable</td>
      <td>Adult</td>
      <td>30</td>
    </tr>
    <tr>
      <td><a href='https://www.isrctn.com/ISRCTN13955395' target='_blank'><div>ISRCTN13955395</div></a></td>
      <td>The forearm fracture recovery in children evaluation study</td>
      <td>Injury, Occupational Diseases, Poisoning</td>
      <td>Child</td>
      <td>696</td>
    </tr>
    <tr>
      <td><a href='https://www.isrctn.com/ISRCTN12497310' target='_blank'><div>ISRCTN12497310</div></a></td>
      <td>Virtual reality treatment for building confidence around people</td>
      <td>Mental and Behavioural Disorders</td>
      <td>Adult</td>
      <td>90</td>
    </tr>
    <tr>
      <td><a href='https://www.isrctn.com/ISRCTN13725286' target='_blank'><div>ISRCTN13725286</div></a></td>
      <td>Telemonitoring of blood pressure in chronic kidney disease</td>
      <td>Urological and Genital Diseases</td>
      <td>Adult</td>
      <td>25</td>
    </tr>
    <tr>
      <td><a href='https://www.isrctn.com/ISRCTN68511881' target='_blank'><div>ISRCTN68511881</div></a></td>
      <td>CONDUCT - Collection devices to reduce urine contamination</td>
      <td>Urological and Genital Diseases</td>
      <td>Adult</td>
      <td>1260</td>
    </tr>
    <tr>
      <td><a href='https://www.isrctn.com/ISRCTN79151659' target='_blank'><div>ISRCTN79151659</div></a></td>
      <td>Randomised ambulatory management of primary pneumothorax (RAMPP)</td>
      <td>Respiratory</td>
      <td>Adult</td>
      <td>286</td>
    </tr>
    <tr>
      <td><a href='https://www.isrctn.com/ISRCTN62639639' target='_blank'><div>ISRCTN62639639</div></a></td>
      <td>UK Study of tendo Achilles Rehabilitation</td>
      <td>Injury, Occupational Diseases, Poisoning</td>
      <td>Adult</td>
      <td>541</td>
    </tr>
    <tr>
      <td><a href='https://www.isrctn.com/ISRCTN84536917' target='_blank'><div>ISRCTN84536917</div></a></td>
      <td>Supports for Ankle Fractures in Early Rehabilitation (SAFER)</td>
      <td>Surgery</td>
      <td>Adult</td>
      <td>18</td>
    </tr>
    <tr>
      <td><a href='https://www.isrctn.com/ISRCTN46126947' target='_blank'><div>ISRCTN46126947</div></a></td>
      <td>The effect of wearing yellow or blue filters on reading and spelling abilit...</td>
      <td>Not Applicable</td>
      <td>Child</td>
      <td>200</td>
    </tr>
    <tr>
      <td><a href='https://www.isrctn.com/ISRCTN17987510' target='_blank'><div>ISRCTN17987510</div></a></td>
      <td>Supplemental oxygen in OSA following CPAP withdrawal</td>
      <td>Respiratory</td>
      <td>Adult</td>
      <td>30</td>
    </tr>
    <tr>
      <td><a href='https://www.isrctn.com/ISRCTN83743213' target='_blank'><div>ISRCTN83743213</div></a></td>
      <td>Transcorneal electrical stimulation for the treatment of retinitis pigmento...</td>
      <td>Eye Diseases</td>
      <td>Adult</td>
      <td>12</td>
    </tr>
  </tbody>
</table>"
1,-67739.89163464309,6664057.162404566,Royal Surrey County Hospital NHS Foundation Trust,51.2411243,-0.6085178,4.0,9.613531161467861,"<table border=""1"" class=""dataframe"">
  <thead>
    <tr style=""text-align: left;"">
      <th>ISRCTN link</th>
      <th>Title</th>
      <th>Condition category</th>
      <th>Age group</th>
      <th>Target number of participants</th>
    </tr>
  </thead>
  <tbody>
    <tr>
      <td><a href='https://www.isrctn.com/ISRCTN46571788' target='_blank'><div>ISRCTN46571788</div></a></td>
      <td>An investigation into the possible benefits to the reduction of lymph drain...</td>
      <td>Surgery</td>
      <td>Adult</td>
      <td>25</td>
    </tr>
    <tr>
      <td><a href='https://www.isrctn.com/ISRCTN15439489' target='_blank'><div>ISRCTN15439489</div></a></td>
      <td>Detecting low brain oxygen levels in patients undergoing non-cardiac surger...</td>
      <td>Mental and Behavioural Disorders</td>
      <td>Senior</td>
      <td>60</td>
    </tr>
    <tr>
      <td><a href='https://www.isrctn.com/ISRCTN44340629' target='_blank'><div>ISRCTN44340629</div></a></td>
      <td>Is it feasible to apply a treatment called repetitive occlusive stimulus to...</td>
      <td>Musculoskeletal Diseases</td>
      <td>Adult</td>
      <td>32</td>
    </tr>
    <tr>
      <td><a href='https://www.isrctn.com/ISRCTN82077534' target='_blank'><div>ISRCTN82077534</div></a></td>
      <td>The measurement of heart and circulation parameters performed non-invasivel...</td>
      <td>Circulatory System</td>
      <td>Adult</td>
      <td>140</td>
    </tr>
  </tbody>
</table>"
2,-181976.75458703414,7363080.99091819,Newcastle upon Tyne Hospitals NHS Foundation Trust,55.0062592,-1.634725,5.0,11.0,"<table border=""1"" class=""dataframe"">
  <thead>
    <tr style=""text-align: left;"">
      <th>ISRCTN link</th>
      <th>Title</th>
      <th>Condition category</th>
      <th>Age group</th>
      <th>Target number of participants</th>
    </tr>
  </thead>
  <tbody>
    <tr>
      <td><a href='https://www.isrctn.com/ISRCTN12051706' target='_blank'><div>ISRCTN12051706</div></a></td>
      <td>Clinical validation of a mobility monitor to measure and predict health out...</td>
      <td>Not Applicable</td>
      <td>Adult</td>
      <td>2400</td>
    </tr>
    <tr>
      <td><a href='https://www.isrctn.com/ISRCTN12246987' target='_blank'><div>ISRCTN12246987</div></a></td>
      <td>Validating digital mobility assessment using wearable technology</td>
      <td>Not Applicable</td>
      <td>Adult</td>
      <td>120</td>
    </tr>
    <tr>
      <td><a href='https://www.isrctn.com/ISRCTN64663470' target='_blank'><div>ISRCTN64663470</div></a></td>
      <td>A pilot study to investigate the use of an impedance threshold device (ITD)...</td>
      <td>Circulatory System</td>
      <td>Adult</td>
      <td>120</td>
    </tr>
    <tr>
      <td><a href='https://www.isrctn.com/ISRCTN17542282' target='_blank'><div>ISRCTN17542282</div></a></td>
      <td>A two year clinical follow up of the single visit crown, comparing two diff...</td>
      <td>Oral Health</td>
      <td>Adult</td>
      <td>20</td>
    </tr>
    <tr>
      <td><a href='https://www.isrctn.com/ISRCTN62199741' target='_blank'><div>ISRCTN62199741</div></a></td>
      <td>Adenosine testing to determine the need for pacing therapy in unexplained s...</td>
      <td>Circulatory System</td>
      <td>Adult</td>
      <td>180</td>
    </tr>
  </tbody>
</table>"
4,-14921.27567787947,6714611.999375625,University College London,51.52455920000001,-0.1340401,13.0,16.936926411670825,"<table border=""1"" class=""dataframe"">
  <thead>
    <tr style=""text-align: left;"">
      <th>ISRCTN link</th>
      <th>Title</th>
      <th>Condition category</th>
      <th>Age group</th>
      <th>Target number of participants</th>
    </tr>
  </thead>
  <tbody>
    <tr>
      <td><a href='https://www.isrctn.com/ISRCTN85785540' target='_blank'><div>ISRCTN85785540</div></a></td>
      <td>Evaluating an app to help people quit smoking</td>
      <td>Not Applicable</td>
      <td>Adult</td>
      <td>3116</td>
    </tr>
    <tr>
      <td><a href='https://www.isrctn.com/ISRCTN23410641' target='_blank'><div>ISRCTN23410641</div></a></td>
      <td>Assessing the effectiveness of the Little Journey app at reducing children’...</td>
      <td>Not Applicable</td>
      <td>Child</td>
      <td>304</td>
    </tr>
    <tr>
      <td><a href='https://www.isrctn.com/ISRCTN11347879' target='_blank'><div>ISRCTN11347879</div></a></td>
      <td>Vast improvements in oesophageal imaging</td>
      <td>Cancer</td>
      <td>Adult</td>
      <td>370</td>
    </tr>
    <tr>
      <td><a href='https://www.isrctn.com/ISRCTN16483855' target='_blank'><div>ISRCTN16483855</div></a></td>
      <td>Inhale work package 3 – rapid versus standard testing to diagnose lung infe...</td>
      <td>Respiratory</td>
      <td>Adult</td>
      <td>466</td>
    </tr>
    <tr>
      <td><a href='https://www.isrctn.com/ISRCTN62293620' target='_blank'><div>ISRCTN62293620</div></a></td>
      <td>DREAMPath – A prospective observational study to measure patient compliance...</td>
      <td>Surgery</td>
      <td>Adult</td>
      <td>50</td>
    </tr>
    <tr>
      <td><a href='https://www.isrctn.com/ISRCTN23416732' target='_blank'><div>ISRCTN23416732</div></a></td>
      <td>PRevention Of Hypertensive Injury to the Brain by Intensive Treatment after...</td>
      <td>Circulatory System</td>
      <td>Adult</td>
      <td>112</td>
    </tr>
    <tr>
      <td><a href='https://www.isrctn.com/ISRCTN96189403' target='_blank'><div>ISRCTN96189403</div></a></td>
      <td>Show results to participants engaged in clinical trials</td>
      <td>Not Applicable</td>
      <td>Adult</td>
      <td>255</td>
    </tr>
    <tr>
      <td><a href='https://www.isrctn.com/ISRCTN16931827' target='_blank'><div>ISRCTN16931827</div></a></td>
      <td>A trial to assess the benefit of offering an e-cigarette starter kit to smo...</td>
      <td>Not Applicable</td>
      <td>Adult</td>
      <td>1266</td>
    </tr>
    <tr>
      <td><a href='https://www.isrctn.com/ISRCTN52105758' target='_blank'><div>ISRCTN52105758</div></a></td>
      <td>Salivary electro-stimulation for the treatment of dry mouth in patients wit...</td>
      <td>Oral Health</td>
      <td>Adult</td>
      <td>130</td>
    </tr>
    <tr>
      <td><a href='https://www.isrctn.com/ISRCTN14233369' target='_blank'><div>ISRCTN14233369</div></a></td>
      <td>SMART filling for caries in primary teeth</td>
      <td>Oral Health</td>
      <td>Child</td>
      <td>66</td>
    </tr>
    <tr>
      <td><a href='https://www.isrctn.com/ISRCTN16689192' target='_blank'><div>ISRCTN16689192</div></a></td>
      <td>The effect of 670 nm light on visual function in ageing and age-related mac...</td>
      <td>Eye Diseases</td>
      <td>Adult</td>
      <td>40</td>
    </tr>
    <tr>
      <td><a href='https://www.isrctn.com/ISRCTN17209025' target='_blank'><div>ISRCTN17209025</div></a></td>
      <td>A randomised control trial of SEEG electrode placement methods</td>
      <td>Nervous System Diseases</td>
      <td>Adult</td>
      <td>32</td>
    </tr>
    <tr>
      <td><a href='https://www.isrctn.com/ISRCTN10329248' target='_blank'><div>ISRCTN10329248</div></a></td>
      <td>Optimising the cardiovascular system following liver transplantation surger...</td>
      <td>Digestive System</td>
      <td>Adult</td>
      <td>50</td>
    </tr>
  </tbody>
</table>"
5,-19154.466482071603,6719549.4513150705,Royal Free London NHS Foundation Trust,51.5521469,-0.1720675,2.0,5.306765580733931,"<table border=""1"" class=""dataframe"">
  <thead>
    <tr style=""text-align: left;"">
      <th>ISRCTN link</th>
      <th>Title</th>
      <th>Condition category</th>
      <th>Age group</th>
      <th>Target number of participants</th>
    </tr>
  </thead>
  <tbody>
    <tr>
      <td><a href='https://www.isrctn.com/ISRCTN23705289' target='_blank'><div>ISRCTN23705289</div></a></td>
      <td>Can a nuclear medicine scan (MIBI) detect whether a mass in the kidney is ...</td>
      <td>Cancer</td>
      <td>Adult</td>
      <td>50</td>
    </tr>
    <tr>
      <td><a href='https://www.isrctn.com/ISRCTN36077283' target='_blank'><div>ISRCTN36077283</div></a></td>
      <td>Ward-based goal-directed fluid therapy (GDFT) in acute pancreatitis</td>
      <td>Digestive System</td>
      <td>Adult</td>
      <td>50</td>
    </tr>
  </tbody>
</table>"
7,-173105.45946283842,7133628.765905515,University of Leeds,53.8066815,-1.5550328,2.0,5.306765580733931,"<table border=""1"" class=""dataframe"">
  <thead>
    <tr style=""text-align: left;"">
      <th>ISRCTN link</th>
      <th>Title</th>
      <th>Condition category</th>
      <th>Age group</th>
      <th>Target number of participants</th>
    </tr>
  </thead>
  <tbody>
    <tr>
      <td><a href='https://www.isrctn.com/ISRCTN84598751' target='_blank'><div>ISRCTN84598751</div></a></td>
      <td>Optimizing clinical workflows for 3-D printed dentures</td>
      <td>Oral Health</td>
      <td>Adult</td>
      <td>20</td>
    </tr>
    <tr>
      <td><a href='https://www.isrctn.com/ISRCTN12547356' target='_blank'><div>ISRCTN12547356</div></a></td>
      <td>The use of laser doppler flowmetry for the assessment of the tooth vitality...</td>
      <td>Oral Health</td>
      <td>Child</td>
      <td>74</td>
    </tr>
  </tbody>
</table>"
10,-125193.51722956625,6913224.121171489,University of Leicester,52.6211393,-1.1246325,1.0,1.0,"<table border=""1"" class=""dataframe"">
  <thead>
    <tr style=""text-align: left;"">
      <th>ISRCTN link</th>
      <th>Title</th>
      <th>Condition category</th>
      <th>Age group</th>
      <th>Target number of participants</th>
    </tr>
  </thead>
  <tbody>
    <tr>
      <td><a href='https://www.isrctn.com/ISRCTN12855961' target='_blank'><div>ISRCTN12855961</div></a></td>
      <td>Is it possible to predict a worsening of lung disease symptoms using wearab...</td>
      <td>Respiratory</td>
      <td>Adult</td>
      <td>100</td>
    </tr>
  </tbody>
</table>"
11,-214903.77978954036,6882052.998582191,University of Birmingham,52.4508168,-1.9305135,3.0,7.826061944859854,"<table border=""1"" class=""dataframe"">
  <thead>
    <tr style=""text-align: left;"">
      <th>ISRCTN link</th>
      <th>Title</th>
      <th>Condition category</th>
      <th>Age group</th>
      <th>Target number of participants</th>
    </tr>
  </thead>
  <tbody>
    <tr>
      <td><a href='https://www.isrctn.com/ISRCTN14521547' target='_blank'><div>ISRCTN14521547</div></a></td>
      <td>REVERE Breathe</td>
      <td>Respiratory</td>
      <td>Adult</td>
      <td>25</td>
    </tr>
    <tr>
      <td><a href='https://www.isrctn.com/ISRCTN16857539' target='_blank'><div>ISRCTN16857539</div></a></td>
      <td>Home blood pressure monitors in patients with atrial fibrillation</td>
      <td>Circulatory System</td>
      <td>Adult</td>
      <td>33</td>
    </tr>
    <tr>
      <td><a href='https://www.isrctn.com/ISRCTN23330756' target='_blank'><div>ISRCTN23330756</div></a></td>
      <td>Virtual restorative environment therapy for burns dressing changes</td>
      <td>Injury, Occupational Diseases, Poisoning</td>
      <td>Adult</td>
      <td>25</td>
    </tr>
  </tbody>
</table>"
12,-132804.10798857908,6971867.107989617,University of Nottingham,52.93978269999999,-1.1929996,4.0,9.613531161467861,"<table border=""1"" class=""dataframe"">
  <thead>
    <tr style=""text-align: left;"">
      <th>ISRCTN link</th>
      <th>Title</th>
      <th>Condition category</th>
      <th>Age group</th>
      <th>Target number of participants</th>
    </tr>
  </thead>
  <tbody>
    <tr>
      <td><a href='https://www.isrctn.com/ISRCTN11853110' target='_blank'><div>ISRCTN11853110</div></a></td>
      <td>Trial investigating the effectiveness of a medical device (Alpha-Stim AID) ...</td>
      <td>Mental and Behavioural Disorders</td>
      <td>Adult</td>
      <td>230</td>
    </tr>
    <tr>
      <td><a href='https://www.isrctn.com/ISRCTN63231313' target='_blank'><div>ISRCTN63231313</div></a></td>
      <td>Remote ischaemic Conditioning After Stroke Trial - 3</td>
      <td>Circulatory System</td>
      <td>Adult</td>
      <td>1300</td>
    </tr>
    <tr>
      <td><a href='https://www.isrctn.com/ISRCTN12606737' target='_blank'><div>ISRCTN12606737</div></a></td>
      <td>Antimicrobial urinary catheter safety study</td>
      <td>Urological and Genital Diseases</td>
      <td>Adult</td>
      <td>60</td>
    </tr>
    <tr>
      <td><a href='https://www.isrctn.com/ISRCTN74799543' target='_blank'><div>ISRCTN74799543</div></a></td>
      <td>Optimising the management of mental health problems in primary care</td>
      <td>Mental and Behavioural Disorders</td>
      <td>Adult</td>
      <td>100</td>
    </tr>
  </tbody>
</table>"
14,-331970.6179688271,7650185.350090201,University of Dundee,56.45824469999999,-2.9821428,1.0,1.0,"<table border=""1"" class=""dataframe"">
  <thead>
    <tr style=""text-align: left;"">
      <th>ISRCTN link</th>
      <th>Title</th>
      <th>Condition category</th>
      <th>Age group</th>
      <th>Target number of participants</th>
    </tr>
  </thead>
  <tbody>
    <tr>
      <td><a href='https://www.isrctn.com/ISRCTN14352531' target='_blank'><div>ISRCTN14352531</div></a></td>
      <td>Comparison of fixed versus removable bite blocks for correction of prominen...</td>
      <td>Oral Health</td>
      <td>Child</td>
      <td>88</td>
    </tr>
  </tbody>
</table>"
15,-288495.2695133245,6709912.247835172,North Bristol NHS Trust,51.4982841,-2.5915971,6.0,12.132827525593784,"<table border=""1"" class=""dataframe"">
  <thead>
    <tr style=""text-align: left;"">
      <th>ISRCTN link</th>
      <th>Title</th>
      <th>Condition category</th>
      <th>Age group</th>
      <th>Target number of participants</th>
    </tr>
  </thead>
  <tbody>
    <tr>
      <td><a href='https://www.isrctn.com/ISRCTN21447815' target='_blank'><div>ISRCTN21447815</div></a></td>
      <td>Studying aerosol emission of the COVID-19 virus in healthcare settings</td>
      <td>Infections and Infestations</td>
      <td>Adult</td>
      <td>600</td>
    </tr>
    <tr>
      <td><a href='https://www.isrctn.com/ISRCTN34155545' target='_blank'><div>ISRCTN34155545</div></a></td>
      <td>Comparing two high tibial osteotomy plates in terms of pain and plate remov...</td>
      <td>Surgery</td>
      <td>Adult</td>
      <td>40</td>
    </tr>
    <tr>
      <td><a href='https://www.isrctn.com/ISRCTN38829082' target='_blank'><div>ISRCTN38829082</div></a></td>
      <td>The BD Odon Device™ for assisted vaginal birth</td>
      <td>Pregnancy and Childbirth</td>
      <td>Adult</td>
      <td>104</td>
    </tr>
    <tr>
      <td><a href='https://www.isrctn.com/ISRCTN70998989' target='_blank'><div>ISRCTN70998989</div></a></td>
      <td>Training in assisted birth: the TAB study</td>
      <td>Pregnancy and Childbirth</td>
      <td>Adult</td>
      <td>30</td>
    </tr>
    <tr>
      <td><a href='https://www.isrctn.com/ISRCTN10203171' target='_blank'><div>ISRCTN10203171</div></a></td>
      <td>The BD Odon Device for assisted vaginal birth</td>
      <td>Pregnancy and Childbirth</td>
      <td>Adult</td>
      <td>48</td>
    </tr>
    <tr>
      <td><a href='https://www.isrctn.com/ISRCTN10997319' target='_blank'><div>ISRCTN10997319</div></a></td>
      <td>A study comparing a form of haemodialysis that filters and replaces high vo...</td>
      <td>Urological and Genital Diseases</td>
      <td>Adult</td>
      <td>1550</td>
    </tr>
  </tbody>
</table>"
16,-460816.4052398808,6511629.516833119,Plymouth University,50.3758892,-4.1395842,1.0,1.0,"<table border=""1"" class=""dataframe"">
  <thead>
    <tr style=""text-align: left;"">
      <th>ISRCTN link</th>
      <th>Title</th>
      <th>Condition category</th>
      <th>Age group</th>
      <th>Target number of participants</th>
    </tr>
  </thead>
  <tbody>
    <tr>
      <td><a href='https://www.isrctn.com/ISRCTN80878394' target='_blank'><div>ISRCTN80878394</div></a></td>
      <td>Does a 10-week physiotherapy programme, using interactive exercise equipmen...</td>
      <td>Nervous System Diseases</td>
      <td>Child</td>
      <td>40</td>
    </tr>
  </tbody>
</table>"
17,-173822.0898167692,6868991.812706135,University of Warwick,52.3792525,-1.5614704,3.0,7.826061944859854,"<table border=""1"" class=""dataframe"">
  <thead>
    <tr style=""text-align: left;"">
      <th>ISRCTN link</th>
      <th>Title</th>
      <th>Condition category</th>
      <th>Age group</th>
      <th>Target number of participants</th>
    </tr>
  </thead>
  <tbody>
    <tr>
      <td><a href='https://www.isrctn.com/ISRCTN55006384' target='_blank'><div>ISRCTN55006384</div></a></td>
      <td>Warwick Spinal Immobiliser</td>
      <td>Injury, Occupational Diseases, Poisoning</td>
      <td>Adult</td>
      <td>140</td>
    </tr>
    <tr>
      <td><a href='https://www.isrctn.com/ISRCTN08233942' target='_blank'><div>ISRCTN08233942</div></a></td>
      <td>Prehospital Randomised Assessment of Mechanical compression Device In Cardi...</td>
      <td>Circulatory System</td>
      <td>Adult</td>
      <td>4200</td>
    </tr>
    <tr>
      <td><a href='https://www.isrctn.com/ISRCTN27624068' target='_blank'><div>ISRCTN27624068</div></a></td>
      <td>A comparison of standard versus robotic total knee replacement</td>
      <td>Musculoskeletal Diseases</td>
      <td>Adult</td>
      <td>332</td>
    </tr>
  </tbody>
</table>"
18,-330095.57472980337,7058225.529810573,University of Liverpool,53.40478239999999,-2.965299,5.0,11.0,"<table border=""1"" class=""dataframe"">
  <thead>
    <tr style=""text-align: left;"">
      <th>ISRCTN link</th>
      <th>Title</th>
      <th>Condition category</th>
      <th>Age group</th>
      <th>Target number of participants</th>
    </tr>
  </thead>
  <tbody>
    <tr>
      <td><a href='https://www.isrctn.com/ISRCTN54006056' target='_blank'><div>ISRCTN54006056</div></a></td>
      <td>A point of care test to aid in diagnosis of suspected sepsis and optimal us...</td>
      <td>Infections and Infestations</td>
      <td>Adult</td>
      <td>7676</td>
    </tr>
    <tr>
      <td><a href='https://www.isrctn.com/ISRCTN61279068' target='_blank'><div>ISRCTN61279068</div></a></td>
      <td>Dynamic electronic tracking and escalation to reduce critical care transfer...</td>
      <td>Not Applicable</td>
      <td>Child</td>
      <td>1600</td>
    </tr>
    <tr>
      <td><a href='https://www.isrctn.com/ISRCTN15452399' target='_blank'><div>ISRCTN15452399</div></a></td>
      <td>Post-Partum Haemorrhage Butterfly study (II): clinical testing and commerci...</td>
      <td>Pregnancy and Childbirth</td>
      <td>Adult</td>
      <td>118</td>
    </tr>
    <tr>
      <td><a href='https://www.isrctn.com/ISRCTN31552904' target='_blank'><div>ISRCTN31552904</div></a></td>
      <td>Determination of corneal biomechanical properties in-vivo using a contact d...</td>
      <td>Eye Diseases</td>
      <td>Adult</td>
      <td>70</td>
    </tr>
    <tr>
      <td><a href='https://www.isrctn.com/ISRCTN56839387' target='_blank'><div>ISRCTN56839387</div></a></td>
      <td>Evaluation of a mobile transcranial direct current stimulation device in ch...</td>
      <td>Nervous System Diseases</td>
      <td>Adult</td>
      <td>24</td>
    </tr>
  </tbody>
</table>"
19,-247990.80449616374,7068684.4314735355,Manchester University NHS Foundation Trust,53.4607569,-2.2277393,2.0,5.306765580733931,"<table border=""1"" class=""dataframe"">
  <thead>
    <tr style=""text-align: left;"">
      <th>ISRCTN link</th>
      <th>Title</th>
      <th>Condition category</th>
      <th>Age group</th>
      <th>Target number of participants</th>
    </tr>
  </thead>
  <tbody>
    <tr>
      <td><a href='https://www.isrctn.com/ISRCTN27389669' target='_blank'><div>ISRCTN27389669</div></a></td>
      <td>Does wearing a sling after keyhole tendon repair surgery in the shoulder gi...</td>
      <td>Injury, Occupational Diseases, Poisoning</td>
      <td>Adult</td>
      <td>120</td>
    </tr>
    <tr>
      <td><a href='https://www.isrctn.com/ISRCTN89369862' target='_blank'><div>ISRCTN89369862</div></a></td>
      <td>Ureteric stent in kidney transplantation</td>
      <td>Urological and Genital Diseases</td>
      <td>Adult</td>
      <td>300</td>
    </tr>
  </tbody>
</table>"
20,-155375.22567792505,6609823.30843706,University of Southampton,50.9351092,-1.3957594,5.0,11.0,"<table border=""1"" class=""dataframe"">
  <thead>
    <tr style=""text-align: left;"">
      <th>ISRCTN link</th>
      <th>Title</th>
      <th>Condition category</th>
      <th>Age group</th>
      <th>Target number of participants</th>
    </tr>
  </thead>
  <tbody>
    <tr>
      <td><a href='https://www.isrctn.com/ISRCTN17936080' target='_blank'><div>ISRCTN17936080</div></a></td>
      <td>Evaluating nasal sprays and physical activity/stress management in reducing...</td>
      <td>Respiratory</td>
      <td>Adult</td>
      <td>15000</td>
    </tr>
    <tr>
      <td><a href='https://www.isrctn.com/ISRCTN45492194' target='_blank'><div>ISRCTN45492194</div></a></td>
      <td>Development of a new penile clamp to prevent urine leakage in men who have ...</td>
      <td>Urological and Genital Diseases</td>
      <td>Adult</td>
      <td>18</td>
    </tr>
    <tr>
      <td><a href='https://www.isrctn.com/ISRCTN20193337' target='_blank'><div>ISRCTN20193337</div></a></td>
      <td>Urinary catheter valve feasibility study</td>
      <td>Urological and Genital Diseases</td>
      <td>Adult</td>
      <td>16</td>
    </tr>
    <tr>
      <td><a href='https://www.isrctn.com/ISRCTN17495003' target='_blank'><div>ISRCTN17495003</div></a></td>
      <td>Screening for atrial fibrillation using economical and accurate technology</td>
      <td>Circulatory System</td>
      <td>Senior</td>
      <td>421</td>
    </tr>
    <tr>
      <td><a href='https://www.isrctn.com/ISRCTN55208702' target='_blank'><div>ISRCTN55208702</div></a></td>
      <td>Study of autoinflation in 4-11 year old school children with glue ear</td>
      <td>Ear, Nose and Throat</td>
      <td>Child</td>
      <td>294</td>
    </tr>
  </tbody>
</table>"
21,-248674.7959753939,7069823.728924356,University of Manchester,53.4668498,-2.2338837,9.0,14.652123889719707,"<table border=""1"" class=""dataframe"">
  <thead>
    <tr style=""text-align: left;"">
      <th>ISRCTN link</th>
      <th>Title</th>
      <th>Condition category</th>
      <th>Age group</th>
      <th>Target number of participants</th>
    </tr>
  </thead>
  <tbody>
    <tr>
      <td><a href='https://www.isrctn.com/ISRCTN12128165' target='_blank'><div>ISRCTN12128165</div></a></td>
      <td>Can using a manual toothbrush connected to a smartphone app that provides g...</td>
      <td>Oral Health</td>
      <td>Adult</td>
      <td>60</td>
    </tr>
    <tr>
      <td><a href='https://www.isrctn.com/ISRCTN11076307' target='_blank'><div>ISRCTN11076307</div></a></td>
      <td>Home monitoring of kidney function in cancer patients: assessing acceptabil...</td>
      <td>Cancer</td>
      <td>Adult</td>
      <td>72</td>
    </tr>
    <tr>
      <td><a href='https://www.isrctn.com/ISRCTN80200202' target='_blank'><div>ISRCTN80200202</div></a></td>
      <td>Comparing two devices with visual examination to assess tooth colour</td>
      <td>Oral Health</td>
      <td>Adult</td>
      <td>50</td>
    </tr>
    <tr>
      <td><a href='https://www.isrctn.com/ISRCTN12830220' target='_blank'><div>ISRCTN12830220</div></a></td>
      <td>Can smartphone technology be used to support an effective home exercise int...</td>
      <td>Injury, Occupational Diseases, Poisoning</td>
      <td>Senior</td>
      <td>86</td>
    </tr>
    <tr>
      <td><a href='https://www.isrctn.com/ISRCTN13500331' target='_blank'><div>ISRCTN13500331</div></a></td>
      <td>Evaluation of a new technology for the treatment of bladder leakage in wome...</td>
      <td>Urological and Genital Diseases</td>
      <td>Adult</td>
      <td>330</td>
    </tr>
    <tr>
      <td><a href='https://www.isrctn.com/ISRCTN12144707' target='_blank'><div>ISRCTN12144707</div></a></td>
      <td>Comparing the Rapid Rhythm System to 12-Lead ECG to identify older patients...</td>
      <td>Circulatory System</td>
      <td>Senior</td>
      <td>1000</td>
    </tr>
    <tr>
      <td><a href='https://www.isrctn.com/ISRCTN98287938' target='_blank'><div>ISRCTN98287938</div></a></td>
      <td>Orthoses for people with stroke (AFOOT)</td>
      <td>Circulatory System</td>
      <td>Adult</td>
      <td>166</td>
    </tr>
    <tr>
      <td><a href='https://www.isrctn.com/ISRCTN97286108' target='_blank'><div>ISRCTN97286108</div></a></td>
      <td>Non-invasive brain stimulation for dysphagia after acute stroke</td>
      <td>Circulatory System</td>
      <td>Adult</td>
      <td>45</td>
    </tr>
    <tr>
      <td><a href='https://www.isrctn.com/ISRCTN55059760' target='_blank'><div>ISRCTN55059760</div></a></td>
      <td>The IN RESPOND study</td>
      <td>Musculoskeletal Diseases</td>
      <td>Adult</td>
      <td>86</td>
    </tr>
  </tbody>
</table>"
22,-52626.211348876524,6715968.262466871,Brunel University London,51.5321389,-0.4727493,2.0,5.306765580733931,"<table border=""1"" class=""dataframe"">
  <thead>
    <tr style=""text-align: left;"">
      <th>ISRCTN link</th>
      <th>Title</th>
      <th>Condition category</th>
      <th>Age group</th>
      <th>Target number of participants</th>
    </tr>
  </thead>
  <tbody>
    <tr>
      <td><a href='https://www.isrctn.com/ISRCTN11440079' target='_blank'><div>ISRCTN11440079</div></a></td>
      <td>Rehabilitation using virtual gaming for hospital and home-based arm and han...</td>
      <td>Circulatory System</td>
      <td>Adult</td>
      <td>33</td>
    </tr>
    <tr>
      <td><a href='https://www.isrctn.com/ISRCTN60291412' target='_blank'><div>ISRCTN60291412</div></a></td>
      <td>RHOMBUS: Rehabilitation via HOMe Based gaming exercise for the Upper-limb p...</td>
      <td>Nervous System Diseases</td>
      <td>Adult</td>
      <td>30</td>
    </tr>
  </tbody>
</table>"
23,-12912.726973547356,6712273.366431493,King's College London,51.5114864,-0.115997,10.0,15.306765580733934,"<table border=""1"" class=""dataframe"">
  <thead>
    <tr style=""text-align: left;"">
      <th>ISRCTN link</th>
      <th>Title</th>
      <th>Condition category</th>
      <th>Age group</th>
      <th>Target number of participants</th>
    </tr>
  </thead>
  <tbody>
    <tr>
      <td><a href='https://www.isrctn.com/ISRCTN38470689' target='_blank'><div>ISRCTN38470689</div></a></td>
      <td>How does breathing in extra oxygen during late pregnancy change fetal blood...</td>
      <td>Pregnancy and Childbirth</td>
      <td>Adult</td>
      <td>200</td>
    </tr>
    <tr>
      <td><a href='https://www.isrctn.com/ISRCTN83733979' target='_blank'><div>ISRCTN83733979</div></a></td>
      <td>Do medical students learn laparoscopic (keyhole) surgery skills more quickl...</td>
      <td>Surgery</td>
      <td>Adult</td>
      <td>40</td>
    </tr>
    <tr>
      <td><a href='https://www.isrctn.com/ISRCTN51225587' target='_blank'><div>ISRCTN51225587</div></a></td>
      <td>A feasibility study of magnetic stimulation (using TMS - Transcranial Magne...</td>
      <td>Nervous System Diseases</td>
      <td>Adult</td>
      <td>20</td>
    </tr>
    <tr>
      <td><a href='https://www.isrctn.com/ISRCTN48265228' target='_blank'><div>ISRCTN48265228</div></a></td>
      <td>Brain stimulation combined with cognitive training in attention deficit hyp...</td>
      <td>Mental and Behavioural Disorders</td>
      <td>Child</td>
      <td>50</td>
    </tr>
    <tr>
      <td><a href='https://www.isrctn.com/ISRCTN14329415' target='_blank'><div>ISRCTN14329415</div></a></td>
      <td>Repetitive transcranial magnetic stimulation (rTMS) and neuroimaging in ano...</td>
      <td>Mental and Behavioural Disorders</td>
      <td>Adult</td>
      <td>30</td>
    </tr>
    <tr>
      <td><a href='https://www.isrctn.com/ISRCTN17730734' target='_blank'><div>ISRCTN17730734</div></a></td>
      <td>A trial to investigate whether a heart pump improves the safety and effecti...</td>
      <td>Circulatory System</td>
      <td>Adult</td>
      <td>250</td>
    </tr>
    <tr>
      <td><a href='https://www.isrctn.com/ISRCTN55682735' target='_blank'><div>ISRCTN55682735</div></a></td>
      <td>Optimising AVATAR therapy for distressing voices</td>
      <td>Mental and Behavioural Disorders</td>
      <td>Adult</td>
      <td>345</td>
    </tr>
    <tr>
      <td><a href='https://www.isrctn.com/ISRCTN12331315' target='_blank'><div>ISRCTN12331315</div></a></td>
      <td>Optimisation of invasive breathing support in newborns by continuous carbon...</td>
      <td>Respiratory</td>
      <td>Neonate</td>
      <td>200</td>
    </tr>
    <tr>
      <td><a href='https://www.isrctn.com/ISRCTN12884465' target='_blank'><div>ISRCTN12884465</div></a></td>
      <td>StereoTactic radiotherapy for wet Age-Related macular degeneration (STAR)</td>
      <td>Eye Diseases</td>
      <td>Adult</td>
      <td>411</td>
    </tr>
    <tr>
      <td><a href='https://www.isrctn.com/ISRCTN91522248' target='_blank'><div>ISRCTN91522248</div></a></td>
      <td>Can new computer software technology be used to help place the pacing lead ...</td>
      <td>Circulatory System</td>
      <td>Adult</td>
      <td>218</td>
    </tr>
  </tbody>
</table>"
24,15764.29818165693,6831813.114718777,Cambridge University Hospitals NHS Foundation Trust,52.1749083,0.1416131,4.0,9.613531161467861,"<table border=""1"" class=""dataframe"">
  <thead>
    <tr style=""text-align: left;"">
      <th>ISRCTN link</th>
      <th>Title</th>
      <th>Condition category</th>
      <th>Age group</th>
      <th>Target number of participants</th>
    </tr>
  </thead>
  <tbody>
    <tr>
      <td><a href='https://www.isrctn.com/ISRCTN12793535' target='_blank'><div>ISRCTN12793535</div></a></td>
      <td>Can a glucose sensor improve control of sugar levels of premature babies in...</td>
      <td>Nutritional, Metabolic, Endocrine</td>
      <td>Neonate</td>
      <td>200</td>
    </tr>
    <tr>
      <td><a href='https://www.isrctn.com/ISRCTN71510001' target='_blank'><div>ISRCTN71510001</div></a></td>
      <td>Closed Loop in Pregnancy Overnight Home Feasibility Study (CLIP-03)</td>
      <td>Pregnancy and Childbirth</td>
      <td>Adult</td>
      <td>16</td>
    </tr>
    <tr>
      <td><a href='https://www.isrctn.com/ISRCTN71510001' target='_blank'><div>ISRCTN71510001</div></a></td>
      <td>Closed Loop in Pregnancy Overnight Home Feasibility Study (CLIP-03)</td>
      <td>Pregnancy and Childbirth</td>
      <td>Adult</td>
      <td>16</td>
    </tr>
    <tr>
      <td><a href='https://www.isrctn.com/ISRCTN83316328' target='_blank'><div>ISRCTN83316328</div></a></td>
      <td>Closed-loop in pregnancy day and night home feasibility study (CLIP 24/7)</td>
      <td>Pregnancy and Childbirth</td>
      <td>Other</td>
      <td>16</td>
    </tr>
  </tbody>
</table>"
25,-169496.79326589472,7133925.454259742,Leeds Teaching Hospitals NHS Trust,53.8082553,-1.5226156,5.0,11.0,"<table border=""1"" class=""dataframe"">
  <thead>
    <tr style=""text-align: left;"">
      <th>ISRCTN link</th>
      <th>Title</th>
      <th>Condition category</th>
      <th>Age group</th>
      <th>Target number of participants</th>
    </tr>
  </thead>
  <tbody>
    <tr>
      <td><a href='https://www.isrctn.com/ISRCTN43263110' target='_blank'><div>ISRCTN43263110</div></a></td>
      <td>Investigating the role of advanced MR imaging in assessing patients with tr...</td>
      <td>Musculoskeletal Diseases</td>
      <td>Adult</td>
      <td>20</td>
    </tr>
    <tr>
      <td><a href='https://www.isrctn.com/ISRCTN14904663' target='_blank'><div>ISRCTN14904663</div></a></td>
      <td>Investigating whether advanced MR imaging can be used to demonstrate trappe...</td>
      <td>Musculoskeletal Diseases</td>
      <td>Adult</td>
      <td>5</td>
    </tr>
    <tr>
      <td><a href='https://www.isrctn.com/ISRCTN82734641' target='_blank'><div>ISRCTN82734641</div></a></td>
      <td>Planning using MRI for anal and rectal cancer radiotherapy treatment</td>
      <td>Cancer</td>
      <td>Adult</td>
      <td>60</td>
    </tr>
    <tr>
      <td><a href='https://www.isrctn.com/ISRCTN46587767' target='_blank'><div>ISRCTN46587767</div></a></td>
      <td>A pilot study to investigate how best to integrate a PET-CT scan into the r...</td>
      <td>Cancer</td>
      <td>Adult</td>
      <td>20</td>
    </tr>
    <tr>
      <td><a href='https://www.isrctn.com/ISRCTN79844053' target='_blank'><div>ISRCTN79844053</div></a></td>
      <td>Shoulder patch for rotator cuff tears</td>
      <td>Surgery</td>
      <td>Adult</td>
      <td>60</td>
    </tr>
  </tbody>
</table>"
27,-289762.31908948265,6702786.54140238,University of Bristol,51.4584172,-2.6029792,6.0,12.132827525593784,"<table border=""1"" class=""dataframe"">
  <thead>
    <tr style=""text-align: left;"">
      <th>ISRCTN link</th>
      <th>Title</th>
      <th>Condition category</th>
      <th>Age group</th>
      <th>Target number of participants</th>
    </tr>
  </thead>
  <tbody>
    <tr>
      <td><a href='https://www.isrctn.com/ISRCTN80682472' target='_blank'><div>ISRCTN80682472</div></a></td>
      <td>The use of an intra-oral camera to assess gum health</td>
      <td>Oral Health</td>
      <td>Adult</td>
      <td>210</td>
    </tr>
    <tr>
      <td><a href='https://www.isrctn.com/ISRCTN33433524' target='_blank'><div>ISRCTN33433524</div></a></td>
      <td>A randomised control clinical trial of two dental bridges replacing teeth, ...</td>
      <td>Digestive System</td>
      <td>Mixed</td>
      <td>40</td>
    </tr>
    <tr>
      <td><a href='https://www.isrctn.com/ISRCTN67421464' target='_blank'><div>ISRCTN67421464</div></a></td>
      <td>E-bikes for individuals with type 2 diabetes</td>
      <td>Nutritional, Metabolic, Endocrine</td>
      <td>Adult</td>
      <td>40</td>
    </tr>
    <tr>
      <td><a href='https://www.isrctn.com/ISRCTN11102100' target='_blank'><div>ISRCTN11102100</div></a></td>
      <td>Service-review and feasibility trial in paediatric weight management</td>
      <td>Nutritional, Metabolic, Endocrine</td>
      <td>Mixed</td>
      <td>80</td>
    </tr>
    <tr>
      <td><a href='https://www.isrctn.com/ISRCTN67624527' target='_blank'><div>ISRCTN67624527</div></a></td>
      <td>The effect of plasma proteins on periodontal tissue regeneration</td>
      <td>Oral Health</td>
      <td>Adult</td>
      <td>60</td>
    </tr>
    <tr>
      <td><a href='https://www.isrctn.com/ISRCTN90561114' target='_blank'><div>ISRCTN90561114</div></a></td>
      <td>Changing eating behaviours to treat childhood obesity in the community usin...</td>
      <td>Nutritional, Metabolic, Endocrine</td>
      <td>Child</td>
      <td>640</td>
    </tr>
  </tbody>
</table>"
28,-482497.5347322836,6774374.065007597,Hywel Dda University Health Board,51.8573532,-4.3343491,1.0,1.0,"<table border=""1"" class=""dataframe"">
  <thead>
    <tr style=""text-align: left;"">
      <th>ISRCTN link</th>
      <th>Title</th>
      <th>Condition category</th>
      <th>Age group</th>
      <th>Target number of participants</th>
    </tr>
  </thead>
  <tbody>
    <tr>
      <td><a href='https://www.isrctn.com/ISRCTN14530045' target='_blank'><div>ISRCTN14530045</div></a></td>
      <td>COPD Pal Phase 2: A self-management app for Chronic Obstructive Pulmonary D...</td>
      <td>Respiratory</td>
      <td>Adult</td>
      <td>30</td>
    </tr>
  </tbody>
</table>"
29,-436122.32467356534,7587553.341563439,University of Stirling,56.1460908,-3.9177535,1.0,1.0,"<table border=""1"" class=""dataframe"">
  <thead>
    <tr style=""text-align: left;"">
      <th>ISRCTN link</th>
      <th>Title</th>
      <th>Condition category</th>
      <th>Age group</th>
      <th>Target number of participants</th>
    </tr>
  </thead>
  <tbody>
    <tr>
      <td><a href='https://www.isrctn.com/ISRCTN11851359' target='_blank'><div>ISRCTN11851359</div></a></td>
      <td>Treating Achilles tendon pain</td>
      <td>Injury, Occupational Diseases, Poisoning</td>
      <td>Adult</td>
      <td>30</td>
    </tr>
  </tbody>
</table>"
31,-19466.828973237527,6710008.469052965,Imperial College London,51.49882220000001,-0.1748735,7.0,13.090619551221675,"<table border=""1"" class=""dataframe"">
  <thead>
    <tr style=""text-align: left;"">
      <th>ISRCTN link</th>
      <th>Title</th>
      <th>Condition category</th>
      <th>Age group</th>
      <th>Target number of participants</th>
    </tr>
  </thead>
  <tbody>
    <tr>
      <td><a href='https://www.isrctn.com/ISRCTN82097895' target='_blank'><div>ISRCTN82097895</div></a></td>
      <td>Evaluation of the effectiveness of the ePATH Guided Re-entry Catheter Kit i...</td>
      <td>Circulatory System</td>
      <td>Adult</td>
      <td>10</td>
    </tr>
    <tr>
      <td><a href='https://www.isrctn.com/ISRCTN11170249' target='_blank'><div>ISRCTN11170249</div></a></td>
      <td>Diagnostic accuracy of point-of-care enzymatic test for nasogastric tube pl...</td>
      <td>Not Applicable</td>
      <td>Adult</td>
      <td>145</td>
    </tr>
    <tr>
      <td><a href='https://www.isrctn.com/ISRCTN86179285' target='_blank'><div>ISRCTN86179285</div></a></td>
      <td>The His optimised pacing evaluated for heart failure trial</td>
      <td>Circulatory System</td>
      <td>Adult</td>
      <td>160</td>
    </tr>
    <tr>
      <td><a href='https://www.isrctn.com/ISRCTN65865773' target='_blank'><div>ISRCTN65865773</div></a></td>
      <td>Temperature controlled airflow (air shower) treatment in children with seve...</td>
      <td>Skin and Connective Tissue Diseases</td>
      <td>Child</td>
      <td>15</td>
    </tr>
    <tr>
      <td><a href='https://www.isrctn.com/ISRCTN30845205' target='_blank'><div>ISRCTN30845205</div></a></td>
      <td>EndoBarrier TM Gastrointestinal Liner Diabetes Trial</td>
      <td>Nutritional, Metabolic, Endocrine</td>
      <td>Adult</td>
      <td>160</td>
    </tr>
    <tr>
      <td><a href='https://www.isrctn.com/ISRCTN29175528' target='_blank'><div>ISRCTN29175528</div></a></td>
      <td>An investigation of the usability of different adrenaline autoinjector devi...</td>
      <td>Injury, Occupational Diseases, Poisoning</td>
      <td>Child</td>
      <td>200</td>
    </tr>
    <tr>
      <td><a href='https://www.isrctn.com/ISRCTN44651852' target='_blank'><div>ISRCTN44651852</div></a></td>
      <td>Sputum clearance devices to improve symptoms in chronic obstructive pulmona...</td>
      <td>Respiratory</td>
      <td>Adult</td>
      <td>102</td>
    </tr>
  </tbody>
</table>"
32,-353869.5329130179,6707828.061418129,Cardiff University,51.48662710000001,-3.1788641,4.0,9.613531161467861,"<table border=""1"" class=""dataframe"">
  <thead>
    <tr style=""text-align: left;"">
      <th>ISRCTN link</th>
      <th>Title</th>
      <th>Condition category</th>
      <th>Age group</th>
      <th>Target number of participants</th>
    </tr>
  </thead>
  <tbody>
    <tr>
      <td><a href='https://www.isrctn.com/ISRCTN76140296' target='_blank'><div>ISRCTN76140296</div></a></td>
      <td>Examining the assumptions, accuracy and acceptance of an electronic monitor...</td>
      <td>Eye Diseases</td>
      <td>Adult</td>
      <td>18</td>
    </tr>
    <tr>
      <td><a href='https://www.isrctn.com/ISRCTN85785652' target='_blank'><div>ISRCTN85785652</div></a></td>
      <td>Physical activity monitors in the Welsh National Exercise Referral Scheme t...</td>
      <td>Not Applicable</td>
      <td>Adult</td>
      <td>286</td>
    </tr>
    <tr>
      <td><a href='https://www.isrctn.com/ISRCTN82148651' target='_blank'><div>ISRCTN82148651</div></a></td>
      <td>Age-related macular degeneration (AMD) Light trial</td>
      <td>Eye Diseases</td>
      <td>Senior</td>
      <td>100</td>
    </tr>
    <tr>
      <td><a href='https://www.isrctn.com/ISRCTN90741776' target='_blank'><div>ISRCTN90741776</div></a></td>
      <td>Inspiratory muscle training in people with Huntington's disease</td>
      <td>Nervous System Diseases</td>
      <td>Adult</td>
      <td>20</td>
    </tr>
  </tbody>
</table>"
34,-14025.409811822443,6708868.9079774935,Education Endowment Foundation,51.492449,-0.1259924,1.0,1.0,"<table border=""1"" class=""dataframe"">
  <thead>
    <tr style=""text-align: left;"">
      <th>ISRCTN link</th>
      <th>Title</th>
      <th>Condition category</th>
      <th>Age group</th>
      <th>Target number of participants</th>
    </tr>
  </thead>
  <tbody>
    <tr>
      <td><a href='https://www.isrctn.com/ISRCTN10467450' target='_blank'><div>ISRCTN10467450</div></a></td>
      <td>Graphogame Rime: Testing a computer programme designed to improve pupils’ l...</td>
      <td>Not Applicable</td>
      <td>Child</td>
      <td>400</td>
    </tr>
  </tbody>
</table>"
35,-166122.46572901995,7053444.597670693,Sheffield Teaching Hospitals NHS Foundation Trust,53.379171,-1.4923035,3.0,7.826061944859854,"<table border=""1"" class=""dataframe"">
  <thead>
    <tr style=""text-align: left;"">
      <th>ISRCTN link</th>
      <th>Title</th>
      <th>Condition category</th>
      <th>Age group</th>
      <th>Target number of participants</th>
    </tr>
  </thead>
  <tbody>
    <tr>
      <td><a href='https://www.isrctn.com/ISRCTN27674506' target='_blank'><div>ISRCTN27674506</div></a></td>
      <td>Measuring blood vessel function using diffuse optical tomography</td>
      <td>Circulatory System</td>
      <td>Adult</td>
      <td>150</td>
    </tr>
    <tr>
      <td><a href='https://www.isrctn.com/ISRCTN53817913' target='_blank'><div>ISRCTN53817913</div></a></td>
      <td>Diaphragm Pacing in motor neurone disease/ Amyotrophic Lateral Sclerosis</td>
      <td>Nervous System Diseases</td>
      <td>Adult</td>
      <td>108</td>
    </tr>
    <tr>
      <td><a href='https://www.isrctn.com/ISRCTN43911973' target='_blank'><div>ISRCTN43911973</div></a></td>
      <td>Evaluation of the impact of a CoughAssist® mechanical in-exsufflator (MI-E)...</td>
      <td>Mental and Behavioural Disorders</td>
      <td>Adult</td>
      <td>40</td>
    </tr>
  </tbody>
</table>"
37,-25048.076547038043,6713039.598725269,Embody Orthopaedic Limited,51.51577,-0.2250107,1.0,1.0,"<table border=""1"" class=""dataframe"">
  <thead>
    <tr style=""text-align: left;"">
      <th>ISRCTN link</th>
      <th>Title</th>
      <th>Condition category</th>
      <th>Age group</th>
      <th>Target number of participants</th>
    </tr>
  </thead>
  <tbody>
    <tr>
      <td><a href='https://www.isrctn.com/ISRCTN91554748' target='_blank'><div>ISRCTN91554748</div></a></td>
      <td>To evaluate the clinical outcome of a ceramic-on-ceramic hip resurfacing ar...</td>
      <td>Surgery</td>
      <td>Adult</td>
      <td>250</td>
    </tr>
  </tbody>
</table>"
38,-119174.39443873038,6594754.863302128,Portsmouth Hospitals NHS Trust,50.8497257,-1.0705618,4.0,9.613531161467861,"<table border=""1"" class=""dataframe"">
  <thead>
    <tr style=""text-align: left;"">
      <th>ISRCTN link</th>
      <th>Title</th>
      <th>Condition category</th>
      <th>Age group</th>
      <th>Target number of participants</th>
    </tr>
  </thead>
  <tbody>
    <tr>
      <td><a href='https://www.isrctn.com/ISRCTN92877235' target='_blank'><div>ISRCTN92877235</div></a></td>
      <td>Comparing continuous glucose monitoring with self-monitoring of blood gluco...</td>
      <td>Pregnancy and Childbirth</td>
      <td>Adult</td>
      <td>40</td>
    </tr>
    <tr>
      <td><a href='https://www.isrctn.com/ISRCTN58101486' target='_blank'><div>ISRCTN58101486</div></a></td>
      <td>Improving care for diabetic patients on dialysis: can using a new device to...</td>
      <td>Urological and Genital Diseases</td>
      <td>Adult</td>
      <td>120</td>
    </tr>
    <tr>
      <td><a href='https://www.isrctn.com/ISRCTN10378358' target='_blank'><div>ISRCTN10378358</div></a></td>
      <td>Reducing the risk of COVID-19 spread in hospitals, by stopping droplets fro...</td>
      <td>Infections and Infestations</td>
      <td>Adult</td>
      <td>400</td>
    </tr>
    <tr>
      <td><a href='https://www.isrctn.com/ISRCTN46346208' target='_blank'><div>ISRCTN46346208</div></a></td>
      <td>Laminar airflow in severe asthma for exacerbation reduction</td>
      <td>Respiratory</td>
      <td>Adult</td>
      <td>222</td>
    </tr>
  </tbody>
</table>"
39,-129447.76968141648,6981081.701203768,Nottingham University Hospitals NHS Trust,52.9896393,-1.1628491,5.0,11.0,"<table border=""1"" class=""dataframe"">
  <thead>
    <tr style=""text-align: left;"">
      <th>ISRCTN link</th>
      <th>Title</th>
      <th>Condition category</th>
      <th>Age group</th>
      <th>Target number of participants</th>
    </tr>
  </thead>
  <tbody>
    <tr>
      <td><a href='https://www.isrctn.com/ISRCTN42273449' target='_blank'><div>ISRCTN42273449</div></a></td>
      <td>A multicentre pragmatic clinical investigation to assess the efficacy of Tr...</td>
      <td>Digestive System</td>
      <td>Child</td>
      <td>436</td>
    </tr>
    <tr>
      <td><a href='https://www.isrctn.com/ISRCTN14218416' target='_blank'><div>ISRCTN14218416</div></a></td>
      <td>Hearing Aids for Tinnitus with Hearing Loss (HUSH)</td>
      <td>Ear, Nose and Throat</td>
      <td>Adult</td>
      <td>100</td>
    </tr>
    <tr>
      <td><a href='https://www.isrctn.com/ISRCTN13196704' target='_blank'><div>ISRCTN13196704</div></a></td>
      <td>Prospective study to assess the success rate and safety of placing novel lu...</td>
      <td>Cancer</td>
      <td>Adult</td>
      <td>20</td>
    </tr>
    <tr>
      <td><a href='https://www.isrctn.com/ISRCTN90986892' target='_blank'><div>ISRCTN90986892</div></a></td>
      <td>Inhaler technology study</td>
      <td>Respiratory</td>
      <td>Adult</td>
      <td>30</td>
    </tr>
    <tr>
      <td><a href='https://www.isrctn.com/ISRCTN27665670' target='_blank'><div>ISRCTN27665670</div></a></td>
      <td>Leucopatch in the management of hard to heal diabetic foot ulcers</td>
      <td>Nutritional, Metabolic, Endocrine</td>
      <td>Adult</td>
      <td>269</td>
    </tr>
  </tbody>
</table>"
40,-27641.675967183288,6757107.276128035,University of Hertfordshire,51.7614518,-0.2483094,1.0,1.0,"<table border=""1"" class=""dataframe"">
  <thead>
    <tr style=""text-align: left;"">
      <th>ISRCTN link</th>
      <th>Title</th>
      <th>Condition category</th>
      <th>Age group</th>
      <th>Target number of participants</th>
    </tr>
  </thead>
  <tbody>
    <tr>
      <td><a href='https://www.isrctn.com/ISRCTN10995065' target='_blank'><div>ISRCTN10995065</div></a></td>
      <td>Clinical effects of radiofrequency based therapy</td>
      <td>Musculoskeletal Diseases</td>
      <td>Adult</td>
      <td>90</td>
    </tr>
  </tbody>
</table>"
42,483596.03546743165,6604332.211880135,JT International SA,50.9040127,4.3442171,1.0,1.0,"<table border=""1"" class=""dataframe"">
  <thead>
    <tr style=""text-align: left;"">
      <th>ISRCTN link</th>
      <th>Title</th>
      <th>Condition category</th>
      <th>Age group</th>
      <th>Target number of participants</th>
    </tr>
  </thead>
  <tbody>
    <tr>
      <td><a href='https://www.isrctn.com/ISRCTN83014658' target='_blank'><div>ISRCTN83014658</div></a></td>
      <td>A study to investigate chemical compounds in healthy adults' exhaled breath...</td>
      <td>Not Applicable</td>
      <td>Adult</td>
      <td>6</td>
    </tr>
  </tbody>
</table>"
44,-211322.04177741954,6576048.441885881,Bournemouth University,50.7435102,-1.8983382,1.0,1.0,"<table border=""1"" class=""dataframe"">
  <thead>
    <tr style=""text-align: left;"">
      <th>ISRCTN link</th>
      <th>Title</th>
      <th>Condition category</th>
      <th>Age group</th>
      <th>Target number of participants</th>
    </tr>
  </thead>
  <tbody>
    <tr>
      <td><a href='https://www.isrctn.com/ISRCTN28232918' target='_blank'><div>ISRCTN28232918</div></a></td>
      <td>The influence of leg position on muscle activity during electrostimulation</td>
      <td>Circulatory System</td>
      <td>Senior</td>
      <td>20</td>
    </tr>
  </tbody>
</table>"
46,12791.555707818878,6837144.079148998,University of Cambridge,52.2042666,0.1149085,3.0,7.826061944859854,"<table border=""1"" class=""dataframe"">
  <thead>
    <tr style=""text-align: left;"">
      <th>ISRCTN link</th>
      <th>Title</th>
      <th>Condition category</th>
      <th>Age group</th>
      <th>Target number of participants</th>
    </tr>
  </thead>
  <tbody>
    <tr>
      <td><a href='https://www.isrctn.com/ISRCTN12793535' target='_blank'><div>ISRCTN12793535</div></a></td>
      <td>Can a glucose sensor improve control of sugar levels of premature babies in...</td>
      <td>Nutritional, Metabolic, Endocrine</td>
      <td>Neonate</td>
      <td>200</td>
    </tr>
    <tr>
      <td><a href='https://www.isrctn.com/ISRCTN96168767' target='_blank'><div>ISRCTN96168767</div></a></td>
      <td>Feasibility of a smartphone app for increasing medication adherence</td>
      <td>Circulatory System</td>
      <td>Adult</td>
      <td>102</td>
    </tr>
    <tr>
      <td><a href='https://www.isrctn.com/ISRCTN83316328' target='_blank'><div>ISRCTN83316328</div></a></td>
      <td>Closed-loop in pregnancy day and night home feasibility study (CLIP 24/7)</td>
      <td>Pregnancy and Childbirth</td>
      <td>Other</td>
      <td>16</td>
    </tr>
  </tbody>
</table>"
47,-1925.9607741125849,6701974.45014758,University Hospital Lewisham,51.4538715,-0.0173012,1.0,1.0,"<table border=""1"" class=""dataframe"">
  <thead>
    <tr style=""text-align: left;"">
      <th>ISRCTN link</th>
      <th>Title</th>
      <th>Condition category</th>
      <th>Age group</th>
      <th>Target number of participants</th>
    </tr>
  </thead>
  <tbody>
    <tr>
      <td><a href='https://www.isrctn.com/ISRCTN12813363' target='_blank'><div>ISRCTN12813363</div></a></td>
      <td>Chin tuck against resistance with feedback: swallowing rehabilitation in fr...</td>
      <td>Digestive System</td>
      <td>Senior</td>
      <td>60</td>
    </tr>
  </tbody>
</table>"
54,-168073.3732010193,7365882.694883192,Northumbria Healthcare NHS Foundation Trust,55.0206902,-1.5098288,2.0,5.306765580733931,"<table border=""1"" class=""dataframe"">
  <thead>
    <tr style=""text-align: left;"">
      <th>ISRCTN link</th>
      <th>Title</th>
      <th>Condition category</th>
      <th>Age group</th>
      <th>Target number of participants</th>
    </tr>
  </thead>
  <tbody>
    <tr>
      <td><a href='https://www.isrctn.com/ISRCTN22323981' target='_blank'><div>ISRCTN22323981</div></a></td>
      <td>Purines for rapid identification of stroke mimics</td>
      <td>Circulatory System</td>
      <td>Adult</td>
      <td>958</td>
    </tr>
    <tr>
      <td><a href='https://www.isrctn.com/ISRCTN26683545' target='_blank'><div>ISRCTN26683545</div></a></td>
      <td>Parkinson's Pen Project</td>
      <td>Nervous System Diseases</td>
      <td>All</td>
      <td>202</td>
    </tr>
  </tbody>
</table>"
55,137944.45245519464,6913367.5528388275,University of East Anglia,52.6219215,1.2391761,1.0,1.0,"<table border=""1"" class=""dataframe"">
  <thead>
    <tr style=""text-align: left;"">
      <th>ISRCTN link</th>
      <th>Title</th>
      <th>Condition category</th>
      <th>Age group</th>
      <th>Target number of participants</th>
    </tr>
  </thead>
  <tbody>
    <tr>
      <td><a href='https://www.isrctn.com/ISRCTN30626972' target='_blank'><div>ISRCTN30626972</div></a></td>
      <td>A feasibility study of the effectiveness and cost effectiveness of Medicati...</td>
      <td>Not Applicable</td>
      <td>Senior</td>
      <td>120</td>
    </tr>
  </tbody>
</table>"
56,7242.969272617108,6711582.4310722845,University of East London,51.5076234,0.0650647,1.0,1.0,"<table border=""1"" class=""dataframe"">
  <thead>
    <tr style=""text-align: left;"">
      <th>ISRCTN link</th>
      <th>Title</th>
      <th>Condition category</th>
      <th>Age group</th>
      <th>Target number of participants</th>
    </tr>
  </thead>
  <tbody>
    <tr>
      <td><a href='https://www.isrctn.com/ISRCTN13654421' target='_blank'><div>ISRCTN13654421</div></a></td>
      <td>Off-the-shelf versus customised foot orthoses for people with rheumatoid ar...</td>
      <td>Musculoskeletal Diseases</td>
      <td>Adult</td>
      <td>216</td>
    </tr>
  </tbody>
</table>"
59,-350277.36426460976,6705898.433687452,Huntleigh Healthcare Ltd,51.4758319,-3.1465951,1.0,1.0,"<table border=""1"" class=""dataframe"">
  <thead>
    <tr style=""text-align: left;"">
      <th>ISRCTN link</th>
      <th>Title</th>
      <th>Condition category</th>
      <th>Age group</th>
      <th>Target number of participants</th>
    </tr>
  </thead>
  <tbody>
    <tr>
      <td><a href='https://www.isrctn.com/ISRCTN77093550' target='_blank'><div>ISRCTN77093550</div></a></td>
      <td>Intermittent pneumatic compression of the thigh for the treatment of lower ...</td>
      <td>Circulatory System</td>
      <td>Adult</td>
      <td>160</td>
    </tr>
  </tbody>
</table>"
60,-37506.675657894244,6673910.458342414,MatOrtho Limited,51.2965044,-0.3369282,2.0,5.306765580733931,"<table border=""1"" class=""dataframe"">
  <thead>
    <tr style=""text-align: left;"">
      <th>ISRCTN link</th>
      <th>Title</th>
      <th>Condition category</th>
      <th>Age group</th>
      <th>Target number of participants</th>
    </tr>
  </thead>
  <tbody>
    <tr>
      <td><a href='https://www.isrctn.com/ISRCTN93110271' target='_blank'><div>ISRCTN93110271</div></a></td>
      <td>Patient reported clinical outcomes and imaging study for a new all-ceramic ...</td>
      <td>Musculoskeletal Diseases</td>
      <td>Adult</td>
      <td>78</td>
    </tr>
    <tr>
      <td><a href='https://www.isrctn.com/ISRCTN12532998' target='_blank'><div>ISRCTN12532998</div></a></td>
      <td>Randomised controlled trial to assess an all-polyethylene tibia medial rota...</td>
      <td>Musculoskeletal Diseases</td>
      <td>Adult</td>
      <td>150</td>
    </tr>
  </tbody>
</table>"
61,-13441.40549922277,6714129.541447256,Great Ormond Street Hospital for Children NHS Foundation Trust,51.5218626,-0.1207462,2.0,5.306765580733931,"<table border=""1"" class=""dataframe"">
  <thead>
    <tr style=""text-align: left;"">
      <th>ISRCTN link</th>
      <th>Title</th>
      <th>Condition category</th>
      <th>Age group</th>
      <th>Target number of participants</th>
    </tr>
  </thead>
  <tbody>
    <tr>
      <td><a href='https://www.isrctn.com/ISRCTN12998019' target='_blank'><div>ISRCTN12998019</div></a></td>
      <td>Temperature monitoring using a urinary bladder catheter in children</td>
      <td>Surgery</td>
      <td>Child</td>
      <td>50</td>
    </tr>
    <tr>
      <td><a href='https://www.isrctn.com/ISRCTN81931394' target='_blank'><div>ISRCTN81931394</div></a></td>
      <td>PREVAIL study - PREVenting infection using Antimicrobial Impregnated Long l...</td>
      <td>Neonatal Diseases</td>
      <td>Neonate</td>
      <td>858</td>
    </tr>
  </tbody>
</table>"
62,-301886.18049152347,7092980.874647756,Wrightington Hospital,53.5905035,-2.7118897,1.0,1.0,"<table border=""1"" class=""dataframe"">
  <thead>
    <tr style=""text-align: left;"">
      <th>ISRCTN link</th>
      <th>Title</th>
      <th>Condition category</th>
      <th>Age group</th>
      <th>Target number of participants</th>
    </tr>
  </thead>
  <tbody>
    <tr>
      <td><a href='https://www.isrctn.com/ISRCTN10345709' target='_blank'><div>ISRCTN10345709</div></a></td>
      <td>A clinical study to assess whether there is a difference in outcomes in pat...</td>
      <td>Musculoskeletal Diseases</td>
      <td>Adult</td>
      <td>150</td>
    </tr>
  </tbody>
</table>"
66,-330515.80580754793,7058929.899845879,Liverpool School of Tropical Medicine,53.40855440000001,-2.969074,1.0,1.0,"<table border=""1"" class=""dataframe"">
  <thead>
    <tr style=""text-align: left;"">
      <th>ISRCTN link</th>
      <th>Title</th>
      <th>Condition category</th>
      <th>Age group</th>
      <th>Target number of participants</th>
    </tr>
  </thead>
  <tbody>
    <tr>
      <td><a href='https://www.isrctn.com/ISRCTN12884329' target='_blank'><div>ISRCTN12884329</div></a></td>
      <td>Examining exhaled breath for the presence of the bacteria pneumococcus</td>
      <td>Infections and Infestations</td>
      <td>Adult</td>
      <td>48</td>
    </tr>
  </tbody>
</table>"
68,-159707.9806346827,6609566.652367846,Southampton University Hospitals NHS Trust,50.93365619999999,-1.4346812,3.0,7.826061944859854,"<table border=""1"" class=""dataframe"">
  <thead>
    <tr style=""text-align: left;"">
      <th>ISRCTN link</th>
      <th>Title</th>
      <th>Condition category</th>
      <th>Age group</th>
      <th>Target number of participants</th>
    </tr>
  </thead>
  <tbody>
    <tr>
      <td><a href='https://www.isrctn.com/ISRCTN96536028' target='_blank'><div>ISRCTN96536028</div></a></td>
      <td>Remote monitoring in heart failure patients</td>
      <td>Circulatory System</td>
      <td>Adult</td>
      <td>1650</td>
    </tr>
    <tr>
      <td><a href='https://www.isrctn.com/ISRCTN90211642' target='_blank'><div>ISRCTN90211642</div></a></td>
      <td>Randomised controlled trial comparing point-of-care testing for respiratory...</td>
      <td>Respiratory</td>
      <td>Adult</td>
      <td>720</td>
    </tr>
    <tr>
      <td><a href='https://www.isrctn.com/ISRCTN46078697' target='_blank'><div>ISRCTN46078697</div></a></td>
      <td>Improvement of pain and quality of life in patients with sickle cell diseas...</td>
      <td>Haematological Disorders</td>
      <td>Adult</td>
      <td>20</td>
    </tr>
  </tbody>
</table>"
69,-19408.40850446922,6713404.673761457,Imperial College Healthcare NHS Trust,51.5178108,-0.1743487,2.0,5.306765580733931,"<table border=""1"" class=""dataframe"">
  <thead>
    <tr style=""text-align: left;"">
      <th>ISRCTN link</th>
      <th>Title</th>
      <th>Condition category</th>
      <th>Age group</th>
      <th>Target number of participants</th>
    </tr>
  </thead>
  <tbody>
    <tr>
      <td><a href='https://www.isrctn.com/ISRCTN34351424' target='_blank'><div>ISRCTN34351424</div></a></td>
      <td>Wrist Worn Trackers for monitoring activity in brain tumour patients</td>
      <td>Cancer</td>
      <td>Adult</td>
      <td>70</td>
    </tr>
    <tr>
      <td><a href='https://www.isrctn.com/ISRCTN57388369' target='_blank'><div>ISRCTN57388369</div></a></td>
      <td>Electrical stimulation in diabetic peripheral neuropathy</td>
      <td>Nutritional, Metabolic, Endocrine</td>
      <td>Adult</td>
      <td>20</td>
    </tr>
  </tbody>
</table>"
71,-117082.70120672479,7159956.564079147,University of York,53.9461089,-1.0517718,1.0,1.0,"<table border=""1"" class=""dataframe"">
  <thead>
    <tr style=""text-align: left;"">
      <th>ISRCTN link</th>
      <th>Title</th>
      <th>Condition category</th>
      <th>Age group</th>
      <th>Target number of participants</th>
    </tr>
  </thead>
  <tbody>
    <tr>
      <td><a href='https://www.isrctn.com/ISRCTN52484108' target='_blank'><div>ISRCTN52484108</div></a></td>
      <td>Assessing visual cortex in candidates for retinal prosthetics</td>
      <td>Eye Diseases</td>
      <td>Senior</td>
      <td>5</td>
    </tr>
  </tbody>
</table>"
72,-691905.3933377165,7033833.119185386,Eleven,53.2739512,-6.2154919,1.0,1.0,"<table border=""1"" class=""dataframe"">
  <thead>
    <tr style=""text-align: left;"">
      <th>ISRCTN link</th>
      <th>Title</th>
      <th>Condition category</th>
      <th>Age group</th>
      <th>Target number of participants</th>
    </tr>
  </thead>
  <tbody>
    <tr>
      <td><a href='https://www.isrctn.com/ISRCTN16126140' target='_blank'><div>ISRCTN16126140</div></a></td>
      <td>Patient benefits of a digital data platform for sickle cell disease</td>
      <td>Haematological Disorders</td>
      <td>Mixed</td>
      <td>300</td>
    </tr>
  </tbody>
</table>"
73,-393530.8195791141,6574927.341954702,University of Exeter,50.7371369,-3.5351475,1.0,1.0,"<table border=""1"" class=""dataframe"">
  <thead>
    <tr style=""text-align: left;"">
      <th>ISRCTN link</th>
      <th>Title</th>
      <th>Condition category</th>
      <th>Age group</th>
      <th>Target number of participants</th>
    </tr>
  </thead>
  <tbody>
    <tr>
      <td><a href='https://www.isrctn.com/ISRCTN22560297' target='_blank'><div>ISRCTN22560297</div></a></td>
      <td>Electronic Risk Assessment for Cancer for Patients in General Practice</td>
      <td>Cancer</td>
      <td>Other</td>
      <td>530</td>
    </tr>
  </tbody>
</table>"
75,75073.56402835855,6664617.8472158285,Bedfont® Scientific Ltd,51.24427739999999,0.6743973,1.0,1.0,"<table border=""1"" class=""dataframe"">
  <thead>
    <tr style=""text-align: left;"">
      <th>ISRCTN link</th>
      <th>Title</th>
      <th>Condition category</th>
      <th>Age group</th>
      <th>Target number of participants</th>
    </tr>
  </thead>
  <tbody>
    <tr>
      <td><a href='https://www.isrctn.com/ISRCTN55359097' target='_blank'><div>ISRCTN55359097</div></a></td>
      <td>Measuring changes in FeNO using the second generation Nobreath® device befo...</td>
      <td>Respiratory</td>
      <td>Mixed</td>
      <td>200</td>
    </tr>
  </tbody>
</table>"
76,-4494.468781033024,6714523.953950477,Queen Mary University of London,51.5240671,-0.0403745,6.0,12.132827525593784,"<table border=""1"" class=""dataframe"">
  <thead>
    <tr style=""text-align: left;"">
      <th>ISRCTN link</th>
      <th>Title</th>
      <th>Condition category</th>
      <th>Age group</th>
      <th>Target number of participants</th>
    </tr>
  </thead>
  <tbody>
    <tr>
      <td><a href='https://www.isrctn.com/ISRCTN14178068' target='_blank'><div>ISRCTN14178068</div></a></td>
      <td>Virtual reality group therapy for depression</td>
      <td>Mental and Behavioural Disorders</td>
      <td>Adult</td>
      <td>6</td>
    </tr>
    <tr>
      <td><a href='https://www.isrctn.com/ISRCTN82621856' target='_blank'><div>ISRCTN82621856</div></a></td>
      <td>Pacemaker therapy for drug-refractory symptoms in mid-cavity hypertrophic c...</td>
      <td>Circulatory System</td>
      <td>Adult</td>
      <td>25</td>
    </tr>
    <tr>
      <td><a href='https://www.isrctn.com/ISRCTN98760715' target='_blank'><div>ISRCTN98760715</div></a></td>
      <td>Subsensory sacral neuromodulation for incontinence</td>
      <td>Digestive System</td>
      <td>Adult</td>
      <td>90</td>
    </tr>
    <tr>
      <td><a href='https://www.isrctn.com/ISRCTN60477608' target='_blank'><div>ISRCTN60477608</div></a></td>
      <td>The efficacy of e-cigarettes compared with nicotine replacement therapy, wh...</td>
      <td>Mental and Behavioural Disorders</td>
      <td>Adult</td>
      <td>886</td>
    </tr>
    <tr>
      <td><a href='https://www.isrctn.com/ISRCTN12769138' target='_blank'><div>ISRCTN12769138</div></a></td>
      <td>Patients’ satisfaction when wearing different dentures - a pilot study</td>
      <td>Oral Health</td>
      <td>Adult</td>
      <td>20</td>
    </tr>
    <tr>
      <td><a href='https://www.isrctn.com/ISRCTN22037489' target='_blank'><div>ISRCTN22037489</div></a></td>
      <td>POET: Prevention Of Endometrial Tumours</td>
      <td>Cancer</td>
      <td>Adult</td>
      <td>220</td>
    </tr>
  </tbody>
</table>"
79,-143876.69038346637,6569156.758993853,Strong Room Technology Pty Ltd,50.7043182,-1.2924663,1.0,1.0,"<table border=""1"" class=""dataframe"">
  <thead>
    <tr style=""text-align: left;"">
      <th>ISRCTN link</th>
      <th>Title</th>
      <th>Condition category</th>
      <th>Age group</th>
      <th>Target number of participants</th>
    </tr>
  </thead>
  <tbody>
    <tr>
      <td><a href='https://www.isrctn.com/ISRCTN11241743' target='_blank'><div>ISRCTN11241743</div></a></td>
      <td>Assessment of dementia diagnosis using 3D facial mapping technology</td>
      <td>Nervous System Diseases</td>
      <td>Senior</td>
      <td>75</td>
    </tr>
  </tbody>
</table>"
82,-258694.8637167799,7073682.91178754,Salford Royal NHS Foundation Trust,53.487482,-2.3238955,2.0,5.306765580733931,"<table border=""1"" class=""dataframe"">
  <thead>
    <tr style=""text-align: left;"">
      <th>ISRCTN link</th>
      <th>Title</th>
      <th>Condition category</th>
      <th>Age group</th>
      <th>Target number of participants</th>
    </tr>
  </thead>
  <tbody>
    <tr>
      <td><a href='https://www.isrctn.com/ISRCTN91866211' target='_blank'><div>ISRCTN91866211</div></a></td>
      <td>Comparing the JewelACL artificial hybrid graft with a tendon graft for ACL ...</td>
      <td>Surgery</td>
      <td>Adult</td>
      <td>50</td>
    </tr>
    <tr>
      <td><a href='https://www.isrctn.com/ISRCTN17892066' target='_blank'><div>ISRCTN17892066</div></a></td>
      <td>Foot ulcer treatment with the PulseFlowDF Boot</td>
      <td>Nutritional, Metabolic, Endocrine</td>
      <td>Adult</td>
      <td>40</td>
    </tr>
  </tbody>
</table>"
84,-252923.78301532974,6983633.7531679515,Keele University,53.00343729999999,-2.272053000000001,2.0,5.306765580733931,"<table border=""1"" class=""dataframe"">
  <thead>
    <tr style=""text-align: left;"">
      <th>ISRCTN link</th>
      <th>Title</th>
      <th>Condition category</th>
      <th>Age group</th>
      <th>Target number of participants</th>
    </tr>
  </thead>
  <tbody>
    <tr>
      <td><a href='https://www.isrctn.com/ISRCTN28555470' target='_blank'><div>ISRCTN28555470</div></a></td>
      <td>PROvision of braces for Patients with knee OsteoArthritis (PROP OA): a rand...</td>
      <td>Musculoskeletal Diseases</td>
      <td>Adult</td>
      <td>434</td>
    </tr>
    <tr>
      <td><a href='https://www.isrctn.com/ISRCTN11342007' target='_blank'><div>ISRCTN11342007</div></a></td>
      <td>Bio-impedance spectroscopy to maintain renal output</td>
      <td>Urological and Genital Diseases</td>
      <td>Adult</td>
      <td>516</td>
    </tr>
  </tbody>
</table>"
92,-288970.57034316455,6702900.955636583,University Hospitals Bristol NHS Foundation Trust,51.45905759999999,-2.5958668,4.0,9.613531161467861,"<table border=""1"" class=""dataframe"">
  <thead>
    <tr style=""text-align: left;"">
      <th>ISRCTN link</th>
      <th>Title</th>
      <th>Condition category</th>
      <th>Age group</th>
      <th>Target number of participants</th>
    </tr>
  </thead>
  <tbody>
    <tr>
      <td><a href='https://www.isrctn.com/ISRCTN30671536' target='_blank'><div>ISRCTN30671536</div></a></td>
      <td>The CO2 study: Carbon dioxide insufflation and brain protection during open...</td>
      <td>Surgery</td>
      <td>Adult</td>
      <td>704</td>
    </tr>
    <tr>
      <td><a href='https://www.isrctn.com/ISRCTN10476641' target='_blank'><div>ISRCTN10476641</div></a></td>
      <td>Use of a new blood test and a special camera for recording flow in the smal...</td>
      <td>Circulatory System</td>
      <td>Child</td>
      <td>35</td>
    </tr>
    <tr>
      <td><a href='https://www.isrctn.com/ISRCTN98291277' target='_blank'><div>ISRCTN98291277</div></a></td>
      <td>AmBeR UCD: can we measure ammonia in breath sample?</td>
      <td>Nutritional, Metabolic, Endocrine</td>
      <td>Adult</td>
      <td>126</td>
    </tr>
    <tr>
      <td><a href='https://www.isrctn.com/ISRCTN35179428' target='_blank'><div>ISRCTN35179428</div></a></td>
      <td>E-Vent: Electrical muscle stimulation in mechanical Ventilation</td>
      <td>Respiratory</td>
      <td>Adult</td>
      <td>28</td>
    </tr>
  </tbody>
</table>"
93,-355024.71753287787,7547378.240693045,University of Edinburgh,55.9445158,-3.1892413,2.0,5.306765580733931,"<table border=""1"" class=""dataframe"">
  <thead>
    <tr style=""text-align: left;"">
      <th>ISRCTN link</th>
      <th>Title</th>
      <th>Condition category</th>
      <th>Age group</th>
      <th>Target number of participants</th>
    </tr>
  </thead>
  <tbody>
    <tr>
      <td><a href='https://www.isrctn.com/ISRCTN71674628' target='_blank'><div>ISRCTN71674628</div></a></td>
      <td>The impact of a telemetric monitoring service in type 2 diabetes</td>
      <td>Nutritional, Metabolic, Endocrine</td>
      <td>Adult</td>
      <td>320</td>
    </tr>
    <tr>
      <td><a href='https://www.isrctn.com/ISRCTN13154542' target='_blank'><div>ISRCTN13154542</div></a></td>
      <td>The influence of implant length on the outcomes of total hip arthroplasty</td>
      <td>Musculoskeletal Diseases</td>
      <td>Adult</td>
      <td>220</td>
    </tr>
  </tbody>
</table>"
94,-10386099.852619939,5595285.863465298,Saluda Medical Europe Ltd,44.8331077,-93.2999224,1.0,1.0,"<table border=""1"" class=""dataframe"">
  <thead>
    <tr style=""text-align: left;"">
      <th>ISRCTN link</th>
      <th>Title</th>
      <th>Condition category</th>
      <th>Age group</th>
      <th>Target number of participants</th>
    </tr>
  </thead>
  <tbody>
    <tr>
      <td><a href='https://www.isrctn.com/ISRCTN27710516' target='_blank'><div>ISRCTN27710516</div></a></td>
      <td>Data collection from the Evoke™ System in the treatment of patients with ch...</td>
      <td>Signs and Symptoms</td>
      <td>Adult</td>
      <td>500</td>
    </tr>
  </tbody>
</table>"
96,-233940.7708129778,7793869.012440783,University of Aberdeen,57.16475999999999,-2.1015257,1.0,1.0,"<table border=""1"" class=""dataframe"">
  <thead>
    <tr style=""text-align: left;"">
      <th>ISRCTN link</th>
      <th>Title</th>
      <th>Condition category</th>
      <th>Age group</th>
      <th>Target number of participants</th>
    </tr>
  </thead>
  <tbody>
    <tr>
      <td><a href='https://www.isrctn.com/ISRCTN75198618' target='_blank'><div>ISRCTN75198618</div></a></td>
      <td>Types of urethral catheter for reducing symptomatic urinary tract infection...</td>
      <td>Urological and Genital Diseases</td>
      <td>Adult</td>
      <td>5700</td>
    </tr>
  </tbody>
</table>"
98,-8619932.663830457,5316486.7301696995,CooperVision Inc. (USA),43.029655,-77.4341726,9.0,14.652123889719707,"<table border=""1"" class=""dataframe"">
  <thead>
    <tr style=""text-align: left;"">
      <th>ISRCTN link</th>
      <th>Title</th>
      <th>Condition category</th>
      <th>Age group</th>
      <th>Target number of participants</th>
    </tr>
  </thead>
  <tbody>
    <tr>
      <td><a href='https://www.isrctn.com/ISRCTN16821484' target='_blank'><div>ISRCTN16821484</div></a></td>
      <td>Contact lens fitting characteristics study</td>
      <td>Eye Diseases</td>
      <td>Adult</td>
      <td>20</td>
    </tr>
    <tr>
      <td><a href='https://www.isrctn.com/ISRCTN14840896' target='_blank'><div>ISRCTN14840896</div></a></td>
      <td>Effect of eye astigmatism on multifocal contact lenses</td>
      <td>Eye Diseases</td>
      <td>Adult</td>
      <td>30</td>
    </tr>
    <tr>
      <td><a href='https://www.isrctn.com/ISRCTN50917346' target='_blank'><div>ISRCTN50917346</div></a></td>
      <td>Vision comparison of two multifocal contact lenses</td>
      <td>Eye Diseases</td>
      <td>Adult</td>
      <td>150</td>
    </tr>
    <tr>
      <td><a href='https://www.isrctn.com/ISRCTN14364515' target='_blank'><div>ISRCTN14364515</div></a></td>
      <td>Comparative performance and acceptance validation study of CVI new multifoc...</td>
      <td>Eye Diseases</td>
      <td>Adult</td>
      <td>60</td>
    </tr>
    <tr>
      <td><a href='https://www.isrctn.com/ISRCTN11194798' target='_blank'><div>ISRCTN11194798</div></a></td>
      <td>Short-term evaluation of a commercial eyedrop in contact lens wearers</td>
      <td>Not Applicable</td>
      <td>Adult</td>
      <td>15</td>
    </tr>
    <tr>
      <td><a href='https://www.isrctn.com/ISRCTN62897847' target='_blank'><div>ISRCTN62897847</div></a></td>
      <td>Validation of CV multifocal daily disposable contact lenses performance in ...</td>
      <td>Eye Diseases</td>
      <td>Adult</td>
      <td>150</td>
    </tr>
    <tr>
      <td><a href='https://www.isrctn.com/ISRCTN69577753' target='_blank'><div>ISRCTN69577753</div></a></td>
      <td>Optimizing vision with multifocal contact lens combinations fitting in the ...</td>
      <td>Eye Diseases</td>
      <td>Adult</td>
      <td>75</td>
    </tr>
    <tr>
      <td><a href='https://www.isrctn.com/ISRCTN12460884' target='_blank'><div>ISRCTN12460884</div></a></td>
      <td>Evaluation of Rexon-Eye efficacy for dry eye subjects</td>
      <td>Eye Diseases</td>
      <td>Adult</td>
      <td>54</td>
    </tr>
    <tr>
      <td><a href='https://www.isrctn.com/ISRCTN17655064' target='_blank'><div>ISRCTN17655064</div></a></td>
      <td>Short-term evaluation of a commercial eyedrop in contact lens wearers (Part...</td>
      <td>Not Applicable</td>
      <td>Adult</td>
      <td>30</td>
    </tr>
  </tbody>
</table>"
99,-15299.205349122634,6714813.893758078,University College London Hospitals NHS Foundation Trust,51.5256876,-0.1374351,4.0,9.613531161467861,"<table border=""1"" class=""dataframe"">
  <thead>
    <tr style=""text-align: left;"">
      <th>ISRCTN link</th>
      <th>Title</th>
      <th>Condition category</th>
      <th>Age group</th>
      <th>Target number of participants</th>
    </tr>
  </thead>
  <tbody>
    <tr>
      <td><a href='https://www.isrctn.com/ISRCTN70067115' target='_blank'><div>ISRCTN70067115</div></a></td>
      <td>Ultrasound identification of the cricothyroid membrane</td>
      <td>Respiratory</td>
      <td>Adult</td>
      <td>20</td>
    </tr>
    <tr>
      <td><a href='https://www.isrctn.com/ISRCTN58887461' target='_blank'><div>ISRCTN58887461</div></a></td>
      <td>Effectiveness of an electro-stimulator for the treatment of dry mouth in pa...</td>
      <td>Digestive System</td>
      <td>Adult</td>
      <td>30</td>
    </tr>
    <tr>
      <td><a href='https://www.isrctn.com/ISRCTN24437812' target='_blank'><div>ISRCTN24437812</div></a></td>
      <td>Study on a novel medical device for the treatment of reduced salivation (dr...</td>
      <td>Digestive System</td>
      <td>Adult</td>
      <td>84</td>
    </tr>
    <tr>
      <td><a href='https://www.isrctn.com/ISRCTN88702314' target='_blank'><div>ISRCTN88702314</div></a></td>
      <td>Laminectomy or X-Stop – Which operation is more cost-effective for Lumbar S...</td>
      <td>Circulatory System</td>
      <td>Adult</td>
      <td>110</td>
    </tr>
  </tbody>
</table>"
103,-135684.81150742923,6757635.9259120105,Oxford Radcliffe Hospitals NHS Trust,51.764391,-1.2188774,2.0,5.306765580733931,"<table border=""1"" class=""dataframe"">
  <thead>
    <tr style=""text-align: left;"">
      <th>ISRCTN link</th>
      <th>Title</th>
      <th>Condition category</th>
      <th>Age group</th>
      <th>Target number of participants</th>
    </tr>
  </thead>
  <tbody>
    <tr>
      <td><a href='https://www.isrctn.com/ISRCTN58660550' target='_blank'><div>ISRCTN58660550</div></a></td>
      <td>Does continuous monitoring of vital signs with an alerting system reduce le...</td>
      <td>Surgery</td>
      <td>Adult</td>
      <td>400</td>
    </tr>
    <tr>
      <td><a href='https://www.isrctn.com/ISRCTN34164388' target='_blank'><div>ISRCTN34164388</div></a></td>
      <td>Multi-centre randomised controlled trial to investigate the efficacy of nas...</td>
      <td>Nervous System Diseases</td>
      <td>Adult</td>
      <td>400</td>
    </tr>
  </tbody>
</table>"
105,15126.059013142776,6831543.32168535,Papworth Hospital NHS Foundation Trust,52.173422,0.1358797,4.0,9.613531161467861,"<table border=""1"" class=""dataframe"">
  <thead>
    <tr style=""text-align: left;"">
      <th>ISRCTN link</th>
      <th>Title</th>
      <th>Condition category</th>
      <th>Age group</th>
      <th>Target number of participants</th>
    </tr>
  </thead>
  <tbody>
    <tr>
      <td><a href='https://www.isrctn.com/ISRCTN13804861' target='_blank'><div>ISRCTN13804861</div></a></td>
      <td>A study to compare two methods of oxygen delivery during  transcatheter aor...</td>
      <td>Surgery</td>
      <td>Adult</td>
      <td>70</td>
    </tr>
    <tr>
      <td><a href='https://www.isrctn.com/ISRCTN02309506' target='_blank'><div>ISRCTN02309506</div></a></td>
      <td>Oral mandibular advancement devices for obstructive sleep apnoea-hypopnoea</td>
      <td>Nervous System Diseases</td>
      <td>Adult</td>
      <td>90</td>
    </tr>
    <tr>
      <td><a href='https://www.isrctn.com/ISRCTN31885415' target='_blank'><div>ISRCTN31885415</div></a></td>
      <td>The impact of changing the pressure generating device in people with sleep ...</td>
      <td>Respiratory</td>
      <td>Adult</td>
      <td>40</td>
    </tr>
    <tr>
      <td><a href='https://www.isrctn.com/ISRCTN82731440' target='_blank'><div>ISRCTN82731440</div></a></td>
      <td>A randomised controlled trial to investigate the clinical and cost effectiv...</td>
      <td>Circulatory System</td>
      <td>Adult</td>
      <td>400</td>
    </tr>
  </tbody>
</table>"
107,-65619.09948774411,6664416.1057942845,University of Surrey,51.2431429,-0.5894664,1.0,1.0,"<table border=""1"" class=""dataframe"">
  <thead>
    <tr style=""text-align: left;"">
      <th>ISRCTN link</th>
      <th>Title</th>
      <th>Condition category</th>
      <th>Age group</th>
      <th>Target number of participants</th>
    </tr>
  </thead>
  <tbody>
    <tr>
      <td><a href='https://www.isrctn.com/ISRCTN17396879' target='_blank'><div>ISRCTN17396879</div></a></td>
      <td>A pilot trial of devices monitoring symptoms of Parkinson’s disease</td>
      <td>Nervous System Diseases</td>
      <td>Adult</td>
      <td>200</td>
    </tr>
  </tbody>
</table>"
111,-165484.2154285567,7112240.3443078045,Mid Yorkshire Hospitals NHS Trust,53.6930697,-1.48657,2.0,5.306765580733931,"<table border=""1"" class=""dataframe"">
  <thead>
    <tr style=""text-align: left;"">
      <th>ISRCTN link</th>
      <th>Title</th>
      <th>Condition category</th>
      <th>Age group</th>
      <th>Target number of participants</th>
    </tr>
  </thead>
  <tbody>
    <tr>
      <td><a href='https://www.isrctn.com/ISRCTN18805212' target='_blank'><div>ISRCTN18805212</div></a></td>
      <td>Method comparison and bias estimation of point of care creatinine test</td>
      <td>Urological and Genital Diseases</td>
      <td>Adult</td>
      <td>300</td>
    </tr>
    <tr>
      <td><a href='https://www.isrctn.com/ISRCTN62796844' target='_blank'><div>ISRCTN62796844</div></a></td>
      <td>Streamlining cross-sectional imaging pathways (SCIPs)</td>
      <td>Urological and Genital Diseases</td>
      <td>Adult</td>
      <td>300</td>
    </tr>
  </tbody>
</table>"
113,-357660.29553300125,7544532.960093776,NHS Lothian,55.9301999,-3.2129171,4.0,9.613531161467861,"<table border=""1"" class=""dataframe"">
  <thead>
    <tr style=""text-align: left;"">
      <th>ISRCTN link</th>
      <th>Title</th>
      <th>Condition category</th>
      <th>Age group</th>
      <th>Target number of participants</th>
    </tr>
  </thead>
  <tbody>
    <tr>
      <td><a href='https://www.isrctn.com/ISRCTN54687269' target='_blank'><div>ISRCTN54687269</div></a></td>
      <td>Comparing a nail placed within the fibula (calf bone) to plates and screws ...</td>
      <td>Surgery</td>
      <td>Adult</td>
      <td>125</td>
    </tr>
    <tr>
      <td><a href='https://www.isrctn.com/ISRCTN35745418' target='_blank'><div>ISRCTN35745418</div></a></td>
      <td>Can better tests improve the right use of antibiotics in respiratory infect...</td>
      <td>Respiratory</td>
      <td>Adult</td>
      <td>600</td>
    </tr>
    <tr>
      <td><a href='https://www.isrctn.com/ISRCTN61528726' target='_blank'><div>ISRCTN61528726</div></a></td>
      <td>Telescot Stroke Study</td>
      <td>Circulatory System</td>
      <td>Adult</td>
      <td>56</td>
    </tr>
    <tr>
      <td><a href='https://www.isrctn.com/ISRCTN13154542' target='_blank'><div>ISRCTN13154542</div></a></td>
      <td>The influence of implant length on the outcomes of total hip arthroplasty</td>
      <td>Musculoskeletal Diseases</td>
      <td>Adult</td>
      <td>220</td>
    </tr>
  </tbody>
</table>"
119,-9995.555189513303,6715108.585518302,Moorfields Eye Hospital NHS Foundation Trust,51.5273346,-0.0897916,2.0,5.306765580733931,"<table border=""1"" class=""dataframe"">
  <thead>
    <tr style=""text-align: left;"">
      <th>ISRCTN link</th>
      <th>Title</th>
      <th>Condition category</th>
      <th>Age group</th>
      <th>Target number of participants</th>
    </tr>
  </thead>
  <tbody>
    <tr>
      <td><a href='https://www.isrctn.com/ISRCTN18106677' target='_blank'><div>ISRCTN18106677</div></a></td>
      <td>Use of telemedicine and artificial intelligence to improve the way patients...</td>
      <td>Eye Diseases</td>
      <td>Adult</td>
      <td>794</td>
    </tr>
    <tr>
      <td><a href='https://www.isrctn.com/ISRCTN37400841' target='_blank'><div>ISRCTN37400841</div></a></td>
      <td>A prospective randomised controlled trial comparing bilateral multifocal in...</td>
      <td>Eye Diseases</td>
      <td>Adult</td>
      <td>212</td>
    </tr>
  </tbody>
</table>"
122,-15216.69534254666,6709979.590051145,Ocular Technology Group International,51.49866069999999,-0.1366939,2.0,5.306765580733931,"<table border=""1"" class=""dataframe"">
  <thead>
    <tr style=""text-align: left;"">
      <th>ISRCTN link</th>
      <th>Title</th>
      <th>Condition category</th>
      <th>Age group</th>
      <th>Target number of participants</th>
    </tr>
  </thead>
  <tbody>
    <tr>
      <td><a href='https://www.isrctn.com/ISRCTN43094282' target='_blank'><div>ISRCTN43094282</div></a></td>
      <td>Comprehensive intermediate and near vision testing with trifocal intraocula...</td>
      <td>Eye Diseases</td>
      <td>Adult</td>
      <td>30</td>
    </tr>
    <tr>
      <td><a href='https://www.isrctn.com/ISRCTN15794715' target='_blank'><div>ISRCTN15794715</div></a></td>
      <td>Comprehensive distance vision testing with monofocal intraocular lenses</td>
      <td>Eye Diseases</td>
      <td>Adult</td>
      <td>30</td>
    </tr>
  </tbody>
</table>"
127,15124.366956882719,6835322.57046157,Cambridge Respiratory Innovations Limited,52.1942375,0.1358645,2.0,5.306765580733931,"<table border=""1"" class=""dataframe"">
  <thead>
    <tr style=""text-align: left;"">
      <th>ISRCTN link</th>
      <th>Title</th>
      <th>Condition category</th>
      <th>Age group</th>
      <th>Target number of participants</th>
    </tr>
  </thead>
  <tbody>
    <tr>
      <td><a href='https://www.isrctn.com/ISRCTN60465402' target='_blank'><div>ISRCTN60465402</div></a></td>
      <td>ABRS: The asthma breathing record study</td>
      <td>Respiratory</td>
      <td>Adult</td>
      <td>140</td>
    </tr>
    <tr>
      <td><a href='https://www.isrctn.com/ISRCTN56492264' target='_blank'><div>ISRCTN56492264</div></a></td>
      <td>Chronic obstructive pulmonary disease (COPD) breathing record study</td>
      <td>Respiratory</td>
      <td>Adult</td>
      <td>30</td>
    </tr>
  </tbody>
</table>"
130,-253081.24443505672,7073603.847066523,University of Salford,53.4870594,-2.2734675,2.0,5.306765580733931,"<table border=""1"" class=""dataframe"">
  <thead>
    <tr style=""text-align: left;"">
      <th>ISRCTN link</th>
      <th>Title</th>
      <th>Condition category</th>
      <th>Age group</th>
      <th>Target number of participants</th>
    </tr>
  </thead>
  <tbody>
    <tr>
      <td><a href='https://www.isrctn.com/ISRCTN59243785' target='_blank'><div>ISRCTN59243785</div></a></td>
      <td>A clinical investigation of a novel functional electrical stimulation syste...</td>
      <td>Nervous System Diseases</td>
      <td>Adult</td>
      <td>30</td>
    </tr>
    <tr>
      <td><a href='https://www.isrctn.com/ISRCTN10388252' target='_blank'><div>ISRCTN10388252</div></a></td>
      <td>The effectiveness of a lateral wedge insole on osteoarthritis pain, activit...</td>
      <td>Musculoskeletal Diseases</td>
      <td>Adult</td>
      <td>30</td>
    </tr>
  </tbody>
</table>"
131,-190397.472940295,7355842.174687841,North East Ambulance Service NHS Foundation Trust,54.9689495,-1.7103696,1.0,1.0,"<table border=""1"" class=""dataframe"">
  <thead>
    <tr style=""text-align: left;"">
      <th>ISRCTN link</th>
      <th>Title</th>
      <th>Condition category</th>
      <th>Age group</th>
      <th>Target number of participants</th>
    </tr>
  </thead>
  <tbody>
    <tr>
      <td><a href='https://www.isrctn.com/ISRCTN24519917' target='_blank'><div>ISRCTN24519917</div></a></td>
      <td>Can a lactate measurement taken during out of hospital cardiac arrest predi...</td>
      <td>Circulatory System</td>
      <td>Adult</td>
      <td>100</td>
    </tr>
  </tbody>
</table>"
133,-122156.44322199876,6584910.858229808,University of Portsmouth,50.7938613,-1.09735,2.0,5.306765580733931,"<table border=""1"" class=""dataframe"">
  <thead>
    <tr style=""text-align: left;"">
      <th>ISRCTN link</th>
      <th>Title</th>
      <th>Condition category</th>
      <th>Age group</th>
      <th>Target number of participants</th>
    </tr>
  </thead>
  <tbody>
    <tr>
      <td><a href='https://www.isrctn.com/ISRCTN67056051' target='_blank'><div>ISRCTN67056051</div></a></td>
      <td>Use of virtual reality to train dental professionals</td>
      <td>Oral Health</td>
      <td>Adult</td>
      <td>50</td>
    </tr>
    <tr>
      <td><a href='https://www.isrctn.com/ISRCTN10378358' target='_blank'><div>ISRCTN10378358</div></a></td>
      <td>Reducing the risk of COVID-19 spread in hospitals, by stopping droplets fro...</td>
      <td>Infections and Infestations</td>
      <td>Adult</td>
      <td>400</td>
    </tr>
  </tbody>
</table>"
135,-216069.76240000725,6882322.40535961,University Hospitals Birmingham NHS Foundation Trust,52.4522917,-1.9409877,3.0,7.826061944859854,"<table border=""1"" class=""dataframe"">
  <thead>
    <tr style=""text-align: left;"">
      <th>ISRCTN link</th>
      <th>Title</th>
      <th>Condition category</th>
      <th>Age group</th>
      <th>Target number of participants</th>
    </tr>
  </thead>
  <tbody>
    <tr>
      <td><a href='https://www.isrctn.com/ISRCTN97234566' target='_blank'><div>ISRCTN97234566</div></a></td>
      <td>CoNNECT: A study of sutureless nerve repair</td>
      <td>Surgery</td>
      <td>Adult</td>
      <td>300</td>
    </tr>
    <tr>
      <td><a href='https://www.isrctn.com/ISRCTN98453768' target='_blank'><div>ISRCTN98453768</div></a></td>
      <td>Human feasibility study of an implantable middle ear microphone</td>
      <td>Ear, Nose and Throat</td>
      <td>Adult</td>
      <td>6</td>
    </tr>
    <tr>
      <td><a href='https://www.isrctn.com/ISRCTN13939744' target='_blank'><div>ISRCTN13939744</div></a></td>
      <td>A clinical evaluation of a CVC securement device</td>
      <td>Signs and Symptoms</td>
      <td>Adult</td>
      <td>168</td>
    </tr>
  </tbody>
</table>"
136,-35927.02981963953,6723721.029958438,North West London Hospitals NHS Trust,51.57544230000001,-0.322738,2.0,5.306765580733931,"<table border=""1"" class=""dataframe"">
  <thead>
    <tr style=""text-align: left;"">
      <th>ISRCTN link</th>
      <th>Title</th>
      <th>Condition category</th>
      <th>Age group</th>
      <th>Target number of participants</th>
    </tr>
  </thead>
  <tbody>
    <tr>
      <td><a href='https://www.isrctn.com/ISRCTN58994883' target='_blank'><div>ISRCTN58994883</div></a></td>
      <td>Does the new disposable distal attachment (Endocuff) improve detection of p...</td>
      <td>Digestive System</td>
      <td>Adult</td>
      <td>154</td>
    </tr>
    <tr>
      <td><a href='https://www.isrctn.com/ISRCTN11759551' target='_blank'><div>ISRCTN11759551</div></a></td>
      <td>The Tulip GT airway versus Guedel with facemask airway</td>
      <td>Respiratory</td>
      <td>Adult</td>
      <td>120</td>
    </tr>
  </tbody>
</table>"
140,-349417.3989343336,7542951.3872058885,ACCORD,55.92224,-3.1388699,2.0,5.306765580733931,"<table border=""1"" class=""dataframe"">
  <thead>
    <tr style=""text-align: left;"">
      <th>ISRCTN link</th>
      <th>Title</th>
      <th>Condition category</th>
      <th>Age group</th>
      <th>Target number of participants</th>
    </tr>
  </thead>
  <tbody>
    <tr>
      <td><a href='https://www.isrctn.com/ISRCTN13154542' target='_blank'><div>ISRCTN13154542</div></a></td>
      <td>The influence of implant length on the outcomes of total hip arthroplasty</td>
      <td>Musculoskeletal Diseases</td>
      <td>Adult</td>
      <td>220</td>
    </tr>
    <tr>
      <td><a href='https://www.isrctn.com/ISRCTN98001632' target='_blank'><div>ISRCTN98001632</div></a></td>
      <td>MRI assessment for beta-blockers in portal hypertension</td>
      <td>Circulatory System</td>
      <td>Adult</td>
      <td>20</td>
    </tr>
  </tbody>
</table>"
144,-10435.022275266989,6704483.374082789,King's College Hospital NHS Foundation Trust,51.4679138,-0.0937394,3.0,7.826061944859854,"<table border=""1"" class=""dataframe"">
  <thead>
    <tr style=""text-align: left;"">
      <th>ISRCTN link</th>
      <th>Title</th>
      <th>Condition category</th>
      <th>Age group</th>
      <th>Target number of participants</th>
    </tr>
  </thead>
  <tbody>
    <tr>
      <td><a href='https://www.isrctn.com/ISRCTN10470967' target='_blank'><div>ISRCTN10470967</div></a></td>
      <td>A controlled clinical trial investigating the impact of point of care testi...</td>
      <td>Infections and Infestations</td>
      <td>Adult</td>
      <td>2262</td>
    </tr>
    <tr>
      <td><a href='https://www.isrctn.com/ISRCTN12331315' target='_blank'><div>ISRCTN12331315</div></a></td>
      <td>Optimisation of invasive breathing support in newborns by continuous carbon...</td>
      <td>Respiratory</td>
      <td>Neonate</td>
      <td>200</td>
    </tr>
    <tr>
      <td><a href='https://www.isrctn.com/ISRCTN12884465' target='_blank'><div>ISRCTN12884465</div></a></td>
      <td>StereoTactic radiotherapy for wet Age-Related macular degeneration (STAR)</td>
      <td>Eye Diseases</td>
      <td>Adult</td>
      <td>411</td>
    </tr>
  </tbody>
</table>"
145,-325895.9133562383,7341065.344468118,Cumbria Partnership NHS Foundation Trust,54.89268029999999,-2.927572800000001,1.0,1.0,"<table border=""1"" class=""dataframe"">
  <thead>
    <tr style=""text-align: left;"">
      <th>ISRCTN link</th>
      <th>Title</th>
      <th>Condition category</th>
      <th>Age group</th>
      <th>Target number of participants</th>
    </tr>
  </thead>
  <tbody>
    <tr>
      <td><a href='https://www.isrctn.com/ISRCTN17337965' target='_blank'><div>ISRCTN17337965</div></a></td>
      <td>Effectiveness and acceptableness of a portable device to deliver oxygen dir...</td>
      <td>Skin and Connective Tissue Diseases</td>
      <td>Adult</td>
      <td>24</td>
    </tr>
  </tbody>
</table>"
149,-177353.03274524107,7362485.32925916,The Newcastle Upon Tyne Hospitals NHS Foundation Trust,55.0031904,-1.5931894,1.0,1.0,"<table border=""1"" class=""dataframe"">
  <thead>
    <tr style=""text-align: left;"">
      <th>ISRCTN link</th>
      <th>Title</th>
      <th>Condition category</th>
      <th>Age group</th>
      <th>Target number of participants</th>
    </tr>
  </thead>
  <tbody>
    <tr>
      <td><a href='https://www.isrctn.com/ISRCTN24515760' target='_blank'><div>ISRCTN24515760</div></a></td>
      <td>Developing technology-based hand and arm activity tracking for children wit...</td>
      <td>Nervous System Diseases</td>
      <td>Adult</td>
      <td>100</td>
    </tr>
  </tbody>
</table>"
150,-125377.98475775978,6979180.418066699,Nottinghamshire Healthcare NHS Foundation Trust,52.9793569,-1.1262896,1.0,1.0,"<table border=""1"" class=""dataframe"">
  <thead>
    <tr style=""text-align: left;"">
      <th>ISRCTN link</th>
      <th>Title</th>
      <th>Condition category</th>
      <th>Age group</th>
      <th>Target number of participants</th>
    </tr>
  </thead>
  <tbody>
    <tr>
      <td><a href='https://www.isrctn.com/ISRCTN19674644' target='_blank'><div>ISRCTN19674644</div></a></td>
      <td>BRIGhTMIND: brain imaging guided transcranial magnetic stimulation in depre...</td>
      <td>Mental and Behavioural Disorders</td>
      <td>Adult</td>
      <td>368</td>
    </tr>
  </tbody>
</table>"
151,-266136.1597941943,6690894.71626981,Royal United Hospitals Bath NHS Foundation Trust,51.3918072,-2.3907418,1.0,1.0,"<table border=""1"" class=""dataframe"">
  <thead>
    <tr style=""text-align: left;"">
      <th>ISRCTN link</th>
      <th>Title</th>
      <th>Condition category</th>
      <th>Age group</th>
      <th>Target number of participants</th>
    </tr>
  </thead>
  <tbody>
    <tr>
      <td><a href='https://www.isrctn.com/ISRCTN93750927' target='_blank'><div>ISRCTN93750927</div></a></td>
      <td>How does virtual reality affect patients’ experience when undergoing awake ...</td>
      <td>Surgery</td>
      <td>Adult</td>
      <td>40</td>
    </tr>
  </tbody>
</table>"
154,-83009.385811673,6712311.751459634,Abbott (United Kingdom),51.511701,-0.745686,1.0,1.0,"<table border=""1"" class=""dataframe"">
  <thead>
    <tr style=""text-align: left;"">
      <th>ISRCTN link</th>
      <th>Title</th>
      <th>Condition category</th>
      <th>Age group</th>
      <th>Target number of participants</th>
    </tr>
  </thead>
  <tbody>
    <tr>
      <td><a href='https://www.isrctn.com/ISRCTN17191485' target='_blank'><div>ISRCTN17191485</div></a></td>
      <td>User performance evaluation of the FreeStyle Optium Blood Glucose Monitorin...</td>
      <td>Nutritional, Metabolic, Endocrine</td>
      <td>Adult</td>
      <td>120</td>
    </tr>
  </tbody>
</table>"
156,1605340.0465221603,6458995.566547977,Vseobecna fakultni nemocnice (General University Hospital),50.07339090000001,14.421015,1.0,1.0,"<table border=""1"" class=""dataframe"">
  <thead>
    <tr style=""text-align: left;"">
      <th>ISRCTN link</th>
      <th>Title</th>
      <th>Condition category</th>
      <th>Age group</th>
      <th>Target number of participants</th>
    </tr>
  </thead>
  <tbody>
    <tr>
      <td><a href='https://www.isrctn.com/ISRCTN86233693' target='_blank'><div>ISRCTN86233693</div></a></td>
      <td>The evaluation of the insertion parameters and complications of the i-gel P...</td>
      <td>Surgery</td>
      <td>Adult</td>
      <td>2000</td>
    </tr>
  </tbody>
</table>"
157,-49687.8665976936,7127205.681116133,Humber Teaching NHS Foundation Trust,53.7725954,-0.4463537,1.0,1.0,"<table border=""1"" class=""dataframe"">
  <thead>
    <tr style=""text-align: left;"">
      <th>ISRCTN link</th>
      <th>Title</th>
      <th>Condition category</th>
      <th>Age group</th>
      <th>Target number of participants</th>
    </tr>
  </thead>
  <tbody>
    <tr>
      <td><a href='https://www.isrctn.com/ISRCTN36756455' target='_blank'><div>ISRCTN36756455</div></a></td>
      <td>TIA: a feasibility study of telemedicine in addictions</td>
      <td>Mental and Behavioural Disorders</td>
      <td>Adult</td>
      <td>60</td>
    </tr>
  </tbody>
</table>"
159,-660575.3464181816,7281622.521041222,Queen's University Belfast,54.5844087,-5.9340493,1.0,1.0,"<table border=""1"" class=""dataframe"">
  <thead>
    <tr style=""text-align: left;"">
      <th>ISRCTN link</th>
      <th>Title</th>
      <th>Condition category</th>
      <th>Age group</th>
      <th>Target number of participants</th>
    </tr>
  </thead>
  <tbody>
    <tr>
      <td><a href='https://www.isrctn.com/ISRCTN79058224' target='_blank'><div>ISRCTN79058224</div></a></td>
      <td>Monitoring for neovascular AMD reactivation at home</td>
      <td>Eye Diseases</td>
      <td>Adult</td>
      <td>400</td>
    </tr>
  </tbody>
</table>"
167,-165690.47931304757,7053851.281417849,University of Sheffield,53.3813502,-1.4884229,2.0,5.306765580733931,"<table border=""1"" class=""dataframe"">
  <thead>
    <tr style=""text-align: left;"">
      <th>ISRCTN link</th>
      <th>Title</th>
      <th>Condition category</th>
      <th>Age group</th>
      <th>Target number of participants</th>
    </tr>
  </thead>
  <tbody>
    <tr>
      <td><a href='https://www.isrctn.com/ISRCTN11106183' target='_blank'><div>ISRCTN11106183</div></a></td>
      <td>StratCare Trial</td>
      <td>Mental and Behavioural Disorders</td>
      <td>Adult</td>
      <td>760</td>
    </tr>
    <tr>
      <td><a href='https://www.isrctn.com/ISRCTN12048261' target='_blank'><div>ISRCTN12048261</div></a></td>
      <td>Ambulance CPAP: use, treatment effect and economics feasibility study</td>
      <td>Respiratory</td>
      <td>Adult</td>
      <td>120</td>
    </tr>
  </tbody>
</table>"
168,-135503.29394574172,7275518.420243988,South Tees Hospitals NHS Foundation Trust,54.5526198,-1.2172468,4.0,9.613531161467861,"<table border=""1"" class=""dataframe"">
  <thead>
    <tr style=""text-align: left;"">
      <th>ISRCTN link</th>
      <th>Title</th>
      <th>Condition category</th>
      <th>Age group</th>
      <th>Target number of participants</th>
    </tr>
  </thead>
  <tbody>
    <tr>
      <td><a href='https://www.isrctn.com/ISRCTN68116915' target='_blank'><div>ISRCTN68116915</div></a></td>
      <td>Self Testing Own Kidneys (STOK) Study</td>
      <td>Urological and Genital Diseases</td>
      <td>Adult</td>
      <td>15</td>
    </tr>
    <tr>
      <td><a href='https://www.isrctn.com/ISRCTN94119947' target='_blank'><div>ISRCTN94119947</div></a></td>
      <td>Automated adjustment of inspired oxygen in premature infants requiring mech...</td>
      <td>Neonatal Diseases</td>
      <td>Neonate</td>
      <td>30</td>
    </tr>
    <tr>
      <td><a href='https://www.isrctn.com/ISRCTN21659064' target='_blank'><div>ISRCTN21659064</div></a></td>
      <td>Bolus versus continuous study</td>
      <td>Musculoskeletal Diseases</td>
      <td>Adult</td>
      <td>34</td>
    </tr>
    <tr>
      <td><a href='https://www.isrctn.com/ISRCTN61628624' target='_blank'><div>ISRCTN61628624</div></a></td>
      <td>Bolus versus continuous study</td>
      <td>Signs and Symptoms</td>
      <td>Adult</td>
      <td>34</td>
    </tr>
  </tbody>
</table>"
169,-169174.06693013594,6761824.684818332,Abbott Diabetes Care Ltd,51.787673,-1.5197165,10.0,15.306765580733934,"<table border=""1"" class=""dataframe"">
  <thead>
    <tr style=""text-align: left;"">
      <th>ISRCTN link</th>
      <th>Title</th>
      <th>Condition category</th>
      <th>Age group</th>
      <th>Target number of participants</th>
    </tr>
  </thead>
  <tbody>
    <tr>
      <td><a href='https://www.isrctn.com/ISRCTN36033130' target='_blank'><div>ISRCTN36033130</div></a></td>
      <td>Assessing the use of FreeStyle Libre Pro with HbA1c in diabetes management</td>
      <td>Nutritional, Metabolic, Endocrine</td>
      <td>Adult</td>
      <td>45</td>
    </tr>
    <tr>
      <td><a href='https://www.isrctn.com/ISRCTN10603608' target='_blank'><div>ISRCTN10603608</div></a></td>
      <td>Determining the amount of time with low glucose in people using premixed (b...</td>
      <td>Nutritional, Metabolic, Endocrine</td>
      <td>Adult</td>
      <td>40</td>
    </tr>
    <tr>
      <td><a href='https://www.isrctn.com/ISRCTN15304729' target='_blank'><div>ISRCTN15304729</div></a></td>
      <td>Determining variation in glucose levels in people with impaired glucose tol...</td>
      <td>Nutritional, Metabolic, Endocrine</td>
      <td>Adult</td>
      <td>40</td>
    </tr>
    <tr>
      <td><a href='https://www.isrctn.com/ISRCTN13235081' target='_blank'><div>ISRCTN13235081</div></a></td>
      <td>Blood Ketone Performance Test</td>
      <td>Nutritional, Metabolic, Endocrine</td>
      <td>Adult</td>
      <td>50</td>
    </tr>
    <tr>
      <td><a href='https://www.isrctn.com/ISRCTN79538756' target='_blank'><div>ISRCTN79538756</div></a></td>
      <td>Using the FreeStyle Libre system to monitor blood glucose in insulin-treate...</td>
      <td>Nutritional, Metabolic, Endocrine</td>
      <td>Adult</td>
      <td>25</td>
    </tr>
    <tr>
      <td><a href='https://www.isrctn.com/ISRCTN64992339' target='_blank'><div>ISRCTN64992339</div></a></td>
      <td>FreeStyle Libre potential in-reader correction study</td>
      <td>Nutritional, Metabolic, Endocrine</td>
      <td>Adult</td>
      <td>27</td>
    </tr>
    <tr>
      <td><a href='https://www.isrctn.com/ISRCTN11379850' target='_blank'><div>ISRCTN11379850</div></a></td>
      <td>Blood glucose performance test</td>
      <td>Nutritional, Metabolic, Endocrine</td>
      <td>Adult</td>
      <td>55</td>
    </tr>
    <tr>
      <td><a href='https://www.isrctn.com/ISRCTN12543702' target='_blank'><div>ISRCTN12543702</div></a></td>
      <td>Masked performance check of the Abbott FreeStyle Libre Flash Glucose Monito...</td>
      <td>Nutritional, Metabolic, Endocrine</td>
      <td>Adult</td>
      <td>108</td>
    </tr>
    <tr>
      <td><a href='https://www.isrctn.com/ISRCTN87654534' target='_blank'><div>ISRCTN87654534</div></a></td>
      <td>Performance Check of the Abbott FreeStyle Libre Flash Glucose Monitoring Sy...</td>
      <td>Nutritional, Metabolic, Endocrine</td>
      <td>Adult</td>
      <td>3600</td>
    </tr>
    <tr>
      <td><a href='https://www.isrctn.com/ISRCTN11668805' target='_blank'><div>ISRCTN11668805</div></a></td>
      <td>Blood glucose performance test</td>
      <td>Nutritional, Metabolic, Endocrine</td>
      <td>Adult</td>
      <td>50</td>
    </tr>
  </tbody>
</table>"
170,-1001468.4330811219,7038940.278687847,Vysera Biomedical Ltd,53.3013772,-8.996343999999999,1.0,1.0,"<table border=""1"" class=""dataframe"">
  <thead>
    <tr style=""text-align: left;"">
      <th>ISRCTN link</th>
      <th>Title</th>
      <th>Condition category</th>
      <th>Age group</th>
      <th>Target number of participants</th>
    </tr>
  </thead>
  <tbody>
    <tr>
      <td><a href='https://www.isrctn.com/ISRCTN97824963' target='_blank'><div>ISRCTN97824963</div></a></td>
      <td>Developmental trial of a new continence device (Vysera valve) that allows b...</td>
      <td>Urological and Genital Diseases</td>
      <td>Adult</td>
      <td>14</td>
    </tr>
  </tbody>
</table>"
171,-322518.53566531563,7021901.093929497,Countess of Chester NHS Foundation Trust,53.2098063,-2.8972333,2.0,5.306765580733931,"<table border=""1"" class=""dataframe"">
  <thead>
    <tr style=""text-align: left;"">
      <th>ISRCTN link</th>
      <th>Title</th>
      <th>Condition category</th>
      <th>Age group</th>
      <th>Target number of participants</th>
    </tr>
  </thead>
  <tbody>
    <tr>
      <td><a href='https://www.isrctn.com/ISRCTN16608742' target='_blank'><div>ISRCTN16608742</div></a></td>
      <td>The VIRTUE study: Can virtual reality games help people with cognitive impa...</td>
      <td>Nervous System Diseases</td>
      <td>Adult</td>
      <td>60</td>
    </tr>
    <tr>
      <td><a href='https://www.isrctn.com/ISRCTN17422343' target='_blank'><div>ISRCTN17422343</div></a></td>
      <td>Effect of repetitive upper limb sensory stimulation immediately after a str...</td>
      <td>Circulatory System</td>
      <td>Adult</td>
      <td>60</td>
    </tr>
  </tbody>
</table>"
173,-15190.167907890624,6714706.415329954,UCLH,51.5250869,-0.1364556,3.0,7.826061944859854,"<table border=""1"" class=""dataframe"">
  <thead>
    <tr style=""text-align: left;"">
      <th>ISRCTN link</th>
      <th>Title</th>
      <th>Condition category</th>
      <th>Age group</th>
      <th>Target number of participants</th>
    </tr>
  </thead>
  <tbody>
    <tr>
      <td><a href='https://www.isrctn.com/ISRCTN13247829' target='_blank'><div>ISRCTN13247829</div></a></td>
      <td>A website to help choose contraception - a pilot trial</td>
      <td>Urological and Genital Diseases</td>
      <td>Adult</td>
      <td>400</td>
    </tr>
    <tr>
      <td><a href='https://www.isrctn.com/ISRCTN45174482' target='_blank'><div>ISRCTN45174482</div></a></td>
      <td>Automatic monitoring of hand hygiene</td>
      <td>Infections and Infestations</td>
      <td>Adult</td>
      <td>40</td>
    </tr>
    <tr>
      <td><a href='https://www.isrctn.com/ISRCTN58235785' target='_blank'><div>ISRCTN58235785</div></a></td>
      <td>Barrett’s oesophagus surveillance with optical biopsy using spectroscopy an...</td>
      <td>Cancer</td>
      <td>Adult</td>
      <td>2000</td>
    </tr>
  </tbody>
</table>"
176,-126341.62192981176,6914257.025768537,University Hospitals of Leicester NHS Trust,52.62677189999999,-1.1349461,3.0,7.826061944859854,"<table border=""1"" class=""dataframe"">
  <thead>
    <tr style=""text-align: left;"">
      <th>ISRCTN link</th>
      <th>Title</th>
      <th>Condition category</th>
      <th>Age group</th>
      <th>Target number of participants</th>
    </tr>
  </thead>
  <tbody>
    <tr>
      <td><a href='https://www.isrctn.com/ISRCTN45695543' target='_blank'><div>ISRCTN45695543</div></a></td>
      <td>Training to improve dyspnoea</td>
      <td>Respiratory</td>
      <td>Adult</td>
      <td>105</td>
    </tr>
    <tr>
      <td><a href='https://www.isrctn.com/ISRCTN15892972' target='_blank'><div>ISRCTN15892972</div></a></td>
      <td>Can an activity monitor be used to set exercise level in patients with chro...</td>
      <td>Respiratory</td>
      <td>Adult</td>
      <td>20</td>
    </tr>
    <tr>
      <td><a href='https://www.isrctn.com/ISRCTN81979106' target='_blank'><div>ISRCTN81979106</div></a></td>
      <td>An eight week pilot study to investigate the effect of oscillation device o...</td>
      <td>Respiratory</td>
      <td>Adult</td>
      <td>24</td>
    </tr>
  </tbody>
</table>"
177,-39883.53602946498,7121862.737414685,Hull and East Yorkshire Hospitals NHS Trust,53.74422029999999,-0.3582799,2.0,5.306765580733931,"<table border=""1"" class=""dataframe"">
  <thead>
    <tr style=""text-align: left;"">
      <th>ISRCTN link</th>
      <th>Title</th>
      <th>Condition category</th>
      <th>Age group</th>
      <th>Target number of participants</th>
    </tr>
  </thead>
  <tbody>
    <tr>
      <td><a href='https://www.isrctn.com/ISRCTN26277546' target='_blank'><div>ISRCTN26277546</div></a></td>
      <td>Surgical Wounds Healing By Secondary Intention - 2</td>
      <td>Surgery</td>
      <td>Adult</td>
      <td>696</td>
    </tr>
    <tr>
      <td><a href='https://www.isrctn.com/ISRCTN04764631' target='_blank'><div>ISRCTN04764631</div></a></td>
      <td>The HeartCycle Nitrates Study - to assess the effectiveness of non-invasive...</td>
      <td>Circulatory System</td>
      <td>Adult</td>
      <td>26</td>
    </tr>
  </tbody>
</table>"
182,-163237.19811104724,6967189.358494778,Derby Hospitals NHS Foundation Trust,52.91445119999999,-1.4663847,1.0,1.0,"<table border=""1"" class=""dataframe"">
  <thead>
    <tr style=""text-align: left;"">
      <th>ISRCTN link</th>
      <th>Title</th>
      <th>Condition category</th>
      <th>Age group</th>
      <th>Target number of participants</th>
    </tr>
  </thead>
  <tbody>
    <tr>
      <td><a href='https://www.isrctn.com/ISRCTN40423820' target='_blank'><div>ISRCTN40423820</div></a></td>
      <td>Comparison of insoles prescribed for diabetic patients with and without ped...</td>
      <td>Nutritional, Metabolic, Endocrine</td>
      <td>Adult</td>
      <td>402</td>
    </tr>
  </tbody>
</table>"
186,-318246.5722824802,7183955.019482357,Queen Victoria Hospital,54.07279579999999,-2.8588576,2.0,5.306765580733931,"<table border=""1"" class=""dataframe"">
  <thead>
    <tr style=""text-align: left;"">
      <th>ISRCTN link</th>
      <th>Title</th>
      <th>Condition category</th>
      <th>Age group</th>
      <th>Target number of participants</th>
    </tr>
  </thead>
  <tbody>
    <tr>
      <td><a href='https://www.isrctn.com/ISRCTN61520151' target='_blank'><div>ISRCTN61520151</div></a></td>
      <td>Are subjective pain scores related to facial muscle activity?</td>
      <td>Signs and Symptoms</td>
      <td>Adult</td>
      <td>50</td>
    </tr>
    <tr>
      <td><a href='https://www.isrctn.com/ISRCTN28123440' target='_blank'><div>ISRCTN28123440</div></a></td>
      <td>Nationwide survey of prosthetic eye users</td>
      <td>Eye Diseases</td>
      <td>Adult</td>
      <td>500</td>
    </tr>
  </tbody>
</table>"
187,-322481.12118446006,7060800.051357996,Alder Hey Children's NHS Foundation Trust,53.4185677,-2.8968972,1.0,1.0,"<table border=""1"" class=""dataframe"">
  <thead>
    <tr style=""text-align: left;"">
      <th>ISRCTN link</th>
      <th>Title</th>
      <th>Condition category</th>
      <th>Age group</th>
      <th>Target number of participants</th>
    </tr>
  </thead>
  <tbody>
    <tr>
      <td><a href='https://www.isrctn.com/ISRCTN49474281' target='_blank'><div>ISRCTN49474281</div></a></td>
      <td>The British Antibiotic and Silver Impregnated Catheters for ventriculoperit...</td>
      <td>Nervous System Diseases</td>
      <td>Adult</td>
      <td>1200</td>
    </tr>
  </tbody>
</table>"
191,-85674.56366439832,6695602.116900391,Actegy Health Limited.,51.4181865,-0.7696276999999999,2.0,5.306765580733931,"<table border=""1"" class=""dataframe"">
  <thead>
    <tr style=""text-align: left;"">
      <th>ISRCTN link</th>
      <th>Title</th>
      <th>Condition category</th>
      <th>Age group</th>
      <th>Target number of participants</th>
    </tr>
  </thead>
  <tbody>
    <tr>
      <td><a href='https://www.isrctn.com/ISRCTN10576209' target='_blank'><div>ISRCTN10576209</div></a></td>
      <td>The effect of an eight-week treatment programme using foot electrical muscl...</td>
      <td>Musculoskeletal Diseases</td>
      <td>Adult</td>
      <td>150</td>
    </tr>
    <tr>
      <td><a href='https://www.isrctn.com/ISRCTN12112819' target='_blank'><div>ISRCTN12112819</div></a></td>
      <td>Electrical Stimulation treating knee osteoarthritis for pain, function and ...</td>
      <td>Musculoskeletal Diseases</td>
      <td>Adult</td>
      <td>125</td>
    </tr>
  </tbody>
</table>"
200,-6553.233707661985,6713415.407300916,Barts and The London NHS Trust,51.5178708,-0.0588687,1.0,1.0,"<table border=""1"" class=""dataframe"">
  <thead>
    <tr style=""text-align: left;"">
      <th>ISRCTN link</th>
      <th>Title</th>
      <th>Condition category</th>
      <th>Age group</th>
      <th>Target number of participants</th>
    </tr>
  </thead>
  <tbody>
    <tr>
      <td><a href='https://www.isrctn.com/ISRCTN11717011' target='_blank'><div>ISRCTN11717011</div></a></td>
      <td>Comparison of the fixed versus the removable functional braces in the treat...</td>
      <td>Oral Health</td>
      <td>Child</td>
      <td>80</td>
    </tr>
  </tbody>
</table>"
205,-258973.5186661336,6688471.631280648,University of Bath,51.3782228,-2.3263987,1.0,1.0,"<table border=""1"" class=""dataframe"">
  <thead>
    <tr style=""text-align: left;"">
      <th>ISRCTN link</th>
      <th>Title</th>
      <th>Condition category</th>
      <th>Age group</th>
      <th>Target number of participants</th>
    </tr>
  </thead>
  <tbody>
    <tr>
      <td><a href='https://www.isrctn.com/ISRCTN11950127' target='_blank'><div>ISRCTN11950127</div></a></td>
      <td>Delivering affordable, functional prostheses in the NHS: a trial across two...</td>
      <td>Not Applicable</td>
      <td>Child</td>
      <td>8</td>
    </tr>
  </tbody>
</table>"
206,-10338.541672596459,6714649.3755814545,Kheiron Medical Technologies,51.5247681,-0.0928727,1.0,1.0,"<table border=""1"" class=""dataframe"">
  <thead>
    <tr style=""text-align: left;"">
      <th>ISRCTN link</th>
      <th>Title</th>
      <th>Condition category</th>
      <th>Age group</th>
      <th>Target number of participants</th>
    </tr>
  </thead>
  <tbody>
    <tr>
      <td><a href='https://www.isrctn.com/ISRCTN18056078' target='_blank'><div>ISRCTN18056078</div></a></td>
      <td>Assessment of the performance of a deep learning system at identifying bre...</td>
      <td>Cancer</td>
      <td>Adult</td>
      <td>1000000</td>
    </tr>
  </tbody>
</table>"
207,1827177.3607957596,6145622.664787434,EMTensor GmbH,48.2325035,16.4138135,1.0,1.0,"<table border=""1"" class=""dataframe"">
  <thead>
    <tr style=""text-align: left;"">
      <th>ISRCTN link</th>
      <th>Title</th>
      <th>Condition category</th>
      <th>Age group</th>
      <th>Target number of participants</th>
    </tr>
  </thead>
  <tbody>
    <tr>
      <td><a href='https://www.isrctn.com/ISRCTN18134070' target='_blank'><div>ISRCTN18134070</div></a></td>
      <td>A study to demonstrate the ability of the EMTensor brain-imaging scanner to...</td>
      <td>Nervous System Diseases</td>
      <td>Adult</td>
      <td>40</td>
    </tr>
  </tbody>
</table>"
209,-51362.76852422011,6683286.740108636,Warneford Healthcare Ltd.,51.34914149999999,-0.4613996,1.0,1.0,"<table border=""1"" class=""dataframe"">
  <thead>
    <tr style=""text-align: left;"">
      <th>ISRCTN link</th>
      <th>Title</th>
      <th>Condition category</th>
      <th>Age group</th>
      <th>Target number of participants</th>
    </tr>
  </thead>
  <tbody>
    <tr>
      <td><a href='https://www.isrctn.com/ISRCTN10063734' target='_blank'><div>ISRCTN10063734</div></a></td>
      <td>Can eye drops effectively treat dry eye disease?</td>
      <td>Eye Diseases</td>
      <td>Adult</td>
      <td>15</td>
    </tr>
  </tbody>
</table>"
210,-293250.114583323,6611526.874250912,Yeovil District Hospital NHS Foundation Trust,50.9447524,-2.6343106,1.0,1.0,"<table border=""1"" class=""dataframe"">
  <thead>
    <tr style=""text-align: left;"">
      <th>ISRCTN link</th>
      <th>Title</th>
      <th>Condition category</th>
      <th>Age group</th>
      <th>Target number of participants</th>
    </tr>
  </thead>
  <tbody>
    <tr>
      <td><a href='https://www.isrctn.com/ISRCTN59485808' target='_blank'><div>ISRCTN59485808</div></a></td>
      <td>The role of 3D laparoscopic rectal surgery: a randomised controlled trial</td>
      <td>Cancer</td>
      <td>Adult</td>
      <td>72</td>
    </tr>
  </tbody>
</table>"
212,-34645.84266815066,6733799.160923695,Royal National Orthopaedic Hospital,51.6316725,-0.3112289,1.0,1.0,"<table border=""1"" class=""dataframe"">
  <thead>
    <tr style=""text-align: left;"">
      <th>ISRCTN link</th>
      <th>Title</th>
      <th>Condition category</th>
      <th>Age group</th>
      <th>Target number of participants</th>
    </tr>
  </thead>
  <tbody>
    <tr>
      <td><a href='https://www.isrctn.com/ISRCTN17182264' target='_blank'><div>ISRCTN17182264</div></a></td>
      <td>Non-invasive neuromodulation for bladder suppression following spinal cord ...</td>
      <td>Urological and Genital Diseases</td>
      <td>Adult</td>
      <td>12</td>
    </tr>
  </tbody>
</table>"
220,-449154.942738697,7524072.790770966,Ocutec Ltd,55.8270996,-4.0348275,4.0,9.613531161467861,"<table border=""1"" class=""dataframe"">
  <thead>
    <tr style=""text-align: left;"">
      <th>ISRCTN link</th>
      <th>Title</th>
      <th>Condition category</th>
      <th>Age group</th>
      <th>Target number of participants</th>
    </tr>
  </thead>
  <tbody>
    <tr>
      <td><a href='https://www.isrctn.com/ISRCTN21794264' target='_blank'><div>ISRCTN21794264</div></a></td>
      <td>Evaluating the comfort, vision and fit of Ocutec daily disposable contact l...</td>
      <td>Eye Diseases</td>
      <td>Adult</td>
      <td>30</td>
    </tr>
    <tr>
      <td><a href='https://www.isrctn.com/ISRCTN28339062' target='_blank'><div>ISRCTN28339062</div></a></td>
      <td>Evaluating the comfort, vision and fit of soft, spherical contact lenses in...</td>
      <td>Eye Diseases</td>
      <td>Adult</td>
      <td>30</td>
    </tr>
    <tr>
      <td><a href='https://www.isrctn.com/ISRCTN14481675' target='_blank'><div>ISRCTN14481675</div></a></td>
      <td>Clinical evaluation of Ocutec daily disposable contact lenses</td>
      <td>Eye Diseases</td>
      <td>Adult</td>
      <td>30</td>
    </tr>
    <tr>
      <td><a href='https://www.isrctn.com/ISRCTN25271353' target='_blank'><div>ISRCTN25271353</div></a></td>
      <td>Ocutec daily disposable contact lens comfort evaluation</td>
      <td>Eye Diseases</td>
      <td>Adult</td>
      <td>25</td>
    </tr>
  </tbody>
</table>"
222,-389286.28531881014,7033341.626065807,Betsi Cadwaladr University Health Board,53.2713109,-3.4970182,2.0,5.306765580733931,"<table border=""1"" class=""dataframe"">
  <thead>
    <tr style=""text-align: left;"">
      <th>ISRCTN link</th>
      <th>Title</th>
      <th>Condition category</th>
      <th>Age group</th>
      <th>Target number of participants</th>
    </tr>
  </thead>
  <tbody>
    <tr>
      <td><a href='https://www.isrctn.com/ISRCTN99378804' target='_blank'><div>ISRCTN99378804</div></a></td>
      <td>Feasibility pilot of anticoagulation self-testing</td>
      <td>Haematological Disorders</td>
      <td>Adult</td>
      <td>20</td>
    </tr>
    <tr>
      <td><a href='https://www.isrctn.com/ISRCTN34213075' target='_blank'><div>ISRCTN34213075</div></a></td>
      <td>Warming perioperative multilayer blanket assessment</td>
      <td>Surgery</td>
      <td>Adult</td>
      <td>76</td>
    </tr>
  </tbody>
</table>"
224,2224611.453604202,6458939.543258964,Klinika Młodości,50.0730679,19.9840247,1.0,1.0,"<table border=""1"" class=""dataframe"">
  <thead>
    <tr style=""text-align: left;"">
      <th>ISRCTN link</th>
      <th>Title</th>
      <th>Condition category</th>
      <th>Age group</th>
      <th>Target number of participants</th>
    </tr>
  </thead>
  <tbody>
    <tr>
      <td><a href='https://www.isrctn.com/ISRCTN10288390' target='_blank'><div>ISRCTN10288390</div></a></td>
      <td>Investigating effects of laser hair removal in people from different ethnic...</td>
      <td>Skin and Connective Tissue Diseases</td>
      <td>Adult</td>
      <td>500</td>
    </tr>
  </tbody>
</table>"
227,-220.1788208400158,6645224.208730207,Queen Victoria Hospital NHS Foundation Trust,51.1350886,-0.0019779,1.0,1.0,"<table border=""1"" class=""dataframe"">
  <thead>
    <tr style=""text-align: left;"">
      <th>ISRCTN link</th>
      <th>Title</th>
      <th>Condition category</th>
      <th>Age group</th>
      <th>Target number of participants</th>
    </tr>
  </thead>
  <tbody>
    <tr>
      <td><a href='https://www.isrctn.com/ISRCTN21782066' target='_blank'><div>ISRCTN21782066</div></a></td>
      <td>An inconspicuous, non-invasive, mobile sensor device for real-time control ...</td>
      <td>Nervous System Diseases</td>
      <td>Adult</td>
      <td>150</td>
    </tr>
  </tbody>
</table>"
230,-424589.458448146,6730584.303541024,Abertawe Bro Morgannwg University Health Board,51.613743,-3.814152,1.0,1.0,"<table border=""1"" class=""dataframe"">
  <thead>
    <tr style=""text-align: left;"">
      <th>ISRCTN link</th>
      <th>Title</th>
      <th>Condition category</th>
      <th>Age group</th>
      <th>Target number of participants</th>
    </tr>
  </thead>
  <tbody>
    <tr>
      <td><a href='https://www.isrctn.com/ISRCTN10709813' target='_blank'><div>ISRCTN10709813</div></a></td>
      <td>Assessment of remote heart rhythm sampling using the AliveCor® heart monito...</td>
      <td>Circulatory System</td>
      <td>Senior</td>
      <td>1000</td>
    </tr>
  </tbody>
</table>"
243,-473103.4053556791,7531948.501503367,Glasgow Caledonian University,55.8668183,-4.249960199999999,3.0,7.826061944859854,"<table border=""1"" class=""dataframe"">
  <thead>
    <tr style=""text-align: left;"">
      <th>ISRCTN link</th>
      <th>Title</th>
      <th>Condition category</th>
      <th>Age group</th>
      <th>Target number of participants</th>
    </tr>
  </thead>
  <tbody>
    <tr>
      <td><a href='https://www.isrctn.com/ISRCTN12437878' target='_blank'><div>ISRCTN12437878</div></a></td>
      <td>Stimulation of the Tibial nerve – A Randomised Trial for Urinary problems a...</td>
      <td>Nervous System Diseases</td>
      <td>Adult</td>
      <td>208</td>
    </tr>
    <tr>
      <td><a href='https://www.isrctn.com/ISRCTN98415244' target='_blank'><div>ISRCTN98415244</div></a></td>
      <td>Electric tibial nerve stimulation to reduce incontinence in care homes</td>
      <td>Signs and Symptoms</td>
      <td>Senior</td>
      <td>500</td>
    </tr>
    <tr>
      <td><a href='https://www.isrctn.com/ISRCTN19805071' target='_blank'><div>ISRCTN19805071</div></a></td>
      <td>Improving the design of insoles for diabetic foot disease</td>
      <td>Nutritional, Metabolic, Endocrine</td>
      <td>Adult</td>
      <td>20</td>
    </tr>
  </tbody>
</table>"
248,8596354.037957737,3328249.699889958,UKIERI,28.6269455,77.22236219999999,1.0,1.0,"<table border=""1"" class=""dataframe"">
  <thead>
    <tr style=""text-align: left;"">
      <th>ISRCTN link</th>
      <th>Title</th>
      <th>Condition category</th>
      <th>Age group</th>
      <th>Target number of participants</th>
    </tr>
  </thead>
  <tbody>
    <tr>
      <td><a href='https://www.isrctn.com/ISRCTN13139098' target='_blank'><div>ISRCTN13139098</div></a></td>
      <td>Effect of EEG-EMG based hybrid brain-computer interface operated hand exosk...</td>
      <td>Circulatory System</td>
      <td>Adult</td>
      <td>20</td>
    </tr>
  </tbody>
</table>"
256,-297032.1831510755,7048005.542368765,NGPod Global,53.3500153,-2.668285500000001,1.0,1.0,"<table border=""1"" class=""dataframe"">
  <thead>
    <tr style=""text-align: left;"">
      <th>ISRCTN link</th>
      <th>Title</th>
      <th>Condition category</th>
      <th>Age group</th>
      <th>Target number of participants</th>
    </tr>
  </thead>
  <tbody>
    <tr>
      <td><a href='https://www.isrctn.com/ISRCTN14985496' target='_blank'><div>ISRCTN14985496</div></a></td>
      <td>NGPOD pH test Vs pH measurement to assess Nasogastric Tube (NGT) position</td>
      <td>Not Applicable</td>
      <td>Adult</td>
      <td>100</td>
    </tr>
  </tbody>
</table>"
258,-85226.75874878421,6669780.581850419,Philips,51.2733007,-0.765605,4.0,9.613531161467861,"<table border=""1"" class=""dataframe"">
  <thead>
    <tr style=""text-align: left;"">
      <th>ISRCTN link</th>
      <th>Title</th>
      <th>Condition category</th>
      <th>Age group</th>
      <th>Target number of participants</th>
    </tr>
  </thead>
  <tbody>
    <tr>
      <td><a href='https://www.isrctn.com/ISRCTN56755910' target='_blank'><div>ISRCTN56755910</div></a></td>
      <td>Long-term safety and efficacy of positional therapy</td>
      <td>Respiratory</td>
      <td>Adult</td>
      <td>200</td>
    </tr>
    <tr>
      <td><a href='https://www.isrctn.com/ISRCTN16170657' target='_blank'><div>ISRCTN16170657</div></a></td>
      <td>Comparison of the NightBalance Lunoa to Positive Airway Pressure (PAP) for ...</td>
      <td>Respiratory</td>
      <td>Adult</td>
      <td>150</td>
    </tr>
    <tr>
      <td><a href='https://www.isrctn.com/ISRCTN13097622' target='_blank'><div>ISRCTN13097622</div></a></td>
      <td>Influence of the Vitabreath on exercise tolerance in COPD</td>
      <td>Respiratory</td>
      <td>Adult</td>
      <td>24</td>
    </tr>
    <tr>
      <td><a href='https://www.isrctn.com/ISRCTN38199132' target='_blank'><div>ISRCTN38199132</div></a></td>
      <td>Breath freshening effects of mechanical removal of tongue biofilm\n</td>
      <td>Oral Health</td>
      <td>Adult</td>
      <td>25</td>
    </tr>
  </tbody>
</table>"
259,-310328.61727743805,7172125.076875081,Lancaster University,54.0103942,-2.7877294,1.0,1.0,"<table border=""1"" class=""dataframe"">
  <thead>
    <tr style=""text-align: left;"">
      <th>ISRCTN link</th>
      <th>Title</th>
      <th>Condition category</th>
      <th>Age group</th>
      <th>Target number of participants</th>
    </tr>
  </thead>
  <tbody>
    <tr>
      <td><a href='https://www.isrctn.com/ISRCTN45514614' target='_blank'><div>ISRCTN45514614</div></a></td>
      <td>Assessment and post-treatment evaluation of absence epilepsy seizures</td>
      <td>Nervous System Diseases</td>
      <td>Adult</td>
      <td>27</td>
    </tr>
  </tbody>
</table>"
262,-70490.3179534179,6728536.777323132,iMed Group International Ltd,51.6023201,-0.6332253,1.0,1.0,"<table border=""1"" class=""dataframe"">
  <thead>
    <tr style=""text-align: left;"">
      <th>ISRCTN link</th>
      <th>Title</th>
      <th>Condition category</th>
      <th>Age group</th>
      <th>Target number of participants</th>
    </tr>
  </thead>
  <tbody>
    <tr>
      <td><a href='https://www.isrctn.com/ISRCTN30529881' target='_blank'><div>ISRCTN30529881</div></a></td>
      <td>Join the Revolution MTS (Medical Therapy System)</td>
      <td>Musculoskeletal Diseases</td>
      <td>Adult</td>
      <td>300</td>
    </tr>
  </tbody>
</table>"
263,-109582.29447969915,6702183.1954516,Dyslexia Research Trust,51.45504,-0.9843945,1.0,1.0,"<table border=""1"" class=""dataframe"">
  <thead>
    <tr style=""text-align: left;"">
      <th>ISRCTN link</th>
      <th>Title</th>
      <th>Condition category</th>
      <th>Age group</th>
      <th>Target number of participants</th>
    </tr>
  </thead>
  <tbody>
    <tr>
      <td><a href='https://www.isrctn.com/ISRCTN39964318' target='_blank'><div>ISRCTN39964318</div></a></td>
      <td>Does viewing text through yellow or blue filters help dyslexic children to ...</td>
      <td>Signs and Symptoms</td>
      <td>Child</td>
      <td>200</td>
    </tr>
  </tbody>
</table>"
264,-13609721.983059734,4514254.354893765,Nevro Corp,37.5372138,-122.2582127,6.0,12.132827525593784,"<table border=""1"" class=""dataframe"">
  <thead>
    <tr style=""text-align: left;"">
      <th>ISRCTN link</th>
      <th>Title</th>
      <th>Condition category</th>
      <th>Age group</th>
      <th>Target number of participants</th>
    </tr>
  </thead>
  <tbody>
    <tr>
      <td><a href='https://www.isrctn.com/ISRCTN11180496' target='_blank'><div>ISRCTN11180496</div></a></td>
      <td>A clinical study to evaluate HF10™ therapy in patients with chronic intract...</td>
      <td>Signs and Symptoms</td>
      <td>Adult</td>
      <td>100</td>
    </tr>
    <tr>
      <td><a href='https://www.isrctn.com/ISRCTN27921933' target='_blank'><div>ISRCTN27921933</div></a></td>
      <td>A clinical study to evaluate the Senza™ spinal cord stimulation system in p...</td>
      <td>Signs and Symptoms</td>
      <td>Adult</td>
      <td>15</td>
    </tr>
    <tr>
      <td><a href='https://www.isrctn.com/ISRCTN87648175' target='_blank'><div>ISRCTN87648175</div></a></td>
      <td>Comparison of HF10 therapy combined with Conventional Medical Managment (CM...</td>
      <td>Injury, Occupational Diseases, Poisoning</td>
      <td>Adult</td>
      <td>300</td>
    </tr>
    <tr>
      <td><a href='https://www.isrctn.com/ISRCTN13548270' target='_blank'><div>ISRCTN13548270</div></a></td>
      <td>HF10 therapy for the treatment of chronic pain resulting from spinal cord i...</td>
      <td>Nervous System Diseases</td>
      <td>Adult</td>
      <td>10</td>
    </tr>
    <tr>
      <td><a href='https://www.isrctn.com/ISRCTN94247798' target='_blank'><div>ISRCTN94247798</div></a></td>
      <td>HF10™ spinal cord stimulation in the treatment of refractory chronic migrai...</td>
      <td>Nervous System Diseases</td>
      <td>Adult</td>
      <td>20</td>
    </tr>
    <tr>
      <td><a href='https://www.isrctn.com/ISRCTN96424062' target='_blank'><div>ISRCTN96424062</div></a></td>
      <td>SenzaTM Spinal Cord Stimulation System for the treatment of chronic back pa...</td>
      <td>Signs and Symptoms</td>
      <td>Adult</td>
      <td>20</td>
    </tr>
  </tbody>
</table>"
265,-255275.07329986515,7055247.716972181,University Hospital of South Manchester NHS Foundation Trust,53.38883209999999,-2.293175,1.0,1.0,"<table border=""1"" class=""dataframe"">
  <thead>
    <tr style=""text-align: left;"">
      <th>ISRCTN link</th>
      <th>Title</th>
      <th>Condition category</th>
      <th>Age group</th>
      <th>Target number of participants</th>
    </tr>
  </thead>
  <tbody>
    <tr>
      <td><a href='https://www.isrctn.com/ISRCTN44583186' target='_blank'><div>ISRCTN44583186</div></a></td>
      <td>Breath analysis in intensive care</td>
      <td>Respiratory</td>
      <td>Adult</td>
      <td>120</td>
    </tr>
  </tbody>
</table>"
267,-659823.950987276,7285438.338159189,Cathedral Eye Research,54.6042681,-5.9272994,1.0,1.0,"<table border=""1"" class=""dataframe"">
  <thead>
    <tr style=""text-align: left;"">
      <th>ISRCTN link</th>
      <th>Title</th>
      <th>Condition category</th>
      <th>Age group</th>
      <th>Target number of participants</th>
    </tr>
  </thead>
  <tbody>
    <tr>
      <td><a href='https://www.isrctn.com/ISRCTN18423965' target='_blank'><div>ISRCTN18423965</div></a></td>
      <td>Eyelid massager effectiveness in meibomian gland dysfunction</td>
      <td>Eye Diseases</td>
      <td>Adult</td>
      <td>100</td>
    </tr>
  </tbody>
</table>"
272,-173259.8595965687,7133005.281595342,Leeds Dental Institute,53.803374,-1.5564198,3.0,7.826061944859854,"<table border=""1"" class=""dataframe"">
  <thead>
    <tr style=""text-align: left;"">
      <th>ISRCTN link</th>
      <th>Title</th>
      <th>Condition category</th>
      <th>Age group</th>
      <th>Target number of participants</th>
    </tr>
  </thead>
  <tbody>
    <tr>
      <td><a href='https://www.isrctn.com/ISRCTN17122529' target='_blank'><div>ISRCTN17122529</div></a></td>
      <td>CAD/CAM nitinol bonded retainer versus a chairside bonded retainer: a multi...</td>
      <td>Oral Health</td>
      <td>All</td>
      <td>100</td>
    </tr>
    <tr>
      <td><a href='https://www.isrctn.com/ISRCTN11387019' target='_blank'><div>ISRCTN11387019</div></a></td>
      <td>The use of speckle contrast imaging technique to assess pulpal blood flow</td>
      <td>Oral Health</td>
      <td>Child</td>
      <td>30</td>
    </tr>
    <tr>
      <td><a href='https://www.isrctn.com/ISRCTN12547356' target='_blank'><div>ISRCTN12547356</div></a></td>
      <td>The use of laser doppler flowmetry for the assessment of the tooth vitality...</td>
      <td>Oral Health</td>
      <td>Child</td>
      <td>74</td>
    </tr>
  </tbody>
</table>"
273,-183149.20485991615,7141469.7329564,Leeds Trinity University,53.8482545,-1.6452573,1.0,1.0,"<table border=""1"" class=""dataframe"">
  <thead>
    <tr style=""text-align: left;"">
      <th>ISRCTN link</th>
      <th>Title</th>
      <th>Condition category</th>
      <th>Age group</th>
      <th>Target number of participants</th>
    </tr>
  </thead>
  <tbody>
    <tr>
      <td><a href='https://www.isrctn.com/ISRCTN13035021' target='_blank'><div>ISRCTN13035021</div></a></td>
      <td>A text messaging intervention increasing sports participation in university...</td>
      <td>Nutritional, Metabolic, Endocrine</td>
      <td>Adult</td>
      <td>192</td>
    </tr>
  </tbody>
</table>"
276,-248486.22075799014,7034514.815271882,Rinicare Ltd,53.277613,-2.2321897,1.0,1.0,"<table border=""1"" class=""dataframe"">
  <thead>
    <tr style=""text-align: left;"">
      <th>ISRCTN link</th>
      <th>Title</th>
      <th>Condition category</th>
      <th>Age group</th>
      <th>Target number of participants</th>
    </tr>
  </thead>
  <tbody>
    <tr>
      <td><a href='https://www.isrctn.com/ISRCTN24617143' target='_blank'><div>ISRCTN24617143</div></a></td>
      <td>System to avoid fall events</td>
      <td>Injury, Occupational Diseases, Poisoning</td>
      <td>Mixed</td>
      <td>90</td>
    </tr>
  </tbody>
</table>"
282,-472260.99510910106,7531014.683548528,University of Strathclyde,55.862111,-4.2423927,1.0,1.0,"<table border=""1"" class=""dataframe"">
  <thead>
    <tr style=""text-align: left;"">
      <th>ISRCTN link</th>
      <th>Title</th>
      <th>Condition category</th>
      <th>Age group</th>
      <th>Target number of participants</th>
    </tr>
  </thead>
  <tbody>
    <tr>
      <td><a href='https://www.isrctn.com/ISRCTN52126764' target='_blank'><div>ISRCTN52126764</div></a></td>
      <td>Biomechanics visualisation in ankle-foot orthoses (AFO) tuning for stroke</td>
      <td>Circulatory System</td>
      <td>Adult</td>
      <td>70</td>
    </tr>
  </tbody>
</table>"
283,951690.0860013115,6003765.485754938,University Hospital Zurich,47.3766158,8.549177499999999,1.0,1.0,"<table border=""1"" class=""dataframe"">
  <thead>
    <tr style=""text-align: left;"">
      <th>ISRCTN link</th>
      <th>Title</th>
      <th>Condition category</th>
      <th>Age group</th>
      <th>Target number of participants</th>
    </tr>
  </thead>
  <tbody>
    <tr>
      <td><a href='https://www.isrctn.com/ISRCTN15527114' target='_blank'><div>ISRCTN15527114</div></a></td>
      <td>HOPE for human livers</td>
      <td>Surgery</td>
      <td>Adult</td>
      <td>170</td>
    </tr>
  </tbody>
</table>"
285,264561.40088158543,6249739.559452767,Enteromed Ltd,48.8517249,2.3765955,3.0,7.826061944859854,"<table border=""1"" class=""dataframe"">
  <thead>
    <tr style=""text-align: left;"">
      <th>ISRCTN link</th>
      <th>Title</th>
      <th>Condition category</th>
      <th>Age group</th>
      <th>Target number of participants</th>
    </tr>
  </thead>
  <tbody>
    <tr>
      <td><a href='https://www.isrctn.com/ISRCTN17149988' target='_blank'><div>ISRCTN17149988</div></a></td>
      <td>Enterosgel® in the treatment of Irritable Bowel Syndrome with Diarrhoea</td>
      <td>Digestive System</td>
      <td>Mixed</td>
      <td>430</td>
    </tr>
    <tr>
      <td><a href='https://www.isrctn.com/ISRCTN12307286' target='_blank'><div>ISRCTN12307286</div></a></td>
      <td>Enterosgel® in the treatment of atopic dermatitis in adults</td>
      <td>Skin and Connective Tissue Diseases</td>
      <td>Adult</td>
      <td>44</td>
    </tr>
    <tr>
      <td><a href='https://www.isrctn.com/ISRCTN20758708' target='_blank'><div>ISRCTN20758708</div></a></td>
      <td>Enterosgel® in treatment of acute diarrhoea in adults</td>
      <td>Infections and Infestations</td>
      <td>Adult</td>
      <td>104</td>
    </tr>
  </tbody>
</table>"
295,-210195.399474999,6888638.9802807355,Aston University,52.4868584,-1.8882174,1.0,1.0,"<table border=""1"" class=""dataframe"">
  <thead>
    <tr style=""text-align: left;"">
      <th>ISRCTN link</th>
      <th>Title</th>
      <th>Condition category</th>
      <th>Age group</th>
      <th>Target number of participants</th>
    </tr>
  </thead>
  <tbody>
    <tr>
      <td><a href='https://www.isrctn.com/ISRCTN15954407' target='_blank'><div>ISRCTN15954407</div></a></td>
      <td>The validity and reliability of intraocular pressure measurement using rebo...</td>
      <td>Eye Diseases</td>
      <td>Child</td>
      <td>50</td>
    </tr>
  </tbody>
</table>"
297,-171474.96288118936,7168467.4556292435,Tim Doswell,53.9910817,-1.5403858,1.0,1.0,"<table border=""1"" class=""dataframe"">
  <thead>
    <tr style=""text-align: left;"">
      <th>ISRCTN link</th>
      <th>Title</th>
      <th>Condition category</th>
      <th>Age group</th>
      <th>Target number of participants</th>
    </tr>
  </thead>
  <tbody>
    <tr>
      <td><a href='https://www.isrctn.com/ISRCTN17174308' target='_blank'><div>ISRCTN17174308</div></a></td>
      <td>Patient satisfaction of friction-grip dental implant supported teeth and si...</td>
      <td>Oral Health</td>
      <td>Mixed</td>
      <td>10</td>
    </tr>
  </tbody>
</table>"
301,-155013.96053445365,7060173.941501614,Footjacks Limited,53.4152156,-1.3925141,1.0,1.0,"<table border=""1"" class=""dataframe"">
  <thead>
    <tr style=""text-align: left;"">
      <th>ISRCTN link</th>
      <th>Title</th>
      <th>Condition category</th>
      <th>Age group</th>
      <th>Target number of participants</th>
    </tr>
  </thead>
  <tbody>
    <tr>
      <td><a href='https://www.isrctn.com/ISRCTN37543220' target='_blank'><div>ISRCTN37543220</div></a></td>
      <td>An assessment by measurement (measuring arm) on the effects of a Footjacks ...</td>
      <td>Musculoskeletal Diseases</td>
      <td>Adult</td>
      <td>81</td>
    </tr>
  </tbody>
</table>"
303,118333.063991213,6673952.312950739,University of Kent,51.2967395,1.063004,2.0,5.306765580733931,"<table border=""1"" class=""dataframe"">
  <thead>
    <tr style=""text-align: left;"">
      <th>ISRCTN link</th>
      <th>Title</th>
      <th>Condition category</th>
      <th>Age group</th>
      <th>Target number of participants</th>
    </tr>
  </thead>
  <tbody>
    <tr>
      <td><a href='https://www.isrctn.com/ISRCTN11848158' target='_blank'><div>ISRCTN11848158</div></a></td>
      <td>Light therapy exploratory trial: investigating the effectiveness and feasib...</td>
      <td>Mental and Behavioural Disorders</td>
      <td>Adult</td>
      <td>60</td>
    </tr>
    <tr>
      <td><a href='https://www.isrctn.com/ISRCTN30488204' target='_blank'><div>ISRCTN30488204</div></a></td>
      <td>A study to evaluate whether light therapy can help people with dementia to ...</td>
      <td>Mental and Behavioural Disorders</td>
      <td>Adult</td>
      <td>6</td>
    </tr>
  </tbody>
</table>"
304,-10906181.073833847,3546886.3259912175,MicroTransponder Inc.,30.3365682,-97.9718915,1.0,1.0,"<table border=""1"" class=""dataframe"">
  <thead>
    <tr style=""text-align: left;"">
      <th>ISRCTN link</th>
      <th>Title</th>
      <th>Condition category</th>
      <th>Age group</th>
      <th>Target number of participants</th>
    </tr>
  </thead>
  <tbody>
    <tr>
      <td><a href='https://www.isrctn.com/ISRCTN14280559' target='_blank'><div>ISRCTN14280559</div></a></td>
      <td>Paired vagus nerve stimulation for improved upper limb function after strok...</td>
      <td>Circulatory System</td>
      <td>Adult</td>
      <td>120</td>
    </tr>
  </tbody>
</table>"
315,-146353.1260395517,6723649.991694975,BeamLine Diagnostics,51.5750457,-1.3147125,1.0,1.0,"<table border=""1"" class=""dataframe"">
  <thead>
    <tr style=""text-align: left;"">
      <th>ISRCTN link</th>
      <th>Title</th>
      <th>Condition category</th>
      <th>Age group</th>
      <th>Target number of participants</th>
    </tr>
  </thead>
  <tbody>
    <tr>
      <td><a href='https://www.isrctn.com/ISRCTN16956408' target='_blank'><div>ISRCTN16956408</div></a></td>
      <td>Analysis of tissue samples from gastrointestinal disease screening patients...</td>
      <td>Digestive System</td>
      <td>Adult</td>
      <td>400</td>
    </tr>
  </tbody>
</table>"
316,-158938.67389770853,7356319.178399853,South Tyneside District Hospital,54.9714091,-1.4277704,1.0,1.0,"<table border=""1"" class=""dataframe"">
  <thead>
    <tr style=""text-align: left;"">
      <th>ISRCTN link</th>
      <th>Title</th>
      <th>Condition category</th>
      <th>Age group</th>
      <th>Target number of participants</th>
    </tr>
  </thead>
  <tbody>
    <tr>
      <td><a href='https://www.isrctn.com/ISRCTN11821044' target='_blank'><div>ISRCTN11821044</div></a></td>
      <td>The ADENOMA study - a study of a device to improve detection of polyps duri...</td>
      <td>Digestive System</td>
      <td>Adult</td>
      <td>1772</td>
    </tr>
  </tbody>
</table>"
322,-16469.23998905442,6713439.82615587,Yaqrit Ltd,51.5180073,-0.1479457,1.0,1.0,"<table border=""1"" class=""dataframe"">
  <thead>
    <tr style=""text-align: left;"">
      <th>ISRCTN link</th>
      <th>Title</th>
      <th>Condition category</th>
      <th>Age group</th>
      <th>Target number of participants</th>
    </tr>
  </thead>
  <tbody>
    <tr>
      <td><a href='https://www.isrctn.com/ISRCTN16926948' target='_blank'><div>ISRCTN16926948</div></a></td>
      <td>Safety and tolerability of Yaq-001 in patients with cirrhosis</td>
      <td>Digestive System</td>
      <td>Adult</td>
      <td>56</td>
    </tr>
  </tbody>
</table>"
324,-10270.803762448752,6710352.092322927,Guy's and St Thomas' NHS Foundation Trust,51.5007438,-0.09226419999999999,7.0,13.090619551221675,"<table border=""1"" class=""dataframe"">
  <thead>
    <tr style=""text-align: left;"">
      <th>ISRCTN link</th>
      <th>Title</th>
      <th>Condition category</th>
      <th>Age group</th>
      <th>Target number of participants</th>
    </tr>
  </thead>
  <tbody>
    <tr>
      <td><a href='https://www.isrctn.com/ISRCTN50251697' target='_blank'><div>ISRCTN50251697</div></a></td>
      <td>Comparison of outcomes of goal-directed fluid optimisation guided by LiDCOr...</td>
      <td>Surgery</td>
      <td>Adult</td>
      <td>336</td>
    </tr>
    <tr>
      <td><a href='https://www.isrctn.com/ISRCTN15949009' target='_blank'><div>ISRCTN15949009</div></a></td>
      <td>Humidified nasal high flow to improve clinical outcomes following severe ex...</td>
      <td>Respiratory</td>
      <td>Adult</td>
      <td>80</td>
    </tr>
    <tr>
      <td><a href='https://www.isrctn.com/ISRCTN36496918' target='_blank'><div>ISRCTN36496918</div></a></td>
      <td>The effect of MultiPoint™ pacing on reverse remodelling and the incidence o...</td>
      <td>Circulatory System</td>
      <td>Adult</td>
      <td>344</td>
    </tr>
    <tr>
      <td><a href='https://www.isrctn.com/ISRCTN31851273' target='_blank'><div>ISRCTN31851273</div></a></td>
      <td>Automated 3D overlay for X-ray guided surgery</td>
      <td>Surgery</td>
      <td>Adult</td>
      <td>300</td>
    </tr>
    <tr>
      <td><a href='https://www.isrctn.com/ISRCTN19619299' target='_blank'><div>ISRCTN19619299</div></a></td>
      <td>Creating a registry of data of patients who have undergone endovascular rec...</td>
      <td>Circulatory System</td>
      <td>Adult</td>
      <td>0</td>
    </tr>
    <tr>
      <td><a href='https://www.isrctn.com/ISRCTN17730734' target='_blank'><div>ISRCTN17730734</div></a></td>
      <td>A trial to investigate whether a heart pump improves the safety and effecti...</td>
      <td>Circulatory System</td>
      <td>Adult</td>
      <td>250</td>
    </tr>
    <tr>
      <td><a href='https://www.isrctn.com/ISRCTN91522248' target='_blank'><div>ISRCTN91522248</div></a></td>
      <td>Can new computer software technology be used to help place the pacing lead ...</td>
      <td>Circulatory System</td>
      <td>Adult</td>
      <td>218</td>
    </tr>
  </tbody>
</table>"
331,3867177.7731188973,3747301.3578355666,BELKIN Laser Ltd,31.877958,34.739449,1.0,1.0,"<table border=""1"" class=""dataframe"">
  <thead>
    <tr style=""text-align: left;"">
      <th>ISRCTN link</th>
      <th>Title</th>
      <th>Condition category</th>
      <th>Age group</th>
      <th>Target number of participants</th>
    </tr>
  </thead>
  <tbody>
    <tr>
      <td><a href='https://www.isrctn.com/ISRCTN14033075' target='_blank'><div>ISRCTN14033075</div></a></td>
      <td>A study to assess an automated laser device to treat glaucoma</td>
      <td>Eye Diseases</td>
      <td>Adult</td>
      <td>124</td>
    </tr>
  </tbody>
</table>"
332,-131309.5213732395,6981709.687803635,Olberon Ltd,52.993035,-1.1795735,1.0,1.0,"<table border=""1"" class=""dataframe"">
  <thead>
    <tr style=""text-align: left;"">
      <th>ISRCTN link</th>
      <th>Title</th>
      <th>Condition category</th>
      <th>Age group</th>
      <th>Target number of participants</th>
    </tr>
  </thead>
  <tbody>
    <tr>
      <td><a href='https://www.isrctn.com/ISRCTN52096917' target='_blank'><div>ISRCTN52096917</div></a></td>
      <td>Clinical trial of a novel tourniquet (Vacuderm tourniquet) which aims to ai...</td>
      <td>Not Applicable</td>
      <td>Adult</td>
      <td>160</td>
    </tr>
  </tbody>
</table>"
341,-175470.33072525074,7120202.863111196,Solent NHS Trust,53.7354012,-1.5762768,1.0,1.0,"<table border=""1"" class=""dataframe"">
  <thead>
    <tr style=""text-align: left;"">
      <th>ISRCTN link</th>
      <th>Title</th>
      <th>Condition category</th>
      <th>Age group</th>
      <th>Target number of participants</th>
    </tr>
  </thead>
  <tbody>
    <tr>
      <td><a href='https://www.isrctn.com/ISRCTN17865863' target='_blank'><div>ISRCTN17865863</div></a></td>
      <td>Investigating the treatment of fungal nail infections with a novel medical ...</td>
      <td>Infections and Infestations</td>
      <td>Adult</td>
      <td>80</td>
    </tr>
  </tbody>
</table>"
359,-13140.486651710393,6713447.429110996,Comprehensive Clinical Trials Unit at UCL,51.5180498,-0.118043,1.0,1.0,"<table border=""1"" class=""dataframe"">
  <thead>
    <tr style=""text-align: left;"">
      <th>ISRCTN link</th>
      <th>Title</th>
      <th>Condition category</th>
      <th>Age group</th>
      <th>Target number of participants</th>
    </tr>
  </thead>
  <tbody>
    <tr>
      <td><a href='https://www.isrctn.com/ISRCTN38541912' target='_blank'><div>ISRCTN38541912</div></a></td>
      <td>A comparison of the accuracy of ultrasound scanning and MRI in the detectio...</td>
      <td>Cancer</td>
      <td>Adult</td>
      <td>500</td>
    </tr>
  </tbody>
</table>"
360,-138730.74654646387,6598464.742180134,CooperVision Inc.,50.8707618,-1.2462395,1.0,1.0,"<table border=""1"" class=""dataframe"">
  <thead>
    <tr style=""text-align: left;"">
      <th>ISRCTN link</th>
      <th>Title</th>
      <th>Condition category</th>
      <th>Age group</th>
      <th>Target number of participants</th>
    </tr>
  </thead>
  <tbody>
    <tr>
      <td><a href='https://www.isrctn.com/ISRCTN96782461' target='_blank'><div>ISRCTN96782461</div></a></td>
      <td>Visual performance and satisfaction with multifocal contact lenses</td>
      <td>Eye Diseases</td>
      <td>Adult</td>
      <td>100</td>
    </tr>
  </tbody>
</table>"
362,-37655.57660877932,6700201.643485057,Adtec Europe Limited,51.4439466,-0.3382658,1.0,1.0,"<table border=""1"" class=""dataframe"">
  <thead>
    <tr style=""text-align: left;"">
      <th>ISRCTN link</th>
      <th>Title</th>
      <th>Condition category</th>
      <th>Age group</th>
      <th>Target number of participants</th>
    </tr>
  </thead>
  <tbody>
    <tr>
      <td><a href='https://www.isrctn.com/ISRCTN17491903' target='_blank'><div>ISRCTN17491903</div></a></td>
      <td>Efficacy of non-thermal gas plasma on sub-clinical wound infection (biofilm...</td>
      <td>Circulatory System</td>
      <td>Adult</td>
      <td>60</td>
    </tr>
  </tbody>
</table>"
372,26555.66527890227,6810669.278629474,Diagnostics for the Real World (Europe) Ltd.,52.0582755,0.2385536,1.0,1.0,"<table border=""1"" class=""dataframe"">
  <thead>
    <tr style=""text-align: left;"">
      <th>ISRCTN link</th>
      <th>Title</th>
      <th>Condition category</th>
      <th>Age group</th>
      <th>Target number of participants</th>
    </tr>
  </thead>
  <tbody>
    <tr>
      <td><a href='https://www.isrctn.com/ISRCTN12803987' target='_blank'><div>ISRCTN12803987</div></a></td>
      <td>Performance evaluation of a point-of-care whole blood viral load test (SAMB...</td>
      <td>Infections and Infestations</td>
      <td>Adult</td>
      <td>2300</td>
    </tr>
  </tbody>
</table>"
375,-216286.62390002166,6882505.053271695,Birmingham Women's NHS Foundation Trust,52.4532916,-1.9429358,1.0,1.0,"<table border=""1"" class=""dataframe"">
  <thead>
    <tr style=""text-align: left;"">
      <th>ISRCTN link</th>
      <th>Title</th>
      <th>Condition category</th>
      <th>Age group</th>
      <th>Target number of participants</th>
    </tr>
  </thead>
  <tbody>
    <tr>
      <td><a href='https://www.isrctn.com/ISRCTN20131893' target='_blank'><div>ISRCTN20131893</div></a></td>
      <td>SOLVE: A trial randomising patients between a medical device (called Dilapa...</td>
      <td>Pregnancy and Childbirth</td>
      <td>Adult</td>
      <td>860</td>
    </tr>
  </tbody>
</table>"
376,-173959.8922144222,7359338.112533283,Peacocks Medical Group Ltd,54.9869723,-1.5627083,1.0,1.0,"<table border=""1"" class=""dataframe"">
  <thead>
    <tr style=""text-align: left;"">
      <th>ISRCTN link</th>
      <th>Title</th>
      <th>Condition category</th>
      <th>Age group</th>
      <th>Target number of participants</th>
    </tr>
  </thead>
  <tbody>
    <tr>
      <td><a href='https://www.isrctn.com/ISRCTN43076496' target='_blank'><div>ISRCTN43076496</div></a></td>
      <td>A 3D printed knee brace to improve symptoms, biomechanics and daily life am...</td>
      <td>Musculoskeletal Diseases</td>
      <td>Mixed</td>
      <td>10</td>
    </tr>
  </tbody>
</table>"
381,-13624953.016352694,4530635.873892791,Verily Life Sciences LLC (USA),37.65381230000001,-122.3950354,1.0,1.0,"<table border=""1"" class=""dataframe"">
  <thead>
    <tr style=""text-align: left;"">
      <th>ISRCTN link</th>
      <th>Title</th>
      <th>Condition category</th>
      <th>Age group</th>
      <th>Target number of participants</th>
    </tr>
  </thead>
  <tbody>
    <tr>
      <td><a href='https://www.isrctn.com/ISRCTN12120712' target='_blank'><div>ISRCTN12120712</div></a></td>
      <td>A research study to evaluate a novel type of near vision correction with co...</td>
      <td>Eye Diseases</td>
      <td>Adult</td>
      <td>130</td>
    </tr>
  </tbody>
</table>"
384,-326264.28068322217,7069746.198632579,The Walton Centre NHS Foundation Trust,53.46643520000001,-2.9308819,2.0,5.306765580733931,"<table border=""1"" class=""dataframe"">
  <thead>
    <tr style=""text-align: left;"">
      <th>ISRCTN link</th>
      <th>Title</th>
      <th>Condition category</th>
      <th>Age group</th>
      <th>Target number of participants</th>
    </tr>
  </thead>
  <tbody>
    <tr>
      <td><a href='https://www.isrctn.com/ISRCTN53432663' target='_blank'><div>ISRCTN53432663</div></a></td>
      <td>External peripheral nerve stimulation for the treatment of neuropathic pain...</td>
      <td>Nervous System Diseases</td>
      <td>Adult</td>
      <td>76</td>
    </tr>
    <tr>
      <td><a href='https://www.isrctn.com/ISRCTN71502099' target='_blank'><div>ISRCTN71502099</div></a></td>
      <td>Radiation versus observation following surgical resection of atypical menin...</td>
      <td>Cancer</td>
      <td>Adult</td>
      <td>190</td>
    </tr>
  </tbody>
</table>"
386,-248038.97243982996,7134221.946371764,East Lancashire Hospitals NHS Trust,53.809828,-2.228172,1.0,1.0,"<table border=""1"" class=""dataframe"">
  <thead>
    <tr style=""text-align: left;"">
      <th>ISRCTN link</th>
      <th>Title</th>
      <th>Condition category</th>
      <th>Age group</th>
      <th>Target number of participants</th>
    </tr>
  </thead>
  <tbody>
    <tr>
      <td><a href='https://www.isrctn.com/ISRCTN74994614' target='_blank'><div>ISRCTN74994614</div></a></td>
      <td>A precision and reproducibilty assessment of liver fat measurement by chemi...</td>
      <td>Digestive System</td>
      <td>Adult</td>
      <td>10</td>
    </tr>
  </tbody>
</table>"
390,-145697.131412256,6692817.514117343,Topcon Eye Care Company,51.402584,-1.3088196,1.0,1.0,"<table border=""1"" class=""dataframe"">
  <thead>
    <tr style=""text-align: left;"">
      <th>ISRCTN link</th>
      <th>Title</th>
      <th>Condition category</th>
      <th>Age group</th>
      <th>Target number of participants</th>
    </tr>
  </thead>
  <tbody>
    <tr>
      <td><a href='https://www.isrctn.com/ISRCTN16974179' target='_blank'><div>ISRCTN16974179</div></a></td>
      <td>Comparison between a novel device and conventional sight testing methods to...</td>
      <td>Eye Diseases</td>
      <td>Mixed</td>
      <td>50</td>
    </tr>
  </tbody>
</table>"
391,-27213.98648355553,6702734.319448982,University of Roehampton,51.45812489999999,-0.2444674,1.0,1.0,"<table border=""1"" class=""dataframe"">
  <thead>
    <tr style=""text-align: left;"">
      <th>ISRCTN link</th>
      <th>Title</th>
      <th>Condition category</th>
      <th>Age group</th>
      <th>Target number of participants</th>
    </tr>
  </thead>
  <tbody>
    <tr>
      <td><a href='https://www.isrctn.com/ISRCTN98453199' target='_blank'><div>ISRCTN98453199</div></a></td>
      <td>Evaluating the effectiveness of ""Agoraphobia Free"": A novel mobile applicat...</td>
      <td>Mental and Behavioural Disorders</td>
      <td>Adult</td>
      <td>170</td>
    </tr>
  </tbody>
</table>"
392,-230505.48472294465,7074750.306494579,Tameside Hospital NHS Foundation Trust,53.4931868,-2.070666,2.0,5.306765580733931,"<table border=""1"" class=""dataframe"">
  <thead>
    <tr style=""text-align: left;"">
      <th>ISRCTN link</th>
      <th>Title</th>
      <th>Condition category</th>
      <th>Age group</th>
      <th>Target number of participants</th>
    </tr>
  </thead>
  <tbody>
    <tr>
      <td><a href='https://www.isrctn.com/ISRCTN10014340' target='_blank'><div>ISRCTN10014340</div></a></td>
      <td>Early orthodontic treatment for reverse bite: an orthopaedic facemask treat...</td>
      <td>Oral Health</td>
      <td>Child</td>
      <td>65</td>
    </tr>
    <tr>
      <td><a href='https://www.isrctn.com/ISRCTN20400513' target='_blank'><div>ISRCTN20400513</div></a></td>
      <td>The effectiveness of an orthodontic brace for a receding chin</td>
      <td>Oral Health</td>
      <td>Child</td>
      <td>112</td>
    </tr>
  </tbody>
</table>"
394,598968.7134482847,6828147.818657364,GlaxoSmithKline Consumer Healthcare,52.1547118,5.3806275,1.0,1.0,"<table border=""1"" class=""dataframe"">
  <thead>
    <tr style=""text-align: left;"">
      <th>ISRCTN link</th>
      <th>Title</th>
      <th>Condition category</th>
      <th>Age group</th>
      <th>Target number of participants</th>
    </tr>
  </thead>
  <tbody>
    <tr>
      <td><a href='https://www.isrctn.com/ISRCTN16831120' target='_blank'><div>ISRCTN16831120</div></a></td>
      <td>A study to investigate the effect of a sensitivity toothpaste in providing ...</td>
      <td>Oral Health</td>
      <td>Adult</td>
      <td>240</td>
    </tr>
  </tbody>
</table>"
398,-270438.88075233594,7086129.616771462,Bolton NHS Foundation Trust,53.553957,-2.4293938,1.0,1.0,"<table border=""1"" class=""dataframe"">
  <thead>
    <tr style=""text-align: left;"">
      <th>ISRCTN link</th>
      <th>Title</th>
      <th>Condition category</th>
      <th>Age group</th>
      <th>Target number of participants</th>
    </tr>
  </thead>
  <tbody>
    <tr>
      <td><a href='https://www.isrctn.com/ISRCTN18119345' target='_blank'><div>ISRCTN18119345</div></a></td>
      <td>Is leg compression needed after heat treatment of varicose veins?</td>
      <td>Circulatory System</td>
      <td>Adult</td>
      <td>240</td>
    </tr>
  </tbody>
</table>"
399,-192572.4776792103,7342108.849852106,Quantum Pharmaceutical,54.89807099999999,-1.729908,1.0,1.0,"<table border=""1"" class=""dataframe"">
  <thead>
    <tr style=""text-align: left;"">
      <th>ISRCTN link</th>
      <th>Title</th>
      <th>Condition category</th>
      <th>Age group</th>
      <th>Target number of participants</th>
    </tr>
  </thead>
  <tbody>
    <tr>
      <td><a href='https://www.isrctn.com/ISRCTN64300560' target='_blank'><div>ISRCTN64300560</div></a></td>
      <td>Supporting better medication adherence in the community for people with dem...</td>
      <td>Mental and Behavioural Disorders</td>
      <td>Adult</td>
      <td>12</td>
    </tr>
  </tbody>
</table>"
404,-67960.8830877659,6746327.428576112,Lightpoint Medical Ltd,51.701476,-0.610503,1.0,1.0,"<table border=""1"" class=""dataframe"">
  <thead>
    <tr style=""text-align: left;"">
      <th>ISRCTN link</th>
      <th>Title</th>
      <th>Condition category</th>
      <th>Age group</th>
      <th>Target number of participants</th>
    </tr>
  </thead>
  <tbody>
    <tr>
      <td><a href='https://www.isrctn.com/ISRCTN17778965' target='_blank'><div>ISRCTN17778965</div></a></td>
      <td>Randomised trial of LightPath Imaging in breast cancer surgery</td>
      <td>Cancer</td>
      <td>Adult</td>
      <td>442</td>
    </tr>
  </tbody>
</table>"
409,-12910.021909921079,6710873.312933118,uMotif Ltd,51.5036584,-0.1159727,1.0,1.0,"<table border=""1"" class=""dataframe"">
  <thead>
    <tr style=""text-align: left;"">
      <th>ISRCTN link</th>
      <th>Title</th>
      <th>Condition category</th>
      <th>Age group</th>
      <th>Target number of participants</th>
    </tr>
  </thead>
  <tbody>
    <tr>
      <td><a href='https://www.isrctn.com/ISRCTN12537885' target='_blank'><div>ISRCTN12537885</div></a></td>
      <td>The 100 for Parkinson’s Project: a new form of social action – the collecti...</td>
      <td>Mental and Behavioural Disorders</td>
      <td>Adult</td>
      <td>20000</td>
    </tr>
  </tbody>
</table>"
420,-8238252.316115945,4993573.173267166,Japan Tobacco International,40.872633,-74.0054797,1.0,1.0,"<table border=""1"" class=""dataframe"">
  <thead>
    <tr style=""text-align: left;"">
      <th>ISRCTN link</th>
      <th>Title</th>
      <th>Condition category</th>
      <th>Age group</th>
      <th>Target number of participants</th>
    </tr>
  </thead>
  <tbody>
    <tr>
      <td><a href='https://www.isrctn.com/ISRCTN88682435' target='_blank'><div>ISRCTN88682435</div></a></td>
      <td>Uptake of nicotine following a single use of ""Heat Not Burn"" (HNB) 1.2 and ...</td>
      <td>Respiratory</td>
      <td>Adult</td>
      <td>24</td>
    </tr>
  </tbody>
</table>"
422,-246367.07613955488,6983716.517076816,University Hospital of North Staffordshire,53.00388470000001,-2.2131531,1.0,1.0,"<table border=""1"" class=""dataframe"">
  <thead>
    <tr style=""text-align: left;"">
      <th>ISRCTN link</th>
      <th>Title</th>
      <th>Condition category</th>
      <th>Age group</th>
      <th>Target number of participants</th>
    </tr>
  </thead>
  <tbody>
    <tr>
      <td><a href='https://www.isrctn.com/ISRCTN11368725' target='_blank'><div>ISRCTN11368725</div></a></td>
      <td>Back pain prevention in multiple myeloma using an external spinal brace</td>
      <td>Signs and Symptoms</td>
      <td>Adult</td>
      <td>80</td>
    </tr>
  </tbody>
</table>"
427,18994.97904761208,6853160.229179736,Inotec AMD,52.292353,0.1706348,1.0,1.0,"<table border=""1"" class=""dataframe"">
  <thead>
    <tr style=""text-align: left;"">
      <th>ISRCTN link</th>
      <th>Title</th>
      <th>Condition category</th>
      <th>Age group</th>
      <th>Target number of participants</th>
    </tr>
  </thead>
  <tbody>
    <tr>
      <td><a href='https://www.isrctn.com/ISRCTN13815433' target='_blank'><div>ISRCTN13815433</div></a></td>
      <td>Topical Oxygen and Diabetic Foot Ulcers 2\n</td>
      <td>Nutritional, Metabolic, Endocrine</td>
      <td>Adult</td>
      <td>140</td>
    </tr>
  </tbody>
</table>"
434,-136048.68152698522,6971619.556228351,SOE Health Ltd,52.9384425,-1.2221461,1.0,1.0,"<table border=""1"" class=""dataframe"">
  <thead>
    <tr style=""text-align: left;"">
      <th>ISRCTN link</th>
      <th>Title</th>
      <th>Condition category</th>
      <th>Age group</th>
      <th>Target number of participants</th>
    </tr>
  </thead>
  <tbody>
    <tr>
      <td><a href='https://www.isrctn.com/ISRCTN57095969' target='_blank'><div>ISRCTN57095969</div></a></td>
      <td>Investigation into the sleep benefits to a Chronic Obstructive Pulmonary Di...</td>
      <td>Respiratory</td>
      <td>Adult</td>
      <td>24</td>
    </tr>
  </tbody>
</table>"
437,239.89350265950455,6752728.281334717,ProsFit Technologies UK Ltd.,51.737098,0.002155,1.0,1.0,"<table border=""1"" class=""dataframe"">
  <thead>
    <tr style=""text-align: left;"">
      <th>ISRCTN link</th>
      <th>Title</th>
      <th>Condition category</th>
      <th>Age group</th>
      <th>Target number of participants</th>
    </tr>
  </thead>
  <tbody>
    <tr>
      <td><a href='https://www.isrctn.com/ISRCTN14301627' target='_blank'><div>ISRCTN14301627</div></a></td>
      <td>Clinical investigation of the performance and safety of ProsFit original pr...</td>
      <td>Not Applicable</td>
      <td>Adult</td>
      <td>15</td>
    </tr>
  </tbody>
</table>"
439,1018896.6014277679,5708702.262945839,Adler Ortho srl,45.5511004,9.1529039,1.0,1.0,"<table border=""1"" class=""dataframe"">
  <thead>
    <tr style=""text-align: left;"">
      <th>ISRCTN link</th>
      <th>Title</th>
      <th>Condition category</th>
      <th>Age group</th>
      <th>Target number of participants</th>
    </tr>
  </thead>
  <tbody>
    <tr>
      <td><a href='https://www.isrctn.com/ISRCTN14119313' target='_blank'><div>ISRCTN14119313</div></a></td>
      <td>The Adler Genus Unicompartmental Knee Prosthesis post-marketing surveillanc...</td>
      <td>Musculoskeletal Diseases</td>
      <td>Adult</td>
      <td>350</td>
    </tr>
  </tbody>
</table>"
452,-19356.355510574285,6697166.855111391,St George's University of London,51.4269516,-0.1738811,1.0,1.0,"<table border=""1"" class=""dataframe"">
  <thead>
    <tr style=""text-align: left;"">
      <th>ISRCTN link</th>
      <th>Title</th>
      <th>Condition category</th>
      <th>Age group</th>
      <th>Target number of participants</th>
    </tr>
  </thead>
  <tbody>
    <tr>
      <td><a href='https://www.isrctn.com/ISRCTN22037489' target='_blank'><div>ISRCTN22037489</div></a></td>
      <td>POET: Prevention Of Endometrial Tumours</td>
      <td>Cancer</td>
      <td>Adult</td>
      <td>220</td>
    </tr>
  </tbody>
</table>"
455,-49677.28011411916,6779166.2342524305,Smart Medical Systems Ltd,51.8839332,-0.4462586,1.0,1.0,"<table border=""1"" class=""dataframe"">
  <thead>
    <tr style=""text-align: left;"">
      <th>ISRCTN link</th>
      <th>Title</th>
      <th>Condition category</th>
      <th>Age group</th>
      <th>Target number of participants</th>
    </tr>
  </thead>
  <tbody>
    <tr>
      <td><a href='https://www.isrctn.com/ISRCTN70400953' target='_blank'><div>ISRCTN70400953</div></a></td>
      <td>Comparison of precancerous lesions detection between standard colonoscopy a...</td>
      <td>Cancer</td>
      <td>Adult</td>
      <td>1000</td>
    </tr>
  </tbody>
</table>"
456,-179843.7395600461,7351142.003840249,Gateshead Health NHS Foundation Trust,54.9447057,-1.6155638,1.0,1.0,"<table border=""1"" class=""dataframe"">
  <thead>
    <tr style=""text-align: left;"">
      <th>ISRCTN link</th>
      <th>Title</th>
      <th>Condition category</th>
      <th>Age group</th>
      <th>Target number of participants</th>
    </tr>
  </thead>
  <tbody>
    <tr>
      <td><a href='https://www.isrctn.com/ISRCTN00165319' target='_blank'><div>ISRCTN00165319</div></a></td>
      <td>Venous Pressure Monitoring in Patients Undergoing Foam Sclerotherapy</td>
      <td>Circulatory System</td>
      <td>Adult</td>
      <td>36</td>
    </tr>
  </tbody>
</table>"
463,754705.9946380656,6660226.183848862,Phagenesis Limited,51.2195744,6.779639299999999,1.0,1.0,"<table border=""1"" class=""dataframe"">
  <thead>
    <tr style=""text-align: left;"">
      <th>ISRCTN link</th>
      <th>Title</th>
      <th>Condition category</th>
      <th>Age group</th>
      <th>Target number of participants</th>
    </tr>
  </thead>
  <tbody>
    <tr>
      <td><a href='https://www.isrctn.com/ISRCTN87110165' target='_blank'><div>ISRCTN87110165</div></a></td>
      <td>A European registry to observe the use of the Phagenyx devices for the trea...</td>
      <td>Signs and Symptoms</td>
      <td>Adult</td>
      <td>300</td>
    </tr>
  </tbody>
</table>"
465,-344592.5895643715,7051556.119996657,Wirral University Teaching Hospital,53.3690502,-3.0955279,1.0,1.0,"<table border=""1"" class=""dataframe"">
  <thead>
    <tr style=""text-align: left;"">
      <th>ISRCTN link</th>
      <th>Title</th>
      <th>Condition category</th>
      <th>Age group</th>
      <th>Target number of participants</th>
    </tr>
  </thead>
  <tbody>
    <tr>
      <td><a href='https://www.isrctn.com/ISRCTN95441725' target='_blank'><div>ISRCTN95441725</div></a></td>
      <td>Does the Geko nerve stimulator reduce Deep Vein Thrombosis (DVT) and improv...</td>
      <td>Injury, Occupational Diseases, Poisoning</td>
      <td>Adult</td>
      <td>400</td>
    </tr>
  </tbody>
</table>"
488,-322616.53021306096,7021608.621165295,Countess of Chester Hospital,53.2082328,-2.8981136,1.0,1.0,"<table border=""1"" class=""dataframe"">
  <thead>
    <tr style=""text-align: left;"">
      <th>ISRCTN link</th>
      <th>Title</th>
      <th>Condition category</th>
      <th>Age group</th>
      <th>Target number of participants</th>
    </tr>
  </thead>
  <tbody>
    <tr>
      <td><a href='https://www.isrctn.com/ISRCTN17422343' target='_blank'><div>ISRCTN17422343</div></a></td>
      <td>Effect of repetitive upper limb sensory stimulation immediately after a str...</td>
      <td>Circulatory System</td>
      <td>Adult</td>
      <td>60</td>
    </tr>
  </tbody>
</table>"
517,-247660.28579604943,7068794.784471063,Manchester Royal Infirmary,53.4613471,-2.2247702,1.0,1.0,"<table border=""1"" class=""dataframe"">
  <thead>
    <tr style=""text-align: left;"">
      <th>ISRCTN link</th>
      <th>Title</th>
      <th>Condition category</th>
      <th>Age group</th>
      <th>Target number of participants</th>
    </tr>
  </thead>
  <tbody>
    <tr>
      <td><a href='https://www.isrctn.com/ISRCTN19907894' target='_blank'><div>ISRCTN19907894</div></a></td>
      <td>Restorelle for laparoscopic sacrocolpopexy for pelvic organ prolapse</td>
      <td>Urological and Genital Diseases</td>
      <td>Adult</td>
      <td>260</td>
    </tr>
  </tbody>
</table>"
532,-160342.88021847306,6876780.769194723,University Hospitals Coventry and Warwickshire NHS Trust,52.4219434,-1.4403846,2.0,5.306765580733931,"<table border=""1"" class=""dataframe"">
  <thead>
    <tr style=""text-align: left;"">
      <th>ISRCTN link</th>
      <th>Title</th>
      <th>Condition category</th>
      <th>Age group</th>
      <th>Target number of participants</th>
    </tr>
  </thead>
  <tbody>
    <tr>
      <td><a href='https://www.isrctn.com/ISRCTN16749049' target='_blank'><div>ISRCTN16749049</div></a></td>
      <td>The effects of electrical muscle stimulation in patients with chronic heart...</td>
      <td>Circulatory System</td>
      <td>Adult</td>
      <td>60</td>
    </tr>
    <tr>
      <td><a href='https://www.isrctn.com/ISRCTN27624068' target='_blank'><div>ISRCTN27624068</div></a></td>
      <td>A comparison of standard versus robotic total knee replacement</td>
      <td>Musculoskeletal Diseases</td>
      <td>Adult</td>
      <td>332</td>
    </tr>
  </tbody>
</table>"
575,-40915.044695053606,6588718.9816298755,Sussex NHS Research Consortium,50.8154802,-0.3675461,1.0,1.0,"<table border=""1"" class=""dataframe"">
  <thead>
    <tr style=""text-align: left;"">
      <th>ISRCTN link</th>
      <th>Title</th>
      <th>Condition category</th>
      <th>Age group</th>
      <th>Target number of participants</th>
    </tr>
  </thead>
  <tbody>
    <tr>
      <td><a href='https://www.isrctn.com/ISRCTN38774835' target='_blank'><div>ISRCTN38774835</div></a></td>
      <td>Bioabsorbable staple line reinforcement in circular stapling device to redu...</td>
      <td>Surgery</td>
      <td>Other</td>
      <td>50</td>
    </tr>
  </tbody>
</table>"
586,56501.99979592778,6688618.839517667,Rochester Medical Ltd,51.3790482,0.5075661,1.0,1.0,"<table border=""1"" class=""dataframe"">
  <thead>
    <tr style=""text-align: left;"">
      <th>ISRCTN link</th>
      <th>Title</th>
      <th>Condition category</th>
      <th>Age group</th>
      <th>Target number of participants</th>
    </tr>
  </thead>
  <tbody>
    <tr>
      <td><a href='https://www.isrctn.com/ISRCTN97985616' target='_blank'><div>ISRCTN97985616</div></a></td>
      <td>Comparison of FemSoft® urethral insert and vaginal tampons for stress urina...</td>
      <td>Urological and Genital Diseases</td>
      <td>Adult</td>
      <td>90</td>
    </tr>
  </tbody>
</table>"
620,-481013.30082958785,7535282.289562013,NHS Greater Glasgow and Clyde,55.883619,-4.321016,4.0,9.613531161467861,"<table border=""1"" class=""dataframe"">
  <thead>
    <tr style=""text-align: left;"">
      <th>ISRCTN link</th>
      <th>Title</th>
      <th>Condition category</th>
      <th>Age group</th>
      <th>Target number of participants</th>
    </tr>
  </thead>
  <tbody>
    <tr>
      <td><a href='https://www.isrctn.com/ISRCTN44528835' target='_blank'><div>ISRCTN44528835</div></a></td>
      <td>A study of patients with dry mouth and sticky saliva during radiotherapy</td>
      <td>Cancer</td>
      <td>Adult</td>
      <td>50</td>
    </tr>
    <tr>
      <td><a href='https://www.isrctn.com/ISRCTN14022536' target='_blank'><div>ISRCTN14022536</div></a></td>
      <td>Perceptual learning in enhanced amblyopia treatment</td>
      <td>Eye Diseases</td>
      <td>Child</td>
      <td>60</td>
    </tr>
    <tr>
      <td><a href='https://www.isrctn.com/ISRCTN44504648' target='_blank'><div>ISRCTN44504648</div></a></td>
      <td>CAVA - Cancer And Venous Access</td>
      <td>Cancer</td>
      <td>Adult</td>
      <td>2000</td>
    </tr>
    <tr>
      <td><a href='https://www.isrctn.com/ISRCTN79422566' target='_blank'><div>ISRCTN79422566</div></a></td>
      <td>Port-a-cath and Hickman line devices for chemotherapy delivery</td>
      <td>Cancer</td>
      <td>Adult</td>
      <td>100</td>
    </tr>
  </tbody>
</table>"
639,-47889.477960030104,6736084.589878826,Medtronic Ltd,51.6444142,-0.4301985,1.0,1.0,"<table border=""1"" class=""dataframe"">
  <thead>
    <tr style=""text-align: left;"">
      <th>ISRCTN link</th>
      <th>Title</th>
      <th>Condition category</th>
      <th>Age group</th>
      <th>Target number of participants</th>
    </tr>
  </thead>
  <tbody>
    <tr>
      <td><a href='https://www.isrctn.com/ISRCTN82728969' target='_blank'><div>ISRCTN82728969</div></a></td>
      <td>Dual chamber and atrial tachyarrhythmias adverse events study</td>
      <td>Circulatory System</td>
      <td>Not Specified</td>
      <td>360</td>
    </tr>
  </tbody>
</table>"
640,-8099559.206689319,5084802.311192909,Philips Respironics (France),41.4894272,-72.7595783,1.0,1.0,"<table border=""1"" class=""dataframe"">
  <thead>
    <tr style=""text-align: left;"">
      <th>ISRCTN link</th>
      <th>Title</th>
      <th>Condition category</th>
      <th>Age group</th>
      <th>Target number of participants</th>
    </tr>
  </thead>
  <tbody>
    <tr>
      <td><a href='https://www.isrctn.com/ISRCTN62161274' target='_blank'><div>ISRCTN62161274</div></a></td>
      <td>Therapy-efficacy of a new mode of Automatic Servo-Ventilation in patients w...</td>
      <td>Nervous System Diseases</td>
      <td>Adult</td>
      <td>36</td>
    </tr>
  </tbody>
</table>"
650,526670.1216864208,6593926.016710399,Terumo Europe N.V. (Belgium),50.8450246,4.731158199999999,1.0,1.0,"<table border=""1"" class=""dataframe"">
  <thead>
    <tr style=""text-align: left;"">
      <th>ISRCTN link</th>
      <th>Title</th>
      <th>Condition category</th>
      <th>Age group</th>
      <th>Target number of participants</th>
    </tr>
  </thead>
  <tbody>
    <tr>
      <td><a href='https://www.isrctn.com/ISRCTN81649913' target='_blank'><div>ISRCTN81649913</div></a></td>
      <td>Nobori 2 study to confirm the efficacy and safety of the CE marked Nobori s...</td>
      <td>Circulatory System</td>
      <td>Adult</td>
      <td>3000</td>
    </tr>
  </tbody>
</table>"
731,-330037.36576806754,7059192.934205879,Royal Liverpool and Broadgreen University Hospitals NHS Trust,53.4099629,-2.9647761,1.0,1.0,"<table border=""1"" class=""dataframe"">
  <thead>
    <tr style=""text-align: left;"">
      <th>ISRCTN link</th>
      <th>Title</th>
      <th>Condition category</th>
      <th>Age group</th>
      <th>Target number of participants</th>
    </tr>
  </thead>
  <tbody>
    <tr>
      <td><a href='https://www.isrctn.com/ISRCTN16902075' target='_blank'><div>ISRCTN16902075</div></a></td>
      <td>A study evaluating the safety and effectiveness of Fortiva mesh in immediat...</td>
      <td>Surgery</td>
      <td>Adult</td>
      <td>79</td>
    </tr>
  </tbody>
</table>"
734,-223311.7409291563,6860417.294661879,Dolan Park Hospital,52.3322082,-2.0060435,1.0,1.0,"<table border=""1"" class=""dataframe"">
  <thead>
    <tr style=""text-align: left;"">
      <th>ISRCTN link</th>
      <th>Title</th>
      <th>Condition category</th>
      <th>Age group</th>
      <th>Target number of participants</th>
    </tr>
  </thead>
  <tbody>
    <tr>
      <td><a href='https://www.isrctn.com/ISRCTN22839090' target='_blank'><div>ISRCTN22839090</div></a></td>
      <td>Laparoscopic adjustable gastric bandings: a prospective randomised study of...</td>
      <td>Nutritional, Metabolic, Endocrine</td>
      <td>Not Specified</td>
      <td>400</td>
    </tr>
  </tbody>
</table>"
754,-9770721.366054581,5176945.641575924,Smart Medical Systems Ltd (Israel),42.1064976,-87.7718834,1.0,1.0,"<table border=""1"" class=""dataframe"">
  <thead>
    <tr style=""text-align: left;"">
      <th>ISRCTN link</th>
      <th>Title</th>
      <th>Condition category</th>
      <th>Age group</th>
      <th>Target number of participants</th>
    </tr>
  </thead>
  <tbody>
    <tr>
      <td><a href='https://www.isrctn.com/ISRCTN87379760' target='_blank'><div>ISRCTN87379760</div></a></td>
      <td>Safety and efficacy of using NaviAid™ BGE device for endoscopic diagnosis a...</td>
      <td>Digestive System</td>
      <td>Adult</td>
      <td>60</td>
    </tr>
  </tbody>
</table>"
779,-366675.0814808295,7544660.4553873325,Department of Public Health,55.9308415,-3.2938983,1.0,1.0,"<table border=""1"" class=""dataframe"">
  <thead>
    <tr style=""text-align: left;"">
      <th>ISRCTN link</th>
      <th>Title</th>
      <th>Condition category</th>
      <th>Age group</th>
      <th>Target number of participants</th>
    </tr>
  </thead>
  <tbody>
    <tr>
      <td><a href='https://www.isrctn.com/ISRCTN69465542' target='_blank'><div>ISRCTN69465542</div></a></td>
      <td>The Oxford Conception Study - a randomized controlled trial to determine wh...</td>
      <td>Pregnancy and Childbirth</td>
      <td>Adult</td>
      <td>1350</td>
    </tr>
  </tbody>
</table>"
824,-3064.569921793425,6688993.114235685,South London and Maudsley NHS Foundation Trust,51.3811467,-0.0275295,1.0,1.0,"<table border=""1"" class=""dataframe"">
  <thead>
    <tr style=""text-align: left;"">
      <th>ISRCTN link</th>
      <th>Title</th>
      <th>Condition category</th>
      <th>Age group</th>
      <th>Target number of participants</th>
    </tr>
  </thead>
  <tbody>
    <tr>
      <td><a href='https://www.isrctn.com/ISRCTN55682735' target='_blank'><div>ISRCTN55682735</div></a></td>
      <td>Optimising AVATAR therapy for distressing voices</td>
      <td>Mental and Behavioural Disorders</td>
      <td>Adult</td>
      <td>345</td>
    </tr>
  </tbody>
</table>"
857,1048615.1317388339,7321698.293486482,St. Franziskus Hospital,54.7925,9.41987,1.0,1.0,"<table border=""1"" class=""dataframe"">
  <thead>
    <tr style=""text-align: left;"">
      <th>ISRCTN link</th>
      <th>Title</th>
      <th>Condition category</th>
      <th>Age group</th>
      <th>Target number of participants</th>
    </tr>
  </thead>
  <tbody>
    <tr>
      <td><a href='https://www.isrctn.com/ISRCTN19619299' target='_blank'><div>ISRCTN19619299</div></a></td>
      <td>Creating a registry of data of patients who have undergone endovascular rec...</td>
      <td>Circulatory System</td>
      <td>Adult</td>
      <td>0</td>
    </tr>
  </tbody>
</table>"
859,-123907.43202048248,6729275.468547011,P1vital Products Ltd,51.6064415,-1.1130794,1.0,1.0,"<table border=""1"" class=""dataframe"">
  <thead>
    <tr style=""text-align: left;"">
      <th>ISRCTN link</th>
      <th>Title</th>
      <th>Condition category</th>
      <th>Age group</th>
      <th>Target number of participants</th>
    </tr>
  </thead>
  <tbody>
    <tr>
      <td><a href='https://www.isrctn.com/ISRCTN74799543' target='_blank'><div>ISRCTN74799543</div></a></td>
      <td>Optimising the management of mental health problems in primary care</td>
      <td>Mental and Behavioural Disorders</td>
      <td>Adult</td>
      <td>100</td>
    </tr>
  </tbody>
</table>"
860,-31561.22410606537,6880646.107124493,The MicroCurrent Site,52.4431138,-0.2835193,1.0,1.0,"<table border=""1"" class=""dataframe"">
  <thead>
    <tr style=""text-align: left;"">
      <th>ISRCTN link</th>
      <th>Title</th>
      <th>Condition category</th>
      <th>Age group</th>
      <th>Target number of participants</th>
    </tr>
  </thead>
  <tbody>
    <tr>
      <td><a href='https://www.isrctn.com/ISRCTN74799543' target='_blank'><div>ISRCTN74799543</div></a></td>
      <td>Optimising the management of mental health problems in primary care</td>
      <td>Mental and Behavioural Disorders</td>
      <td>Adult</td>
      <td>100</td>
    </tr>
  </tbody>
</table>"
880,13392800.314860584,2589269.3164324295,Kaohsiung Medical University Hospital (Taiwan),22.6460433,120.3095722,2.0,5.306765580733931,"<table border=""1"" class=""dataframe"">
  <thead>
    <tr style=""text-align: left;"">
      <th>ISRCTN link</th>
      <th>Title</th>
      <th>Condition category</th>
      <th>Age group</th>
      <th>Target number of participants</th>
    </tr>
  </thead>
  <tbody>
    <tr>
      <td><a href='https://www.isrctn.com/ISRCTN61998123' target='_blank'><div>ISRCTN61998123</div></a></td>
      <td>Napping behaviour in sleep apnoea: a transcultural study in older people</td>
      <td>Nervous System Diseases</td>
      <td>Senior</td>
      <td>60</td>
    </tr>
    <tr>
      <td><a href='https://www.isrctn.com/ISRCTN61998123' target='_blank'><div>ISRCTN61998123</div></a></td>
      <td>Napping behaviour in sleep apnoea: a transcultural study in older people</td>
      <td>Nervous System Diseases</td>
      <td>Senior</td>
      <td>60</td>
    </tr>
  </tbody>
</table>"
881,13426545.994730333,2589029.2620580792,Department of International Cooperation (Taiwan),22.6440531,120.6127148,1.0,1.0,"<table border=""1"" class=""dataframe"">
  <thead>
    <tr style=""text-align: left;"">
      <th>ISRCTN link</th>
      <th>Title</th>
      <th>Condition category</th>
      <th>Age group</th>
      <th>Target number of participants</th>
    </tr>
  </thead>
  <tbody>
    <tr>
      <td><a href='https://www.isrctn.com/ISRCTN61998123' target='_blank'><div>ISRCTN61998123</div></a></td>
      <td>Napping behaviour in sleep apnoea: a transcultural study in older people</td>
      <td>Nervous System Diseases</td>
      <td>Senior</td>
      <td>60</td>
    </tr>
  </tbody>
</table>"
882,17113.022868210075,6842778.026840508,Cambridge Hearing Trust; Health Enterprise East,52.2352724,0.1537289,1.0,1.0,"<table border=""1"" class=""dataframe"">
  <thead>
    <tr style=""text-align: left;"">
      <th>ISRCTN link</th>
      <th>Title</th>
      <th>Condition category</th>
      <th>Age group</th>
      <th>Target number of participants</th>
    </tr>
  </thead>
  <tbody>
    <tr>
      <td><a href='https://www.isrctn.com/ISRCTN13818722' target='_blank'><div>ISRCTN13818722</div></a></td>
      <td>Exploring interventions over the watchful waiting period for children with ...</td>
      <td>Ear, Nose and Throat</td>
      <td>Child</td>
      <td>30</td>
    </tr>
  </tbody>
</table>"
883,-400619.3775860519,7533184.620989427,British Society of Audiology,55.8730486,-3.5988251,1.0,1.0,"<table border=""1"" class=""dataframe"">
  <thead>
    <tr style=""text-align: left;"">
      <th>ISRCTN link</th>
      <th>Title</th>
      <th>Condition category</th>
      <th>Age group</th>
      <th>Target number of participants</th>
    </tr>
  </thead>
  <tbody>
    <tr>
      <td><a href='https://www.isrctn.com/ISRCTN13818722' target='_blank'><div>ISRCTN13818722</div></a></td>
      <td>Exploring interventions over the watchful waiting period for children with ...</td>
      <td>Ear, Nose and Throat</td>
      <td>Child</td>
      <td>30</td>
    </tr>
  </tbody>
</table>"
884,-9955.480172827725,6715136.31965717,UCL Biomedical Research Unit,51.5274896,-0.0894316,1.0,1.0,"<table border=""1"" class=""dataframe"">
  <thead>
    <tr style=""text-align: left;"">
      <th>ISRCTN link</th>
      <th>Title</th>
      <th>Condition category</th>
      <th>Age group</th>
      <th>Target number of participants</th>
    </tr>
  </thead>
  <tbody>
    <tr>
      <td><a href='https://www.isrctn.com/ISRCTN58235785' target='_blank'><div>ISRCTN58235785</div></a></td>
      <td>Barrett’s oesophagus surveillance with optical biopsy using spectroscopy an...</td>
      <td>Cancer</td>
      <td>Adult</td>
      <td>2000</td>
    </tr>
  </tbody>
</table>"
900,-660848.2684137594,7286371.64180247,Belfast Health and Social Care Trust,54.60912399999999,-5.936501,1.0,1.0,"<table border=""1"" class=""dataframe"">
  <thead>
    <tr style=""text-align: left;"">
      <th>ISRCTN link</th>
      <th>Title</th>
      <th>Condition category</th>
      <th>Age group</th>
      <th>Target number of participants</th>
    </tr>
  </thead>
  <tbody>
    <tr>
      <td><a href='https://www.isrctn.com/ISRCTN31262122' target='_blank'><div>ISRCTN31262122</div></a></td>
      <td>A new way of treating patients with respiratory failure</td>
      <td>Respiratory</td>
      <td>Adult</td>
      <td>1120</td>
    </tr>
  </tbody>
</table>"
902,-19011.098109878945,6707881.621036919,Royal Brompton and Harefield NHS Trust,51.4869267,-0.1707796,1.0,1.0,"<table border=""1"" class=""dataframe"">
  <thead>
    <tr style=""text-align: left;"">
      <th>ISRCTN link</th>
      <th>Title</th>
      <th>Condition category</th>
      <th>Age group</th>
      <th>Target number of participants</th>
    </tr>
  </thead>
  <tbody>
    <tr>
      <td><a href='https://www.isrctn.com/ISRCTN99704819' target='_blank'><div>ISRCTN99704819</div></a></td>
      <td>Sleep-disordered breathing in patients with implanted cardiac devices: asse...</td>
      <td>Circulatory System</td>
      <td>Adult</td>
      <td>40</td>
    </tr>
  </tbody>
</table>"
910,-322779.80251020746,7059567.397364316,Liverpool Heart and Chest Hospital NHS Trust,53.41196799999999,-2.8995803,1.0,1.0,"<table border=""1"" class=""dataframe"">
  <thead>
    <tr style=""text-align: left;"">
      <th>ISRCTN link</th>
      <th>Title</th>
      <th>Condition category</th>
      <th>Age group</th>
      <th>Target number of participants</th>
    </tr>
  </thead>
  <tbody>
    <tr>
      <td><a href='https://www.isrctn.com/ISRCTN51223303' target='_blank'><div>ISRCTN51223303</div></a></td>
      <td>Systematic Assessment of the Cook Radial shEath Device</td>
      <td>Circulatory System</td>
      <td>Adult</td>
      <td>415</td>
    </tr>
  </tbody>
</table>"
911,-18952.878016194063,6708198.8206126075,Royal Brompton and Harefield NHS Foundation Trust,51.488701,-0.1702566,2.0,5.306765580733931,"<table border=""1"" class=""dataframe"">
  <thead>
    <tr style=""text-align: left;"">
      <th>ISRCTN link</th>
      <th>Title</th>
      <th>Condition category</th>
      <th>Age group</th>
      <th>Target number of participants</th>
    </tr>
  </thead>
  <tbody>
    <tr>
      <td><a href='https://www.isrctn.com/ISRCTN51740863' target='_blank'><div>ISRCTN51740863</div></a></td>
      <td>The POSA Trial: Does Positional Therapy, delivered by a small vibrating nec...</td>
      <td>Respiratory</td>
      <td>Adult</td>
      <td>138</td>
    </tr>
    <tr>
      <td><a href='https://www.isrctn.com/ISRCTN19684749' target='_blank'><div>ISRCTN19684749</div></a></td>
      <td>CELEB: Lung volume reduction in COPD - surgery vs endobronchial valves</td>
      <td>Respiratory</td>
      <td>Adult</td>
      <td>76</td>
    </tr>
  </tbody>
</table>"
917,-210701.713914974,6888323.241156225,Birmingham Children's Hospital R&D Department,52.4851312,-1.8927657,1.0,1.0,"<table border=""1"" class=""dataframe"">
  <thead>
    <tr style=""text-align: left;"">
      <th>ISRCTN link</th>
      <th>Title</th>
      <th>Condition category</th>
      <th>Age group</th>
      <th>Target number of participants</th>
    </tr>
  </thead>
  <tbody>
    <tr>
      <td><a href='https://www.isrctn.com/ISRCTN71463496' target='_blank'><div>ISRCTN71463496</div></a></td>
      <td>Continuous monitoring of body electric signals in Paediatric Intensive Care</td>
      <td>Not Applicable</td>
      <td>Child</td>
      <td>5</td>
    </tr>
  </tbody>
</table>"
920,-14685.701371462746,6716733.446428423,Camden and Islington NHS Foundation Trust,51.53641469999999,-0.1319239,1.0,1.0,"<table border=""1"" class=""dataframe"">
  <thead>
    <tr style=""text-align: left;"">
      <th>ISRCTN link</th>
      <th>Title</th>
      <th>Condition category</th>
      <th>Age group</th>
      <th>Target number of participants</th>
    </tr>
  </thead>
  <tbody>
    <tr>
      <td><a href='https://www.isrctn.com/ISRCTN10004994' target='_blank'><div>ISRCTN10004994</div></a></td>
      <td>ARIES: App to support Recovery in Early Intervention Services</td>
      <td>Mental and Behavioural Disorders</td>
      <td>Adult</td>
      <td>40</td>
    </tr>
  </tbody>
</table>"
929,-38156.258282520226,6674879.916645684,Surrey and Borders Partnership NHS Foundation Trust,51.3019496,-0.3427635,3.0,7.826061944859854,"<table border=""1"" class=""dataframe"">
  <thead>
    <tr style=""text-align: left;"">
      <th>ISRCTN link</th>
      <th>Title</th>
      <th>Condition category</th>
      <th>Age group</th>
      <th>Target number of participants</th>
    </tr>
  </thead>
  <tbody>
    <tr>
      <td><a href='https://www.isrctn.com/ISRCTN30488204' target='_blank'><div>ISRCTN30488204</div></a></td>
      <td>A study to evaluate whether light therapy can help people with dementia to ...</td>
      <td>Mental and Behavioural Disorders</td>
      <td>Adult</td>
      <td>6</td>
    </tr>
    <tr>
      <td><a href='https://www.isrctn.com/ISRCTN71000991' target='_blank'><div>ISRCTN71000991</div></a></td>
      <td>Technology Integrated Health Management (TIHM) for Dementia: A study to ref...</td>
      <td>Mental and Behavioural Disorders</td>
      <td>Adult</td>
      <td>230</td>
    </tr>
    <tr>
      <td><a href='https://www.isrctn.com/ISRCTN46184518' target='_blank'><div>ISRCTN46184518</div></a></td>
      <td>Technology Integrated Health Management (TIHM) for Dementia: a study of tec...</td>
      <td>Mental and Behavioural Disorders</td>
      <td>Adult</td>
      <td>1500</td>
    </tr>
  </tbody>
</table>"
930,-6749.000164171036,6713387.392792631,Queen Mary University of London and Barts and the London NHS Trust,51.5177142,-0.0606273,1.0,1.0,"<table border=""1"" class=""dataframe"">
  <thead>
    <tr style=""text-align: left;"">
      <th>ISRCTN link</th>
      <th>Title</th>
      <th>Condition category</th>
      <th>Age group</th>
      <th>Target number of participants</th>
    </tr>
  </thead>
  <tbody>
    <tr>
      <td><a href='https://www.isrctn.com/ISRCTN12769138' target='_blank'><div>ISRCTN12769138</div></a></td>
      <td>Patients’ satisfaction when wearing different dentures - a pilot study</td>
      <td>Oral Health</td>
      <td>Adult</td>
      <td>20</td>
    </tr>
  </tbody>
</table>"
931,-149977.51054859543,7281255.263659712,North Tees and Hartlepool NHS Foundation Trust,54.58249679999999,-1.3472709,1.0,1.0,"<table border=""1"" class=""dataframe"">
  <thead>
    <tr style=""text-align: left;"">
      <th>ISRCTN link</th>
      <th>Title</th>
      <th>Condition category</th>
      <th>Age group</th>
      <th>Target number of participants</th>
    </tr>
  </thead>
  <tbody>
    <tr>
      <td><a href='https://www.isrctn.com/ISRCTN10302534' target='_blank'><div>ISRCTN10302534</div></a></td>
      <td>Application of opaque wrap for improving pulse oximeter sensitivity in neon...</td>
      <td>Neonatal Diseases</td>
      <td>Neonate</td>
      <td>100</td>
    </tr>
  </tbody>
</table>"
959,135840.41389166008,6912499.007155243,Norfolk and Norwich University Hospitals NHS Foundation Trust,52.6171847,1.2202752,1.0,1.0,"<table border=""1"" class=""dataframe"">
  <thead>
    <tr style=""text-align: left;"">
      <th>ISRCTN link</th>
      <th>Title</th>
      <th>Condition category</th>
      <th>Age group</th>
      <th>Target number of participants</th>
    </tr>
  </thead>
  <tbody>
    <tr>
      <td><a href='https://www.isrctn.com/ISRCTN56898625' target='_blank'><div>ISRCTN56898625</div></a></td>
      <td>Automated insulin delivery among pregnant women with type 1 diabetes</td>
      <td>Nutritional, Metabolic, Endocrine</td>
      <td>Adult</td>
      <td>124</td>
    </tr>
  </tbody>
</table>"
962,-369766.7354347329,7540750.493748074,Heriot-Watt University,55.9111604,-3.3216711,1.0,1.0,"<table border=""1"" class=""dataframe"">
  <thead>
    <tr style=""text-align: left;"">
      <th>ISRCTN link</th>
      <th>Title</th>
      <th>Condition category</th>
      <th>Age group</th>
      <th>Target number of participants</th>
    </tr>
  </thead>
  <tbody>
    <tr>
      <td><a href='https://www.isrctn.com/ISRCTN16087935' target='_blank'><div>ISRCTN16087935</div></a></td>
      <td>Effect of head-mounted displays on the ability of individuals with poor eye...</td>
      <td>Eye Diseases</td>
      <td>Adult</td>
      <td>10</td>
    </tr>
  </tbody>
</table>"
967,-8837660.596837524,5412448.584671227,University Health Network/Toronto Rehabilitation Institute (Canada),43.6565705,-79.3900559,1.0,1.0,"<table border=""1"" class=""dataframe"">
  <thead>
    <tr style=""text-align: left;"">
      <th>ISRCTN link</th>
      <th>Title</th>
      <th>Condition category</th>
      <th>Age group</th>
      <th>Target number of participants</th>
    </tr>
  </thead>
  <tbody>
    <tr>
      <td><a href='https://www.isrctn.com/ISRCTN67500535' target='_blank'><div>ISRCTN67500535</div></a></td>
      <td>The effects of adaptive servo ventilation on survival and frequency of card...</td>
      <td>Circulatory System</td>
      <td>Adult</td>
      <td>860</td>
    </tr>
  </tbody>
</table>"
968,1368551.8789819775,7508552.424236595,Oticon A/S,55.74870860000001,12.2939107,1.0,1.0,"<table border=""1"" class=""dataframe"">
  <thead>
    <tr style=""text-align: left;"">
      <th>ISRCTN link</th>
      <th>Title</th>
      <th>Condition category</th>
      <th>Age group</th>
      <th>Target number of participants</th>
    </tr>
  </thead>
  <tbody>
    <tr>
      <td><a href='https://www.isrctn.com/ISRCTN15178771' target='_blank'><div>ISRCTN15178771</div></a></td>
      <td>Efficacy of a combination hearing aid and sound generator</td>
      <td>Ear, Nose and Throat</td>
      <td>Adult</td>
      <td>80</td>
    </tr>
  </tbody>
</table>"
971,496217.79555594356,6599938.287426857,Cyberonics Europe SA/NV (Belgium),50.8791146,4.4576003,1.0,1.0,"<table border=""1"" class=""dataframe"">
  <thead>
    <tr style=""text-align: left;"">
      <th>ISRCTN link</th>
      <th>Title</th>
      <th>Condition category</th>
      <th>Age group</th>
      <th>Target number of participants</th>
    </tr>
  </thead>
  <tbody>
    <tr>
      <td><a href='https://www.isrctn.com/ISRCTN51185809' target='_blank'><div>ISRCTN51185809</div></a></td>
      <td>Study comparing best medical practice with or without vagus nerve stimulati...</td>
      <td>Nervous System Diseases</td>
      <td>Adult</td>
      <td>366</td>
    </tr>
  </tbody>
</table>"
976,-13106817.43719887,3982502.439397038,"Biosense Webster, Inc.",33.6544911,-117.7405443,2.0,5.306765580733931,"<table border=""1"" class=""dataframe"">
  <thead>
    <tr style=""text-align: left;"">
      <th>ISRCTN link</th>
      <th>Title</th>
      <th>Condition category</th>
      <th>Age group</th>
      <th>Target number of participants</th>
    </tr>
  </thead>
  <tbody>
    <tr>
      <td><a href='https://www.isrctn.com/ISRCTN93591221' target='_blank'><div>ISRCTN93591221</div></a></td>
      <td>Study utilizing a novel mapping catheter in heart arrhythmias</td>
      <td>Circulatory System</td>
      <td>Adult</td>
      <td>30</td>
    </tr>
    <tr>
      <td><a href='https://www.isrctn.com/ISRCTN11764506' target='_blank'><div>ISRCTN11764506</div></a></td>
      <td>Early feasibility first-in-human study using a novel radiofrequency ablatio...</td>
      <td>Circulatory System</td>
      <td>Adult</td>
      <td>40</td>
    </tr>
  </tbody>
</table>"
982,-9826613.502020199,5193598.038693985,"Sage Products, LLC (now under Stryker)",42.217382,-88.273971,1.0,1.0,"<table border=""1"" class=""dataframe"">
  <thead>
    <tr style=""text-align: left;"">
      <th>ISRCTN link</th>
      <th>Title</th>
      <th>Condition category</th>
      <th>Age group</th>
      <th>Target number of participants</th>
    </tr>
  </thead>
  <tbody>
    <tr>
      <td><a href='https://www.isrctn.com/ISRCTN14788194' target='_blank'><div>ISRCTN14788194</div></a></td>
      <td>The number of heel pressure ulcers amongst patients on an orthopaedic ward ...</td>
      <td>Injury, Occupational Diseases, Poisoning</td>
      <td>Adult</td>
      <td>40</td>
    </tr>
  </tbody>
</table>"
1031,-135982.0790756436,6755205.216583441,Clinical Trials and Research Governance – University of Oxford,51.75087509999999,-1.2215478,1.0,1.0,"<table border=""1"" class=""dataframe"">
  <thead>
    <tr style=""text-align: left;"">
      <th>ISRCTN link</th>
      <th>Title</th>
      <th>Condition category</th>
      <th>Age group</th>
      <th>Target number of participants</th>
    </tr>
  </thead>
  <tbody>
    <tr>
      <td><a href='https://www.isrctn.com/ISRCTN82570166' target='_blank'><div>ISRCTN82570166</div></a></td>
      <td>Optimising the feasibility and acceptability of a multi-component, digital ...</td>
      <td>Respiratory</td>
      <td>Adult</td>
      <td>100</td>
    </tr>
  </tbody>
</table>"
1044,-208774.4840986664,6571725.0271377405,Moletest (Scotland) Ltd.,50.7189274,-1.8754531,3.0,7.826061944859854,"<table border=""1"" class=""dataframe"">
  <thead>
    <tr style=""text-align: left;"">
      <th>ISRCTN link</th>
      <th>Title</th>
      <th>Condition category</th>
      <th>Age group</th>
      <th>Target number of participants</th>
    </tr>
  </thead>
  <tbody>
    <tr>
      <td><a href='https://www.isrctn.com/ISRCTN99987356' target='_blank'><div>ISRCTN99987356</div></a></td>
      <td>Testing nomela® on moles (C8)</td>
      <td>Cancer</td>
      <td>Adult</td>
      <td>200</td>
    </tr>
    <tr>
      <td><a href='https://www.isrctn.com/ISRCTN15929734' target='_blank'><div>ISRCTN15929734</div></a></td>
      <td>A study in primary care of nomela® to exclude melanoma</td>
      <td>Cancer</td>
      <td>Adult</td>
      <td>1000</td>
    </tr>
    <tr>
      <td><a href='https://www.isrctn.com/ISRCTN63318109' target='_blank'><div>ISRCTN63318109</div></a></td>
      <td>Testing of nomela® on images confirmed as melanoma</td>
      <td>Cancer</td>
      <td>Adult</td>
      <td>80</td>
    </tr>
  </tbody>
</table>"
1051,34321.07918571037,6647741.357768431,Maidstone and Tunbridge Wells NHS Trust,51.1492751,0.3083115,1.0,1.0,"<table border=""1"" class=""dataframe"">
  <thead>
    <tr style=""text-align: left;"">
      <th>ISRCTN link</th>
      <th>Title</th>
      <th>Condition category</th>
      <th>Age group</th>
      <th>Target number of participants</th>
    </tr>
  </thead>
  <tbody>
    <tr>
      <td><a href='https://www.isrctn.com/ISRCTN14376817' target='_blank'><div>ISRCTN14376817</div></a></td>
      <td>Lung ultrasound as point-of-care evaluation in post-COVID-19 patients</td>
      <td>Infections and Infestations</td>
      <td>Adult</td>
      <td>20</td>
    </tr>
  </tbody>
</table>"
1073,-1001631.1821766617,7039289.329872052,Bio-Medical Research Ltd (Ireland),53.303251,-8.997805999999999,2.0,5.306765580733931,"<table border=""1"" class=""dataframe"">
  <thead>
    <tr style=""text-align: left;"">
      <th>ISRCTN link</th>
      <th>Title</th>
      <th>Condition category</th>
      <th>Age group</th>
      <th>Target number of participants</th>
    </tr>
  </thead>
  <tbody>
    <tr>
      <td><a href='https://www.isrctn.com/ISRCTN27961345' target='_blank'><div>ISRCTN27961345</div></a></td>
      <td>A study to look at the safety and performance of Neuromuscular Electrical S...</td>
      <td>Urological and Genital Diseases</td>
      <td>Adult</td>
      <td>10</td>
    </tr>
    <tr>
      <td><a href='https://www.isrctn.com/ISRCTN68358784' target='_blank'><div>ISRCTN68358784</div></a></td>
      <td>Safety and performance of Neuromuscular Electrical Stimulation (NMES) with ...</td>
      <td>Urological and Genital Diseases</td>
      <td>Adult</td>
      <td>140</td>
    </tr>
  </tbody>
</table>"
1079,28996.100211665045,6870810.201769078,NHS Cambridgeshire and Peterborough CCG,52.3892227,0.2604764,1.0,1.0,"<table border=""1"" class=""dataframe"">
  <thead>
    <tr style=""text-align: left;"">
      <th>ISRCTN link</th>
      <th>Title</th>
      <th>Condition category</th>
      <th>Age group</th>
      <th>Target number of participants</th>
    </tr>
  </thead>
  <tbody>
    <tr>
      <td><a href='https://www.isrctn.com/ISRCTN96168767' target='_blank'><div>ISRCTN96168767</div></a></td>
      <td>Feasibility of a smartphone app for increasing medication adherence</td>
      <td>Circulatory System</td>
      <td>Adult</td>
      <td>102</td>
    </tr>
  </tbody>
</table>"
1092,550146.3670234578,6855966.033659669,Stryker European Operations BV (Netherlands),52.3077665,4.9420489,2.0,5.306765580733931,"<table border=""1"" class=""dataframe"">
  <thead>
    <tr style=""text-align: left;"">
      <th>ISRCTN link</th>
      <th>Title</th>
      <th>Condition category</th>
      <th>Age group</th>
      <th>Target number of participants</th>
    </tr>
  </thead>
  <tbody>
    <tr>
      <td><a href='https://www.isrctn.com/ISRCTN17022568' target='_blank'><div>ISRCTN17022568</div></a></td>
      <td>Stryker NTX registry</td>
      <td>Musculoskeletal Diseases</td>
      <td>Adult</td>
      <td>1600</td>
    </tr>
    <tr>
      <td><a href='https://www.isrctn.com/ISRCTN86833638' target='_blank'><div>ISRCTN86833638</div></a></td>
      <td>The ATX registry</td>
      <td>Musculoskeletal Diseases</td>
      <td>Adult</td>
      <td>478</td>
    </tr>
  </tbody>
</table>"
1094,-713534.1581416501,7252869.224153756,Southern Health and Social Care Trust,54.43445070000001,-6.4097864,1.0,1.0,"<table border=""1"" class=""dataframe"">
  <thead>
    <tr style=""text-align: left;"">
      <th>ISRCTN link</th>
      <th>Title</th>
      <th>Condition category</th>
      <th>Age group</th>
      <th>Target number of participants</th>
    </tr>
  </thead>
  <tbody>
    <tr>
      <td><a href='https://www.isrctn.com/ISRCTN60873148' target='_blank'><div>ISRCTN60873148</div></a></td>
      <td>RApid Diagnosis And Risk stratification of Acute Coronary Syndrome with nov...</td>
      <td>Circulatory System</td>
      <td>Adult</td>
      <td>650</td>
    </tr>
  </tbody>
</table>"
1108,-89162.73764450738,6763770.506677403,Stoke Mandeville Hospital NHS Trust,51.7984842,-0.8009624999999999,1.0,1.0,"<table border=""1"" class=""dataframe"">
  <thead>
    <tr style=""text-align: left;"">
      <th>ISRCTN link</th>
      <th>Title</th>
      <th>Condition category</th>
      <th>Age group</th>
      <th>Target number of participants</th>
    </tr>
  </thead>
  <tbody>
    <tr>
      <td><a href='https://www.isrctn.com/ISRCTN28779644' target='_blank'><div>ISRCTN28779644</div></a></td>
      <td>Active functional electrical stimulation</td>
      <td>Injury, Occupational Diseases, Poisoning</td>
      <td>Adult</td>
      <td>15</td>
    </tr>
  </tbody>
</table>"
1145,830535.4736686561,5975278.274315676,Stryker SA (Switzerland),47.20303819999999,7.4608271,1.0,1.0,"<table border=""1"" class=""dataframe"">
  <thead>
    <tr style=""text-align: left;"">
      <th>ISRCTN link</th>
      <th>Title</th>
      <th>Condition category</th>
      <th>Age group</th>
      <th>Target number of participants</th>
    </tr>
  </thead>
  <tbody>
    <tr>
      <td><a href='https://www.isrctn.com/ISRCTN44765636' target='_blank'><div>ISRCTN44765636</div></a></td>
      <td>A clinical study of the Triathlon knee prostheses using individualized pati...</td>
      <td>Musculoskeletal Diseases</td>
      <td>Adult</td>
      <td>144</td>
    </tr>
  </tbody>
</table>"
1146,102577.83834805572,6786343.287849045,Health Education East of England (HEEoE),51.9237117,0.9214724000000001,1.0,1.0,"<table border=""1"" class=""dataframe"">
  <thead>
    <tr style=""text-align: left;"">
      <th>ISRCTN link</th>
      <th>Title</th>
      <th>Condition category</th>
      <th>Age group</th>
      <th>Target number of participants</th>
    </tr>
  </thead>
  <tbody>
    <tr>
      <td><a href='https://www.isrctn.com/ISRCTN13818722' target='_blank'><div>ISRCTN13818722</div></a></td>
      <td>Exploring interventions over the watchful waiting period for children with ...</td>
      <td>Ear, Nose and Throat</td>
      <td>Child</td>
      <td>30</td>
    </tr>
  </tbody>
</table>"
1156,-143705.70364560792,6968789.732136429,"Research and Innovation, Nottingham University Hospitals NHS Trust",52.9231194,-1.2909303,1.0,1.0,"<table border=""1"" class=""dataframe"">
  <thead>
    <tr style=""text-align: left;"">
      <th>ISRCTN link</th>
      <th>Title</th>
      <th>Condition category</th>
      <th>Age group</th>
      <th>Target number of participants</th>
    </tr>
  </thead>
  <tbody>
    <tr>
      <td><a href='https://www.isrctn.com/ISRCTN59443849' target='_blank'><div>ISRCTN59443849</div></a></td>
      <td>A feasibility study of prescribing chair based pedal exercises for older pe...</td>
      <td>Musculoskeletal Diseases</td>
      <td>Senior</td>
      <td>50</td>
    </tr>
  </tbody>
</table>"
1159,607431.2545342365,6694458.3738862835,"Philips Electronics Nederland, B.V. - HandHeld Diagnostics",51.4117786,5.4566478,1.0,1.0,"<table border=""1"" class=""dataframe"">
  <thead>
    <tr style=""text-align: left;"">
      <th>ISRCTN link</th>
      <th>Title</th>
      <th>Condition category</th>
      <th>Age group</th>
      <th>Target number of participants</th>
    </tr>
  </thead>
  <tbody>
    <tr>
      <td><a href='https://www.isrctn.com/ISRCTN99484822' target='_blank'><div>ISRCTN99484822</div></a></td>
      <td>Performance testing of the Minicare cTnI system in the Emergency Department</td>
      <td>Circulatory System</td>
      <td>Adult</td>
      <td>700</td>
    </tr>
  </tbody>
</table>"
1179,-122778.35182121355,6923319.518442901,"Research and Development Office, Leicestershire Partnership NHS Trust",52.6761601,-1.1029367,1.0,1.0,"<table border=""1"" class=""dataframe"">
  <thead>
    <tr style=""text-align: left;"">
      <th>ISRCTN link</th>
      <th>Title</th>
      <th>Condition category</th>
      <th>Age group</th>
      <th>Target number of participants</th>
    </tr>
  </thead>
  <tbody>
    <tr>
      <td><a href='https://www.isrctn.com/ISRCTN33616817' target='_blank'><div>ISRCTN33616817</div></a></td>
      <td>Feasibility study on the use of telemedicine for psychiatric patients</td>
      <td>Mental and Behavioural Disorders</td>
      <td>Adult</td>
      <td>20</td>
    </tr>
  </tbody>
</table>"
1192,-14827.812031357762,6709852.226837003,Department of Health,51.49794844005473,-0.13320050177820006,7.0,13.090619551221675,"<table border=""1"" class=""dataframe"">
  <thead>
    <tr style=""text-align: left;"">
      <th>ISRCTN link</th>
      <th>Title</th>
      <th>Condition category</th>
      <th>Age group</th>
      <th>Target number of participants</th>
    </tr>
  </thead>
  <tbody>
    <tr>
      <td><a href='https://www.isrctn.com/ISRCTN47267595' target='_blank'><div>ISRCTN47267595</div></a></td>
      <td>A study of the clinical application of a fixation device for nasogastric an...</td>
      <td>Nutritional, Metabolic, Endocrine</td>
      <td>Not Specified</td>
      <td>0</td>
    </tr>
    <tr>
      <td><a href='https://www.isrctn.com/ISRCTN21720818' target='_blank'><div>ISRCTN21720818</div></a></td>
      <td>The effect of the intra oral slow release fluoride device in remineralisati...</td>
      <td>Oral Health</td>
      <td>Adult</td>
      <td>25</td>
    </tr>
    <tr>
      <td><a href='https://www.isrctn.com/ISRCTN16427142' target='_blank'><div>ISRCTN16427142</div></a></td>
      <td>Effect of Fluoride Slow-release Devices on salivary and plaque levels of fl...</td>
      <td>Oral Health</td>
      <td>Adult</td>
      <td>0</td>
    </tr>
    <tr>
      <td><a href='https://www.isrctn.com/ISRCTN07513663' target='_blank'><div>ISRCTN07513663</div></a></td>
      <td>Comparative study of pain levels following paediatric tonsillectomy using e...</td>
      <td>Signs and Symptoms</td>
      <td>Child</td>
      <td>0</td>
    </tr>
    <tr>
      <td><a href='https://www.isrctn.com/ISRCTN27445852' target='_blank'><div>ISRCTN27445852</div></a></td>
      <td>Prospective randomised controlled trial of the usability and complications ...</td>
      <td>Surgery</td>
      <td>Not Specified</td>
      <td>0</td>
    </tr>
    <tr>
      <td><a href='https://www.isrctn.com/ISRCTN07813343' target='_blank'><div>ISRCTN07813343</div></a></td>
      <td>A randomised, controlled trial assessing the effectiveness of the iliac suc...</td>
      <td>Surgery</td>
      <td>Not Specified</td>
      <td>24</td>
    </tr>
    <tr>
      <td><a href='https://www.isrctn.com/ISRCTN33678610' target='_blank'><div>ISRCTN33678610</div></a></td>
      <td>A randomised controlled trial (RCT) to compare minimally invasive glucose m...</td>
      <td>Nutritional, Metabolic, Endocrine</td>
      <td>Adult</td>
      <td>404</td>
    </tr>
  </tbody>
</table>"
1194,-15549.303072546925,6716278.93059565,British Heart Foundation,51.53387494245585,-0.13968176607475538,1.0,1.0,"<table border=""1"" class=""dataframe"">
  <thead>
    <tr style=""text-align: left;"">
      <th>ISRCTN link</th>
      <th>Title</th>
      <th>Condition category</th>
      <th>Age group</th>
      <th>Target number of participants</th>
    </tr>
  </thead>
  <tbody>
    <tr>
      <td><a href='https://www.isrctn.com/ISRCTN34690731' target='_blank'><div>ISRCTN34690731</div></a></td>
      <td>PET CT analysis of restenosis after lower limb revascularisation</td>
      <td>Circulatory System</td>
      <td>Adult</td>
      <td>50</td>
    </tr>
  </tbody>
</table>"
1196,-12836.506018003305,6724440.634690489,Public Health England,51.57945959103407,-0.11531229550664585,1.0,1.0,"<table border=""1"" class=""dataframe"">
  <thead>
    <tr style=""text-align: left;"">
      <th>ISRCTN link</th>
      <th>Title</th>
      <th>Condition category</th>
      <th>Age group</th>
      <th>Target number of participants</th>
    </tr>
  </thead>
  <tbody>
    <tr>
      <td><a href='https://www.isrctn.com/ISRCTN56609224' target='_blank'><div>ISRCTN56609224</div></a></td>
      <td>Evaluating home antibody test kits for the detection of coronavirus (COVID-...</td>
      <td>Respiratory</td>
      <td>Adult</td>
      <td>3000</td>
    </tr>
  </tbody>
</table>"
