,merclng,merclat,locations,latitude,longitude,number,radius,HTML
0,-139635.47344398804,6755913.94771293,University of Oxford,51.7548164,-1.2543668,55.0,25.898961024049783,"<table border=""1"" class=""dataframe"">
  <thead>
    <tr style=""text-align: left;"">
      <th>ISRCTN link</th>
      <th>Title</th>
      <th>Intervention type</th>
      <th>Age group</th>
      <th>Target number of participants</th>
    </tr>
  </thead>
  <tbody>
    <tr>
      <td><a href='https://www.isrctn.com/ISRCTN82398107' target='_blank'><div>ISRCTN82398107</div></a></td>
      <td>Minimising young children’s anxiety through schools</td>
      <td>Behavioural</td>
      <td>Mixed</td>
      <td>1080</td>
    </tr>
    <tr>
      <td><a href='https://www.isrctn.com/ISRCTN77941736' target='_blank'><div>ISRCTN77941736</div></a></td>
      <td>Coping during COVID-19: Peer-delivered training to improve adolescent wellb...</td>
      <td>Behavioural</td>
      <td>Child</td>
      <td>120</td>
    </tr>
    <tr>
      <td><a href='https://www.isrctn.com/ISRCTN12890382' target='_blank'><div>ISRCTN12890382</div></a></td>
      <td>Child anxiety treatment in the context of COVID-19</td>
      <td>Behavioural</td>
      <td>Child</td>
      <td>560</td>
    </tr>
    <tr>
      <td><a href='https://www.isrctn.com/ISRCTN85601537' target='_blank'><div>ISRCTN85601537</div></a></td>
      <td>Treating sleep problems in young people at ultra-high-risk of psychosis</td>
      <td>Behavioural</td>
      <td>Mixed</td>
      <td>40</td>
    </tr>
    <tr>
      <td><a href='https://www.isrctn.com/ISRCTN74264887' target='_blank'><div>ISRCTN74264887</div></a></td>
      <td>Growing older, planning ahead: people with learning disabilities and carers</td>
      <td>Other</td>
      <td>Adult</td>
      <td>226</td>
    </tr>
    <tr>
      <td><a href='https://www.isrctn.com/ISRCTN98646409' target='_blank'><div>ISRCTN98646409</div></a></td>
      <td>Exploring the experiences of loneliness to improve social care</td>
      <td>Other</td>
      <td>Adult</td>
      <td>90</td>
    </tr>
    <tr>
      <td><a href='https://www.isrctn.com/ISRCTN70652461' target='_blank'><div>ISRCTN70652461</div></a></td>
      <td>Sleep and cognition following digital cognitive behavioral therapy for inso...</td>
      <td>Behavioural</td>
      <td>Mixed</td>
      <td>60</td>
    </tr>
    <tr>
      <td><a href='https://www.isrctn.com/ISRCTN61956079' target='_blank'><div>ISRCTN61956079</div></a></td>
      <td>Assessing the effects of brain stimulation on sleep in people with insomnia</td>
      <td>Other</td>
      <td>Adult</td>
      <td>40</td>
    </tr>
    <tr>
      <td><a href='https://www.isrctn.com/ISRCTN84666271' target='_blank'><div>ISRCTN84666271</div></a></td>
      <td>Is pramipexole effective as an add-on treatment for people with treatment-r...</td>
      <td>Drug</td>
      <td>Adult</td>
      <td>204</td>
    </tr>
    <tr>
      <td><a href='https://www.isrctn.com/ISRCTN17308399' target='_blank'><div>ISRCTN17308399</div></a></td>
      <td>The gameChange trial: automated virtual reality therapy to help patients wi...</td>
      <td>Behavioural</td>
      <td>Adult</td>
      <td>432</td>
    </tr>
    <tr>
      <td><a href='https://www.isrctn.com/ISRCTN29838552' target='_blank'><div>ISRCTN29838552</div></a></td>
      <td>Evaluation of a language intervention in Nursery classrooms</td>
      <td>Behavioural</td>
      <td>Child</td>
      <td>360</td>
    </tr>
    <tr>
      <td><a href='https://www.isrctn.com/ISRCTN15079139' target='_blank'><div>ISRCTN15079139</div></a></td>
      <td>Is internet cognitive therapy more effective than a waitlist at treating so...</td>
      <td>Other</td>
      <td>Child</td>
      <td>40</td>
    </tr>
    <tr>
      <td><a href='https://www.isrctn.com/ISRCTN12765810' target='_blank'><div>ISRCTN12765810</div></a></td>
      <td>Digital cognitive behavioural therapy for anxiety</td>
      <td>Behavioural</td>
      <td>Adult</td>
      <td>242</td>
    </tr>
    <tr>
      <td><a href='https://www.isrctn.com/ISRCTN89276818' target='_blank'><div>ISRCTN89276818</div></a></td>
      <td>Feasibility and preliminary efficacy of digital cognitive behavioural thera...</td>
      <td>Other</td>
      <td>Adult</td>
      <td>21</td>
    </tr>
    <tr>
      <td><a href='https://www.isrctn.com/ISRCTN12497310' target='_blank'><div>ISRCTN12497310</div></a></td>
      <td>Virtual reality treatment for building confidence around people</td>
      <td>Device</td>
      <td>Adult</td>
      <td>90</td>
    </tr>
    <tr>
      <td><a href='https://www.isrctn.com/ISRCTN78638425' target='_blank'><div>ISRCTN78638425</div></a></td>
      <td>A brain imaging study of the effects of electrical brain stimulation on att...</td>
      <td>Other</td>
      <td>Adult</td>
      <td>16</td>
    </tr>
    <tr>
      <td><a href='https://www.isrctn.com/ISRCTN13837516' target='_blank'><div>ISRCTN13837516</div></a></td>
      <td>The Effects of Sleep Improvement on Emotion Regulation</td>
      <td>Behavioural</td>
      <td>Adult</td>
      <td>200</td>
    </tr>
    <tr>
      <td><a href='https://www.isrctn.com/ISRCTN33631053' target='_blank'><div>ISRCTN33631053</div></a></td>
      <td>The Oxford study of calcium channel antagonism, cognition, mood instability...</td>
      <td>Drug</td>
      <td>Adult</td>
      <td>40</td>
    </tr>
    <tr>
      <td><a href='https://www.isrctn.com/ISRCTN42499563' target='_blank'><div>ISRCTN42499563</div></a></td>
      <td>Health professional Administered Brief Insomnia Therapy (HABIT) trial</td>
      <td>Behavioural</td>
      <td>Adult</td>
      <td>588</td>
    </tr>
    <tr>
      <td><a href='https://www.isrctn.com/ISRCTN41021444' target='_blank'><div>ISRCTN41021444</div></a></td>
      <td>A risk assessment tool for self-harm in prisoners</td>
      <td>Other</td>
      <td>Adult</td>
      <td>0</td>
    </tr>
    <tr>
      <td><a href='https://www.isrctn.com/ISRCTN16806208' target='_blank'><div>ISRCTN16806208</div></a></td>
      <td>A randomised controlled trial of therapist-assisted online psychological th...</td>
      <td>Behavioural</td>
      <td>Adult</td>
      <td>217</td>
    </tr>
    <tr>
      <td><a href='https://www.isrctn.com/ISRCTN59404712' target='_blank'><div>ISRCTN59404712</div></a></td>
      <td>GP/nurse promotion of e-cigarettes in supporting reduced smoking and cessat...</td>
      <td>Behavioural</td>
      <td>Adult</td>
      <td>320</td>
    </tr>
    <tr>
      <td><a href='https://www.isrctn.com/ISRCTN16493616' target='_blank'><div>ISRCTN16493616</div></a></td>
      <td>A study of resilience training for student paramedics</td>
      <td>Other</td>
      <td>Adult</td>
      <td>570</td>
    </tr>
    <tr>
      <td><a href='https://www.isrctn.com/ISRCTN11898283' target='_blank'><div>ISRCTN11898283</div></a></td>
      <td>Using virtual reality (VR) to reduce fear of heights</td>
      <td>Behavioural</td>
      <td>Adult</td>
      <td>100</td>
    </tr>
    <tr>
      <td><a href='https://www.isrctn.com/ISRCTN69644721' target='_blank'><div>ISRCTN69644721</div></a></td>
      <td>An evaluation of a new resilience intervention for emergency workers</td>
      <td>Other</td>
      <td>Adult</td>
      <td>255</td>
    </tr>
    <tr>
      <td><a href='https://www.isrctn.com/ISRCTN89237370' target='_blank'><div>ISRCTN89237370</div></a></td>
      <td>Defining the impact of improved sleep on cognitive function</td>
      <td>Behavioural</td>
      <td>Adult</td>
      <td>404</td>
    </tr>
    <tr>
      <td><a href='https://www.isrctn.com/ISRCTN16382776' target='_blank'><div>ISRCTN16382776</div></a></td>
      <td>Mindfulness Based Cognitive Therapy (MBCT) programme for depression in peop...</td>
      <td>Other</td>
      <td>Adult</td>
      <td>32</td>
    </tr>
    <tr>
      <td><a href='https://www.isrctn.com/ISRCTN86619085' target='_blank'><div>ISRCTN86619085</div></a></td>
      <td>MYRIAD: My Resilience in Adolescence, a study examining the effectiveness a...</td>
      <td>Mixed</td>
      <td>Mixed</td>
      <td>5700</td>
    </tr>
    <tr>
      <td><a href='https://www.isrctn.com/ISRCTN64217625' target='_blank'><div>ISRCTN64217625</div></a></td>
      <td>An evaluation of resilience interventions for emergency workers</td>
      <td>Behavioural</td>
      <td>Adult</td>
      <td>50</td>
    </tr>
    <tr>
      <td><a href='https://www.isrctn.com/ISRCTN94854860' target='_blank'><div>ISRCTN94854860</div></a></td>
      <td>Can losartan enhance the effects of cognitive behavioural therapy in the tr...</td>
      <td>Drug</td>
      <td>Adult</td>
      <td>40</td>
    </tr>
    <tr>
      <td><a href='https://www.isrctn.com/ISRCTN79407277' target='_blank'><div>ISRCTN79407277</div></a></td>
      <td>A study of Mind's resilience intervention for emergency service workers</td>
      <td>Behavioural</td>
      <td>Adult</td>
      <td>430</td>
    </tr>
    <tr>
      <td><a href='https://www.isrctn.com/ISRCTN15819951' target='_blank'><div>ISRCTN15819951</div></a></td>
      <td>Self-help internet tool for social anxiety symptoms</td>
      <td>Behavioural</td>
      <td>Adult</td>
      <td>2104</td>
    </tr>
    <tr>
      <td><a href='https://www.isrctn.com/ISRCTN18013311' target='_blank'><div>ISRCTN18013311</div></a></td>
      <td>Evaluating how best to train classroom teachers to deliver mindfulness trai...</td>
      <td>Behavioural</td>
      <td>Adult</td>
      <td>200</td>
    </tr>
    <tr>
      <td><a href='https://www.isrctn.com/ISRCTN12668007' target='_blank'><div>ISRCTN12668007</div></a></td>
      <td>The nightmare intervention study</td>
      <td>Other</td>
      <td>Adult</td>
      <td>24</td>
    </tr>
    <tr>
      <td><a href='https://www.isrctn.com/ISRCTN18705064' target='_blank'><div>ISRCTN18705064</div></a></td>
      <td>Psychological support for fears about other people</td>
      <td>Behavioural</td>
      <td>Adult</td>
      <td>150</td>
    </tr>
    <tr>
      <td><a href='https://www.isrctn.com/ISRCTN58986139' target='_blank'><div>ISRCTN58986139</div></a></td>
      <td>Sleep Matters Trial</td>
      <td>Behavioural</td>
      <td>Adult</td>
      <td>85</td>
    </tr>
    <tr>
      <td><a href='https://www.isrctn.com/ISRCTN91624955' target='_blank'><div>ISRCTN91624955</div></a></td>
      <td>OxLith: exploration of the short-term physical and psychological effects of...</td>
      <td>Drug</td>
      <td>Adult</td>
      <td>40</td>
    </tr>
    <tr>
      <td><a href='https://www.isrctn.com/ISRCTN39052741' target='_blank'><div>ISRCTN39052741</div></a></td>
      <td>Exploratory study of a ketogenic dietary supplement in dementia</td>
      <td>Drug</td>
      <td>Senior</td>
      <td>24</td>
    </tr>
    <tr>
      <td><a href='https://www.isrctn.com/ISRCTN16778756' target='_blank'><div>ISRCTN16778756</div></a></td>
      <td>Feeling Well with True Colours for community patients</td>
      <td>Other</td>
      <td>Adult</td>
      <td>500</td>
    </tr>
    <tr>
      <td><a href='https://www.isrctn.com/ISRCTN48803273' target='_blank'><div>ISRCTN48803273</div></a></td>
      <td>The DHA (docosahexaenoic acid) Oxford Learning and Behaviour (DOLAB II) Stu...</td>
      <td>Supplement</td>
      <td>Child</td>
      <td>400</td>
    </tr>
    <tr>
      <td><a href='https://www.isrctn.com/ISRCTN33695128' target='_blank'><div>ISRCTN33695128</div></a></td>
      <td>Better Sleep Trial</td>
      <td>Other</td>
      <td>Adult</td>
      <td>60</td>
    </tr>
    <tr>
      <td><a href='https://www.isrctn.com/ISRCTN67300357' target='_blank'><div>ISRCTN67300357</div></a></td>
      <td>Facilitated integrated mood management (FIMM) versus manualised integrated ...</td>
      <td>Other</td>
      <td>Adult</td>
      <td>156</td>
    </tr>
    <tr>
      <td><a href='https://www.isrctn.com/ISRCTN07336477' target='_blank'><div>ISRCTN07336477</div></a></td>
      <td>Oxford Postnatal Treatment Study: treatment for mothers with postnatal depr...</td>
      <td>Other</td>
      <td>Adult</td>
      <td>144</td>
    </tr>
    <tr>
      <td><a href='https://www.isrctn.com/ISRCTN50788919' target='_blank'><div>ISRCTN50788919</div></a></td>
      <td>Attentional style in bipolar disorder</td>
      <td>Other</td>
      <td>Not Specified</td>
      <td>80</td>
    </tr>
    <tr>
      <td><a href='https://www.isrctn.com/ISRCTN32434568' target='_blank'><div>ISRCTN32434568</div></a></td>
      <td>OCTUMI-4: Evaluation of Mirtazapine and Folic Acid for Schizophrenia</td>
      <td>Drug</td>
      <td>Adult</td>
      <td>334</td>
    </tr>
    <tr>
      <td><a href='https://www.isrctn.com/ISRCTN97185214' target='_blank'><div>ISRCTN97185214</div></a></td>
      <td>Staying Well After Depression: a randomised trial</td>
      <td>Behavioural</td>
      <td>Adult</td>
      <td>300</td>
    </tr>
    <tr>
      <td><a href='https://www.isrctn.com/ISRCTN41104834' target='_blank'><div>ISRCTN41104834</div></a></td>
      <td>Nutrition as a modifiable causal factor in anti-social behaviours</td>
      <td>Supplement</td>
      <td>Adult</td>
      <td>1000</td>
    </tr>
    <tr>
      <td><a href='https://www.isrctn.com/ISRCTN28988273' target='_blank'><div>ISRCTN28988273</div></a></td>
      <td>Melatonin In Acute Mania Investigation (MIAMI-uk)</td>
      <td>Drug</td>
      <td>Adult</td>
      <td>90</td>
    </tr>
    <tr>
      <td><a href='https://www.isrctn.com/ISRCTN17054996' target='_blank'><div>ISRCTN17054996</div></a></td>
      <td>Comparative Evaluation of QUEtiapine-Lamotrigine combination versus quetiap...</td>
      <td>Drug</td>
      <td>Adult</td>
      <td>202</td>
    </tr>
    <tr>
      <td><a href='https://www.isrctn.com/ISRCTN12814243' target='_blank'><div>ISRCTN12814243</div></a></td>
      <td>Self-help parent-training for conduct problems in children</td>
      <td>Other</td>
      <td>Child</td>
      <td>100</td>
    </tr>
    <tr>
      <td><a href='https://www.isrctn.com/ISRCTN05689186' target='_blank'><div>ISRCTN05689186</div></a></td>
      <td>General practice study of Nicotine Replacement Therapy (NRT) assisted smoki...</td>
      <td>Drug</td>
      <td>Adult</td>
      <td>1000</td>
    </tr>
    <tr>
      <td><a href='https://www.isrctn.com/ISRCTN55261332' target='_blank'><div>ISRCTN55261332</div></a></td>
      <td>Bipolar Affective disorder: Lithium/ANti-Convulsant Evaluation</td>
      <td>Drug</td>
      <td>Adult</td>
      <td>231</td>
    </tr>
    <tr>
      <td><a href='https://www.isrctn.com/ISRCTN15562271' target='_blank'><div>ISRCTN15562271</div></a></td>
      <td>A comparison of two psychological treatments for severe eating disorders</td>
      <td>Other</td>
      <td>Adult</td>
      <td>0</td>
    </tr>
    <tr>
      <td><a href='https://www.isrctn.com/ISRCTN55225822' target='_blank'><div>ISRCTN55225822</div></a></td>
      <td>Psychological mechanisms in suicidal behaviour</td>
      <td>Other</td>
      <td>Adult</td>
      <td>12</td>
    </tr>
    <tr>
      <td><a href='https://www.isrctn.com/ISRCTN94410159' target='_blank'><div>ISRCTN94410159</div></a></td>
      <td>Homocysteine and B vitamins in cognitive impairment</td>
      <td>Supplement</td>
      <td>Senior</td>
      <td>300</td>
    </tr>
  </tbody>
</table>"
1,-67739.89163464309,6664057.162404566,Royal Surrey County Hospital NHS Foundation Trust,51.2411243,-0.6085178,1.0,1.0,"<table border=""1"" class=""dataframe"">
  <thead>
    <tr style=""text-align: left;"">
      <th>ISRCTN link</th>
      <th>Title</th>
      <th>Intervention type</th>
      <th>Age group</th>
      <th>Target number of participants</th>
    </tr>
  </thead>
  <tbody>
    <tr>
      <td><a href='https://www.isrctn.com/ISRCTN15439489' target='_blank'><div>ISRCTN15439489</div></a></td>
      <td>Detecting low brain oxygen levels in patients undergoing non-cardiac surger...</td>
      <td>Device</td>
      <td>Senior</td>
      <td>60</td>
    </tr>
  </tbody>
</table>"
2,-181976.75458703414,7363080.99091819,Newcastle upon Tyne Hospitals NHS Foundation Trust,55.0062592,-1.634725,4.0,9.613531161467861,"<table border=""1"" class=""dataframe"">
  <thead>
    <tr style=""text-align: left;"">
      <th>ISRCTN link</th>
      <th>Title</th>
      <th>Intervention type</th>
      <th>Age group</th>
      <th>Target number of participants</th>
    </tr>
  </thead>
  <tbody>
    <tr>
      <td><a href='https://www.isrctn.com/ISRCTN41760734' target='_blank'><div>ISRCTN41760734</div></a></td>
      <td>Developing an intervention for fall related injury in dementia</td>
      <td>Mixed</td>
      <td>Adult</td>
      <td>220</td>
    </tr>
    <tr>
      <td><a href='https://www.isrctn.com/ISRCTN36198756' target='_blank'><div>ISRCTN36198756</div></a></td>
      <td>Prevalence of alcohol use disorder in patients with skin disease</td>
      <td>Other</td>
      <td>Adult</td>
      <td>720</td>
    </tr>
    <tr>
      <td><a href='https://www.isrctn.com/ISRCTN78396615' target='_blank'><div>ISRCTN78396615</div></a></td>
      <td>STrategies to incRease confidence InDependence and Energy (STRIDE)</td>
      <td>Other</td>
      <td>Senior</td>
      <td>412</td>
    </tr>
    <tr>
      <td><a href='https://www.isrctn.com/ISRCTN43218782' target='_blank'><div>ISRCTN43218782</div></a></td>
      <td>Brief alcohol intervention to reduce risky drinking in pregnancy: a pilot r...</td>
      <td>Other</td>
      <td>Adult</td>
      <td>120</td>
    </tr>
  </tbody>
</table>"
4,-14921.27567787947,6714611.999375625,University College London,51.52455920000001,-0.1340401,65.0,26.936926411670825,"<table border=""1"" class=""dataframe"">
  <thead>
    <tr style=""text-align: left;"">
      <th>ISRCTN link</th>
      <th>Title</th>
      <th>Intervention type</th>
      <th>Age group</th>
      <th>Target number of participants</th>
    </tr>
  </thead>
  <tbody>
    <tr>
      <td><a href='https://www.isrctn.com/ISRCTN15757555' target='_blank'><div>ISRCTN15757555</div></a></td>
      <td>Feasibility of the NIDUS-professional home carer training intervention</td>
      <td>Behavioural</td>
      <td>Mixed</td>
      <td>244</td>
    </tr>
    <tr>
      <td><a href='https://www.isrctn.com/ISRCTN14098438' target='_blank'><div>ISRCTN14098438</div></a></td>
      <td>Widening access to strategies for relatives (START) for dementia care</td>
      <td>Other</td>
      <td>Adult</td>
      <td>95</td>
    </tr>
    <tr>
      <td><a href='https://www.isrctn.com/ISRCTN97041334' target='_blank'><div>ISRCTN97041334</div></a></td>
      <td>COVID-19 social study: the effects of quarantine on mental health</td>
      <td>Other</td>
      <td>Adult</td>
      <td>1000000</td>
    </tr>
    <tr>
      <td><a href='https://www.isrctn.com/ISRCTN64052601' target='_blank'><div>ISRCTN64052601</div></a></td>
      <td>Evaluating the effectiveness of the smartphone app Drink Less for the reduc...</td>
      <td>Behavioural</td>
      <td>Adult</td>
      <td>5562</td>
    </tr>
    <tr>
      <td><a href='https://www.isrctn.com/ISRCTN16056848' target='_blank'><div>ISRCTN16056848</div></a></td>
      <td>STORM: Standing up for myself feasibility study</td>
      <td>Other</td>
      <td>Mixed</td>
      <td>104</td>
    </tr>
    <tr>
      <td><a href='https://www.isrctn.com/ISRCTN11425138' target='_blank'><div>ISRCTN11425138</div></a></td>
      <td>Testing a new psychological intervention to support independence at home fo...</td>
      <td>Behavioural</td>
      <td>Mixed</td>
      <td>594</td>
    </tr>
    <tr>
      <td><a href='https://www.isrctn.com/ISRCTN99460116' target='_blank'><div>ISRCTN99460116</div></a></td>
      <td>Feasibility of the NIDUS-family intervention for independence at home</td>
      <td>Behavioural</td>
      <td>Adult</td>
      <td>30</td>
    </tr>
    <tr>
      <td><a href='https://www.isrctn.com/ISRCTN11910433' target='_blank'><div>ISRCTN11910433</div></a></td>
      <td>Causes, mechanisms and consequences of binge eating: Understanding maladapt...</td>
      <td>Behavioural</td>
      <td>Adult</td>
      <td>90</td>
    </tr>
    <tr>
      <td><a href='https://www.isrctn.com/ISRCTN15194500' target='_blank'><div>ISRCTN15194500</div></a></td>
      <td>Evaluation of the 'Strengthening Families, Strengthening Communities' paren...</td>
      <td>Behavioural</td>
      <td>Adult</td>
      <td>676</td>
    </tr>
    <tr>
      <td><a href='https://www.isrctn.com/ISRCTN48548553' target='_blank'><div>ISRCTN48548553</div></a></td>
      <td>A randomised trial to compare the effectiveness of two antidepressants (esc...</td>
      <td>Drug</td>
      <td>Adult</td>
      <td>430</td>
    </tr>
    <tr>
      <td><a href='https://www.isrctn.com/ISRCTN10138262' target='_blank'><div>ISRCTN10138262</div></a></td>
      <td>Can unhelpful drinking memories be destabilised and weakened by ketamine in...</td>
      <td>Drug</td>
      <td>Adult</td>
      <td>90</td>
    </tr>
    <tr>
      <td><a href='https://www.isrctn.com/ISRCTN63779614' target='_blank'><div>ISRCTN63779614</div></a></td>
      <td>Pilot befriending trial in people with intellectual disability</td>
      <td>Other</td>
      <td>Adult</td>
      <td>60</td>
    </tr>
    <tr>
      <td><a href='https://www.isrctn.com/ISRCTN17213032' target='_blank'><div>ISRCTN17213032</div></a></td>
      <td>Can adolescent emotion regulation be improved with an app-based training?</td>
      <td>Behavioural</td>
      <td>Other</td>
      <td>200</td>
    </tr>
    <tr>
      <td><a href='https://www.isrctn.com/ISRCTN17631228' target='_blank'><div>ISRCTN17631228</div></a></td>
      <td>Promoting mental health and wellbeing in schools: examining Youth Aware of ...</td>
      <td>Behavioural</td>
      <td>Child</td>
      <td>8640</td>
    </tr>
    <tr>
      <td><a href='https://www.isrctn.com/ISRCTN16386254' target='_blank'><div>ISRCTN16386254</div></a></td>
      <td>Promoting mental wellbeing in schools using mindfulness, relaxation and str...</td>
      <td>Behavioural</td>
      <td>Mixed</td>
      <td>17600</td>
    </tr>
    <tr>
      <td><a href='https://www.isrctn.com/ISRCTN39238984' target='_blank'><div>ISRCTN39238984</div></a></td>
      <td>Power Up for Parents: a pilot study\n</td>
      <td>Other</td>
      <td>Adult</td>
      <td>140</td>
    </tr>
    <tr>
      <td><a href='https://www.isrctn.com/ISRCTN18418155' target='_blank'><div>ISRCTN18418155</div></a></td>
      <td>Feasibility and efficacy of a guided self-help intervention in supporting m...</td>
      <td>Other</td>
      <td>Adult</td>
      <td>73</td>
    </tr>
    <tr>
      <td><a href='https://www.isrctn.com/ISRCTN10148247' target='_blank'><div>ISRCTN10148247</div></a></td>
      <td>Better Conversations with Primary Progressive Aphasia (BCPPA)</td>
      <td>Behavioural</td>
      <td>Adult</td>
      <td>42</td>
    </tr>
    <tr>
      <td><a href='https://www.isrctn.com/ISRCTN18312288' target='_blank'><div>ISRCTN18312288</div></a></td>
      <td>Cognitive stimulation therapy in people with intellectual disability and de...</td>
      <td>Other</td>
      <td>Adult</td>
      <td>111</td>
    </tr>
    <tr>
      <td><a href='https://www.isrctn.com/ISRCTN15324329' target='_blank'><div>ISRCTN15324329</div></a></td>
      <td>The Angela project</td>
      <td>Other</td>
      <td>Adult</td>
      <td>869</td>
    </tr>
    <tr>
      <td><a href='https://www.isrctn.com/ISRCTN67269658' target='_blank'><div>ISRCTN67269658</div></a></td>
      <td>Encouraging access for South Asians to timely dementia diagnosis</td>
      <td>Behavioural</td>
      <td>Adult</td>
      <td>80</td>
    </tr>
    <tr>
      <td><a href='https://www.isrctn.com/ISRCTN18374094' target='_blank'><div>ISRCTN18374094</div></a></td>
      <td>Supporting foster carers to improve mental health outcomes of young childre...</td>
      <td>Behavioural</td>
      <td>Mixed</td>
      <td>46</td>
    </tr>
    <tr>
      <td><a href='https://www.isrctn.com/ISRCTN10771821' target='_blank'><div>ISRCTN10771821</div></a></td>
      <td>Community navigators study</td>
      <td>Other</td>
      <td>Adult</td>
      <td>53</td>
    </tr>
    <tr>
      <td><a href='https://www.isrctn.com/ISRCTN90298520' target='_blank'><div>ISRCTN90298520</div></a></td>
      <td>RADAR Trial: Testing the effects of reducing and discontinuing antipsychoti...</td>
      <td>Drug</td>
      <td>Adult</td>
      <td>218</td>
    </tr>
    <tr>
      <td><a href='https://www.isrctn.com/ISRCTN36983298' target='_blank'><div>ISRCTN36983298</div></a></td>
      <td>DREAMS START (Dementia related manual for sleep; strategies for relatives)</td>
      <td>Other</td>
      <td>Adult</td>
      <td>60</td>
    </tr>
    <tr>
      <td><a href='https://www.isrctn.com/ISRCTN77194423' target='_blank'><div>ISRCTN77194423</div></a></td>
      <td>A feasibility trial of Power Up</td>
      <td>Other</td>
      <td>Child</td>
      <td>60</td>
    </tr>
    <tr>
      <td><a href='https://www.isrctn.com/ISRCTN13425994' target='_blank'><div>ISRCTN13425994</div></a></td>
      <td>Developing an app to help young people self-manage when feeling overwhelmed...</td>
      <td>Other</td>
      <td>Child</td>
      <td>120</td>
    </tr>
    <tr>
      <td><a href='https://www.isrctn.com/ISRCTN16929670' target='_blank'><div>ISRCTN16929670</div></a></td>
      <td>VIP (Victim Improvement Package) Trial: helping older victims of crime with...</td>
      <td>Mixed</td>
      <td>Senior</td>
      <td>226</td>
    </tr>
    <tr>
      <td><a href='https://www.isrctn.com/ISRCTN17371456' target='_blank'><div>ISRCTN17371456</div></a></td>
      <td>Protect after depression: a randomised pilot trial of a new wellbeing cours...</td>
      <td>Behavioural</td>
      <td>Adult</td>
      <td>130</td>
    </tr>
    <tr>
      <td><a href='https://www.isrctn.com/ISRCTN58368696' target='_blank'><div>ISRCTN58368696</div></a></td>
      <td>The DECIDE study: dementia carers making informed decisions</td>
      <td>Behavioural</td>
      <td>Adult</td>
      <td>40</td>
    </tr>
    <tr>
      <td><a href='https://www.isrctn.com/ISRCTN40104069' target='_blank'><div>ISRCTN40104069</div></a></td>
      <td>Evaluating the effectiveness of a smartphone app to reduce alcohol consumpt...</td>
      <td>Behavioural</td>
      <td>Adult</td>
      <td>672</td>
    </tr>
    <tr>
      <td><a href='https://www.isrctn.com/ISRCTN75503960' target='_blank'><div>ISRCTN75503960</div></a></td>
      <td>IDEA: Intervention to prevent depressive symptoms and promote well-being in...</td>
      <td>Behavioural</td>
      <td>Adult</td>
      <td>60</td>
    </tr>
    <tr>
      <td><a href='https://www.isrctn.com/ISRCTN67199930' target='_blank'><div>ISRCTN67199930</div></a></td>
      <td>Improving care of people with dementia in Black African and Caribbean group...</td>
      <td>Other</td>
      <td>Adult</td>
      <td>94</td>
    </tr>
    <tr>
      <td><a href='https://www.isrctn.com/ISRCTN19689576' target='_blank'><div>ISRCTN19689576</div></a></td>
      <td>Quality and Effectiveness of Supported Tenancies (QuEST) WP4</td>
      <td>Other</td>
      <td>Adult</td>
      <td>220</td>
    </tr>
    <tr>
      <td><a href='https://www.isrctn.com/ISRCTN18430630' target='_blank'><div>ISRCTN18430630</div></a></td>
      <td>Deep brain stimulation for severe obsessive compulsive disorder</td>
      <td>Mixed</td>
      <td>Adult</td>
      <td>6</td>
    </tr>
    <tr>
      <td><a href='https://www.isrctn.com/ISRCTN32309003' target='_blank'><div>ISRCTN32309003</div></a></td>
      <td>Mentalization-based therapy (MBT) for individuals with antisocial personali...</td>
      <td>Behavioural</td>
      <td>Adult</td>
      <td>302</td>
    </tr>
    <tr>
      <td><a href='https://www.isrctn.com/ISRCTN33423896' target='_blank'><div>ISRCTN33423896</div></a></td>
      <td>Study of effectiveness of a smartphone app for stopping smoking focused on ...</td>
      <td>Behavioural</td>
      <td>Adult</td>
      <td>1186</td>
    </tr>
    <tr>
      <td><a href='https://www.isrctn.com/ISRCTN14845583' target='_blank'><div>ISRCTN14845583</div></a></td>
      <td>Trial of Sertraline versus CBT for generalised Anxiety</td>
      <td>Drug</td>
      <td>Adult</td>
      <td>360</td>
    </tr>
    <tr>
      <td><a href='https://www.isrctn.com/ISRCTN96745365' target='_blank'><div>ISRCTN96745365</div></a></td>
      <td>The MARQUE project: Managing agitation and raising quality of life to impro...</td>
      <td>Other</td>
      <td>Senior</td>
      <td>340</td>
    </tr>
    <tr>
      <td><a href='https://www.isrctn.com/ISRCTN84544741' target='_blank'><div>ISRCTN84544741</div></a></td>
      <td>What are the indications for prescribing antidepressants that will lead to ...</td>
      <td>Drug</td>
      <td>Adult</td>
      <td>547</td>
    </tr>
    <tr>
      <td><a href='https://www.isrctn.com/ISRCTN47901994' target='_blank'><div>ISRCTN47901994</div></a></td>
      <td>Increasing physical activity in older adults</td>
      <td>Behavioural</td>
      <td>Senior</td>
      <td>120</td>
    </tr>
    <tr>
      <td><a href='https://www.isrctn.com/ISRCTN19216873' target='_blank'><div>ISRCTN19216873</div></a></td>
      <td>Facilitating Early Diagnosis of Dementia (FED-D)</td>
      <td>Other</td>
      <td>Senior</td>
      <td>22</td>
    </tr>
    <tr>
      <td><a href='https://www.isrctn.com/ISRCTN88013175' target='_blank'><div>ISRCTN88013175</div></a></td>
      <td>Refeeding low weight adolescents with anorexia nervosa</td>
      <td>Other</td>
      <td>Child</td>
      <td>32</td>
    </tr>
    <tr>
      <td><a href='https://www.isrctn.com/ISRCTN50658915' target='_blank'><div>ISRCTN50658915</div></a></td>
      <td>Health on the Web study: a workplace study of online feedback for a healthy...</td>
      <td>Behavioural</td>
      <td>Adult</td>
      <td>1840</td>
    </tr>
    <tr>
      <td><a href='https://www.isrctn.com/ISRCTN74015152' target='_blank'><div>ISRCTN74015152</div></a></td>
      <td>The effectiveness of Collaborative Care feasibility study</td>
      <td>Other</td>
      <td>Adult</td>
      <td>44</td>
    </tr>
    <tr>
      <td><a href='https://www.isrctn.com/ISRCTN99820519' target='_blank'><div>ISRCTN99820519</div></a></td>
      <td>Internet Smoking Cessation Intervention trial</td>
      <td>Other</td>
      <td>Adult</td>
      <td>4260</td>
    </tr>
    <tr>
      <td><a href='https://www.isrctn.com/ISRCTN28441235' target='_blank'><div>ISRCTN28441235</div></a></td>
      <td>Services for Teens Engaging in Problem Sexual Behaviour (STEPS-B)</td>
      <td>Other</td>
      <td>Other</td>
      <td>80</td>
    </tr>
    <tr>
      <td><a href='https://www.isrctn.com/ISRCTN33576045' target='_blank'><div>ISRCTN33576045</div></a></td>
      <td>Contingency intervention for reduction of cannabis in early psychosis</td>
      <td>Other</td>
      <td>Adult</td>
      <td>544</td>
    </tr>
    <tr>
      <td><a href='https://www.isrctn.com/ISRCTN65945963' target='_blank'><div>ISRCTN65945963</div></a></td>
      <td>Individual Cognitive Stimulation Therapy for dementia</td>
      <td>Other</td>
      <td>All</td>
      <td>306</td>
    </tr>
    <tr>
      <td><a href='https://www.isrctn.com/ISRCTN25898179' target='_blank'><div>ISRCTN25898179</div></a></td>
      <td>Rehabilitation Effectiveness for Activities for Life</td>
      <td>Other</td>
      <td>Mixed</td>
      <td>900</td>
    </tr>
    <tr>
      <td><a href='https://www.isrctn.com/ISRCTN76561916' target='_blank'><div>ISRCTN76561916</div></a></td>
      <td>Increasing use of smoking cessation services with risk information and tast...</td>
      <td>Behavioural</td>
      <td>Adult</td>
      <td>2520</td>
    </tr>
    <tr>
      <td><a href='https://www.isrctn.com/ISRCTN70017938' target='_blank'><div>ISRCTN70017938</div></a></td>
      <td>START (STrAtegies for RelaTives) study</td>
      <td>Other</td>
      <td>Adult</td>
      <td>258</td>
    </tr>
    <tr>
      <td><a href='https://www.isrctn.com/ISRCTN77132214' target='_blank'><div>ISRCTN77132214</div></a></td>
      <td>START (Systemic Therapy for At Risk Teens): a national randomised controlle...</td>
      <td>Other</td>
      <td>Child</td>
      <td>700</td>
    </tr>
    <tr>
      <td><a href='https://www.isrctn.com/ISRCTN62599190' target='_blank'><div>ISRCTN62599190</div></a></td>
      <td>Comparison of training methods in dual diagnosis (mental health and substan...</td>
      <td>Other</td>
      <td>Adult</td>
      <td>315</td>
    </tr>
    <tr>
      <td><a href='https://www.isrctn.com/ISRCTN05385712' target='_blank'><div>ISRCTN05385712</div></a></td>
      <td>A primary care study of tailored advice for stopping smoking</td>
      <td>Other</td>
      <td>Adult</td>
      <td>7250</td>
    </tr>
    <tr>
      <td><a href='https://www.isrctn.com/ISRCTN36610074' target='_blank'><div>ISRCTN36610074</div></a></td>
      <td>Pro-active Care and its Evaluation for Enduring Depression</td>
      <td>Other</td>
      <td>Adult</td>
      <td>630</td>
    </tr>
    <tr>
      <td><a href='https://www.isrctn.com/ISRCTN67952488' target='_blank'><div>ISRCTN67952488</div></a></td>
      <td>Does occupational therapy intervention improve the quality of life for olde...</td>
      <td>Other</td>
      <td>Senior</td>
      <td>166</td>
    </tr>
    <tr>
      <td><a href='https://www.isrctn.com/ISRCTN31070347' target='_blank'><div>ISRCTN31070347</div></a></td>
      <td>Down Your Drink: On-line Randomised Controlled Trial of an Interactive Web-...</td>
      <td>Other</td>
      <td>Adult</td>
      <td>2600</td>
    </tr>
    <tr>
      <td><a href='https://www.isrctn.com/ISRCTN38741417' target='_blank'><div>ISRCTN38741417</div></a></td>
      <td>Helping parents with mental health problems to parent young infants: a Rand...</td>
      <td>Other</td>
      <td>Adult</td>
      <td>80</td>
    </tr>
    <tr>
      <td><a href='https://www.isrctn.com/ISRCTN57412244' target='_blank'><div>ISRCTN57412244</div></a></td>
      <td>Reducing distress in carers of patients receiving specialist palliative car...</td>
      <td>Other</td>
      <td>Adult</td>
      <td>280</td>
    </tr>
    <tr>
      <td><a href='https://www.isrctn.com/ISRCTN01712819' target='_blank'><div>ISRCTN01712819</div></a></td>
      <td>Improving the needs of people with dementia in care homes</td>
      <td>Other</td>
      <td>Senior</td>
      <td>238</td>
    </tr>
    <tr>
      <td><a href='https://www.isrctn.com/ISRCTN10548241' target='_blank'><div>ISRCTN10548241</div></a></td>
      <td>Study of effectiveness of a smartphone application for quitting smoking.</td>
      <td>Behavioural</td>
      <td>Other</td>
      <td>816</td>
    </tr>
    <tr>
      <td><a href='https://www.isrctn.com/ISRCTN31789096' target='_blank'><div>ISRCTN31789096</div></a></td>
      <td>Randomised controlled feasibility trial of a web-based alcohol treatment pr...</td>
      <td>Behavioural</td>
      <td>Adult</td>
      <td>200</td>
    </tr>
    <tr>
      <td><a href='https://www.isrctn.com/ISRCTN12268776' target='_blank'><div>ISRCTN12268776</div></a></td>
      <td>A study of Acceptance and Commitment Therapy for older people with chronic ...</td>
      <td>Other</td>
      <td>Senior</td>
      <td>40</td>
    </tr>
    <tr>
      <td><a href='https://www.isrctn.com/ISRCTN15969819' target='_blank'><div>ISRCTN15969819</div></a></td>
      <td>Antidepressants to prevent relapse in depression</td>
      <td>Drug</td>
      <td>Adult</td>
      <td>479</td>
    </tr>
  </tbody>
</table>"
5,-19154.466482071603,6719549.4513150705,Royal Free London NHS Foundation Trust,51.5521469,-0.1720675,1.0,1.0,"<table border=""1"" class=""dataframe"">
  <thead>
    <tr style=""text-align: left;"">
      <th>ISRCTN link</th>
      <th>Title</th>
      <th>Intervention type</th>
      <th>Age group</th>
      <th>Target number of participants</th>
    </tr>
  </thead>
  <tbody>
    <tr>
      <td><a href='https://www.isrctn.com/ISRCTN31789096' target='_blank'><div>ISRCTN31789096</div></a></td>
      <td>Randomised controlled feasibility trial of a web-based alcohol treatment pr...</td>
      <td>Behavioural</td>
      <td>Adult</td>
      <td>200</td>
    </tr>
  </tbody>
</table>"
6,-10384.895108562778,6710496.065767298,Unmind Ltd,51.5015489,-0.0932891,1.0,1.0,"<table border=""1"" class=""dataframe"">
  <thead>
    <tr style=""text-align: left;"">
      <th>ISRCTN link</th>
      <th>Title</th>
      <th>Intervention type</th>
      <th>Age group</th>
      <th>Target number of participants</th>
    </tr>
  </thead>
  <tbody>
    <tr>
      <td><a href='https://www.isrctn.com/ISRCTN80309011' target='_blank'><div>ISRCTN80309011</div></a></td>
      <td>Brief use of the Unmind digital mental health platform</td>
      <td>Behavioural</td>
      <td>Adult</td>
      <td>400</td>
    </tr>
  </tbody>
</table>"
7,-173105.45946283842,7133628.765905515,University of Leeds,53.8066815,-1.5550328,5.0,11.0,"<table border=""1"" class=""dataframe"">
  <thead>
    <tr style=""text-align: left;"">
      <th>ISRCTN link</th>
      <th>Title</th>
      <th>Intervention type</th>
      <th>Age group</th>
      <th>Target number of participants</th>
    </tr>
  </thead>
  <tbody>
    <tr>
      <td><a href='https://www.isrctn.com/ISRCTN18208347' target='_blank'><div>ISRCTN18208347</div></a></td>
      <td>Exploring how sexual assault referral centres (SARCs) provide services for ...</td>
      <td>Behavioural</td>
      <td>Adult</td>
      <td>432</td>
    </tr>
    <tr>
      <td><a href='https://www.isrctn.com/ISRCTN16049211' target='_blank'><div>ISRCTN16049211</div></a></td>
      <td>FReSH START feasibility study</td>
      <td>Other</td>
      <td>Adult</td>
      <td>30</td>
    </tr>
    <tr>
      <td><a href='https://www.isrctn.com/ISRCTN27596806' target='_blank'><div>ISRCTN27596806</div></a></td>
      <td>Investigation of a Smoking Prevention intervention for Young People</td>
      <td>Other</td>
      <td>Child</td>
      <td>4320</td>
    </tr>
    <tr>
      <td><a href='https://www.isrctn.com/ISRCTN59793150' target='_blank'><div>ISRCTN59793150</div></a></td>
      <td>SHIFT Trial - Family therapy vs treatment as usual for young people seen af...</td>
      <td>Other</td>
      <td>Child</td>
      <td>832</td>
    </tr>
    <tr>
      <td><a href='https://www.isrctn.com/ISRCTN58823759' target='_blank'><div>ISRCTN58823759</div></a></td>
      <td>The Leeds Evaluation of Efficacy of Detoxification Study (LEEDS) Prisons Pr...</td>
      <td>Drug</td>
      <td>Adult</td>
      <td>340</td>
    </tr>
  </tbody>
</table>"
10,-125193.51722956625,6913224.121171489,University of Leicester,52.6211393,-1.1246325,1.0,1.0,"<table border=""1"" class=""dataframe"">
  <thead>
    <tr style=""text-align: left;"">
      <th>ISRCTN link</th>
      <th>Title</th>
      <th>Intervention type</th>
      <th>Age group</th>
      <th>Target number of participants</th>
    </tr>
  </thead>
  <tbody>
    <tr>
      <td><a href='https://www.isrctn.com/ISRCTN27739943' target='_blank'><div>ISRCTN27739943</div></a></td>
      <td>An investigation of the frequency of social communication problems among ad...</td>
      <td>Other</td>
      <td>Adult</td>
      <td>200</td>
    </tr>
  </tbody>
</table>"
11,-214903.77978954036,6882052.998582191,University of Birmingham,52.4508168,-1.9305135,17.0,18.603744277225882,"<table border=""1"" class=""dataframe"">
  <thead>
    <tr style=""text-align: left;"">
      <th>ISRCTN link</th>
      <th>Title</th>
      <th>Intervention type</th>
      <th>Age group</th>
      <th>Target number of participants</th>
    </tr>
  </thead>
  <tbody>
    <tr>
      <td><a href='https://www.isrctn.com/ISRCTN12682719' target='_blank'><div>ISRCTN12682719</div></a></td>
      <td>Antidepressant for the prevention of depression following first-episode psy...</td>
      <td>Drug</td>
      <td>Adult</td>
      <td>508</td>
    </tr>
    <tr>
      <td><a href='https://www.isrctn.com/ISRCTN14244302' target='_blank'><div>ISRCTN14244302</div></a></td>
      <td>Mental health and interaction training for student health care professional...</td>
      <td>Behavioural</td>
      <td>Adult</td>
      <td>280</td>
    </tr>
    <tr>
      <td><a href='https://www.isrctn.com/ISRCTN16167470' target='_blank'><div>ISRCTN16167470</div></a></td>
      <td>Examining biofeedback with sexual offenders with a learning disability</td>
      <td>NaN</td>
      <td>Adult</td>
      <td>8</td>
    </tr>
    <tr>
      <td><a href='https://www.isrctn.com/ISRCTN33129243' target='_blank'><div>ISRCTN33129243</div></a></td>
      <td>Cognitive behavioural therapy to reduce anxiety and depression in atrial fi...</td>
      <td>Other</td>
      <td>Adult</td>
      <td>128</td>
    </tr>
    <tr>
      <td><a href='https://www.isrctn.com/ISRCTN65705512' target='_blank'><div>ISRCTN65705512</div></a></td>
      <td>Slimming World in Stop Smoking Services</td>
      <td>Other</td>
      <td>Adult</td>
      <td>320</td>
    </tr>
    <tr>
      <td><a href='https://www.isrctn.com/ISRCTN33031001' target='_blank'><div>ISRCTN33031001</div></a></td>
      <td>Nicotine patch preloading for smoking cessation: The Preloading Trial</td>
      <td>Other</td>
      <td>Adult</td>
      <td>1786</td>
    </tr>
    <tr>
      <td><a href='https://www.isrctn.com/ISRCTN75223808' target='_blank'><div>ISRCTN75223808</div></a></td>
      <td>A pilot assessor-blinded randomised controlled trial of Lee Silverman Voice...</td>
      <td>Other</td>
      <td>Adult</td>
      <td>60</td>
    </tr>
    <tr>
      <td><a href='https://www.isrctn.com/ISRCTN07406026' target='_blank'><div>ISRCTN07406026</div></a></td>
      <td>Mental health in schools: the development and evaluation of a universal edu...</td>
      <td>Other</td>
      <td>Child</td>
      <td>1658</td>
    </tr>
    <tr>
      <td><a href='https://www.isrctn.com/ISRCTN03732457' target='_blank'><div>ISRCTN03732457</div></a></td>
      <td>A study on implementing a smoking reduction programme through General Pract...</td>
      <td>Other</td>
      <td>Adult</td>
      <td>400</td>
    </tr>
    <tr>
      <td><a href='https://www.isrctn.com/ISRCTN54805841' target='_blank'><div>ISRCTN54805841</div></a></td>
      <td>Testing the feasibility of nicotine-assisted reduction to stop in pharmacie...</td>
      <td>Other</td>
      <td>Adult</td>
      <td>320</td>
    </tr>
    <tr>
      <td><a href='https://www.isrctn.com/ISRCTN54375405' target='_blank'><div>ISRCTN54375405</div></a></td>
      <td>Attentional bias retraining in cigarette smokers attempting smoking cessati...</td>
      <td>Other</td>
      <td>Adult</td>
      <td>200</td>
    </tr>
    <tr>
      <td><a href='https://www.isrctn.com/ISRCTN84245563' target='_blank'><div>ISRCTN84245563</div></a></td>
      <td>The effectiveness of exercise as a treatment for post-natal depression</td>
      <td>Other</td>
      <td>Adult</td>
      <td>208</td>
    </tr>
    <tr>
      <td><a href='https://www.isrctn.com/ISRCTN83865809' target='_blank'><div>ISRCTN83865809</div></a></td>
      <td>Very low calorie diet, modest dietary restriction and sequential behavioura...</td>
      <td>Other</td>
      <td>Adult</td>
      <td>300</td>
    </tr>
    <tr>
      <td><a href='https://www.isrctn.com/ISRCTN22526020' target='_blank'><div>ISRCTN22526020</div></a></td>
      <td>Rapid reduction versus abrupt quitting for smokers who want to stop soon</td>
      <td>Drug</td>
      <td>Adult</td>
      <td>686</td>
    </tr>
    <tr>
      <td><a href='https://www.isrctn.com/ISRCTN70036823' target='_blank'><div>ISRCTN70036823</div></a></td>
      <td>Trial of muscle relaxation as an aid to stopping smoking</td>
      <td>Other</td>
      <td>Adult</td>
      <td>40</td>
    </tr>
    <tr>
      <td><a href='https://www.isrctn.com/ISRCTN62304114' target='_blank'><div>ISRCTN62304114</div></a></td>
      <td>A multicentre, randomised controlled trial of cognitive therapy to reduce h...</td>
      <td>Other</td>
      <td>Adult</td>
      <td>180</td>
    </tr>
    <tr>
      <td><a href='https://www.isrctn.com/ISRCTN57852484' target='_blank'><div>ISRCTN57852484</div></a></td>
      <td>A pragmatic randomised controlled trial to test the efficacy of nortriptyli...</td>
      <td>Drug</td>
      <td>Adult</td>
      <td>900</td>
    </tr>
  </tbody>
</table>"
12,-132804.10798857908,6971867.107989617,University of Nottingham,52.93978269999999,-1.1929996,22.0,20.205726604783713,"<table border=""1"" class=""dataframe"">
  <thead>
    <tr style=""text-align: left;"">
      <th>ISRCTN link</th>
      <th>Title</th>
      <th>Intervention type</th>
      <th>Age group</th>
      <th>Target number of participants</th>
    </tr>
  </thead>
  <tbody>
    <tr>
      <td><a href='https://www.isrctn.com/ISRCTN11853110' target='_blank'><div>ISRCTN11853110</div></a></td>
      <td>Trial investigating the effectiveness of a medical device (Alpha-Stim AID) ...</td>
      <td>Device</td>
      <td>Adult</td>
      <td>230</td>
    </tr>
    <tr>
      <td><a href='https://www.isrctn.com/ISRCTN10201482' target='_blank'><div>ISRCTN10201482</div></a></td>
      <td>How does community group singing affect the wellbeing of people with dement...</td>
      <td>Other</td>
      <td>Adult</td>
      <td>160</td>
    </tr>
    <tr>
      <td><a href='https://www.isrctn.com/ISRCTN45400501' target='_blank'><div>ISRCTN45400501</div></a></td>
      <td>ADHD awareness in primary care</td>
      <td>Mixed</td>
      <td>Adult</td>
      <td>150</td>
    </tr>
    <tr>
      <td><a href='https://www.isrctn.com/ISRCTN11288961' target='_blank'><div>ISRCTN11288961</div></a></td>
      <td>Promoting independence in dementia (PRIDE): a feasibility randomised contro...</td>
      <td>Behavioural</td>
      <td>Adult</td>
      <td>80</td>
    </tr>
    <tr>
      <td><a href='https://www.isrctn.com/ISRCTN63825779' target='_blank'><div>ISRCTN63825779</div></a></td>
      <td>Yorkshire Enhanced Stop Smoking (YESS)</td>
      <td>Mixed</td>
      <td>Mixed</td>
      <td>1040</td>
    </tr>
    <tr>
      <td><a href='https://www.isrctn.com/ISRCTN66142865' target='_blank'><div>ISRCTN66142865</div></a></td>
      <td>Helping urgent care users cope with distress about physical complaints</td>
      <td>Behavioural</td>
      <td>Adult</td>
      <td>144</td>
    </tr>
    <tr>
      <td><a href='https://www.isrctn.com/ISRCTN12673428' target='_blank'><div>ISRCTN12673428</div></a></td>
      <td>Randomised controlled trial of the effectiveness of Big White Wall compared...</td>
      <td>Other</td>
      <td>Adult</td>
      <td>2200</td>
    </tr>
    <tr>
      <td><a href='https://www.isrctn.com/ISRCTN11219848' target='_blank'><div>ISRCTN11219848</div></a></td>
      <td>A pilot trial of the mental health first aid eLearning course with UK medic...</td>
      <td>Behavioural</td>
      <td>Adult</td>
      <td>50</td>
    </tr>
    <tr>
      <td><a href='https://www.isrctn.com/ISRCTN11727351' target='_blank'><div>ISRCTN11727351</div></a></td>
      <td>Comparing the effects of providing clinicians and patients with the results...</td>
      <td>Other</td>
      <td>Adult</td>
      <td>178</td>
    </tr>
    <tr>
      <td><a href='https://www.isrctn.com/ISRCTN34353836' target='_blank'><div>ISRCTN34353836</div></a></td>
      <td>Finch: Falls in care homes study</td>
      <td>Other</td>
      <td>Senior</td>
      <td>1308</td>
    </tr>
    <tr>
      <td><a href='https://www.isrctn.com/ISRCTN10963342' target='_blank'><div>ISRCTN10963342</div></a></td>
      <td>Trial of the clinical and cost-effectiveness of a specialist expert mood di...</td>
      <td>Mixed</td>
      <td>Adult</td>
      <td>222</td>
    </tr>
    <tr>
      <td><a href='https://www.isrctn.com/ISRCTN12715175' target='_blank'><div>ISRCTN12715175</div></a></td>
      <td>Behavioural activation therapy for depression after stroke</td>
      <td>Behavioural</td>
      <td>Adult</td>
      <td>72</td>
    </tr>
    <tr>
      <td><a href='https://www.isrctn.com/ISRCTN14099846' target='_blank'><div>ISRCTN14099846</div></a></td>
      <td>Preventing uptake of smoking in school-aged children</td>
      <td>Other</td>
      <td>Child</td>
      <td>6000</td>
    </tr>
    <tr>
      <td><a href='https://www.isrctn.com/ISRCTN19093443' target='_blank'><div>ISRCTN19093443</div></a></td>
      <td>Electrical brain activity patterns in children with Tourette syndrome and A...</td>
      <td>Other</td>
      <td>Child</td>
      <td>90</td>
    </tr>
    <tr>
      <td><a href='https://www.isrctn.com/ISRCTN87634685' target='_blank'><div>ISRCTN87634685</div></a></td>
      <td>PArents, Teachers and CHildren WORKing together (PATCHWORK)</td>
      <td>Behavioural</td>
      <td>Adult</td>
      <td>144</td>
    </tr>
    <tr>
      <td><a href='https://www.isrctn.com/ISRCTN13272820' target='_blank'><div>ISRCTN13272820</div></a></td>
      <td>Evaluation of adjustment groups for people with Multiple Sclerosis: a pilot...</td>
      <td>Other</td>
      <td>Adult</td>
      <td>40</td>
    </tr>
    <tr>
      <td><a href='https://www.isrctn.com/ISRCTN40909713' target='_blank'><div>ISRCTN40909713</div></a></td>
      <td>Effects of emotion recognition training on aggressive behaviour in antisoci...</td>
      <td>Behavioural</td>
      <td>Child</td>
      <td>40</td>
    </tr>
    <tr>
      <td><a href='https://www.isrctn.com/ISRCTN18240558' target='_blank'><div>ISRCTN18240558</div></a></td>
      <td>Individual placement and support (IPS) for people with severe mental health...</td>
      <td>Other</td>
      <td>Adult</td>
      <td>56</td>
    </tr>
    <tr>
      <td><a href='https://www.isrctn.com/ISRCTN21800480' target='_blank'><div>ISRCTN21800480</div></a></td>
      <td>Acute medical unit comprehensive geriatric assessment intervention study</td>
      <td>Other</td>
      <td>Senior</td>
      <td>600</td>
    </tr>
    <tr>
      <td><a href='https://www.isrctn.com/ISRCTN85562386' target='_blank'><div>ISRCTN85562386</div></a></td>
      <td>Prevention of decline in cognition after stroke trial</td>
      <td>Other</td>
      <td>Senior</td>
      <td>3400</td>
    </tr>
    <tr>
      <td><a href='https://www.isrctn.com/ISRCTN62761948' target='_blank'><div>ISRCTN62761948</div></a></td>
      <td>Group psychoeducation versus group support using expert patients and clinic...</td>
      <td>Other</td>
      <td>Adult</td>
      <td>358</td>
    </tr>
    <tr>
      <td><a href='https://www.isrctn.com/ISRCTN74799543' target='_blank'><div>ISRCTN74799543</div></a></td>
      <td>Optimising the management of mental health problems in primary care</td>
      <td>Device</td>
      <td>Adult</td>
      <td>100</td>
    </tr>
  </tbody>
</table>"
13,-209987.26542306278,6888828.846517856,Birmingham Community Healthcare NHS Trust,52.487897,-1.8863477,1.0,1.0,"<table border=""1"" class=""dataframe"">
  <thead>
    <tr style=""text-align: left;"">
      <th>ISRCTN link</th>
      <th>Title</th>
      <th>Intervention type</th>
      <th>Age group</th>
      <th>Target number of participants</th>
    </tr>
  </thead>
  <tbody>
    <tr>
      <td><a href='https://www.isrctn.com/ISRCTN35167485' target='_blank'><div>ISRCTN35167485</div></a></td>
      <td>A therapist-led treatment for symptoms of post-traumatic stress disorder (P...</td>
      <td>Behavioural</td>
      <td>Adult</td>
      <td>325</td>
    </tr>
  </tbody>
</table>"
14,-331970.6179688271,7650185.350090201,University of Dundee,56.45824469999999,-2.9821428,3.0,7.826061944859854,"<table border=""1"" class=""dataframe"">
  <thead>
    <tr style=""text-align: left;"">
      <th>ISRCTN link</th>
      <th>Title</th>
      <th>Intervention type</th>
      <th>Age group</th>
      <th>Target number of participants</th>
    </tr>
  </thead>
  <tbody>
    <tr>
      <td><a href='https://www.isrctn.com/ISRCTN12276176' target='_blank'><div>ISRCTN12276176</div></a></td>
      <td>Self-criticism and self-injury: Testing a novel diary-based treatment appro...</td>
      <td>Behavioural</td>
      <td>Adult</td>
      <td>144</td>
    </tr>
    <tr>
      <td><a href='https://www.isrctn.com/ISRCTN10515845' target='_blank'><div>ISRCTN10515845</div></a></td>
      <td>Alcohol and disadvantaged men: developing a brief intervention for delivery...</td>
      <td>Behavioural</td>
      <td>Adult</td>
      <td>110</td>
    </tr>
    <tr>
      <td><a href='https://www.isrctn.com/ISRCTN43958304' target='_blank'><div>ISRCTN43958304</div></a></td>
      <td>Reducing cognitive decline and dementia by lowering blood pressure pilot I ...</td>
      <td>Other</td>
      <td>Senior</td>
      <td>110</td>
    </tr>
  </tbody>
</table>"
15,-288495.2695133245,6709912.247835172,North Bristol NHS Trust,51.4982841,-2.5915971,3.0,7.826061944859854,"<table border=""1"" class=""dataframe"">
  <thead>
    <tr style=""text-align: left;"">
      <th>ISRCTN link</th>
      <th>Title</th>
      <th>Intervention type</th>
      <th>Age group</th>
      <th>Target number of participants</th>
    </tr>
  </thead>
  <tbody>
    <tr>
      <td><a href='https://www.isrctn.com/ISRCTN10666798' target='_blank'><div>ISRCTN10666798</div></a></td>
      <td>The COVID-19 Emergency Response Assessment Study: a survey of the psycholog...</td>
      <td>Other</td>
      <td>Adult</td>
      <td>6000</td>
    </tr>
    <tr>
      <td><a href='https://www.isrctn.com/ISRCTN78129879' target='_blank'><div>ISRCTN78129879</div></a></td>
      <td>Assessing the effect of caffeine on attention in patients with and without ...</td>
      <td>Drug</td>
      <td>Adult</td>
      <td>40</td>
    </tr>
    <tr>
      <td><a href='https://www.isrctn.com/ISRCTN12718815' target='_blank'><div>ISRCTN12718815</div></a></td>
      <td>The language explorer clinical evaluation study</td>
      <td>Other</td>
      <td>Child</td>
      <td>60</td>
    </tr>
  </tbody>
</table>"
16,-460816.4052398808,6511629.516833119,Plymouth University,50.3758892,-4.1395842,1.0,1.0,"<table border=""1"" class=""dataframe"">
  <thead>
    <tr style=""text-align: left;"">
      <th>ISRCTN link</th>
      <th>Title</th>
      <th>Intervention type</th>
      <th>Age group</th>
      <th>Target number of participants</th>
    </tr>
  </thead>
  <tbody>
    <tr>
      <td><a href='https://www.isrctn.com/ISRCTN80475744' target='_blank'><div>ISRCTN80475744</div></a></td>
      <td>Health trainers for people on community supervision</td>
      <td>Behavioural</td>
      <td>Adult</td>
      <td>120</td>
    </tr>
  </tbody>
</table>"
17,-173822.0898167692,6868991.812706135,University of Warwick,52.3792525,-1.5614704,11.0,15.898961024049783,"<table border=""1"" class=""dataframe"">
  <thead>
    <tr style=""text-align: left;"">
      <th>ISRCTN link</th>
      <th>Title</th>
      <th>Intervention type</th>
      <th>Age group</th>
      <th>Target number of participants</th>
    </tr>
  </thead>
  <tbody>
    <tr>
      <td><a href='https://www.isrctn.com/ISRCTN11409097' target='_blank'><div>ISRCTN11409097</div></a></td>
      <td>READ-IT feasibility study: Teaching early reading skills to adults with int...</td>
      <td>Other</td>
      <td>Adult</td>
      <td>48</td>
    </tr>
    <tr>
      <td><a href='https://www.isrctn.com/ISRCTN63358736' target='_blank'><div>ISRCTN63358736</div></a></td>
      <td>An online parenting intervention to prevent affective disorders in high-ris...</td>
      <td>Behavioural</td>
      <td>Adult</td>
      <td>433</td>
    </tr>
    <tr>
      <td><a href='https://www.isrctn.com/ISRCTN70419473' target='_blank'><div>ISRCTN70419473</div></a></td>
      <td>Early Positive Approaches to Support (E-PAtS) feasibility study</td>
      <td>Behavioural</td>
      <td>Adult</td>
      <td>128</td>
    </tr>
    <tr>
      <td><a href='https://www.isrctn.com/ISRCTN41443166' target='_blank'><div>ISRCTN41443166</div></a></td>
      <td>Social cognitive therapy in virtual reality for early psychosis</td>
      <td>Behavioural</td>
      <td>Adult</td>
      <td>20</td>
    </tr>
    <tr>
      <td><a href='https://www.isrctn.com/ISRCTN53763600' target='_blank'><div>ISRCTN53763600</div></a></td>
      <td>Who's Challenging Who</td>
      <td>Behavioural</td>
      <td>Adult</td>
      <td>236</td>
    </tr>
    <tr>
      <td><a href='https://www.isrctn.com/ISRCTN83240263' target='_blank'><div>ISRCTN83240263</div></a></td>
      <td>The MILESTONE study: improving transition from child to adult mental health...</td>
      <td>Behavioural</td>
      <td>Mixed</td>
      <td>3000</td>
    </tr>
    <tr>
      <td><a href='https://www.isrctn.com/ISRCTN47282925' target='_blank'><div>ISRCTN47282925</div></a></td>
      <td>The evaluation of the Parents under Pressure Programme</td>
      <td>Other</td>
      <td>Adult</td>
      <td>140</td>
    </tr>
    <tr>
      <td><a href='https://www.isrctn.com/ISRCTN32612072' target='_blank'><div>ISRCTN32612072</div></a></td>
      <td>Physical activity programmes for community dwelling people with mild to mod...</td>
      <td>Behavioural</td>
      <td>Adult</td>
      <td>468</td>
    </tr>
    <tr>
      <td><a href='https://www.isrctn.com/ISRCTN48134476' target='_blank'><div>ISRCTN48134476</div></a></td>
      <td>The PsyWell study: promoting Psychological Wellbeing using an internet-base...</td>
      <td>Other</td>
      <td>Adult</td>
      <td>2040</td>
    </tr>
    <tr>
      <td><a href='https://www.isrctn.com/ISRCTN37185489' target='_blank'><div>ISRCTN37185489</div></a></td>
      <td>Recovery through healthy living in acute psychiatric setting</td>
      <td>Behavioural</td>
      <td>Adult</td>
      <td>100</td>
    </tr>
    <tr>
      <td><a href='https://www.isrctn.com/ISRCTN91450073' target='_blank'><div>ISRCTN91450073</div></a></td>
      <td>Mums 4 Mums: telephone peer support for women experiencing post-natal depre...</td>
      <td>Other</td>
      <td>Adult</td>
      <td>80</td>
    </tr>
  </tbody>
</table>"
18,-330095.57472980337,7058225.529810573,University of Liverpool,53.40478239999999,-2.965299,8.0,13.920296742201792,"<table border=""1"" class=""dataframe"">
  <thead>
    <tr style=""text-align: left;"">
      <th>ISRCTN link</th>
      <th>Title</th>
      <th>Intervention type</th>
      <th>Age group</th>
      <th>Target number of participants</th>
    </tr>
  </thead>
  <tbody>
    <tr>
      <td><a href='https://www.isrctn.com/ISRCTN15214107' target='_blank'><div>ISRCTN15214107</div></a></td>
      <td>Pilot trial of an evidence-based low intensity psychosocial intervention de...</td>
      <td>Other</td>
      <td>Adult</td>
      <td>105</td>
    </tr>
    <tr>
      <td><a href='https://www.isrctn.com/ISRCTN44832384' target='_blank'><div>ISRCTN44832384</div></a></td>
      <td>Stress and wellbeing after childbirth (STRAWB2)</td>
      <td>Other</td>
      <td>Adult</td>
      <td>2640</td>
    </tr>
    <tr>
      <td><a href='https://www.isrctn.com/ISRCTN94553028' target='_blank'><div>ISRCTN94553028</div></a></td>
      <td>Human rights in dementia care</td>
      <td>Other</td>
      <td>Adult</td>
      <td>280</td>
    </tr>
    <tr>
      <td><a href='https://www.isrctn.com/ISRCTN55671858' target='_blank'><div>ISRCTN55671858</div></a></td>
      <td>A web-based intervention to reduce alcohol consumption in problem drinkers</td>
      <td>Other</td>
      <td>Adult</td>
      <td>268</td>
    </tr>
    <tr>
      <td><a href='https://www.isrctn.com/ISRCTN79705874' target='_blank'><div>ISRCTN79705874</div></a></td>
      <td>Debt counselling for depression in primary care</td>
      <td>Other</td>
      <td>Adult</td>
      <td>470</td>
    </tr>
    <tr>
      <td><a href='https://www.isrctn.com/ISRCTN68572159' target='_blank'><div>ISRCTN68572159</div></a></td>
      <td>AMP WellBeing Intervention trial</td>
      <td>Other</td>
      <td>Adult</td>
      <td>100</td>
    </tr>
    <tr>
      <td><a href='https://www.isrctn.com/ISRCTN41352631' target='_blank'><div>ISRCTN41352631</div></a></td>
      <td>Feasability study of Enhanced Relapse Prevention (ERP) delivered by Care Co...</td>
      <td>Other</td>
      <td>Adult</td>
      <td>120</td>
    </tr>
    <tr>
      <td><a href='https://www.isrctn.com/ISRCTN39345394' target='_blank'><div>ISRCTN39345394</div></a></td>
      <td>A randomised controlled multi-centre treatment trial of adolescent anorexia...</td>
      <td>Other</td>
      <td>Child</td>
      <td>167</td>
    </tr>
  </tbody>
</table>"
19,-247990.80449616374,7068684.4314735355,Manchester University NHS Foundation Trust,53.4607569,-2.2277393,2.0,5.306765580733931,"<table border=""1"" class=""dataframe"">
  <thead>
    <tr style=""text-align: left;"">
      <th>ISRCTN link</th>
      <th>Title</th>
      <th>Intervention type</th>
      <th>Age group</th>
      <th>Target number of participants</th>
    </tr>
  </thead>
  <tbody>
    <tr>
      <td><a href='https://www.isrctn.com/ISRCTN45412843' target='_blank'><div>ISRCTN45412843</div></a></td>
      <td>REACH-ASD Trial: A randomised controlled trial of a new workshop programme ...</td>
      <td>Behavioural</td>
      <td>Adult</td>
      <td>330</td>
    </tr>
    <tr>
      <td><a href='https://www.isrctn.com/ISRCTN25378536' target='_blank'><div>ISRCTN25378536</div></a></td>
      <td>Improving autistic children's social communication with parents in everyday...</td>
      <td>Other</td>
      <td>Child</td>
      <td>268</td>
    </tr>
  </tbody>
</table>"
20,-155375.22567792505,6609823.30843706,University of Southampton,50.9351092,-1.3957594,17.0,18.603744277225882,"<table border=""1"" class=""dataframe"">
  <thead>
    <tr style=""text-align: left;"">
      <th>ISRCTN link</th>
      <th>Title</th>
      <th>Intervention type</th>
      <th>Age group</th>
      <th>Target number of participants</th>
    </tr>
  </thead>
  <tbody>
    <tr>
      <td><a href='https://www.isrctn.com/ISRCTN20867558' target='_blank'><div>ISRCTN20867558</div></a></td>
      <td>Survive and Thrive: exploring the wellbeing of doctors in a post-COVID-19 e...</td>
      <td>Other</td>
      <td>Adult</td>
      <td>350</td>
    </tr>
    <tr>
      <td><a href='https://www.isrctn.com/ISRCTN17349359' target='_blank'><div>ISRCTN17349359</div></a></td>
      <td>Trialling the Active Brains programme to reduce cognitive impairment in old...</td>
      <td>Other</td>
      <td>Adult</td>
      <td>21455</td>
    </tr>
    <tr>
      <td><a href='https://www.isrctn.com/ISRCTN12417565' target='_blank'><div>ISRCTN12417565</div></a></td>
      <td>Trial of Internet and telephone support to people coming off long-term anti...</td>
      <td>Other</td>
      <td>Adult</td>
      <td>402</td>
    </tr>
    <tr>
      <td><a href='https://www.isrctn.com/ISRCTN11949327' target='_blank'><div>ISRCTN11949327</div></a></td>
      <td>Exploring the wellbeing of doctors</td>
      <td>Other</td>
      <td>Adult</td>
      <td>250</td>
    </tr>
    <tr>
      <td><a href='https://www.isrctn.com/ISRCTN19193075' target='_blank'><div>ISRCTN19193075</div></a></td>
      <td>The Project About Loneliness and Social networks (PALS)</td>
      <td>Behavioural</td>
      <td>Adult</td>
      <td>394</td>
    </tr>
    <tr>
      <td><a href='https://www.isrctn.com/ISRCTN17299295' target='_blank'><div>ISRCTN17299295</div></a></td>
      <td>Patient-reported outcome measures for monitoring primary care patients with...</td>
      <td>Other</td>
      <td>Adult</td>
      <td>676</td>
    </tr>
    <tr>
      <td><a href='https://www.isrctn.com/ISRCTN15036829' target='_blank'><div>ISRCTN15036829</div></a></td>
      <td>REDUCE Programme WS4: REviewing long term anti-DEpressant Use by Careful mo...</td>
      <td>Other</td>
      <td>Adult</td>
      <td>70</td>
    </tr>
    <tr>
      <td><a href='https://www.isrctn.com/ISRCTN23758980' target='_blank'><div>ISRCTN23758980</div></a></td>
      <td>The Active Brains study - feasibility trial</td>
      <td>Other</td>
      <td>Adult</td>
      <td>20000</td>
    </tr>
    <tr>
      <td><a href='https://www.isrctn.com/ISRCTN11688040' target='_blank'><div>ISRCTN11688040</div></a></td>
      <td>Reducing distress from somatic symptoms</td>
      <td>Other</td>
      <td>Adult</td>
      <td>12</td>
    </tr>
    <tr>
      <td><a href='https://www.isrctn.com/ISRCTN43889760' target='_blank'><div>ISRCTN43889760</div></a></td>
      <td>A study examining the effect of Cimzia on inflammation in the brain</td>
      <td>Drug</td>
      <td>Senior</td>
      <td>46</td>
    </tr>
    <tr>
      <td><a href='https://www.isrctn.com/ISRCTN67177737' target='_blank'><div>ISRCTN67177737</div></a></td>
      <td>Healthy Mind: a study of a web and smartphone stress management tool</td>
      <td>Other</td>
      <td>Adult</td>
      <td>432</td>
    </tr>
    <tr>
      <td><a href='https://www.isrctn.com/ISRCTN97492541' target='_blank'><div>ISRCTN97492541</div></a></td>
      <td>Patient-reported outcome measures (PROMs) in the assessment and follow-up m...</td>
      <td>Other</td>
      <td>Adult</td>
      <td>48</td>
    </tr>
    <tr>
      <td><a href='https://www.isrctn.com/ISRCTN79413977' target='_blank'><div>ISRCTN79413977</div></a></td>
      <td>Can we enhance the social communication skills of preschool children with A...</td>
      <td>Behavioural</td>
      <td>Child</td>
      <td>20</td>
    </tr>
    <tr>
      <td><a href='https://www.isrctn.com/ISRCTN85784627' target='_blank'><div>ISRCTN85784627</div></a></td>
      <td>REFRAMEd - REFRactory depression: Mechanisms and Effectiveness of radically...</td>
      <td>Behavioural</td>
      <td>Adult</td>
      <td>276</td>
    </tr>
    <tr>
      <td><a href='https://www.isrctn.com/ISRCTN55164794' target='_blank'><div>ISRCTN55164794</div></a></td>
      <td>Investigating the effectiveness of a working memory training intervention t...</td>
      <td>Other</td>
      <td>Child</td>
      <td>54</td>
    </tr>
    <tr>
      <td><a href='https://www.isrctn.com/ISRCTN74481308' target='_blank'><div>ISRCTN74481308</div></a></td>
      <td>Chronic and Acute Effects of Artificial Colourings and Preservatives on Chi...</td>
      <td>Drug</td>
      <td>Child</td>
      <td>297</td>
    </tr>
    <tr>
      <td><a href='https://www.isrctn.com/ISRCTN84854789' target='_blank'><div>ISRCTN84854789</div></a></td>
      <td>A randomised controlled trial to determine the cost-effectiveness of fluoxe...</td>
      <td>Drug</td>
      <td>Adult</td>
      <td>300</td>
    </tr>
  </tbody>
</table>"
21,-248674.7959753939,7069823.728924356,University of Manchester,53.4668498,-2.2338837,55.0,25.898961024049783,"<table border=""1"" class=""dataframe"">
  <thead>
    <tr style=""text-align: left;"">
      <th>ISRCTN link</th>
      <th>Title</th>
      <th>Intervention type</th>
      <th>Age group</th>
      <th>Target number of participants</th>
    </tr>
  </thead>
  <tbody>
    <tr>
      <td><a href='https://www.isrctn.com/ISRCTN13235264' target='_blank'><div>ISRCTN13235264</div></a></td>
      <td>Identifying acceptable support strategies for parents of children with obse...</td>
      <td>Other</td>
      <td>Adult</td>
      <td>95</td>
    </tr>
    <tr>
      <td><a href='https://www.isrctn.com/ISRCTN11998005' target='_blank'><div>ISRCTN11998005</div></a></td>
      <td>Light-dark and activity rhythm therapy for sleep: a study to explore the pr...</td>
      <td>Behavioural</td>
      <td>Adult</td>
      <td>510</td>
    </tr>
    <tr>
      <td><a href='https://www.isrctn.com/ISRCTN14874035' target='_blank'><div>ISRCTN14874035</div></a></td>
      <td>Cognitive mechanisms of an intervention to reduce heavy drinking</td>
      <td>Behavioural</td>
      <td>Adult</td>
      <td>116</td>
    </tr>
    <tr>
      <td><a href='https://www.isrctn.com/ISRCTN35503634' target='_blank'><div>ISRCTN35503634</div></a></td>
      <td>Investigating cognitive training tasks to reduce heavy drinking</td>
      <td>Behavioural</td>
      <td>Adult</td>
      <td>32</td>
    </tr>
    <tr>
      <td><a href='https://www.isrctn.com/ISRCTN12826685' target='_blank'><div>ISRCTN12826685</div></a></td>
      <td>De-escalating conflict in adult inpatient mental health settings: developme...</td>
      <td>Behavioural</td>
      <td>Adult</td>
      <td>550</td>
    </tr>
    <tr>
      <td><a href='https://www.isrctn.com/ISRCTN11394005' target='_blank'><div>ISRCTN11394005</div></a></td>
      <td>Co-production and evaluation of an e-learning resource to improve African C...</td>
      <td>Other</td>
      <td>Adult</td>
      <td>40</td>
    </tr>
    <tr>
      <td><a href='https://www.isrctn.com/ISRCTN54123111' target='_blank'><div>ISRCTN54123111</div></a></td>
      <td>Difficulty retrieving words (anomia) in people with relapsing-remitting mul...</td>
      <td>Behavioural</td>
      <td>Adult</td>
      <td>50</td>
    </tr>
    <tr>
      <td><a href='https://www.isrctn.com/ISRCTN17056211' target='_blank'><div>ISRCTN17056211</div></a></td>
      <td>The SENSE-Cog Randomised Controlled Trial (RCT): Comparing individualised s...</td>
      <td>Other</td>
      <td>Senior</td>
      <td>708</td>
    </tr>
    <tr>
      <td><a href='https://www.isrctn.com/ISRCTN76986679' target='_blank'><div>ISRCTN76986679</div></a></td>
      <td>Active Assistance for Psychological Therapy 2.0 (Actissist 2.0)</td>
      <td>Other</td>
      <td>Adult</td>
      <td>170</td>
    </tr>
    <tr>
      <td><a href='https://www.isrctn.com/ISRCTN23278208' target='_blank'><div>ISRCTN23278208</div></a></td>
      <td>Preventing depression study: PERSUADE</td>
      <td>Other</td>
      <td>Adult</td>
      <td>64</td>
    </tr>
    <tr>
      <td><a href='https://www.isrctn.com/ISRCTN10122979' target='_blank'><div>ISRCTN10122979</div></a></td>
      <td>Dempower: Living Life and Doing Things Together couple-management guide</td>
      <td>Other</td>
      <td>Mixed</td>
      <td>50</td>
    </tr>
    <tr>
      <td><a href='https://www.isrctn.com/ISRCTN17776666' target='_blank'><div>ISRCTN17776666</div></a></td>
      <td>CARMS v1: Cognitive approaches to combatting suicidality</td>
      <td>Behavioural</td>
      <td>Adult</td>
      <td>250</td>
    </tr>
    <tr>
      <td><a href='https://www.isrctn.com/ISRCTN12765736' target='_blank'><div>ISRCTN12765736</div></a></td>
      <td>A feasibility study of Baby Triple P Positive Parenting Programme for mothe...</td>
      <td>Behavioural</td>
      <td>Adult</td>
      <td>75</td>
    </tr>
    <tr>
      <td><a href='https://www.isrctn.com/ISRCTN48030419' target='_blank'><div>ISRCTN48030419</div></a></td>
      <td>Speech-language therapy for child social communication disorder</td>
      <td>Other</td>
      <td>Adult</td>
      <td>140</td>
    </tr>
    <tr>
      <td><a href='https://www.isrctn.com/ISRCTN13359355' target='_blank'><div>ISRCTN13359355</div></a></td>
      <td>Next Level: Method of Levels for Psychosis</td>
      <td>Other</td>
      <td>Adult</td>
      <td>36</td>
    </tr>
    <tr>
      <td><a href='https://www.isrctn.com/ISRCTN12591717' target='_blank'><div>ISRCTN12591717</div></a></td>
      <td>Effective home support dementia care</td>
      <td>Other</td>
      <td>Adult</td>
      <td>360</td>
    </tr>
    <tr>
      <td><a href='https://www.isrctn.com/ISRCTN13721202' target='_blank'><div>ISRCTN13721202</div></a></td>
      <td>The FRIENDS Programme: an evaluation of academic and emotional health outco...</td>
      <td>Behavioural</td>
      <td>Child</td>
      <td>3300</td>
    </tr>
    <tr>
      <td><a href='https://www.isrctn.com/ISRCTN64152096' target='_blank'><div>ISRCTN64152096</div></a></td>
      <td>The Good Behaviour Game</td>
      <td>Behavioural</td>
      <td>Child</td>
      <td>2880</td>
    </tr>
    <tr>
      <td><a href='https://www.isrctn.com/ISRCTN11610200' target='_blank'><div>ISRCTN11610200</div></a></td>
      <td>Evaluating specific plans to increase smoking quit attempts</td>
      <td>Behavioural</td>
      <td>Adult</td>
      <td>477</td>
    </tr>
    <tr>
      <td><a href='https://www.isrctn.com/ISRCTN33560198' target='_blank'><div>ISRCTN33560198</div></a></td>
      <td>Case management to enhance occupational support (CAMEOS)</td>
      <td>Other</td>
      <td>Adult</td>
      <td>100</td>
    </tr>
    <tr>
      <td><a href='https://www.isrctn.com/ISRCTN27529354' target='_blank'><div>ISRCTN27529354</div></a></td>
      <td>Primary Care Trial Efficacy of Alternative Modalities (PCTEAM)</td>
      <td>Other</td>
      <td>Adult</td>
      <td>150</td>
    </tr>
    <tr>
      <td><a href='https://www.isrctn.com/ISRCTN20501647' target='_blank'><div>ISRCTN20501647</div></a></td>
      <td>The Manchester parent-child preparation study</td>
      <td>Other</td>
      <td>Child</td>
      <td>180</td>
    </tr>
    <tr>
      <td><a href='https://www.isrctn.com/ISRCTN83928726' target='_blank'><div>ISRCTN83928726</div></a></td>
      <td>Can a new talking therapy for people with bipolar disorders lead to improve...</td>
      <td>Other</td>
      <td>Adult</td>
      <td>82</td>
    </tr>
    <tr>
      <td><a href='https://www.isrctn.com/ISRCTN34966555' target='_blank'><div>ISRCTN34966555</div></a></td>
      <td>Active Assistance for Psychological Therapy (Actissist): Using mobile techn...</td>
      <td>Other</td>
      <td>Adult</td>
      <td>36</td>
    </tr>
    <tr>
      <td><a href='https://www.isrctn.com/ISRCTN36604066' target='_blank'><div>ISRCTN36604066</div></a></td>
      <td>Neuroimaging the effects of modafinil in healthy volunteers</td>
      <td>Other</td>
      <td>Adult</td>
      <td>34</td>
    </tr>
    <tr>
      <td><a href='https://www.isrctn.com/ISRCTN09150095' target='_blank'><div>ISRCTN09150095</div></a></td>
      <td>Benefits of Exercise in Early Psychosis</td>
      <td>Behavioural</td>
      <td>Adult</td>
      <td>30</td>
    </tr>
    <tr>
      <td><a href='https://www.isrctn.com/ISRCTN66900787' target='_blank'><div>ISRCTN66900787</div></a></td>
      <td>Neuroimaging effects of a single dose of modafinil on brain activation in p...</td>
      <td>Other</td>
      <td>Adult</td>
      <td>33</td>
    </tr>
    <tr>
      <td><a href='https://www.isrctn.com/ISRCTN47224604' target='_blank'><div>ISRCTN47224604</div></a></td>
      <td>Can Antenatal yoga Lower Maternal Anxiety (CALMA)</td>
      <td>Behavioural</td>
      <td>Adult</td>
      <td>72</td>
    </tr>
    <tr>
      <td><a href='https://www.isrctn.com/ISRCTN18761534' target='_blank'><div>ISRCTN18761534</div></a></td>
      <td>Women Offenders Repeat Self-Harm Intervention Pilot II</td>
      <td>Other</td>
      <td>Adult</td>
      <td>140</td>
    </tr>
    <tr>
      <td><a href='https://www.isrctn.com/ISRCTN98067793' target='_blank'><div>ISRCTN98067793</div></a></td>
      <td>Critical time intervention for severely mentally ill released prisoners</td>
      <td>Other</td>
      <td>Adult</td>
      <td>200</td>
    </tr>
    <tr>
      <td><a href='https://www.isrctn.com/ISRCTN85087674' target='_blank'><div>ISRCTN85087674</div></a></td>
      <td>PATHS to success: Evaluating the efficacy of the Promoting Alternative Thin...</td>
      <td>Other</td>
      <td>Child</td>
      <td>5250</td>
    </tr>
    <tr>
      <td><a href='https://www.isrctn.com/ISRCTN80309252' target='_blank'><div>ISRCTN80309252</div></a></td>
      <td>Care for depression in people with diabetes and/or coronary heart disease</td>
      <td>Other</td>
      <td>Adult</td>
      <td>450</td>
    </tr>
    <tr>
      <td><a href='https://www.isrctn.com/ISRCTN87373263' target='_blank'><div>ISRCTN87373263</div></a></td>
      <td>Intervention within the British Autism Study of Infant Siblings (iBASIS)</td>
      <td>Behavioural</td>
      <td>Neonate</td>
      <td>50</td>
    </tr>
    <tr>
      <td><a href='https://www.isrctn.com/ISRCTN59909209' target='_blank'><div>ISRCTN59909209</div></a></td>
      <td>Prevention of Suicide in Prisons (PROSPeR)</td>
      <td>Other</td>
      <td>Adult</td>
      <td>90</td>
    </tr>
    <tr>
      <td><a href='https://www.isrctn.com/ISRCTN73535163' target='_blank'><div>ISRCTN73535163</div></a></td>
      <td>Obsessive Compulsive Treatment Efficacy Trial (OCTET)</td>
      <td>Other</td>
      <td>Adult</td>
      <td>432</td>
    </tr>
    <tr>
      <td><a href='https://www.isrctn.com/ISRCTN14774583' target='_blank'><div>ISRCTN14774583</div></a></td>
      <td>Integrated psychological therapy for people with bipolar disorder (BD) and ...</td>
      <td>Other</td>
      <td>Adult</td>
      <td>48</td>
    </tr>
    <tr>
      <td><a href='https://www.isrctn.com/ISRCTN00991963' target='_blank'><div>ISRCTN00991963</div></a></td>
      <td>Evaluation of the RESETTLE project (formerly Community Risk Assessment and ...</td>
      <td>Other</td>
      <td>Not Specified</td>
      <td>72</td>
    </tr>
    <tr>
      <td><a href='https://www.isrctn.com/ISRCTN65171515' target='_blank'><div>ISRCTN65171515</div></a></td>
      <td>Contact and information after self-harm pilot study</td>
      <td>Other</td>
      <td>Adult</td>
      <td>100</td>
    </tr>
    <tr>
      <td><a href='https://www.isrctn.com/ISRCTN50487713' target='_blank'><div>ISRCTN50487713</div></a></td>
      <td>Self-help Therapy and Recovery Trial: evaluation of a recovery guide for ps...</td>
      <td>Other</td>
      <td>Adult</td>
      <td>120</td>
    </tr>
    <tr>
      <td><a href='https://www.isrctn.com/ISRCTN16939126' target='_blank'><div>ISRCTN16939126</div></a></td>
      <td>Cognitive Behavioural Suicide Prevention for psychosis</td>
      <td>Other</td>
      <td>Adult</td>
      <td>60</td>
    </tr>
    <tr>
      <td><a href='https://www.isrctn.com/ISRCTN89615545' target='_blank'><div>ISRCTN89615545</div></a></td>
      <td>REmission MEchanisms in Depression</td>
      <td>Drug</td>
      <td>Adult</td>
      <td>72</td>
    </tr>
    <tr>
      <td><a href='https://www.isrctn.com/ISRCTN44929984' target='_blank'><div>ISRCTN44929984</div></a></td>
      <td>Telephone-administered cognitive behavioural therapy (CBT) for working adul...</td>
      <td>Other</td>
      <td>Adult</td>
      <td>60</td>
    </tr>
    <tr>
      <td><a href='https://www.isrctn.com/ISRCTN20496110' target='_blank'><div>ISRCTN20496110</div></a></td>
      <td>Group therapy for adolescents who repeatedly harm themselves</td>
      <td>Other</td>
      <td>Child</td>
      <td>372</td>
    </tr>
    <tr>
      <td><a href='https://www.isrctn.com/ISRCTN56283883' target='_blank'><div>ISRCTN56283883</div></a></td>
      <td>Early Detection and Intervention Evaluation for individuals at high risk of...</td>
      <td>Other</td>
      <td>Adult</td>
      <td>320</td>
    </tr>
    <tr>
      <td><a href='https://www.isrctn.com/ISRCTN89423966' target='_blank'><div>ISRCTN89423966</div></a></td>
      <td>Evaluation of a cognitive-behavioural (schema-focused) therapy in the perso...</td>
      <td>Other</td>
      <td>Adult</td>
      <td>60</td>
    </tr>
    <tr>
      <td><a href='https://www.isrctn.com/ISRCTN19172148' target='_blank'><div>ISRCTN19172148</div></a></td>
      <td>Randomised controlled trial of a complex intervention for persistently depr...</td>
      <td>Other</td>
      <td>Adult</td>
      <td>120</td>
    </tr>
    <tr>
      <td><a href='https://www.isrctn.com/ISRCTN58133827' target='_blank'><div>ISRCTN58133827</div></a></td>
      <td>Preschool Autism Communication Trial</td>
      <td>Other</td>
      <td>Child</td>
      <td>144</td>
    </tr>
    <tr>
      <td><a href='https://www.isrctn.com/ISRCTN72372295' target='_blank'><div>ISRCTN72372295</div></a></td>
      <td>A pilot evaluation of a randomised controlled trial (RCT) of Enhanced Think...</td>
      <td>Behavioural</td>
      <td>Adult</td>
      <td>180</td>
    </tr>
    <tr>
      <td><a href='https://www.isrctn.com/ISRCTN18622460' target='_blank'><div>ISRCTN18622460</div></a></td>
      <td>The effects of an intervention to treat and prevent depression in older peo...</td>
      <td>Other</td>
      <td>Senior</td>
      <td>200</td>
    </tr>
    <tr>
      <td><a href='https://www.isrctn.com/ISRCTN46737488' target='_blank'><div>ISRCTN46737488</div></a></td>
      <td>A trial platform of guided self-help for mild/moderate depression in primar...</td>
      <td>Other</td>
      <td>Adult</td>
      <td>100</td>
    </tr>
    <tr>
      <td><a href='https://www.isrctn.com/ISRCTN12166762' target='_blank'><div>ISRCTN12166762</div></a></td>
      <td>Anxiety in young children: A randomised controlled trial of a new cognitive...</td>
      <td>Other</td>
      <td>Child</td>
      <td>72</td>
    </tr>
    <tr>
      <td><a href='https://www.isrctn.com/ISRCTN60361331' target='_blank'><div>ISRCTN60361331</div></a></td>
      <td>PRIDE Trial: PRimary care Intervention for Depression in the Elderly</td>
      <td>Other</td>
      <td>Senior</td>
      <td>100</td>
    </tr>
    <tr>
      <td><a href='https://www.isrctn.com/ISRCTN14404480' target='_blank'><div>ISRCTN14404480</div></a></td>
      <td>An evaluation of Motivational (MI) plus Cognitive Therapy (CBT) for Schizop...</td>
      <td>Other</td>
      <td>Not Specified</td>
      <td>400</td>
    </tr>
    <tr>
      <td><a href='https://www.isrctn.com/ISRCTN74156610' target='_blank'><div>ISRCTN74156610</div></a></td>
      <td>A randomised controlled trial of nurse facilitated self-help treatment for ...</td>
      <td>Other</td>
      <td>Adult</td>
      <td>360</td>
    </tr>
    <tr>
      <td><a href='https://www.isrctn.com/ISRCTN25378536' target='_blank'><div>ISRCTN25378536</div></a></td>
      <td>Improving autistic children's social communication with parents in everyday...</td>
      <td>Other</td>
      <td>Child</td>
      <td>268</td>
    </tr>
  </tbody>
</table>"
23,-12912.726973547356,6712273.366431493,King's College London,51.5114864,-0.115997,115.0,30.481920934663798,"<table border=""1"" class=""dataframe"">
  <thead>
    <tr style=""text-align: left;"">
      <th>ISRCTN link</th>
      <th>Title</th>
      <th>Intervention type</th>
      <th>Age group</th>
      <th>Target number of participants</th>
    </tr>
  </thead>
  <tbody>
    <tr>
      <td><a href='https://www.isrctn.com/ISRCTN97163562' target='_blank'><div>ISRCTN97163562</div></a></td>
      <td>STAND Trial: exploring the feasibility of a cannabinoid oral spray for the ...</td>
      <td>Drug</td>
      <td>Adult</td>
      <td>60</td>
    </tr>
    <tr>
      <td><a href='https://www.isrctn.com/ISRCTN18395399' target='_blank'><div>ISRCTN18395399</div></a></td>
      <td>The psychosocial impact of the COVID-19 pandemic on NHS affiliated staff – ...</td>
      <td>Other</td>
      <td>Adult</td>
      <td>20000</td>
    </tr>
    <tr>
      <td><a href='https://www.isrctn.com/ISRCTN90912799' target='_blank'><div>ISRCTN90912799</div></a></td>
      <td>Early intervention for depression and anxiety in 16-18 year olds: a multi-c...</td>
      <td>Behavioural</td>
      <td>Mixed</td>
      <td>900</td>
    </tr>
    <tr>
      <td><a href='https://www.isrctn.com/ISRCTN39271564' target='_blank'><div>ISRCTN39271564</div></a></td>
      <td>Investigating the effects of cardio and non-cardio exercise on adults with ...</td>
      <td>Behavioural</td>
      <td>Adult</td>
      <td>192</td>
    </tr>
    <tr>
      <td><a href='https://www.isrctn.com/ISRCTN10166784' target='_blank'><div>ISRCTN10166784</div></a></td>
      <td>Comparing the clinical effectiveness, acceptability and cost-effectiveness ...</td>
      <td>Mixed</td>
      <td>Adult</td>
      <td>386</td>
    </tr>
    <tr>
      <td><a href='https://www.isrctn.com/ISRCTN16936317' target='_blank'><div>ISRCTN16936317</div></a></td>
      <td>Improving outcomes for survivors of human trafficking</td>
      <td>Behavioural</td>
      <td>Adult</td>
      <td>495</td>
    </tr>
    <tr>
      <td><a href='https://www.isrctn.com/ISRCTN10314773' target='_blank'><div>ISRCTN10314773</div></a></td>
      <td>PTSD Experimental Treatment Trial (PETT): Comparing two talking therapies f...</td>
      <td>Behavioural</td>
      <td>Adult</td>
      <td>60</td>
    </tr>
    <tr>
      <td><a href='https://www.isrctn.com/ISRCTN81203286' target='_blank'><div>ISRCTN81203286</div></a></td>
      <td>Optimising psychological treatment for anxiety disorders in pregnancy: a fe...</td>
      <td>Behavioural</td>
      <td>Adult</td>
      <td>60</td>
    </tr>
    <tr>
      <td><a href='https://www.isrctn.com/ISRCTN13142918' target='_blank'><div>ISRCTN13142918</div></a></td>
      <td>Creating a fun and engaging storybook to help children more effectively man...</td>
      <td>Other</td>
      <td>Child</td>
      <td>56</td>
    </tr>
    <tr>
      <td><a href='https://www.isrctn.com/ISRCTN35717198' target='_blank'><div>ISRCTN35717198</div></a></td>
      <td>Cognitive Training with Non-invasive Brain Stimulation to Treat Binge Eatin...</td>
      <td>Mixed</td>
      <td>Adult</td>
      <td>66</td>
    </tr>
    <tr>
      <td><a href='https://www.isrctn.com/ISRCTN81736780' target='_blank'><div>ISRCTN81736780</div></a></td>
      <td>Evaluation of cognitive remediation therapy in a specialist inpatient eatin...</td>
      <td>Behavioural</td>
      <td>Child</td>
      <td>80</td>
    </tr>
    <tr>
      <td><a href='https://www.isrctn.com/ISRCTN14491589' target='_blank'><div>ISRCTN14491589</div></a></td>
      <td>fMRI neurofeedback as a novel treatment for children with attention deficit...</td>
      <td>Other</td>
      <td>Child</td>
      <td>100</td>
    </tr>
    <tr>
      <td><a href='https://www.isrctn.com/ISRCTN85369879' target='_blank'><div>ISRCTN85369879</div></a></td>
      <td>A psychological programme to improve low mood in adolescence</td>
      <td>Behavioural</td>
      <td>Child</td>
      <td>56</td>
    </tr>
    <tr>
      <td><a href='https://www.isrctn.com/ISRCTN11399850' target='_blank'><div>ISRCTN11399850</div></a></td>
      <td>We Can: a web-based skills package for carers of people with anorexia nervo...</td>
      <td>Behavioural</td>
      <td>Mixed</td>
      <td>302</td>
    </tr>
    <tr>
      <td><a href='https://www.isrctn.com/ISRCTN21987651' target='_blank'><div>ISRCTN21987651</div></a></td>
      <td>Parents and communities together (PACT)</td>
      <td>Behavioural</td>
      <td>Adult</td>
      <td>134</td>
    </tr>
    <tr>
      <td><a href='https://www.isrctn.com/ISRCTN48265228' target='_blank'><div>ISRCTN48265228</div></a></td>
      <td>Brain stimulation combined with cognitive training in attention deficit hyp...</td>
      <td>Device</td>
      <td>Child</td>
      <td>50</td>
    </tr>
    <tr>
      <td><a href='https://www.isrctn.com/ISRCTN46322781' target='_blank'><div>ISRCTN46322781</div></a></td>
      <td>Effect of experimental endocannabinoid modulation on brain function in indi...</td>
      <td>Drug</td>
      <td>Adult</td>
      <td>40</td>
    </tr>
    <tr>
      <td><a href='https://www.isrctn.com/ISRCTN14678860' target='_blank'><div>ISRCTN14678860</div></a></td>
      <td>ECLIPSE Study 9: Building resilience and recovery through enhancing cogniti...</td>
      <td>Other</td>
      <td>Adult</td>
      <td>438</td>
    </tr>
    <tr>
      <td><a href='https://www.isrctn.com/ISRCTN16827947' target='_blank'><div>ISRCTN16827947</div></a></td>
      <td>A Study of Concerta XL on reducing ADHD symptoms and behavioural problems i...</td>
      <td>Other</td>
      <td>Adult</td>
      <td>200</td>
    </tr>
    <tr>
      <td><a href='https://www.isrctn.com/ISRCTN15570935' target='_blank'><div>ISRCTN15570935</div></a></td>
      <td>Indicated web-based prevention of mental disorders in undergraduate univers...</td>
      <td>Behavioural</td>
      <td>Adult</td>
      <td>5550</td>
    </tr>
    <tr>
      <td><a href='https://www.isrctn.com/ISRCTN10526888' target='_blank'><div>ISRCTN10526888</div></a></td>
      <td>NeuroMooD – Neurofeedback in depression</td>
      <td>Mixed</td>
      <td>Adult</td>
      <td>45</td>
    </tr>
    <tr>
      <td><a href='https://www.isrctn.com/ISRCTN32290525' target='_blank'><div>ISRCTN32290525</div></a></td>
      <td>Cognitive remediation therapy in bipolar disorder</td>
      <td>Other</td>
      <td>Adult</td>
      <td>60</td>
    </tr>
    <tr>
      <td><a href='https://www.isrctn.com/ISRCTN17083622' target='_blank'><div>ISRCTN17083622</div></a></td>
      <td>ADAM: Alcohol dependence and adherence to medicine</td>
      <td>Other</td>
      <td>Adult</td>
      <td>748</td>
    </tr>
    <tr>
      <td><a href='https://www.isrctn.com/ISRCTN16462783' target='_blank'><div>ISRCTN16462783</div></a></td>
      <td>Pilot Feasibility Study of Cognitive Control in Cocaine Dependence</td>
      <td>Behavioural</td>
      <td>Adult</td>
      <td>30</td>
    </tr>
    <tr>
      <td><a href='https://www.isrctn.com/ISRCTN37625384' target='_blank'><div>ISRCTN37625384</div></a></td>
      <td>Brief talking therapies on wards</td>
      <td>Other</td>
      <td>Adult</td>
      <td>60</td>
    </tr>
    <tr>
      <td><a href='https://www.isrctn.com/ISRCTN14329415' target='_blank'><div>ISRCTN14329415</div></a></td>
      <td>Repetitive transcranial magnetic stimulation (rTMS) and neuroimaging in ano...</td>
      <td>Device</td>
      <td>Adult</td>
      <td>30</td>
    </tr>
    <tr>
      <td><a href='https://www.isrctn.com/ISRCTN11230559' target='_blank'><div>ISRCTN11230559</div></a></td>
      <td>Decision Aid for young people who Self­-Harm (DASH)</td>
      <td>Behavioural</td>
      <td>Child</td>
      <td>60</td>
    </tr>
    <tr>
      <td><a href='https://www.isrctn.com/ISRCTN12424842' target='_blank'><div>ISRCTN12424842</div></a></td>
      <td>Vitamin D supplementation compared to placebo in people presenting with the...</td>
      <td>Drug</td>
      <td>Adult</td>
      <td>240</td>
    </tr>
    <tr>
      <td><a href='https://www.isrctn.com/ISRCTN88636606' target='_blank'><div>ISRCTN88636606</div></a></td>
      <td>Feasibility trial of open-access psychological workshops in schools</td>
      <td>Behavioural</td>
      <td>Adult</td>
      <td>150</td>
    </tr>
    <tr>
      <td><a href='https://www.isrctn.com/ISRCTN95809946' target='_blank'><div>ISRCTN95809946</div></a></td>
      <td>Naltrexone Enhanced Addiction Treatment (NEAT)</td>
      <td>Mixed</td>
      <td>Adult</td>
      <td>300</td>
    </tr>
    <tr>
      <td><a href='https://www.isrctn.com/ISRCTN21802136' target='_blank'><div>ISRCTN21802136</div></a></td>
      <td>Coping with Unusual ExperienceS for 12-18 (CUES+)</td>
      <td>Behavioural</td>
      <td>Child</td>
      <td>120</td>
    </tr>
    <tr>
      <td><a href='https://www.isrctn.com/ISRCTN76638113' target='_blank'><div>ISRCTN76638113</div></a></td>
      <td>Optimising Individualised prescribing with therapeutic drug Monitoring for ...</td>
      <td>Drug</td>
      <td>Adult</td>
      <td>35</td>
    </tr>
    <tr>
      <td><a href='https://www.isrctn.com/ISRCTN45300218' target='_blank'><div>ISRCTN45300218</div></a></td>
      <td>Developing and evaluating interventions for adolescents with alcohol use di...</td>
      <td>Other</td>
      <td>Child</td>
      <td>1500</td>
    </tr>
    <tr>
      <td><a href='https://www.isrctn.com/ISRCTN70396934' target='_blank'><div>ISRCTN70396934</div></a></td>
      <td>Transcranial direct current stimulation (tDCS) in anorexia nervosa and buli...</td>
      <td>Other</td>
      <td>Adult</td>
      <td>72</td>
    </tr>
    <tr>
      <td><a href='https://www.isrctn.com/ISRCTN05808181' target='_blank'><div>ISRCTN05808181</div></a></td>
      <td>Brain imaging of the adenosine A2A receptor in schizophrenia</td>
      <td>Other</td>
      <td>Adult</td>
      <td>18</td>
    </tr>
    <tr>
      <td><a href='https://www.isrctn.com/ISRCTN55027143' target='_blank'><div>ISRCTN55027143</div></a></td>
      <td>Looking at the bright side: developing and testing a new intervention to ta...</td>
      <td>Other</td>
      <td>Adult</td>
      <td>80</td>
    </tr>
    <tr>
      <td><a href='https://www.isrctn.com/ISRCTN62237498' target='_blank'><div>ISRCTN62237498</div></a></td>
      <td>Improving Well-being and HEaLth for people with Dementia</td>
      <td>Other</td>
      <td>Senior</td>
      <td>1280</td>
    </tr>
    <tr>
      <td><a href='https://www.isrctn.com/ISRCTN11082858' target='_blank'><div>ISRCTN11082858</div></a></td>
      <td>The effect of Cannabidiol (CBD) on paranoid cognitions in humans</td>
      <td>Drug</td>
      <td>Adult</td>
      <td>20</td>
    </tr>
    <tr>
      <td><a href='https://www.isrctn.com/ISRCTN95425657' target='_blank'><div>ISRCTN95425657</div></a></td>
      <td>TARGET: Targeted depression prevention program for at-risk adolescents</td>
      <td>Other</td>
      <td>Mixed</td>
      <td>250</td>
    </tr>
    <tr>
      <td><a href='https://www.isrctn.com/ISRCTN69313751' target='_blank'><div>ISRCTN69313751</div></a></td>
      <td>The Addiction Recovery Clinic (ARC): personalised behavioural intervention ...</td>
      <td>Other</td>
      <td>Adult</td>
      <td>380</td>
    </tr>
    <tr>
      <td><a href='https://www.isrctn.com/ISRCTN14342225' target='_blank'><div>ISRCTN14342225</div></a></td>
      <td>PLUS (Personality and Living of University Students): A web-based intervent...</td>
      <td>Other</td>
      <td>Adult</td>
      <td>1500</td>
    </tr>
    <tr>
      <td><a href='https://www.isrctn.com/ISRCTN65314790' target='_blank'><div>ISRCTN65314790</div></a></td>
      <td>Reducing the frequency and severity of auditory hallucinations: the AVATAR ...</td>
      <td>Other</td>
      <td>Adult</td>
      <td>142</td>
    </tr>
    <tr>
      <td><a href='https://www.isrctn.com/ISRCTN93423464' target='_blank'><div>ISRCTN93423464</div></a></td>
      <td>The effect of delta-9-tetrahydrocannabivarin (THCV) on delta-9-tetrahydroca...</td>
      <td>Drug</td>
      <td>Adult</td>
      <td>10</td>
    </tr>
    <tr>
      <td><a href='https://www.isrctn.com/ISRCTN22851337' target='_blank'><div>ISRCTN22851337</div></a></td>
      <td>Repetitive Transcranial Magnetic Stimulation in Anorexia Nervosa</td>
      <td>Procedure/Surgery</td>
      <td>Adult</td>
      <td>74</td>
    </tr>
    <tr>
      <td><a href='https://www.isrctn.com/ISRCTN06774607' target='_blank'><div>ISRCTN06774607</div></a></td>
      <td>Addiction Recovery Clinic (ARC): adaptive opioid agonist maintenance pharma...</td>
      <td>Other</td>
      <td>Adult</td>
      <td>600</td>
    </tr>
    <tr>
      <td><a href='https://www.isrctn.com/ISRCTN73188383' target='_blank'><div>ISRCTN73188383</div></a></td>
      <td>The GOALS study: evaluation of a brief cognitive-behavioural therapy (CBT) ...</td>
      <td>Other</td>
      <td>Adult</td>
      <td>65</td>
    </tr>
    <tr>
      <td><a href='https://www.isrctn.com/ISRCTN42594993' target='_blank'><div>ISRCTN42594993</div></a></td>
      <td>Me, You & Us: a programme for preventing eating disorders in UK secondary s...</td>
      <td>Other</td>
      <td>Child</td>
      <td>1852</td>
    </tr>
    <tr>
      <td><a href='https://www.isrctn.com/ISRCTN19773253' target='_blank'><div>ISRCTN19773253</div></a></td>
      <td>The effects of expressive writing on haemodialysis patients</td>
      <td>Behavioural</td>
      <td>Adult</td>
      <td>50</td>
    </tr>
    <tr>
      <td><a href='https://www.isrctn.com/ISRCTN86537017' target='_blank'><div>ISRCTN86537017</div></a></td>
      <td>The ATTILA Trial: Assistive Technology and Telecare to maintain Independent...</td>
      <td>Other</td>
      <td>Adult</td>
      <td>500</td>
    </tr>
    <tr>
      <td><a href='https://www.isrctn.com/ISRCTN01416694' target='_blank'><div>ISRCTN01416694</div></a></td>
      <td>The E Sibling Project - an online information and peer support resource</td>
      <td>Other</td>
      <td>Adult</td>
      <td>144</td>
    </tr>
    <tr>
      <td><a href='https://www.isrctn.com/ISRCTN38001825' target='_blank'><div>ISRCTN38001825</div></a></td>
      <td>Safewards</td>
      <td>Other</td>
      <td>Adult</td>
      <td>300</td>
    </tr>
    <tr>
      <td><a href='https://www.isrctn.com/ISRCTN67699666' target='_blank'><div>ISRCTN67699666</div></a></td>
      <td>Cognitive-behaviour therapy for adolescents with body dysmorphic disorder</td>
      <td>Other</td>
      <td>Child</td>
      <td>30</td>
    </tr>
    <tr>
      <td><a href='https://www.isrctn.com/ISRCTN82129964' target='_blank'><div>ISRCTN82129964</div></a></td>
      <td>Supported discharge vs In-patient Treatment Evaluation (SITE)</td>
      <td>Other</td>
      <td>Child</td>
      <td>108</td>
    </tr>
    <tr>
      <td><a href='https://www.isrctn.com/ISRCTN12800253' target='_blank'><div>ISRCTN12800253</div></a></td>
      <td>Neurofeedback in children with attention deficit hyperactivity disorder (AD...</td>
      <td>Other</td>
      <td>Child</td>
      <td>40</td>
    </tr>
    <tr>
      <td><a href='https://www.isrctn.com/ISRCTN95216873' target='_blank'><div>ISRCTN95216873</div></a></td>
      <td>Pharmacy Alcohol Study: The effectiveness of alcohol brief intervention del...</td>
      <td>Other</td>
      <td>Adult</td>
      <td>408</td>
    </tr>
    <tr>
      <td><a href='https://www.isrctn.com/ISRCTN19965528' target='_blank'><div>ISRCTN19965528</div></a></td>
      <td>Post-deployment health screening of members of the United Kingdom Armed For...</td>
      <td>Behavioural</td>
      <td>Adult</td>
      <td>6000</td>
    </tr>
    <tr>
      <td><a href='https://www.isrctn.com/ISRCTN83507297' target='_blank'><div>ISRCTN83507297</div></a></td>
      <td>The effectiveness of a new computerised treatment, ""Stressbusters"", for you...</td>
      <td>Other</td>
      <td>Child</td>
      <td>1146</td>
    </tr>
    <tr>
      <td><a href='https://www.isrctn.com/ISRCTN47262088' target='_blank'><div>ISRCTN47262088</div></a></td>
      <td>Evaluation of a critical care discharge information pack</td>
      <td>Other</td>
      <td>Adult</td>
      <td>200</td>
    </tr>
    <tr>
      <td><a href='https://www.isrctn.com/ISRCTN58581840' target='_blank'><div>ISRCTN58581840</div></a></td>
      <td>The Fostering Changes programme</td>
      <td>Behavioural</td>
      <td>Adult</td>
      <td>72</td>
    </tr>
    <tr>
      <td><a href='https://www.isrctn.com/ISRCTN54001953' target='_blank'><div>ISRCTN54001953</div></a></td>
      <td>Effect of MIFepristone on COGnitive impairment in alcoholics</td>
      <td>Drug</td>
      <td>Adult</td>
      <td>120</td>
    </tr>
    <tr>
      <td><a href='https://www.isrctn.com/ISRCTN40313497' target='_blank'><div>ISRCTN40313497</div></a></td>
      <td>Improving person-centred care for people with dementia in care homes</td>
      <td>Other</td>
      <td>Senior</td>
      <td>16</td>
    </tr>
    <tr>
      <td><a href='https://www.isrctn.com/ISRCTN02507940' target='_blank'><div>ISRCTN02507940</div></a></td>
      <td>REFOCUS Randomised Controlled Trial (RCT)</td>
      <td>Other</td>
      <td>Adult</td>
      <td>420</td>
    </tr>
    <tr>
      <td><a href='https://www.isrctn.com/ISRCTN26634837' target='_blank'><div>ISRCTN26634837</div></a></td>
      <td>Can 'self-confidence workshops' for depression help the implementation of t...</td>
      <td>Other</td>
      <td>Adult</td>
      <td>320</td>
    </tr>
    <tr>
      <td><a href='https://www.isrctn.com/ISRCTN60687844' target='_blank'><div>ISRCTN60687844</div></a></td>
      <td>A pilot study of cognitive enhancer and cognitive training combination: tes...</td>
      <td>Other</td>
      <td>Adult</td>
      <td>40</td>
    </tr>
    <tr>
      <td><a href='https://www.isrctn.com/ISRCTN50951795' target='_blank'><div>ISRCTN50951795</div></a></td>
      <td>Cognitive therapy for generalised anxiety in youth</td>
      <td>Other</td>
      <td>Child</td>
      <td>40</td>
    </tr>
    <tr>
      <td><a href='https://www.isrctn.com/ISRCTN71943786' target='_blank'><div>ISRCTN71943786</div></a></td>
      <td>ENhancing DElivery And outcomes of VOcational Rehabilitation</td>
      <td>Other</td>
      <td>Adult</td>
      <td>200</td>
    </tr>
    <tr>
      <td><a href='https://www.isrctn.com/ISRCTN59501939' target='_blank'><div>ISRCTN59501939</div></a></td>
      <td>Cognitive mechanisms of change in delusions</td>
      <td>Other</td>
      <td>Adult</td>
      <td>200</td>
    </tr>
    <tr>
      <td><a href='https://www.isrctn.com/ISRCTN92765046' target='_blank'><div>ISRCTN92765046</div></a></td>
      <td>Investigating the thinking styles and emotion processing in people with ano...</td>
      <td>Other</td>
      <td>Adult</td>
      <td>60</td>
    </tr>
    <tr>
      <td><a href='https://www.isrctn.com/ISRCTN27650478' target='_blank'><div>ISRCTN27650478</div></a></td>
      <td>Study of Adolescents' Family Experiences</td>
      <td>Other</td>
      <td>Child</td>
      <td>100</td>
    </tr>
    <tr>
      <td><a href='https://www.isrctn.com/ISRCTN26270684' target='_blank'><div>ISRCTN26270684</div></a></td>
      <td>Psychoeducation in families of children with attention deficit hyperactivit...</td>
      <td>Other</td>
      <td>Child</td>
      <td>70</td>
    </tr>
    <tr>
      <td><a href='https://www.isrctn.com/ISRCTN95300084' target='_blank'><div>ISRCTN95300084</div></a></td>
      <td>A pilot investigation of a single session of stimulation of the left fronta...</td>
      <td>Other</td>
      <td>Adult</td>
      <td>40</td>
    </tr>
    <tr>
      <td><a href='https://www.isrctn.com/ISRCTN62920529' target='_blank'><div>ISRCTN62920529</div></a></td>
      <td>Maudsley Model of Anorexia Nervosa Treatment for Adults</td>
      <td>Other</td>
      <td>Adult</td>
      <td>66</td>
    </tr>
    <tr>
      <td><a href='https://www.isrctn.com/ISRCTN33790007' target='_blank'><div>ISRCTN33790007</div></a></td>
      <td>The DAPE study: the impact of dementia advisors on the quality of life of d...</td>
      <td>Other</td>
      <td>Other</td>
      <td>700</td>
    </tr>
    <tr>
      <td><a href='https://www.isrctn.com/ISRCTN25691213' target='_blank'><div>ISRCTN25691213</div></a></td>
      <td>Atomoxetine for attention deficit hyperactivity disorder (ADHD) in children...</td>
      <td>Drug</td>
      <td>Child</td>
      <td>40</td>
    </tr>
    <tr>
      <td><a href='https://www.isrctn.com/ISRCTN12440268' target='_blank'><div>ISRCTN12440268</div></a></td>
      <td>JOSHUA: a pilot randomised controlled trial of joint crisis plans for peopl...</td>
      <td>Other</td>
      <td>Adult</td>
      <td>120</td>
    </tr>
    <tr>
      <td><a href='https://www.isrctn.com/ISRCTN22775534' target='_blank'><div>ISRCTN22775534</div></a></td>
      <td>Pilot study of Assertive Community Treatment in Alcohol Dependence</td>
      <td>Other</td>
      <td>Adult</td>
      <td>88</td>
    </tr>
    <tr>
      <td><a href='https://www.isrctn.com/ISRCTN92802765' target='_blank'><div>ISRCTN92802765</div></a></td>
      <td>Post-deployment Battlemind training for UK Armed Forces personnel</td>
      <td>Other</td>
      <td>Adult</td>
      <td>2000</td>
    </tr>
    <tr>
      <td><a href='https://www.isrctn.com/ISRCTN11501328' target='_blank'><div>ISRCTN11501328</div></a></td>
      <td>CRIMSON Study: Randomised controlled trial (RCT) of Joint Crisis Plans to r...</td>
      <td>Other</td>
      <td>Adult</td>
      <td>540</td>
    </tr>
    <tr>
      <td><a href='https://www.isrctn.com/ISRCTN43192662' target='_blank'><div>ISRCTN43192662</div></a></td>
      <td>An evaluation of a brief assessment-led intervention with young non-injecti...</td>
      <td>Behavioural</td>
      <td>Adult</td>
      <td>255</td>
    </tr>
    <tr>
      <td><a href='https://www.isrctn.com/ISRCTN06101946' target='_blank'><div>ISRCTN06101946</div></a></td>
      <td>An evaluation of the Cares of Life Project (CoLP): Fundamentally improving ...</td>
      <td>Other</td>
      <td>Not Specified</td>
      <td>80</td>
    </tr>
    <tr>
      <td><a href='https://www.isrctn.com/ISRCTN98891022' target='_blank'><div>ISRCTN98891022</div></a></td>
      <td>Prevention of admission to psychiatric hospital.  A randomised controlled t...</td>
      <td>Other</td>
      <td>Not Specified</td>
      <td>220</td>
    </tr>
    <tr>
      <td><a href='https://www.isrctn.com/ISRCTN22264953' target='_blank'><div>ISRCTN22264953</div></a></td>
      <td>A pilot study to investigate the effect of reactivity to brief alcohol asse...</td>
      <td>Other</td>
      <td>Adult</td>
      <td>400</td>
    </tr>
    <tr>
      <td><a href='https://www.isrctn.com/ISRCTN56376745' target='_blank'><div>ISRCTN56376745</div></a></td>
      <td>Collaborative Caring Project: Working with Parents at treatment and seconda...</td>
      <td>Other</td>
      <td>Adult</td>
      <td>120</td>
    </tr>
    <tr>
      <td><a href='https://www.isrctn.com/ISRCTN14352545' target='_blank'><div>ISRCTN14352545</div></a></td>
      <td>Using genotype to tailor prescribing of Nicotine Replacement Therapy (NRT):...</td>
      <td>Drug</td>
      <td>Adult</td>
      <td>630</td>
    </tr>
    <tr>
      <td><a href='https://www.isrctn.com/ISRCTN27741572' target='_blank'><div>ISRCTN27741572</div></a></td>
      <td>Omega-3 fatty acids supplementation for adolescent boys with attention defi...</td>
      <td>Supplement</td>
      <td>Child</td>
      <td>60</td>
    </tr>
    <tr>
      <td><a href='https://www.isrctn.com/ISRCTN68384912' target='_blank'><div>ISRCTN68384912</div></a></td>
      <td>A double-blind, placebo-controlled trial of methylphenidate in children wit...</td>
      <td>Drug</td>
      <td>Child</td>
      <td>180</td>
    </tr>
    <tr>
      <td><a href='https://www.isrctn.com/ISRCTN65265832' target='_blank'><div>ISRCTN65265832</div></a></td>
      <td>What makes parenting programmes work in disadvantaged areas? The PALS trial...</td>
      <td>Other</td>
      <td>Child</td>
      <td>174</td>
    </tr>
    <tr>
      <td><a href='https://www.isrctn.com/ISRCTN77566446' target='_blank'><div>ISRCTN77566446</div></a></td>
      <td>Multisite randomized controlled trial of parenting groups for child antisoc...</td>
      <td>Other</td>
      <td>Child</td>
      <td>112</td>
    </tr>
    <tr>
      <td><a href='https://www.isrctn.com/ISRCTN49540320' target='_blank'><div>ISRCTN49540320</div></a></td>
      <td>A pilot study of cognitive behavioural therapy for persistent post-concussi...</td>
      <td>Other</td>
      <td>Adult</td>
      <td>40</td>
    </tr>
    <tr>
      <td><a href='https://www.isrctn.com/ISRCTN75187865' target='_blank'><div>ISRCTN75187865</div></a></td>
      <td>Cognitive remediation for young people with schizophrenia</td>
      <td>Other</td>
      <td>Child</td>
      <td>40</td>
    </tr>
    <tr>
      <td><a href='https://www.isrctn.com/ISRCTN88882979' target='_blank'><div>ISRCTN88882979</div></a></td>
      <td>HTA Study of Antidepressants for Depression in Dementia: A definitive multi...</td>
      <td>Drug</td>
      <td>Senior</td>
      <td>507</td>
    </tr>
    <tr>
      <td><a href='https://www.isrctn.com/ISRCTN31394658' target='_blank'><div>ISRCTN31394658</div></a></td>
      <td>The utility of pre-assessment standardised diagnosis in child and adolescen...</td>
      <td>Other</td>
      <td>Child</td>
      <td>500</td>
    </tr>
    <tr>
      <td><a href='https://www.isrctn.com/ISRCTN35852420' target='_blank'><div>ISRCTN35852420</div></a></td>
      <td>Neural correlates of response to COGnitive behaviour therapy in SCHIZophren...</td>
      <td>Other</td>
      <td>Not Specified</td>
      <td>100</td>
    </tr>
    <tr>
      <td><a href='https://www.isrctn.com/ISRCTN48524925' target='_blank'><div>ISRCTN48524925</div></a></td>
      <td>Psychological treatments of post-traumatic stress disorder</td>
      <td>Other</td>
      <td>Adult</td>
      <td>120</td>
    </tr>
    <tr>
      <td><a href='https://www.isrctn.com/ISRCTN77850835' target='_blank'><div>ISRCTN77850835</div></a></td>
      <td>Randomised controlled trial of the effectiveness of motivational interviewi...</td>
      <td>Other</td>
      <td>Adult</td>
      <td>320</td>
    </tr>
    <tr>
      <td><a href='https://www.isrctn.com/ISRCTN33652725' target='_blank'><div>ISRCTN33652725</div></a></td>
      <td>A pilot randomised controlled trial of the CD-ROM based intervention for ca...</td>
      <td>Other</td>
      <td>Adult</td>
      <td>56</td>
    </tr>
    <tr>
      <td><a href='https://www.isrctn.com/ISRCTN39857520' target='_blank'><div>ISRCTN39857520</div></a></td>
      <td>A pilot randomised controlled trial of antidepressant medication switching ...</td>
      <td>Other</td>
      <td>Adult</td>
      <td>100</td>
    </tr>
    <tr>
      <td><a href='https://www.isrctn.com/ISRCTN96677673' target='_blank'><div>ISRCTN96677673</div></a></td>
      <td>Individual placement and support (IPS) to improve occupational outcomes for...</td>
      <td>Other</td>
      <td>Adult</td>
      <td>240</td>
    </tr>
    <tr>
      <td><a href='https://www.isrctn.com/ISRCTN29092580' target='_blank'><div>ISRCTN29092580</div></a></td>
      <td>Controlled evaluation of Cognitive Behaviour Therapy (CBT) for Obsessive Co...</td>
      <td>Other</td>
      <td>Child</td>
      <td>110</td>
    </tr>
    <tr>
      <td><a href='https://www.isrctn.com/ISRCTN04448012' target='_blank'><div>ISRCTN04448012</div></a></td>
      <td>Enhancing adoptive parenting: a randomised controlled trial of the effectiv...</td>
      <td>Other</td>
      <td>Child</td>
      <td>180</td>
    </tr>
    <tr>
      <td><a href='https://www.isrctn.com/ISRCTN51564819' target='_blank'><div>ISRCTN51564819</div></a></td>
      <td>A preliminary randomised controlled trial of the efficacy of a CD-ROM based...</td>
      <td>Other</td>
      <td>Other</td>
      <td>97</td>
    </tr>
    <tr>
      <td><a href='https://www.isrctn.com/ISRCTN83557988' target='_blank'><div>ISRCTN83557988</div></a></td>
      <td>Psychological Prevention of Relapse in Psychosis</td>
      <td>Other</td>
      <td>Adult</td>
      <td>301</td>
    </tr>
    <tr>
      <td><a href='https://www.isrctn.com/ISRCTN01816159' target='_blank'><div>ISRCTN01816159</div></a></td>
      <td>Quality of Life following Adherence Therapy for People Disabled by Schizoph...</td>
      <td>Other</td>
      <td>Adult</td>
      <td>400</td>
    </tr>
    <tr>
      <td><a href='https://www.isrctn.com/ISRCTN86793925' target='_blank'><div>ISRCTN86793925</div></a></td>
      <td>A randomised controlled trial of Joint Crisis Plans for people with psychot...</td>
      <td>Other</td>
      <td>Not Specified</td>
      <td>152</td>
    </tr>
    <tr>
      <td><a href='https://www.isrctn.com/ISRCTN42999542' target='_blank'><div>ISRCTN42999542</div></a></td>
      <td>Evaluation of Intensive Community Care Services for young people with psych...</td>
      <td>Other</td>
      <td>Child</td>
      <td>252</td>
    </tr>
    <tr>
      <td><a href='https://www.isrctn.com/ISRCTN55682735' target='_blank'><div>ISRCTN55682735</div></a></td>
      <td>Optimising AVATAR therapy for distressing voices</td>
      <td>Device</td>
      <td>Adult</td>
      <td>345</td>
    </tr>
    <tr>
      <td><a href='https://www.isrctn.com/ISRCTN66109369' target='_blank'><div>ISRCTN66109369</div></a></td>
      <td>Group intervention to reduce intimate partner abuse by men in substance use...</td>
      <td>Behavioural</td>
      <td>Adult</td>
      <td>378</td>
    </tr>
    <tr>
      <td><a href='https://www.isrctn.com/ISRCTN32448671' target='_blank'><div>ISRCTN32448671</div></a></td>
      <td>SlowMo trial: a digital therapy for people who fear harm from others</td>
      <td>Other</td>
      <td>Adult</td>
      <td>360</td>
    </tr>
    <tr>
      <td><a href='https://www.isrctn.com/ISRCTN67000214' target='_blank'><div>ISRCTN67000214</div></a></td>
      <td>Assertive outreach treatment for alcohol related admissions</td>
      <td>Other</td>
      <td>Adult</td>
      <td>160</td>
    </tr>
    <tr>
      <td><a href='https://www.isrctn.com/ISRCTN13549282' target='_blank'><div>ISRCTN13549282</div></a></td>
      <td>Education and Employment focused Individual Placement and Support (IPS) for...</td>
      <td>Behavioural</td>
      <td>Adult</td>
      <td>25</td>
    </tr>
    <tr>
      <td><a href='https://www.isrctn.com/ISRCTN93382525' target='_blank'><div>ISRCTN93382525</div></a></td>
      <td>STAR (Study of Trauma And Recovery): a trial of trauma-focused psychologica...</td>
      <td>Behavioural</td>
      <td>Adult</td>
      <td>300</td>
    </tr>
    <tr>
      <td><a href='https://www.isrctn.com/ISRCTN14644379' target='_blank'><div>ISRCTN14644379</div></a></td>
      <td>A patient and carer shared management intervention for anorexia</td>
      <td>Behavioural</td>
      <td>Adult</td>
      <td>380</td>
    </tr>
    <tr>
      <td><a href='https://www.isrctn.com/ISRCTN37724980' target='_blank'><div>ISRCTN37724980</div></a></td>
      <td>Walk this Way: a pilot study investigating the effect of a motivational ped...</td>
      <td>Mixed</td>
      <td>Adult</td>
      <td>40</td>
    </tr>
    <tr>
      <td><a href='https://www.isrctn.com/ISRCTN58958179' target='_blank'><div>ISRCTN58958179</div></a></td>
      <td>Telephone delivered Incentives (verbal praise and small financial incentive...</td>
      <td>Behavioural</td>
      <td>Adult</td>
      <td>60</td>
    </tr>
    <tr>
      <td><a href='https://www.isrctn.com/ISRCTN16387615' target='_blank'><div>ISRCTN16387615</div></a></td>
      <td>Lithium versus quetiapine in treatment resistant depression</td>
      <td>Drug</td>
      <td>Adult</td>
      <td>276</td>
    </tr>
  </tbody>
</table>"
24,15764.29818165693,6831813.114718777,Cambridge University Hospitals NHS Foundation Trust,52.1749083,0.1416131,2.0,5.306765580733931,"<table border=""1"" class=""dataframe"">
  <thead>
    <tr style=""text-align: left;"">
      <th>ISRCTN link</th>
      <th>Title</th>
      <th>Intervention type</th>
      <th>Age group</th>
      <th>Target number of participants</th>
    </tr>
  </thead>
  <tbody>
    <tr>
      <td><a href='https://www.isrctn.com/ISRCTN97280643' target='_blank'><div>ISRCTN97280643</div></a></td>
      <td>Cognitive behavioural therapy (CBT) for the treatment of post-traumatic str...</td>
      <td>Other</td>
      <td>Adult</td>
      <td>200</td>
    </tr>
    <tr>
      <td><a href='https://www.isrctn.com/ISRCTN07757494' target='_blank'><div>ISRCTN07757494</div></a></td>
      <td>Plasma exchange and glucocorticoid dosing in the treatment of antineutrophi...</td>
      <td>Mixed</td>
      <td>Adult</td>
      <td>700</td>
    </tr>
  </tbody>
</table>"
26,-136281.6843531646,6755938.296665334,Oxford Brookes University,51.7549518,-1.2242392,3.0,7.826061944859854,"<table border=""1"" class=""dataframe"">
  <thead>
    <tr style=""text-align: left;"">
      <th>ISRCTN link</th>
      <th>Title</th>
      <th>Intervention type</th>
      <th>Age group</th>
      <th>Target number of participants</th>
    </tr>
  </thead>
  <tbody>
    <tr>
      <td><a href='https://www.isrctn.com/ISRCTN10573786' target='_blank'><div>ISRCTN10573786</div></a></td>
      <td>Developing an occupational therapy intervention to improve mental well bein...</td>
      <td>Behavioural</td>
      <td>Other</td>
      <td>245</td>
    </tr>
    <tr>
      <td><a href='https://www.isrctn.com/ISRCTN30784467' target='_blank'><div>ISRCTN30784467</div></a></td>
      <td>Is brief personalised feedback effective in reducing alcohol-related proble...</td>
      <td>Other</td>
      <td>Adult</td>
      <td>4000</td>
    </tr>
    <tr>
      <td><a href='https://www.isrctn.com/ISRCTN31302738' target='_blank'><div>ISRCTN31302738</div></a></td>
      <td>A 2 x 2 phase II randomised controlled trial to investigate the efficacy of...</td>
      <td>Drug</td>
      <td>Adult</td>
      <td>144</td>
    </tr>
  </tbody>
</table>"
27,-289762.31908948265,6702786.54140238,University of Bristol,51.4584172,-2.6029792,29.0,21.922185341675,"<table border=""1"" class=""dataframe"">
  <thead>
    <tr style=""text-align: left;"">
      <th>ISRCTN link</th>
      <th>Title</th>
      <th>Intervention type</th>
      <th>Age group</th>
      <th>Target number of participants</th>
    </tr>
  </thead>
  <tbody>
    <tr>
      <td><a href='https://www.isrctn.com/ISRCTN37448835' target='_blank'><div>ISRCTN37448835</div></a></td>
      <td>MILESTONE (Emotional Cognitive Bias Modification in Depression): a trial of...</td>
      <td>Mixed</td>
      <td>Adult</td>
      <td>84</td>
    </tr>
    <tr>
      <td><a href='https://www.isrctn.com/ISRCTN13112900' target='_blank'><div>ISRCTN13112900</div></a></td>
      <td>Integrated CBT for depression trial (INTERACT RCT)</td>
      <td>Other</td>
      <td>Adult</td>
      <td>458</td>
    </tr>
    <tr>
      <td><a href='https://www.isrctn.com/ISRCTN15804282' target='_blank'><div>ISRCTN15804282</div></a></td>
      <td>Randomised controlled trial of a group domestic violence perpetrator progra...</td>
      <td>Behavioural</td>
      <td>Adult</td>
      <td>586</td>
    </tr>
    <tr>
      <td><a href='https://www.isrctn.com/ISRCTN11513120' target='_blank'><div>ISRCTN11513120</div></a></td>
      <td>Comparing low intensity talking therapies for antenatal depression: a feasi...</td>
      <td>Behavioural</td>
      <td>Adult</td>
      <td>60</td>
    </tr>
    <tr>
      <td><a href='https://www.isrctn.com/ISRCTN16149416' target='_blank'><div>ISRCTN16149416</div></a></td>
      <td>Can mindfulness and lifestyle interventions improve the memory and mental f...</td>
      <td>Behavioural</td>
      <td>Adult</td>
      <td>90</td>
    </tr>
    <tr>
      <td><a href='https://www.isrctn.com/ISRCTN64458065' target='_blank'><div>ISRCTN64458065</div></a></td>
      <td>Mindfulness for trauma</td>
      <td>Behavioural</td>
      <td>Adult</td>
      <td>54</td>
    </tr>
    <tr>
      <td><a href='https://www.isrctn.com/ISRCTN31976295' target='_blank'><div>ISRCTN31976295</div></a></td>
      <td>Trauma-focused therapy in people at risk of psychosis</td>
      <td>Other</td>
      <td>Adult</td>
      <td>20</td>
    </tr>
    <tr>
      <td><a href='https://www.isrctn.com/ISRCTN14850613' target='_blank'><div>ISRCTN14850613</div></a></td>
      <td>Pilot evaluation of integrated CBT for depression</td>
      <td>Other</td>
      <td>Adult</td>
      <td>43</td>
    </tr>
    <tr>
      <td><a href='https://www.isrctn.com/ISRCTN98699098' target='_blank'><div>ISRCTN98699098</div></a></td>
      <td>Stoke-on-Trent smokefree homes service evaluation</td>
      <td>Behavioural</td>
      <td>Adult</td>
      <td>80</td>
    </tr>
    <tr>
      <td><a href='https://www.isrctn.com/ISRCTN58531248' target='_blank'><div>ISRCTN58531248</div></a></td>
      <td>HOPE: Help for people with money, employment and benefit problems</td>
      <td>Other</td>
      <td>Adult</td>
      <td>20</td>
    </tr>
    <tr>
      <td><a href='https://www.isrctn.com/ISRCTN13255300' target='_blank'><div>ISRCTN13255300</div></a></td>
      <td>Supporting secondary school staff in mental health: the WISE (Wellbeing in ...</td>
      <td>Behavioural</td>
      <td>Mixed</td>
      <td>500</td>
    </tr>
    <tr>
      <td><a href='https://www.isrctn.com/ISRCTN95909211' target='_blank'><div>ISRCTN95909211</div></a></td>
      <td>A cluster randomised controlled trial of an intervention to improve the men...</td>
      <td>Behavioural</td>
      <td>Mixed</td>
      <td>24</td>
    </tr>
    <tr>
      <td><a href='https://www.isrctn.com/ISRCTN97394558' target='_blank'><div>ISRCTN97394558</div></a></td>
      <td>Evaluating the Breakthrough Mentoring scheme: a feasibility pilot randomise...</td>
      <td>Behavioural</td>
      <td>Child</td>
      <td>20</td>
    </tr>
    <tr>
      <td><a href='https://www.isrctn.com/ISRCTN90897064' target='_blank'><div>ISRCTN90897064</div></a></td>
      <td>Dopamine and memory consolidation</td>
      <td>Drug</td>
      <td>Senior</td>
      <td>90</td>
    </tr>
    <tr>
      <td><a href='https://www.isrctn.com/ISRCTN65690030' target='_blank'><div>ISRCTN65690030</div></a></td>
      <td>Effects of varenicline and cognitive bias modification on responses to smok...</td>
      <td>Drug</td>
      <td>Adult</td>
      <td>72</td>
    </tr>
    <tr>
      <td><a href='https://www.isrctn.com/ISRCTN52982308' target='_blank'><div>ISRCTN52982308</div></a></td>
      <td>Examining smoking behaviour over a 24 hour period</td>
      <td>Other</td>
      <td>Adult</td>
      <td>128</td>
    </tr>
    <tr>
      <td><a href='https://www.isrctn.com/ISRCTN65340805' target='_blank'><div>ISRCTN65340805</div></a></td>
      <td>Letting the Future In: therapeutic intervention for child sexual abuse</td>
      <td>Other</td>
      <td>Child</td>
      <td>210</td>
    </tr>
    <tr>
      <td><a href='https://www.isrctn.com/ISRCTN50125738' target='_blank'><div>ISRCTN50125738</div></a></td>
      <td>Emotion recognition training and brain responses</td>
      <td>Other</td>
      <td>Adult</td>
      <td>36</td>
    </tr>
    <tr>
      <td><a href='https://www.isrctn.com/ISRCTN16846554' target='_blank'><div>ISRCTN16846554</div></a></td>
      <td>SCript In a Day for injecting drug users</td>
      <td>Other</td>
      <td>Adult</td>
      <td>100</td>
    </tr>
    <tr>
      <td><a href='https://www.isrctn.com/ISRCTN58502739' target='_blank'><div>ISRCTN58502739</div></a></td>
      <td>Action 3:30 - Promoting increased children's physical activity through a te...</td>
      <td>Behavioural</td>
      <td>Other</td>
      <td>640</td>
    </tr>
    <tr>
      <td><a href='https://www.isrctn.com/ISRCTN06653773' target='_blank'><div>ISRCTN06653773</div></a></td>
      <td>Mirtazapine for treatment resistant depression</td>
      <td>Drug</td>
      <td>Adult</td>
      <td>400</td>
    </tr>
    <tr>
      <td><a href='https://www.isrctn.com/ISRCTN17767674' target='_blank'><div>ISRCTN17767674</div></a></td>
      <td>Emotion Recognition Training and mood</td>
      <td>Other</td>
      <td>Adult</td>
      <td>190</td>
    </tr>
    <tr>
      <td><a href='https://www.isrctn.com/ISRCTN97201297' target='_blank'><div>ISRCTN97201297</div></a></td>
      <td>Modifying emotion perception in adults with autism spectrum conditions</td>
      <td>Other</td>
      <td>Adult</td>
      <td>30</td>
    </tr>
    <tr>
      <td><a href='https://www.isrctn.com/ISRCTN14172341' target='_blank'><div>ISRCTN14172341</div></a></td>
      <td>Healthlines Randomised Controlled Trial - Depression</td>
      <td>Other</td>
      <td>Adult</td>
      <td>640</td>
    </tr>
    <tr>
      <td><a href='https://www.isrctn.com/ISRCTN58561170' target='_blank'><div>ISRCTN58561170</div></a></td>
      <td>Psychological Advocacy Towards Healing (PATH): To determine if a psychologi...</td>
      <td>Other</td>
      <td>Adult</td>
      <td>250</td>
    </tr>
    <tr>
      <td><a href='https://www.isrctn.com/ISRCTN02532638' target='_blank'><div>ISRCTN02532638</div></a></td>
      <td>Effects of emotion perception training on mood in undergraduate students</td>
      <td>Behavioural</td>
      <td>Adult</td>
      <td>80</td>
    </tr>
    <tr>
      <td><a href='https://www.isrctn.com/ISRCTN38231611' target='_blank'><div>ISRCTN38231611</div></a></td>
      <td>Cognitive Behavioural Therapy as an adjunct to pharmacotherapy for treatmen...</td>
      <td>Mixed</td>
      <td>Adult</td>
      <td>480</td>
    </tr>
    <tr>
      <td><a href='https://www.isrctn.com/ISRCTN16900744' target='_blank'><div>ISRCTN16900744</div></a></td>
      <td>A pragmatic randomised controlled trial to evaluate physical activity as a ...</td>
      <td>Behavioural</td>
      <td>Adult</td>
      <td>361</td>
    </tr>
    <tr>
      <td><a href='https://www.isrctn.com/ISRCTN45444578' target='_blank'><div>ISRCTN45444578</div></a></td>
      <td>A randomised controlled trial of Internet based cognitive behavioural psych...</td>
      <td>Other</td>
      <td>Not Specified</td>
      <td>470</td>
    </tr>
  </tbody>
</table>"
29,-436122.32467356534,7587553.341563439,University of Stirling,56.1460908,-3.9177535,4.0,9.613531161467861,"<table border=""1"" class=""dataframe"">
  <thead>
    <tr style=""text-align: left;"">
      <th>ISRCTN link</th>
      <th>Title</th>
      <th>Intervention type</th>
      <th>Age group</th>
      <th>Target number of participants</th>
    </tr>
  </thead>
  <tbody>
    <tr>
      <td><a href='https://www.isrctn.com/ISRCTN15900054' target='_blank'><div>ISRCTN15900054</div></a></td>
      <td>Supporting Harm Reduction through Peer Support</td>
      <td>Other</td>
      <td>Adult</td>
      <td>60</td>
    </tr>
    <tr>
      <td><a href='https://www.isrctn.com/ISRCTN43209618' target='_blank'><div>ISRCTN43209618</div></a></td>
      <td>A feasibility study of the Parents under Pressure programme for improving o...</td>
      <td>Behavioural</td>
      <td>All</td>
      <td>48</td>
    </tr>
    <tr>
      <td><a href='https://www.isrctn.com/ISRCTN99488269' target='_blank'><div>ISRCTN99488269</div></a></td>
      <td>A help sheet to reduce self-harm among people admitted to hospital for self...</td>
      <td>Other</td>
      <td>Adult</td>
      <td>518</td>
    </tr>
    <tr>
      <td><a href='https://www.isrctn.com/ISRCTN92204897' target='_blank'><div>ISRCTN92204897</div></a></td>
      <td>Increasing organ donation via anticipated regret: the INORDAR project</td>
      <td>Other</td>
      <td>Adult</td>
      <td>2260</td>
    </tr>
  </tbody>
</table>"
31,-19466.828973237527,6710008.469052965,Imperial College London,51.49882220000001,-0.1748735,20.0,19.61353116146786,"<table border=""1"" class=""dataframe"">
  <thead>
    <tr style=""text-align: left;"">
      <th>ISRCTN link</th>
      <th>Title</th>
      <th>Intervention type</th>
      <th>Age group</th>
      <th>Target number of participants</th>
    </tr>
  </thead>
  <tbody>
    <tr>
      <td><a href='https://www.isrctn.com/ISRCTN17271094' target='_blank'><div>ISRCTN17271094</div></a></td>
      <td>Investigating the effects of the hormone kisspeptin on human brain activity</td>
      <td>Biological/Vaccine</td>
      <td>Adult</td>
      <td>62</td>
    </tr>
    <tr>
      <td><a href='https://www.isrctn.com/ISRCTN12455871' target='_blank'><div>ISRCTN12455871</div></a></td>
      <td>The quit smoking lung health intervention trial</td>
      <td>Mixed</td>
      <td>Adult</td>
      <td>110</td>
    </tr>
    <tr>
      <td><a href='https://www.isrctn.com/ISRCTN10584863' target='_blank'><div>ISRCTN10584863</div></a></td>
      <td>Psilocybin vs escitalopram for depression</td>
      <td>Drug</td>
      <td>Adult</td>
      <td>50</td>
    </tr>
    <tr>
      <td><a href='https://www.isrctn.com/ISRCTN14426797' target='_blank'><div>ISRCTN14426797</div></a></td>
      <td>Psilocybin for depression</td>
      <td>Drug</td>
      <td>Adult</td>
      <td>12</td>
    </tr>
    <tr>
      <td><a href='https://www.isrctn.com/ISRCTN58327365' target='_blank'><div>ISRCTN58327365</div></a></td>
      <td>Healthy Start, Happy Start: helping parents with children's behaviour</td>
      <td>Behavioural</td>
      <td>Mixed</td>
      <td>300</td>
    </tr>
    <tr>
      <td><a href='https://www.isrctn.com/ISRCTN65727743' target='_blank'><div>ISRCTN65727743</div></a></td>
      <td>30-year follow-up of personality and clinical status of patients with anxie...</td>
      <td>Other</td>
      <td>Not Specified</td>
      <td>130</td>
    </tr>
    <tr>
      <td><a href='https://www.isrctn.com/ISRCTN90916365' target='_blank'><div>ISRCTN90916365</div></a></td>
      <td>Lamotrigine And Borderline personality disorder: Investigating Long term Ef...</td>
      <td>Drug</td>
      <td>Adult</td>
      <td>252</td>
    </tr>
    <tr>
      <td><a href='https://www.isrctn.com/ISRCTN44899331' target='_blank'><div>ISRCTN44899331</div></a></td>
      <td>Reversing the Effects of Sleep Deprivation (RESD)</td>
      <td>Drug</td>
      <td>Adult</td>
      <td>40</td>
    </tr>
    <tr>
      <td><a href='https://www.isrctn.com/ISRCTN68824876' target='_blank'><div>ISRCTN68824876</div></a></td>
      <td>Amisulpride augmentation in clozapine-unresponsive schizophrenia</td>
      <td>Drug</td>
      <td>Adult</td>
      <td>230</td>
    </tr>
    <tr>
      <td><a href='https://www.isrctn.com/ISRCTN42305247' target='_blank'><div>ISRCTN42305247</div></a></td>
      <td>Antidepressant Controlled Trial for Negative Symptoms in schizophrenia</td>
      <td>Drug</td>
      <td>Adult</td>
      <td>360</td>
    </tr>
    <tr>
      <td><a href='https://www.isrctn.com/ISRCTN22073647' target='_blank'><div>ISRCTN22073647</div></a></td>
      <td>EUROACTION PLUS intensive smoking intervention (varenicline)</td>
      <td>Drug</td>
      <td>Adult</td>
      <td>1060</td>
    </tr>
    <tr>
      <td><a href='https://www.isrctn.com/ISRCTN74217860' target='_blank'><div>ISRCTN74217860</div></a></td>
      <td>Controlled randomised evaluation of group art therapy</td>
      <td>Other</td>
      <td>Adult</td>
      <td>50</td>
    </tr>
    <tr>
      <td><a href='https://www.isrctn.com/ISRCTN14565822' target='_blank'><div>ISRCTN14565822</div></a></td>
      <td>Cognitive behaviour therapy for excessive worry over health in medical pati...</td>
      <td>Other</td>
      <td>Adult</td>
      <td>465</td>
    </tr>
    <tr>
      <td><a href='https://www.isrctn.com/ISRCTN51344336' target='_blank'><div>ISRCTN51344336</div></a></td>
      <td>Cognitive Behaviour Therapy for Health Anxiety in a genitourinary medicine ...</td>
      <td>Other</td>
      <td>Not Specified</td>
      <td>50</td>
    </tr>
    <tr>
      <td><a href='https://www.isrctn.com/ISRCTN46150447' target='_blank'><div>ISRCTN46150447</div></a></td>
      <td>Interactive group art therapy as an adjunctive treatment for people with sc...</td>
      <td>Behavioural</td>
      <td>Adult</td>
      <td>376</td>
    </tr>
    <tr>
      <td><a href='https://www.isrctn.com/ISRCTN67443573' target='_blank'><div>ISRCTN67443573</div></a></td>
      <td>An exploratory randomised trial of brief intervention for alcohol misuse am...</td>
      <td>Other</td>
      <td>Adult</td>
      <td>270</td>
    </tr>
    <tr>
      <td><a href='https://www.isrctn.com/ISRCTN11736448' target='_blank'><div>ISRCTN11736448</div></a></td>
      <td>Neuroleptics in adults with Aggressive CHallenging Behaviour and Intellectu...</td>
      <td>Drug</td>
      <td>Adult</td>
      <td>86</td>
    </tr>
    <tr>
      <td><a href='https://www.isrctn.com/ISRCTN18352058' target='_blank'><div>ISRCTN18352058</div></a></td>
      <td>Clozapine in the treatment of borderline personality disorder. The CALMED s...</td>
      <td>Drug</td>
      <td>Adult</td>
      <td>222</td>
    </tr>
    <tr>
      <td><a href='https://www.isrctn.com/ISRCTN14711101' target='_blank'><div>ISRCTN14711101</div></a></td>
      <td>Cognitive therapy for pain in the chest</td>
      <td>Behavioural</td>
      <td>Adult</td>
      <td>68</td>
    </tr>
    <tr>
      <td><a href='https://www.isrctn.com/ISRCTN89711766' target='_blank'><div>ISRCTN89711766</div></a></td>
      <td>Evaluating the effects of the novel GLP1 analogue, Liraglutide, in patients...</td>
      <td>Drug</td>
      <td>Mixed</td>
      <td>206</td>
    </tr>
  </tbody>
</table>"
32,-353869.5329130179,6707828.061418129,Cardiff University,51.48662710000001,-3.1788641,18.0,18.958889470453634,"<table border=""1"" class=""dataframe"">
  <thead>
    <tr style=""text-align: left;"">
      <th>ISRCTN link</th>
      <th>Title</th>
      <th>Intervention type</th>
      <th>Age group</th>
      <th>Target number of participants</th>
    </tr>
  </thead>
  <tbody>
    <tr>
      <td><a href='https://www.isrctn.com/ISRCTN91345822' target='_blank'><div>ISRCTN91345822</div></a></td>
      <td>Reconsolidation using Rewind</td>
      <td>Behavioural</td>
      <td>Adult</td>
      <td>40</td>
    </tr>
    <tr>
      <td><a href='https://www.isrctn.com/ISRCTN87375473' target='_blank'><div>ISRCTN87375473</div></a></td>
      <td>Understanding how to facilitate continence for people living with dementia ...</td>
      <td>Other</td>
      <td>Adult</td>
      <td>144</td>
    </tr>
    <tr>
      <td><a href='https://www.isrctn.com/ISRCTN92015724' target='_blank'><div>ISRCTN92015724</div></a></td>
      <td>Comparing psychological interventions in order to find out what treatments ...</td>
      <td>Other</td>
      <td>Adult</td>
      <td>120</td>
    </tr>
    <tr>
      <td><a href='https://www.isrctn.com/ISRCTN80028105' target='_blank'><div>ISRCTN80028105</div></a></td>
      <td>Military motion-assisted memory desensitization and reconsolidation for tre...</td>
      <td>Other</td>
      <td>Adult</td>
      <td>42</td>
    </tr>
    <tr>
      <td><a href='https://www.isrctn.com/ISRCTN13697710' target='_blank'><div>ISRCTN13697710</div></a></td>
      <td>A study of  trauma-focused online guided self help versus trauma-focused co...</td>
      <td>Behavioural</td>
      <td>Adult</td>
      <td>192</td>
    </tr>
    <tr>
      <td><a href='https://www.isrctn.com/ISRCTN14716440' target='_blank'><div>ISRCTN14716440</div></a></td>
      <td>A trial of sensory integration therapy versus usual care for sensory proces...</td>
      <td>Other</td>
      <td>Child</td>
      <td>216</td>
    </tr>
    <tr>
      <td><a href='https://www.isrctn.com/ISRCTN63096364' target='_blank'><div>ISRCTN63096364</div></a></td>
      <td>Evaluating the diversion of alcohol-related attendances (EDARA)</td>
      <td>Other</td>
      <td>Adult</td>
      <td>1440</td>
    </tr>
    <tr>
      <td><a href='https://www.isrctn.com/ISRCTN14415936' target='_blank'><div>ISRCTN14415936</div></a></td>
      <td>Adapting and piloting the ASSIST model of informal peer-led intervention de...</td>
      <td>Other</td>
      <td>Child</td>
      <td>1632</td>
    </tr>
    <tr>
      <td><a href='https://www.isrctn.com/ISRCTN38126962' target='_blank'><div>ISRCTN38126962</div></a></td>
      <td>Anti-psychotic drug reduction in primary care for adults with learning disa...</td>
      <td>Drug</td>
      <td>Adult</td>
      <td>310</td>
    </tr>
    <tr>
      <td><a href='https://www.isrctn.com/ISRCTN80672127' target='_blank'><div>ISRCTN80672127</div></a></td>
      <td>Exploratory trial of the Kids Adults Together (KAT) Programme</td>
      <td>Other</td>
      <td>Child</td>
      <td>240</td>
    </tr>
    <tr>
      <td><a href='https://www.isrctn.com/ISRCTN94284668' target='_blank'><div>ISRCTN94284668</div></a></td>
      <td>Task-related TRAINing in Huntingtons Disease</td>
      <td>Behavioural</td>
      <td>Adult</td>
      <td>30</td>
    </tr>
    <tr>
      <td><a href='https://www.isrctn.com/ISRCTN46824140' target='_blank'><div>ISRCTN46824140</div></a></td>
      <td>DEPression in Visual Impairment Trial</td>
      <td>Other</td>
      <td>Adult</td>
      <td>150</td>
    </tr>
    <tr>
      <td><a href='https://www.isrctn.com/ISRCTN59910670' target='_blank'><div>ISRCTN59910670</div></a></td>
      <td>Community-based Exercise Therapies for Huntington's Disease</td>
      <td>Other</td>
      <td>Adult</td>
      <td>30</td>
    </tr>
    <tr>
      <td><a href='https://www.isrctn.com/ISRCTN63550893' target='_blank'><div>ISRCTN63550893</div></a></td>
      <td>Project SFP Cymru: evaluating the impact of the Strengthening Families 10-1...</td>
      <td>Other</td>
      <td>Mixed</td>
      <td>748</td>
    </tr>
    <tr>
      <td><a href='https://www.isrctn.com/ISRCTN37509773' target='_blank'><div>ISRCTN37509773</div></a></td>
      <td>Manualised anger management intervention for people with mild to moderate l...</td>
      <td>Other</td>
      <td>Adult</td>
      <td>180</td>
    </tr>
    <tr>
      <td><a href='https://www.isrctn.com/ISRCTN81375447' target='_blank'><div>ISRCTN81375447</div></a></td>
      <td>Bipolar Interactive PsychoEDucation trial</td>
      <td>Other</td>
      <td>Adult</td>
      <td>100</td>
    </tr>
    <tr>
      <td><a href='https://www.isrctn.com/ISRCTN22495456' target='_blank'><div>ISRCTN22495456</div></a></td>
      <td>Preventing disease through opportunistic, rapid engagement by primary care ...</td>
      <td>Behavioural</td>
      <td>Adult</td>
      <td>0</td>
    </tr>
    <tr>
      <td><a href='https://www.isrctn.com/ISRCTN19563136' target='_blank'><div>ISRCTN19563136</div></a></td>
      <td>The Filter FE Challenge: pilot trial and process evaluation of a multi-leve...</td>
      <td>Behavioural</td>
      <td>Child</td>
      <td>2500</td>
    </tr>
  </tbody>
</table>"
34,-14025.409811822443,6708868.9079774935,Education Endowment Foundation,51.492449,-0.1259924,7.0,13.090619551221675,"<table border=""1"" class=""dataframe"">
  <thead>
    <tr style=""text-align: left;"">
      <th>ISRCTN link</th>
      <th>Title</th>
      <th>Intervention type</th>
      <th>Age group</th>
      <th>Target number of participants</th>
    </tr>
  </thead>
  <tbody>
    <tr>
      <td><a href='https://www.isrctn.com/ISRCTN14881793' target='_blank'><div>ISRCTN14881793</div></a></td>
      <td>Evaluating the effectiveness of the Nuffield Early Language Intervention</td>
      <td>Behavioural</td>
      <td>Child</td>
      <td>350</td>
    </tr>
    <tr>
      <td><a href='https://www.isrctn.com/ISRCTN89357177' target='_blank'><div>ISRCTN89357177</div></a></td>
      <td>Evaluation of the Level 4 Group Triple P project</td>
      <td>Behavioural</td>
      <td>Mixed</td>
      <td>1100</td>
    </tr>
    <tr>
      <td><a href='https://www.isrctn.com/ISRCTN42120944' target='_blank'><div>ISRCTN42120944</div></a></td>
      <td>Evaluation of Lexia Reading Core5®, a computer-based, independant learning ...</td>
      <td>Other</td>
      <td>Child</td>
      <td>700</td>
    </tr>
    <tr>
      <td><a href='https://www.isrctn.com/ISRCTN12991126' target='_blank'><div>ISRCTN12991126</div></a></td>
      <td>The effectiveness of the Nuffield Early Language Intervention programme</td>
      <td>Behavioural</td>
      <td>Child</td>
      <td>1000</td>
    </tr>
    <tr>
      <td><a href='https://www.isrctn.com/ISRCTN10520083' target='_blank'><div>ISRCTN10520083</div></a></td>
      <td>Do the onebillion maths apps promote young children’s mathematics attainmen...</td>
      <td>Behavioural</td>
      <td>Child</td>
      <td>1124</td>
    </tr>
    <tr>
      <td><a href='https://www.isrctn.com/ISRCTN52831767' target='_blank'><div>ISRCTN52831767</div></a></td>
      <td>Butterfly Phonics Intervention Study</td>
      <td>Other</td>
      <td>Child</td>
      <td>400</td>
    </tr>
    <tr>
      <td><a href='https://www.isrctn.com/ISRCTN64463604' target='_blank'><div>ISRCTN64463604</div></a></td>
      <td>Snappy Catch Up Phonics: Targeted Synthetic Phonics Intervention for Childr...</td>
      <td>Other</td>
      <td>Child</td>
      <td>300</td>
    </tr>
  </tbody>
</table>"
35,-166122.46572901995,7053444.597670693,Sheffield Teaching Hospitals NHS Foundation Trust,53.379171,-1.4923035,2.0,5.306765580733931,"<table border=""1"" class=""dataframe"">
  <thead>
    <tr style=""text-align: left;"">
      <th>ISRCTN link</th>
      <th>Title</th>
      <th>Intervention type</th>
      <th>Age group</th>
      <th>Target number of participants</th>
    </tr>
  </thead>
  <tbody>
    <tr>
      <td><a href='https://www.isrctn.com/ISRCTN42025084' target='_blank'><div>ISRCTN42025084</div></a></td>
      <td>Improving detection and prevention of cognitive decline in ageing</td>
      <td>Other</td>
      <td>Adult</td>
      <td>500</td>
    </tr>
    <tr>
      <td><a href='https://www.isrctn.com/ISRCTN43911973' target='_blank'><div>ISRCTN43911973</div></a></td>
      <td>Evaluation of the impact of a CoughAssist® mechanical in-exsufflator (MI-E)...</td>
      <td>Device</td>
      <td>Adult</td>
      <td>40</td>
    </tr>
  </tbody>
</table>"
38,-119174.39443873038,6594754.863302128,Portsmouth Hospitals NHS Trust,50.8497257,-1.0705618,1.0,1.0,"<table border=""1"" class=""dataframe"">
  <thead>
    <tr style=""text-align: left;"">
      <th>ISRCTN link</th>
      <th>Title</th>
      <th>Intervention type</th>
      <th>Age group</th>
      <th>Target number of participants</th>
    </tr>
  </thead>
  <tbody>
    <tr>
      <td><a href='https://www.isrctn.com/ISRCTN19452424' target='_blank'><div>ISRCTN19452424</div></a></td>
      <td>BRAISH - a feasibility study of alcohol brief intervention in a sexual heal...</td>
      <td>Behavioural</td>
      <td>Other</td>
      <td>215</td>
    </tr>
  </tbody>
</table>"
39,-129447.76968141648,6981081.701203768,Nottingham University Hospitals NHS Trust,52.9896393,-1.1628491,1.0,1.0,"<table border=""1"" class=""dataframe"">
  <thead>
    <tr style=""text-align: left;"">
      <th>ISRCTN link</th>
      <th>Title</th>
      <th>Intervention type</th>
      <th>Age group</th>
      <th>Target number of participants</th>
    </tr>
  </thead>
  <tbody>
    <tr>
      <td><a href='https://www.isrctn.com/ISRCTN15320670' target='_blank'><div>ISRCTN15320670</div></a></td>
      <td>Promoting Activity, Independence and Stability in Early Dementia and Mild C...</td>
      <td>Other</td>
      <td>Adult</td>
      <td>736</td>
    </tr>
  </tbody>
</table>"
40,-27641.675967183288,6757107.276128035,University of Hertfordshire,51.7614518,-0.2483094,4.0,9.613531161467861,"<table border=""1"" class=""dataframe"">
  <thead>
    <tr style=""text-align: left;"">
      <th>ISRCTN link</th>
      <th>Title</th>
      <th>Intervention type</th>
      <th>Age group</th>
      <th>Target number of participants</th>
    </tr>
  </thead>
  <tbody>
    <tr>
      <td><a href='https://www.isrctn.com/ISRCTN70832140' target='_blank'><div>ISRCTN70832140</div></a></td>
      <td>Improving the wellbeing of children in care through a group intervention fo...</td>
      <td>Behavioural</td>
      <td>Adult</td>
      <td>720</td>
    </tr>
    <tr>
      <td><a href='https://www.isrctn.com/ISRCTN66452702' target='_blank'><div>ISRCTN66452702</div></a></td>
      <td>Evaluating an exercise intervention to treat depression in young people</td>
      <td>Behavioural</td>
      <td>Child</td>
      <td>81</td>
    </tr>
    <tr>
      <td><a href='https://www.isrctn.com/ISRCTN07706836' target='_blank'><div>ISRCTN07706836</div></a></td>
      <td>A randomised controlled feasibility trial comparing clinical and cost effec...</td>
      <td>Other</td>
      <td>Adult</td>
      <td>60</td>
    </tr>
    <tr>
      <td><a href='https://www.isrctn.com/ISRCTN14156001' target='_blank'><div>ISRCTN14156001</div></a></td>
      <td>Feasibility study of an randomised controlled trial to investigate the whet...</td>
      <td>Other</td>
      <td>Child</td>
      <td>40</td>
    </tr>
  </tbody>
</table>"
46,12791.555707818878,6837144.079148998,University of Cambridge,52.2042666,0.1149085,11.0,15.898961024049783,"<table border=""1"" class=""dataframe"">
  <thead>
    <tr style=""text-align: left;"">
      <th>ISRCTN link</th>
      <th>Title</th>
      <th>Intervention type</th>
      <th>Age group</th>
      <th>Target number of participants</th>
    </tr>
  </thead>
  <tbody>
    <tr>
      <td><a href='https://www.isrctn.com/ISRCTN18275963' target='_blank'><div>ISRCTN18275963</div></a></td>
      <td>Health warning labels and alcohol selection study</td>
      <td>Behavioural</td>
      <td>Adult</td>
      <td>435</td>
    </tr>
    <tr>
      <td><a href='https://www.isrctn.com/ISRCTN33258531' target='_blank'><div>ISRCTN33258531</div></a></td>
      <td>The effect of modifying serving sizes of beer and wine on alcohol consumpti...</td>
      <td>Behavioural</td>
      <td>Adult</td>
      <td>23</td>
    </tr>
    <tr>
      <td><a href='https://www.isrctn.com/ISRCTN33451258' target='_blank'><div>ISRCTN33451258</div></a></td>
      <td>Do different types of low alcohol labels influence the consumption of wine?</td>
      <td>Behavioural</td>
      <td>Adult</td>
      <td>90</td>
    </tr>
    <tr>
      <td><a href='https://www.isrctn.com/ISRCTN38409550' target='_blank'><div>ISRCTN38409550</div></a></td>
      <td>Is an active lessons program feasible and acceptable to teachers and studen...</td>
      <td>Behavioural</td>
      <td>Mixed</td>
      <td>390</td>
    </tr>
    <tr>
      <td><a href='https://www.isrctn.com/ISRCTN15530806' target='_blank'><div>ISRCTN15530806</div></a></td>
      <td>Do low alcohol labels influence consumption of beer or wine?</td>
      <td>Behavioural</td>
      <td>Adult</td>
      <td>264</td>
    </tr>
    <tr>
      <td><a href='https://www.isrctn.com/ISRCTN11570646' target='_blank'><div>ISRCTN11570646</div></a></td>
      <td>Impact of alcohol promoting and alcohol warning advertisements on alcohol c...</td>
      <td>Behavioural</td>
      <td>Adult</td>
      <td>204</td>
    </tr>
    <tr>
      <td><a href='https://www.isrctn.com/ISRCTN12018175' target='_blank'><div>ISRCTN12018175</div></a></td>
      <td>Does the size of wine glasses influence how much wine is sold in bars or re...</td>
      <td>Behavioural</td>
      <td>Not Specified</td>
      <td>1</td>
    </tr>
    <tr>
      <td><a href='https://www.isrctn.com/ISRCTN11595414' target='_blank'><div>ISRCTN11595414</div></a></td>
      <td>The impact of exposure to e-cigarette adverts on appeal of tobacco smoking ...</td>
      <td>Behavioural</td>
      <td>Child</td>
      <td>572</td>
    </tr>
    <tr>
      <td><a href='https://www.isrctn.com/ISRCTN23244695' target='_blank'><div>ISRCTN23244695</div></a></td>
      <td>London Education and Inclusion Project (LEIP): Intervention to reduce antis...</td>
      <td>Behavioural</td>
      <td>Child</td>
      <td>800</td>
    </tr>
    <tr>
      <td><a href='https://www.isrctn.com/ISRCTN56702353' target='_blank'><div>ISRCTN56702353</div></a></td>
      <td>iQuit in practice: a study to examine a personalised web-and text message p...</td>
      <td>Other</td>
      <td>Adult</td>
      <td>600</td>
    </tr>
    <tr>
      <td><a href='https://www.isrctn.com/ISRCTN11301171' target='_blank'><div>ISRCTN11301171</div></a></td>
      <td>The MiQuit study: feasibility trial of a computer-tailored smoking cessatio...</td>
      <td>Other</td>
      <td>Adult</td>
      <td>200</td>
    </tr>
  </tbody>
</table>"
48,-167396.25013437108,6874085.366556519,Coventry University,52.4071747,-1.5037461,2.0,5.306765580733931,"<table border=""1"" class=""dataframe"">
  <thead>
    <tr style=""text-align: left;"">
      <th>ISRCTN link</th>
      <th>Title</th>
      <th>Intervention type</th>
      <th>Age group</th>
      <th>Target number of participants</th>
    </tr>
  </thead>
  <tbody>
    <tr>
      <td><a href='https://www.isrctn.com/ISRCTN30846825' target='_blank'><div>ISRCTN30846825</div></a></td>
      <td>A longitudinal study of the health and wellbeing of survivors of sexual abu...</td>
      <td>Behavioural</td>
      <td>Mixed</td>
      <td>720</td>
    </tr>
    <tr>
      <td><a href='https://www.isrctn.com/ISRCTN72571312' target='_blank'><div>ISRCTN72571312</div></a></td>
      <td>A placebo controlled pilot study to explore the affects of GABA tea on chil...</td>
      <td>Other</td>
      <td>Child</td>
      <td>9</td>
    </tr>
  </tbody>
</table>"
54,-168073.3732010193,7365882.694883192,Northumbria Healthcare NHS Foundation Trust,55.0206902,-1.5098288,2.0,5.306765580733931,"<table border=""1"" class=""dataframe"">
  <thead>
    <tr style=""text-align: left;"">
      <th>ISRCTN link</th>
      <th>Title</th>
      <th>Intervention type</th>
      <th>Age group</th>
      <th>Target number of participants</th>
    </tr>
  </thead>
  <tbody>
    <tr>
      <td><a href='https://www.isrctn.com/ISRCTN13040944' target='_blank'><div>ISRCTN13040944</div></a></td>
      <td>Applying behaviour change theory and video technology to speech and languag...</td>
      <td>Behavioural</td>
      <td>Mixed</td>
      <td>36</td>
    </tr>
    <tr>
      <td><a href='https://www.isrctn.com/ISRCTN21390601' target='_blank'><div>ISRCTN21390601</div></a></td>
      <td>Can a Nurse Specialist improve care for people with memory problems now and...</td>
      <td>Other</td>
      <td>Adult</td>
      <td>129</td>
    </tr>
  </tbody>
</table>"
55,137944.45245519464,6913367.5528388275,University of East Anglia,52.6219215,1.2391761,7.0,13.090619551221675,"<table border=""1"" class=""dataframe"">
  <thead>
    <tr style=""text-align: left;"">
      <th>ISRCTN link</th>
      <th>Title</th>
      <th>Intervention type</th>
      <th>Age group</th>
      <th>Target number of participants</th>
    </tr>
  </thead>
  <tbody>
    <tr>
      <td><a href='https://www.isrctn.com/ISRCTN18956412' target='_blank'><div>ISRCTN18956412</div></a></td>
      <td>Online acceptance and commitment therapy for family carers</td>
      <td>Behavioural</td>
      <td>Adult</td>
      <td>30</td>
    </tr>
    <tr>
      <td><a href='https://www.isrctn.com/ISRCTN13641553' target='_blank'><div>ISRCTN13641553</div></a></td>
      <td>Does a dementia workshop, delivered to residential care home staff, improve...</td>
      <td>Other</td>
      <td>Mixed</td>
      <td>36</td>
    </tr>
    <tr>
      <td><a href='https://www.isrctn.com/ISRCTN43803769' target='_blank'><div>ISRCTN43803769</div></a></td>
      <td>Injury, inflammatory markers & the exacerbation of confusion: ASCRIBED</td>
      <td>Other</td>
      <td>Adult</td>
      <td>400</td>
    </tr>
    <tr>
      <td><a href='https://www.isrctn.com/ISRCTN12077707' target='_blank'><div>ISRCTN12077707</div></a></td>
      <td>DECRYPT: Delivery of cognitive therapy for young people after trauma</td>
      <td>Other</td>
      <td>Mixed</td>
      <td>120</td>
    </tr>
    <tr>
      <td><a href='https://www.isrctn.com/ISRCTN99336264' target='_blank'><div>ISRCTN99336264</div></a></td>
      <td>PERFECTED CRCT: Care of patients experiencing hip fracture & confusion</td>
      <td>Other</td>
      <td>Adult</td>
      <td>800</td>
    </tr>
    <tr>
      <td><a href='https://www.isrctn.com/ISRCTN14271372' target='_blank'><div>ISRCTN14271372</div></a></td>
      <td>The Chocolate, Orange juice and Blackberry (COB) study</td>
      <td>Other</td>
      <td>Adult</td>
      <td>240</td>
    </tr>
    <tr>
      <td><a href='https://www.isrctn.com/ISRCTN36980856' target='_blank'><div>ISRCTN36980856</div></a></td>
      <td>SHARPISH: study of self help and relapse prevention in smoking</td>
      <td>Behavioural</td>
      <td>Adult</td>
      <td>1400</td>
    </tr>
  </tbody>
</table>"
56,7242.969272617108,6711582.4310722845,University of East London,51.5076234,0.0650647,2.0,5.306765580733931,"<table border=""1"" class=""dataframe"">
  <thead>
    <tr style=""text-align: left;"">
      <th>ISRCTN link</th>
      <th>Title</th>
      <th>Intervention type</th>
      <th>Age group</th>
      <th>Target number of participants</th>
    </tr>
  </thead>
  <tbody>
    <tr>
      <td><a href='https://www.isrctn.com/ISRCTN14514953' target='_blank'><div>ISRCTN14514953</div></a></td>
      <td>Patient care, the patient’s way: an evaluation of method of levels therapy</td>
      <td>Behavioural</td>
      <td>Adult</td>
      <td>30</td>
    </tr>
    <tr>
      <td><a href='https://www.isrctn.com/ISRCTN78742214' target='_blank'><div>ISRCTN78742214</div></a></td>
      <td>Infant Specific Training of Attention Research Study - training infant atte...</td>
      <td>Other</td>
      <td>Neonate</td>
      <td>40</td>
    </tr>
  </tbody>
</table>"
58,-330961.81847936026,7058015.874142556,Liverpool John Moores University,53.4036596,-2.9730806,1.0,1.0,"<table border=""1"" class=""dataframe"">
  <thead>
    <tr style=""text-align: left;"">
      <th>ISRCTN link</th>
      <th>Title</th>
      <th>Intervention type</th>
      <th>Age group</th>
      <th>Target number of participants</th>
    </tr>
  </thead>
  <tbody>
    <tr>
      <td><a href='https://www.isrctn.com/ISRCTN47028486' target='_blank'><div>ISRCTN47028486</div></a></td>
      <td>Steps towards alcohol misuse prevention programme (STAMPP): a school and co...</td>
      <td>Behavioural</td>
      <td>Mixed</td>
      <td>10000</td>
    </tr>
  </tbody>
</table>"
61,-13441.40549922277,6714129.541447256,Great Ormond Street Hospital for Children NHS Foundation Trust,51.5218626,-0.1207462,3.0,7.826061944859854,"<table border=""1"" class=""dataframe"">
  <thead>
    <tr style=""text-align: left;"">
      <th>ISRCTN link</th>
      <th>Title</th>
      <th>Intervention type</th>
      <th>Age group</th>
      <th>Target number of participants</th>
    </tr>
  </thead>
  <tbody>
    <tr>
      <td><a href='https://www.isrctn.com/ISRCTN57823197' target='_blank'><div>ISRCTN57823197</div></a></td>
      <td>Mental health intervention for children with epilepsy</td>
      <td>Behavioural</td>
      <td>Child</td>
      <td>334</td>
    </tr>
    <tr>
      <td><a href='https://www.isrctn.com/ISRCTN21184717' target='_blank'><div>ISRCTN21184717</div></a></td>
      <td>Wellbeing in children with neurological conditions</td>
      <td>Behavioural</td>
      <td>Child</td>
      <td>40</td>
    </tr>
    <tr>
      <td><a href='https://www.isrctn.com/ISRCTN50798741' target='_blank'><div>ISRCTN50798741</div></a></td>
      <td>Group work for children with Tourette Syndrome (TS)</td>
      <td>Other</td>
      <td>Child</td>
      <td>48</td>
    </tr>
  </tbody>
</table>"
65,-233820.86858944438,7073319.8866103925,Pennine Care NHS Foundation Trust,53.4855416,-2.1004486,2.0,5.306765580733931,"<table border=""1"" class=""dataframe"">
  <thead>
    <tr style=""text-align: left;"">
      <th>ISRCTN link</th>
      <th>Title</th>
      <th>Intervention type</th>
      <th>Age group</th>
      <th>Target number of participants</th>
    </tr>
  </thead>
  <tbody>
    <tr>
      <td><a href='https://www.isrctn.com/ISRCTN13235578' target='_blank'><div>ISRCTN13235578</div></a></td>
      <td>The EXTEND trial: evaluating the effectiveness of extended early interventi...</td>
      <td>Mixed</td>
      <td>Mixed</td>
      <td>1092</td>
    </tr>
    <tr>
      <td><a href='https://www.isrctn.com/ISRCTN17402196' target='_blank'><div>ISRCTN17402196</div></a></td>
      <td>Feasibility trial to assess Attention Deficit Hyperactivity Disorder (ADHD)...</td>
      <td>Other</td>
      <td>Child</td>
      <td>60</td>
    </tr>
  </tbody>
</table>"
68,-159707.9806346827,6609566.652367846,Southampton University Hospitals NHS Trust,50.93365619999999,-1.4346812,1.0,1.0,"<table border=""1"" class=""dataframe"">
  <thead>
    <tr style=""text-align: left;"">
      <th>ISRCTN link</th>
      <th>Title</th>
      <th>Intervention type</th>
      <th>Age group</th>
      <th>Target number of participants</th>
    </tr>
  </thead>
  <tbody>
    <tr>
      <td><a href='https://www.isrctn.com/ISRCTN41578109' target='_blank'><div>ISRCTN41578109</div></a></td>
      <td>A qualitative (feasibility) study of mindfulness based stress reduction (MB...</td>
      <td>Other</td>
      <td>All</td>
      <td>35</td>
    </tr>
  </tbody>
</table>"
71,-117082.70120672479,7159956.564079147,University of York,53.9461089,-1.0517718,16.0,18.227062322935723,"<table border=""1"" class=""dataframe"">
  <thead>
    <tr style=""text-align: left;"">
      <th>ISRCTN link</th>
      <th>Title</th>
      <th>Intervention type</th>
      <th>Age group</th>
      <th>Target number of participants</th>
    </tr>
  </thead>
  <tbody>
    <tr>
      <td><a href='https://www.isrctn.com/ISRCTN37208856' target='_blank'><div>ISRCTN37208856</div></a></td>
      <td>Evaluation of a Year 1 Reading Support Programme</td>
      <td>Behavioural</td>
      <td>Child</td>
      <td>5400</td>
    </tr>
    <tr>
      <td><a href='https://www.isrctn.com/ISRCTN11685602' target='_blank'><div>ISRCTN11685602</div></a></td>
      <td>Mental health training for front line police officers: a randomised control...</td>
      <td>Other</td>
      <td>Adult</td>
      <td>722</td>
    </tr>
    <tr>
      <td><a href='https://www.isrctn.com/ISRCTN12459454' target='_blank'><div>ISRCTN12459454</div></a></td>
      <td>IAPT outcome feedback trial</td>
      <td>Other</td>
      <td>Adult</td>
      <td>80</td>
    </tr>
    <tr>
      <td><a href='https://www.isrctn.com/ISRCTN11079129' target='_blank'><div>ISRCTN11079129</div></a></td>
      <td>Enhancing Social and Emotional Health in the Early Years</td>
      <td>Behavioural</td>
      <td>Mixed</td>
      <td>869</td>
    </tr>
    <tr>
      <td><a href='https://www.isrctn.com/ISRCTN72955454' target='_blank'><div>ISRCTN72955454</div></a></td>
      <td>Smoking cessation for severe mental ill health trial</td>
      <td>Behavioural</td>
      <td>Adult</td>
      <td>400</td>
    </tr>
    <tr>
      <td><a href='https://www.isrctn.com/ISRCTN95270332' target='_blank'><div>ISRCTN95270332</div></a></td>
      <td>Self-help for those at risk of depression: The SHARD Trial</td>
      <td>Other</td>
      <td>Senior</td>
      <td>312</td>
    </tr>
    <tr>
      <td><a href='https://www.isrctn.com/ISRCTN45842879' target='_blank'><div>ISRCTN45842879</div></a></td>
      <td>The CASPER-PLUS trial: collaborative care in screen positive elders with ma...</td>
      <td>Other</td>
      <td>Senior</td>
      <td>450</td>
    </tr>
    <tr>
      <td><a href='https://www.isrctn.com/ISRCTN55310481' target='_blank'><div>ISRCTN55310481</div></a></td>
      <td>The second Randomised Evaluation of the Effectiveness and Acceptability of ...</td>
      <td>Other</td>
      <td>Adult</td>
      <td>350</td>
    </tr>
    <tr>
      <td><a href='https://www.isrctn.com/ISRCTN63787732' target='_blank'><div>ISRCTN63787732</div></a></td>
      <td>Acupuncture, Counselling, and Usual GP care for Depression (ACUDep)</td>
      <td>Other</td>
      <td>Adult</td>
      <td>640</td>
    </tr>
    <tr>
      <td><a href='https://www.isrctn.com/ISRCTN79497236' target='_blank'><div>ISRCTN79497236</div></a></td>
      <td>A Smoking Cessation Intervention for Severe Mental Ill Health Trial (SCIMIT...</td>
      <td>Behavioural</td>
      <td>Adult</td>
      <td>100</td>
    </tr>
    <tr>
      <td><a href='https://www.isrctn.com/ISRCTN02202951' target='_blank'><div>ISRCTN02202951</div></a></td>
      <td>Collaborative care in screen-positive elders (CASPER) trial</td>
      <td>Other</td>
      <td>Senior</td>
      <td>658</td>
    </tr>
    <tr>
      <td><a href='https://www.isrctn.com/ISRCTN91947481' target='_blank'><div>ISRCTN91947481</div></a></td>
      <td>The Randomised Evaluation of the Effectiveness and Acceptability of Compute...</td>
      <td>Other</td>
      <td>Adult</td>
      <td>600</td>
    </tr>
    <tr>
      <td><a href='https://www.isrctn.com/ISRCTN52557360' target='_blank'><div>ISRCTN52557360</div></a></td>
      <td>The effectiveness and cost-effectiveness of opportunistic screening and ste...</td>
      <td>Behavioural</td>
      <td>Senior</td>
      <td>500</td>
    </tr>
    <tr>
      <td><a href='https://www.isrctn.com/ISRCTN59267538' target='_blank'><div>ISRCTN59267538</div></a></td>
      <td>Acupuncture for depression: a pilot for a randomised controlled trial</td>
      <td>Other</td>
      <td>Adult</td>
      <td>40</td>
    </tr>
    <tr>
      <td><a href='https://www.isrctn.com/ISRCTN63222059' target='_blank'><div>ISRCTN63222059</div></a></td>
      <td>A Trial Platform of Enhanced care for Depression in Primary Care</td>
      <td>Other</td>
      <td>Adult</td>
      <td>144</td>
    </tr>
    <tr>
      <td><a href='https://www.isrctn.com/ISRCTN17267204' target='_blank'><div>ISRCTN17267204</div></a></td>
      <td>Can the 'Up2U' programme reduce violence by domestic abusers, and improve q...</td>
      <td>Behavioural</td>
      <td>Adult</td>
      <td>400</td>
    </tr>
  </tbody>
</table>"
73,-393530.8195791141,6574927.341954702,University of Exeter,50.7371369,-3.5351475,23.0,20.481920934663798,"<table border=""1"" class=""dataframe"">
  <thead>
    <tr style=""text-align: left;"">
      <th>ISRCTN link</th>
      <th>Title</th>
      <th>Intervention type</th>
      <th>Age group</th>
      <th>Target number of participants</th>
    </tr>
  </thead>
  <tbody>
    <tr>
      <td><a href='https://www.isrctn.com/ISRCTN79265514' target='_blank'><div>ISRCTN79265514</div></a></td>
      <td>Vitamin D for people at risk of dementia</td>
      <td>Supplement</td>
      <td>Adult</td>
      <td>584</td>
    </tr>
    <tr>
      <td><a href='https://www.isrctn.com/ISRCTN57620677' target='_blank'><div>ISRCTN57620677</div></a></td>
      <td>A novel internet-based self-help intervention for anger in armed forces vet...</td>
      <td>Behavioural</td>
      <td>Adult</td>
      <td>30</td>
    </tr>
    <tr>
      <td><a href='https://www.isrctn.com/ISRCTN85278228' target='_blank'><div>ISRCTN85278228</div></a></td>
      <td>Pilot randomised controlled trial of augmented depression therapy</td>
      <td>Other</td>
      <td>Adult</td>
      <td>80</td>
    </tr>
    <tr>
      <td><a href='https://www.isrctn.com/ISRCTN42017211' target='_blank'><div>ISRCTN42017211</div></a></td>
      <td>Behavioural activation self-help for well-being in people with dementia</td>
      <td>Behavioural</td>
      <td>Adult</td>
      <td>100</td>
    </tr>
    <tr>
      <td><a href='https://www.isrctn.com/ISRCTN17544090' target='_blank'><div>ISRCTN17544090</div></a></td>
      <td>The Morita Trial</td>
      <td>Behavioural</td>
      <td>Adult</td>
      <td>72</td>
    </tr>
    <tr>
      <td><a href='https://www.isrctn.com/ISRCTN12683436' target='_blank'><div>ISRCTN12683436</div></a></td>
      <td>REducing Stress and Preventing Depression (RESPOND)</td>
      <td>Other</td>
      <td>Adult</td>
      <td>237</td>
    </tr>
    <tr>
      <td><a href='https://www.isrctn.com/ISRCTN24117387' target='_blank'><div>ISRCTN24117387</div></a></td>
      <td>Implementing multifactorial psychotherapy research in online virtual enviro...</td>
      <td>Other</td>
      <td>Adult</td>
      <td>1056</td>
    </tr>
    <tr>
      <td><a href='https://www.isrctn.com/ISRCTN66346646' target='_blank'><div>ISRCTN66346646</div></a></td>
      <td>STEPS study: to find out if and how to carry out a large clinical trial on ...</td>
      <td>Other</td>
      <td>Adult</td>
      <td>75</td>
    </tr>
    <tr>
      <td><a href='https://www.isrctn.com/ISRCTN14333261' target='_blank'><div>ISRCTN14333261</div></a></td>
      <td>IMPROVE-1 Research Trial</td>
      <td>Other</td>
      <td>Adult</td>
      <td>64</td>
    </tr>
    <tr>
      <td><a href='https://www.isrctn.com/ISRCTN63590486' target='_blank'><div>ISRCTN63590486</div></a></td>
      <td>Guided cognitive behavioural therapy (CBT) self-help for depression in care...</td>
      <td>Other</td>
      <td>Adult</td>
      <td>60</td>
    </tr>
    <tr>
      <td><a href='https://www.isrctn.com/ISRCTN74390532' target='_blank'><div>ISRCTN74390532</div></a></td>
      <td>Integrating Behavioural Activation and Physical Activity promotion (BAcPAc)</td>
      <td>Behavioural</td>
      <td>Adult</td>
      <td>80</td>
    </tr>
    <tr>
      <td><a href='https://www.isrctn.com/ISRCTN84130388' target='_blank'><div>ISRCTN84130388</div></a></td>
      <td>Supporting Teachers And childRen in Schools (STARS) trial</td>
      <td>Other</td>
      <td>Mixed</td>
      <td>1760</td>
    </tr>
    <tr>
      <td><a href='https://www.isrctn.com/ISRCTN27473954' target='_blank'><div>ISRCTN27473954</div></a></td>
      <td>COBRA : Cost and Outcome of BehaviouRal Activation</td>
      <td>Behavioural</td>
      <td>Adult</td>
      <td>440</td>
    </tr>
    <tr>
      <td><a href='https://www.isrctn.com/ISRCTN98066741' target='_blank'><div>ISRCTN98066741</div></a></td>
      <td>Mindfulness Based Cognitive Therapy for parents with recurrent depression: ...</td>
      <td>Behavioural</td>
      <td>Adult</td>
      <td>90</td>
    </tr>
    <tr>
      <td><a href='https://www.isrctn.com/ISRCTN22782150' target='_blank'><div>ISRCTN22782150</div></a></td>
      <td>Rumination-Focused Cognitive Behavioural Therapy for residual depression</td>
      <td>Other</td>
      <td>Adult</td>
      <td>42</td>
    </tr>
    <tr>
      <td><a href='https://www.isrctn.com/ISRCTN13837944' target='_blank'><div>ISRCTN13837944</div></a></td>
      <td>Improving behavioural support for reducing smoking among those who want to ...</td>
      <td>Behavioural</td>
      <td>Adult</td>
      <td>120</td>
    </tr>
    <tr>
      <td><a href='https://www.isrctn.com/ISRCTN39455344' target='_blank'><div>ISRCTN39455344</div></a></td>
      <td>Cognitive training as a facilitated self-help intervention for depression: ...</td>
      <td>Other</td>
      <td>Adult</td>
      <td>120</td>
    </tr>
    <tr>
      <td><a href='https://www.isrctn.com/ISRCTN44812125' target='_blank'><div>ISRCTN44812125</div></a></td>
      <td>Cognitive training as a facilitated self-help relapse prevention for depres...</td>
      <td>Other</td>
      <td>Adult</td>
      <td>70</td>
    </tr>
    <tr>
      <td><a href='https://www.isrctn.com/ISRCTN26666654' target='_blank'><div>ISRCTN26666654</div></a></td>
      <td>Preventing depressive relapse/recurrence in NHS settings through mindfulnes...</td>
      <td>Other</td>
      <td>Adult</td>
      <td>420</td>
    </tr>
    <tr>
      <td><a href='https://www.isrctn.com/ISRCTN32829227' target='_blank'><div>ISRCTN32829227</div></a></td>
      <td>Is collaborative care more clinically and cost effective than usual care in...</td>
      <td>Other</td>
      <td>Adult</td>
      <td>550</td>
    </tr>
    <tr>
      <td><a href='https://www.isrctn.com/ISRCTN65803720' target='_blank'><div>ISRCTN65803720</div></a></td>
      <td>LIVELIFE: effectiveness of two types of support for low mood</td>
      <td>Other</td>
      <td>Adult</td>
      <td>184</td>
    </tr>
    <tr>
      <td><a href='https://www.isrctn.com/ISRCTN12720810' target='_blank'><div>ISRCTN12720810</div></a></td>
      <td>Trial platform: preventing depression relapse in the National Health Servic...</td>
      <td>Other</td>
      <td>Adult</td>
      <td>80</td>
    </tr>
    <tr>
      <td><a href='https://www.isrctn.com/ISRCTN12492022' target='_blank'><div>ISRCTN12492022</div></a></td>
      <td>CATCh-uS ADHD in transition study: Understanding mental health services pro...</td>
      <td>Other</td>
      <td>Mixed</td>
      <td>1</td>
    </tr>
  </tbody>
</table>"
76,-4494.468781033024,6714523.953950477,Queen Mary University of London,51.5240671,-0.0403745,18.0,18.958889470453634,"<table border=""1"" class=""dataframe"">
  <thead>
    <tr style=""text-align: left;"">
      <th>ISRCTN link</th>
      <th>Title</th>
      <th>Intervention type</th>
      <th>Age group</th>
      <th>Target number of participants</th>
    </tr>
  </thead>
  <tbody>
    <tr>
      <td><a href='https://www.isrctn.com/ISRCTN14178068' target='_blank'><div>ISRCTN14178068</div></a></td>
      <td>Virtual reality group therapy for depression</td>
      <td>Device</td>
      <td>Adult</td>
      <td>6</td>
    </tr>
    <tr>
      <td><a href='https://www.isrctn.com/ISRCTN61193406' target='_blank'><div>ISRCTN61193406</div></a></td>
      <td>Do e-cigarettes help smokers quit when not accompanied by intensive behavio...</td>
      <td>Mixed</td>
      <td>Adult</td>
      <td>1170</td>
    </tr>
    <tr>
      <td><a href='https://www.isrctn.com/ISRCTN67900293' target='_blank'><div>ISRCTN67900293</div></a></td>
      <td>SURECAN: Survivors rehabilitation evaluation after cancer</td>
      <td>Behavioural</td>
      <td>Adult</td>
      <td>344</td>
    </tr>
    <tr>
      <td><a href='https://www.isrctn.com/ISRCTN17586238' target='_blank'><div>ISRCTN17586238</div></a></td>
      <td>Phone Pal: volunteering via smart-phone for people with psychosis</td>
      <td>Behavioural</td>
      <td>Adult</td>
      <td>36</td>
    </tr>
    <tr>
      <td><a href='https://www.isrctn.com/ISRCTN16351033' target='_blank'><div>ISRCTN16351033</div></a></td>
      <td>A training and service intervention to optimise pharmacist-based treatment ...</td>
      <td>Other</td>
      <td>Adult</td>
      <td>1320</td>
    </tr>
    <tr>
      <td><a href='https://www.isrctn.com/ISRCTN94605631' target='_blank'><div>ISRCTN94605631</div></a></td>
      <td>Feasibility of intensive group music therapy</td>
      <td>Other</td>
      <td>Adult</td>
      <td>60</td>
    </tr>
    <tr>
      <td><a href='https://www.isrctn.com/ISRCTN13288677' target='_blank'><div>ISRCTN13288677</div></a></td>
      <td>Can electronic cigarettes and nicotine replacement treatment help reduce sm...</td>
      <td>Behavioural</td>
      <td>Adult</td>
      <td>200</td>
    </tr>
    <tr>
      <td><a href='https://www.isrctn.com/ISRCTN62025374' target='_blank'><div>ISRCTN62025374</div></a></td>
      <td>Helping pregnant smokers quit: a multi-centre study of electronic cigarette...</td>
      <td>Mixed</td>
      <td>Adult</td>
      <td>1142</td>
    </tr>
    <tr>
      <td><a href='https://www.isrctn.com/ISRCTN59537391' target='_blank'><div>ISRCTN59537391</div></a></td>
      <td>Working together against COPD</td>
      <td>Other</td>
      <td>Adult</td>
      <td>430</td>
    </tr>
    <tr>
      <td><a href='https://www.isrctn.com/ISRCTN11111428' target='_blank'><div>ISRCTN11111428</div></a></td>
      <td>Relapse prevention trial</td>
      <td>Behavioural</td>
      <td>Adult</td>
      <td>1400</td>
    </tr>
    <tr>
      <td><a href='https://www.isrctn.com/ISRCTN14021839' target='_blank'><div>ISRCTN14021839</div></a></td>
      <td>Assessing volunteering in mental health care for people with psychosis</td>
      <td>Behavioural</td>
      <td>Adult</td>
      <td>159</td>
    </tr>
    <tr>
      <td><a href='https://www.isrctn.com/ISRCTN60477608' target='_blank'><div>ISRCTN60477608</div></a></td>
      <td>The efficacy of e-cigarettes compared with nicotine replacement therapy, wh...</td>
      <td>Device</td>
      <td>Adult</td>
      <td>886</td>
    </tr>
    <tr>
      <td><a href='https://www.isrctn.com/ISRCTN78356215' target='_blank'><div>ISRCTN78356215</div></a></td>
      <td>Flowy randomized controlled pilot trial</td>
      <td>Behavioural</td>
      <td>Adult</td>
      <td>60</td>
    </tr>
    <tr>
      <td><a href='https://www.isrctn.com/ISRCTN40256812' target='_blank'><div>ISRCTN40256812</div></a></td>
      <td>COFI - Comparing Functional and Integrated systems of mental health care</td>
      <td>Behavioural</td>
      <td>Adult</td>
      <td>6000</td>
    </tr>
    <tr>
      <td><a href='https://www.isrctn.com/ISRCTN34757603' target='_blank'><div>ISRCTN34757603</div></a></td>
      <td>The EPOS trial: effective patient-clinician communication in community ment...</td>
      <td>Other</td>
      <td>Adult</td>
      <td>180</td>
    </tr>
    <tr>
      <td><a href='https://www.isrctn.com/ISRCTN94846422' target='_blank'><div>ISRCTN94846422</div></a></td>
      <td>An intervention to improve psychiatrist-patient communication</td>
      <td>Other</td>
      <td>Adult</td>
      <td>84</td>
    </tr>
    <tr>
      <td><a href='https://www.isrctn.com/ISRCTN54285094' target='_blank'><div>ISRCTN54285094</div></a></td>
      <td>A randomised controlled trial of adaptive pacing, cognitive behaviour thera...</td>
      <td>Other</td>
      <td>Adult</td>
      <td>600</td>
    </tr>
    <tr>
      <td><a href='https://www.isrctn.com/ISRCTN39500419' target='_blank'><div>ISRCTN39500419</div></a></td>
      <td>Electronic cigarettes: Nicotine delivery in users</td>
      <td>Other</td>
      <td>Adult</td>
      <td>7</td>
    </tr>
  </tbody>
</table>"
78,-83971.8763929698,6695313.377120131,Berkshire Healthcare NHS Foundation Trust,51.41656889999999,-0.7543322,3.0,7.826061944859854,"<table border=""1"" class=""dataframe"">
  <thead>
    <tr style=""text-align: left;"">
      <th>ISRCTN link</th>
      <th>Title</th>
      <th>Intervention type</th>
      <th>Age group</th>
      <th>Target number of participants</th>
    </tr>
  </thead>
  <tbody>
    <tr>
      <td><a href='https://www.isrctn.com/ISRCTN16321795' target='_blank'><div>ISRCTN16321795</div></a></td>
      <td>Imagery based emotion regulation for bipolar disorder</td>
      <td>Behavioural</td>
      <td>Adult</td>
      <td>60</td>
    </tr>
    <tr>
      <td><a href='https://www.isrctn.com/ISRCTN54370851' target='_blank'><div>ISRCTN54370851</div></a></td>
      <td>Making sense of voices</td>
      <td>Other</td>
      <td>Adult</td>
      <td>15</td>
    </tr>
    <tr>
      <td><a href='https://www.isrctn.com/ISRCTN99485756' target='_blank'><div>ISRCTN99485756</div></a></td>
      <td>Positive Memory Training for the treatment of depression in schizophrenia</td>
      <td>Other</td>
      <td>Adult</td>
      <td>100</td>
    </tr>
  </tbody>
</table>"
80,-477560.7156906854,7533061.006069123,University of Glasgow,55.8724256,-4.2900009,13.0,16.936926411670825,"<table border=""1"" class=""dataframe"">
  <thead>
    <tr style=""text-align: left;"">
      <th>ISRCTN link</th>
      <th>Title</th>
      <th>Intervention type</th>
      <th>Age group</th>
      <th>Target number of participants</th>
    </tr>
  </thead>
  <tbody>
    <tr>
      <td><a href='https://www.isrctn.com/ISRCTN10277566' target='_blank'><div>ISRCTN10277566</div></a></td>
      <td>Active play in children with intellectual disabilities</td>
      <td>Behavioural</td>
      <td>Child</td>
      <td>21</td>
    </tr>
    <tr>
      <td><a href='https://www.isrctn.com/ISRCTN12890709' target='_blank'><div>ISRCTN12890709</div></a></td>
      <td>An online CBT life skills programme for low mood and anxiety.</td>
      <td>Other</td>
      <td>Adult</td>
      <td>50</td>
    </tr>
    <tr>
      <td><a href='https://www.isrctn.com/ISRCTN30816908' target='_blank'><div>ISRCTN30816908</div></a></td>
      <td>Evaluation and treatment of low and anxious mood in Chinese speaking intern...</td>
      <td>Other</td>
      <td>Adult</td>
      <td>50</td>
    </tr>
    <tr>
      <td><a href='https://www.isrctn.com/ISRCTN10316077' target='_blank'><div>ISRCTN10316077</div></a></td>
      <td>An initial study of an online self-help programme for individuals seeking e...</td>
      <td>Behavioural</td>
      <td>Adult</td>
      <td>100</td>
    </tr>
    <tr>
      <td><a href='https://www.isrctn.com/ISRCTN61518949' target='_blank'><div>ISRCTN61518949</div></a></td>
      <td>Online cognitive behavioural therapy (CBT) for individuals with Christian b...</td>
      <td>Other</td>
      <td>Adult</td>
      <td>80</td>
    </tr>
    <tr>
      <td><a href='https://www.isrctn.com/ISRCTN81965709' target='_blank'><div>ISRCTN81965709</div></a></td>
      <td>Acceptance and use of Life To The Full online educational classes aimed at ...</td>
      <td>Other</td>
      <td>Child</td>
      <td>40</td>
    </tr>
    <tr>
      <td><a href='https://www.isrctn.com/ISRCTN86292664' target='_blank'><div>ISRCTN86292664</div></a></td>
      <td>A community based group guided self-help intervention for low mood and stre...</td>
      <td>Other</td>
      <td>Adult</td>
      <td>128</td>
    </tr>
    <tr>
      <td><a href='https://www.isrctn.com/ISRCTN89464907' target='_blank'><div>ISRCTN89464907</div></a></td>
      <td>Living life to the full: educational classes for older adults with low mood...</td>
      <td>Other</td>
      <td>Senior</td>
      <td>45</td>
    </tr>
    <tr>
      <td><a href='https://www.isrctn.com/ISRCTN84893887' target='_blank'><div>ISRCTN84893887</div></a></td>
      <td>Community use of living life to the full educational classes</td>
      <td>Behavioural</td>
      <td>Adult</td>
      <td>90</td>
    </tr>
    <tr>
      <td><a href='https://www.isrctn.com/ISRCTN44615689' target='_blank'><div>ISRCTN44615689</div></a></td>
      <td>Evaluation of internet cognitive behavioural therapy for insomnia disorder</td>
      <td>Other</td>
      <td>Adult</td>
      <td>156</td>
    </tr>
    <tr>
      <td><a href='https://www.isrctn.com/ISRCTN41034162' target='_blank'><div>ISRCTN41034162</div></a></td>
      <td>Will an online life skills package be helpful for individuals with bulimia ...</td>
      <td>Other</td>
      <td>Adult</td>
      <td>250</td>
    </tr>
    <tr>
      <td><a href='https://www.isrctn.com/ISRCTN32222677' target='_blank'><div>ISRCTN32222677</div></a></td>
      <td>A randomised controlled trial of smoking cessation advice and nicotene repl...</td>
      <td>Other</td>
      <td>Adult</td>
      <td>120</td>
    </tr>
    <tr>
      <td><a href='https://www.isrctn.com/ISRCTN86177428' target='_blank'><div>ISRCTN86177428</div></a></td>
      <td>BOrderline personality disorder Study of COgnitive Therapy trial</td>
      <td>Other</td>
      <td>Adult</td>
      <td>106</td>
    </tr>
  </tbody>
</table>"
82,-258694.8637167799,7073682.91178754,Salford Royal NHS Foundation Trust,53.487482,-2.3238955,1.0,1.0,"<table border=""1"" class=""dataframe"">
  <thead>
    <tr style=""text-align: left;"">
      <th>ISRCTN link</th>
      <th>Title</th>
      <th>Intervention type</th>
      <th>Age group</th>
      <th>Target number of participants</th>
    </tr>
  </thead>
  <tbody>
    <tr>
      <td><a href='https://www.isrctn.com/ISRCTN49546767' target='_blank'><div>ISRCTN49546767</div></a></td>
      <td>Identifying depression in older patients in the emergency department</td>
      <td>Other</td>
      <td>Senior</td>
      <td>200</td>
    </tr>
  </tbody>
</table>"
83,1733913.190096363,8051359.022071984,Linköping University,58.3978364,15.5760072,1.0,1.0,"<table border=""1"" class=""dataframe"">
  <thead>
    <tr style=""text-align: left;"">
      <th>ISRCTN link</th>
      <th>Title</th>
      <th>Intervention type</th>
      <th>Age group</th>
      <th>Target number of participants</th>
    </tr>
  </thead>
  <tbody>
    <tr>
      <td><a href='https://www.isrctn.com/ISRCTN17954645' target='_blank'><div>ISRCTN17954645</div></a></td>
      <td>The effect of question order on the outcomes in the core outcome set for br...</td>
      <td>Behavioural</td>
      <td>Adult</td>
      <td>5000</td>
    </tr>
  </tbody>
</table>"
84,-252923.78301532974,6983633.7531679515,Keele University,53.00343729999999,-2.272053000000001,1.0,1.0,"<table border=""1"" class=""dataframe"">
  <thead>
    <tr style=""text-align: left;"">
      <th>ISRCTN link</th>
      <th>Title</th>
      <th>Intervention type</th>
      <th>Age group</th>
      <th>Target number of participants</th>
    </tr>
  </thead>
  <tbody>
    <tr>
      <td><a href='https://www.isrctn.com/ISRCTN16318986' target='_blank'><div>ISRCTN16318986</div></a></td>
      <td>NOTEPAD: third sector workers supporting depressed and anxious older people...</td>
      <td>Other</td>
      <td>Senior</td>
      <td>100</td>
    </tr>
  </tbody>
</table>"
85,-443046.2745494671,6729773.218704072,Swansea University,51.6092184,-3.9799524,6.0,12.132827525593784,"<table border=""1"" class=""dataframe"">
  <thead>
    <tr style=""text-align: left;"">
      <th>ISRCTN link</th>
      <th>Title</th>
      <th>Intervention type</th>
      <th>Age group</th>
      <th>Target number of participants</th>
    </tr>
  </thead>
  <tbody>
    <tr>
      <td><a href='https://www.isrctn.com/ISRCTN21598625' target='_blank'><div>ISRCTN21598625</div></a></td>
      <td>The impact of coronavirus on mental health and well-being in Wales</td>
      <td>Other</td>
      <td>Mixed</td>
      <td>5500</td>
    </tr>
    <tr>
      <td><a href='https://www.isrctn.com/ISRCTN12040087' target='_blank'><div>ISRCTN12040087</div></a></td>
      <td>Can the Prevail programme for employees and managers improve workplace prod...</td>
      <td>Behavioural</td>
      <td>Adult</td>
      <td>1040</td>
    </tr>
    <tr>
      <td><a href='https://www.isrctn.com/ISRCTN18190978' target='_blank'><div>ISRCTN18190978</div></a></td>
      <td>Champions for health: a web-based acceptance and commitment therapy (ACT) i...</td>
      <td>Behavioural</td>
      <td>Adult</td>
      <td>800</td>
    </tr>
    <tr>
      <td><a href='https://www.isrctn.com/ISRCTN15462041' target='_blank'><div>ISRCTN15462041</div></a></td>
      <td>Improving mental health literacy in school children: a randomised control t...</td>
      <td>Behavioural</td>
      <td>Mixed</td>
      <td>22500</td>
    </tr>
    <tr>
      <td><a href='https://www.isrctn.com/ISRCTN50074817' target='_blank'><div>ISRCTN50074817</div></a></td>
      <td>Does the inclusion of an emotional wellbeing intervention into an existing,...</td>
      <td>Behavioural</td>
      <td>Adult</td>
      <td>100</td>
    </tr>
    <tr>
      <td><a href='https://www.isrctn.com/ISRCTN76914248' target='_blank'><div>ISRCTN76914248</div></a></td>
      <td>Social Work Intervention following Self-Harm</td>
      <td>Other</td>
      <td>Adult</td>
      <td>120</td>
    </tr>
  </tbody>
</table>"
90,-357337.079391483,7548547.730360382,European Commission,55.9503985,-3.2100136,1.0,1.0,"<table border=""1"" class=""dataframe"">
  <thead>
    <tr style=""text-align: left;"">
      <th>ISRCTN link</th>
      <th>Title</th>
      <th>Intervention type</th>
      <th>Age group</th>
      <th>Target number of participants</th>
    </tr>
  </thead>
  <tbody>
    <tr>
      <td><a href='https://www.isrctn.com/ISRCTN75571732' target='_blank'><div>ISRCTN75571732</div></a></td>
      <td>Towards more effective European Community care for patients with severe psy...</td>
      <td>Other</td>
      <td>Adult</td>
      <td>480</td>
    </tr>
  </tbody>
</table>"
93,-355024.71753287787,7547378.240693045,University of Edinburgh,55.9445158,-3.1892413,14.0,17.397385131955605,"<table border=""1"" class=""dataframe"">
  <thead>
    <tr style=""text-align: left;"">
      <th>ISRCTN link</th>
      <th>Title</th>
      <th>Intervention type</th>
      <th>Age group</th>
      <th>Target number of participants</th>
    </tr>
  </thead>
  <tbody>
    <tr>
      <td><a href='https://www.isrctn.com/ISRCTN97417474' target='_blank'><div>ISRCTN97417474</div></a></td>
      <td>Development of a delirium detection tool in hospice patients</td>
      <td>Behavioural</td>
      <td>Adult</td>
      <td>200</td>
    </tr>
    <tr>
      <td><a href='https://www.isrctn.com/ISRCTN27417180' target='_blank'><div>ISRCTN27417180</div></a></td>
      <td>Alcohol Brief Interventions for men on remand in prison</td>
      <td>Behavioural</td>
      <td>Adult</td>
      <td>180</td>
    </tr>
    <tr>
      <td><a href='https://www.isrctn.com/ISRCTN11001662' target='_blank'><div>ISRCTN11001662</div></a></td>
      <td>Pilot trial of an interactive music programme for individuals living with d...</td>
      <td>Behavioural</td>
      <td>Senior</td>
      <td>20</td>
    </tr>
    <tr>
      <td><a href='https://www.isrctn.com/ISRCTN87615455' target='_blank'><div>ISRCTN87615455</div></a></td>
      <td>Exploratory pilot trial of Help4Mood</td>
      <td>Other</td>
      <td>Adult</td>
      <td>18</td>
    </tr>
    <tr>
      <td><a href='https://www.isrctn.com/ISRCTN63083469' target='_blank'><div>ISRCTN63083469</div></a></td>
      <td>Multiple Symptoms Study: a feasibility study of a GP with special interest ...</td>
      <td>Other</td>
      <td>Adult</td>
      <td>120</td>
    </tr>
    <tr>
      <td><a href='https://www.isrctn.com/ISRCTN75905964' target='_blank'><div>ISRCTN75905964</div></a></td>
      <td>SMaRT Oncology-3: a two-arm parallel group randomised controlled trial to d...</td>
      <td>Other</td>
      <td>Adult</td>
      <td>200</td>
    </tr>
    <tr>
      <td><a href='https://www.isrctn.com/ISRCTN82127540' target='_blank'><div>ISRCTN82127540</div></a></td>
      <td>Promoting smoking cessation in Bangladeshi and Pakistani male adults: pilot...</td>
      <td>Other</td>
      <td>Adult</td>
      <td>180</td>
    </tr>
    <tr>
      <td><a href='https://www.isrctn.com/ISRCTN66084210' target='_blank'><div>ISRCTN66084210</div></a></td>
      <td>A feasibility study to test the methods and recruitment procedures towards ...</td>
      <td>Other</td>
      <td>Adult</td>
      <td>100</td>
    </tr>
    <tr>
      <td><a href='https://www.isrctn.com/ISRCTN47705219' target='_blank'><div>ISRCTN47705219</div></a></td>
      <td>Scottish Neurological Symptoms Study 2: Symptom Management Research Trial i...</td>
      <td>Other</td>
      <td>Adult</td>
      <td>130</td>
    </tr>
    <tr>
      <td><a href='https://www.isrctn.com/ISRCTN84767225' target='_blank'><div>ISRCTN84767225</div></a></td>
      <td>Multi-component nurse delivered intervention for major depressive disorder ...</td>
      <td>Other</td>
      <td>Adult</td>
      <td>200</td>
    </tr>
    <tr>
      <td><a href='https://www.isrctn.com/ISRCTN12580546' target='_blank'><div>ISRCTN12580546</div></a></td>
      <td>Preventing cognitive decline and dementia from cerebral small vessel diseas...</td>
      <td>Drug</td>
      <td>Adult</td>
      <td>57</td>
    </tr>
    <tr>
      <td><a href='https://www.isrctn.com/ISRCTN40568538' target='_blank'><div>ISRCTN40568538</div></a></td>
      <td>SMaRT oncology-2: a two arm parallel group randomised controlled trial to d...</td>
      <td>Other</td>
      <td>Adult</td>
      <td>500</td>
    </tr>
    <tr>
      <td><a href='https://www.isrctn.com/ISRCTN53388093' target='_blank'><div>ISRCTN53388093</div></a></td>
      <td>Development and validation of the 4AT: a new rapid screening tool for delir...</td>
      <td>Other</td>
      <td>Senior</td>
      <td>900</td>
    </tr>
    <tr>
      <td><a href='https://www.isrctn.com/ISRCTN53388093' target='_blank'><div>ISRCTN53388093</div></a></td>
      <td>Development and validation of the 4AT: a new rapid screening tool for delir...</td>
      <td>Other</td>
      <td>Senior</td>
      <td>900</td>
    </tr>
  </tbody>
</table>"
95,-179743.21805985976,7357827.800864691,Newcastle University,54.9791871,-1.6146608,10.0,15.306765580733934,"<table border=""1"" class=""dataframe"">
  <thead>
    <tr style=""text-align: left;"">
      <th>ISRCTN link</th>
      <th>Title</th>
      <th>Intervention type</th>
      <th>Age group</th>
      <th>Target number of participants</th>
    </tr>
  </thead>
  <tbody>
    <tr>
      <td><a href='https://www.isrctn.com/ISRCTN70594445' target='_blank'><div>ISRCTN70594445</div></a></td>
      <td>A study of the use of safety plans to reduce self-harm and suicide for auti...</td>
      <td>Behavioural</td>
      <td>Adult</td>
      <td>155</td>
    </tr>
    <tr>
      <td><a href='https://www.isrctn.com/ISRCTN10974028' target='_blank'><div>ISRCTN10974028</div></a></td>
      <td>Language intervention in the early years - comparing the effectiveness of l...</td>
      <td>Behavioural</td>
      <td>Child</td>
      <td>288</td>
    </tr>
    <tr>
      <td><a href='https://www.isrctn.com/ISRCTN13792389' target='_blank'><div>ISRCTN13792389</div></a></td>
      <td>A preschool intervention to improve child and family health behaviours</td>
      <td>Behavioural</td>
      <td>Mixed</td>
      <td>121</td>
    </tr>
    <tr>
      <td><a href='https://www.isrctn.com/ISRCTN60291091' target='_blank'><div>ISRCTN60291091</div></a></td>
      <td>Brief interventions to reduce risky drinking in parents of children referre...</td>
      <td>Behavioural</td>
      <td>Adult</td>
      <td>180</td>
    </tr>
    <tr>
      <td><a href='https://www.isrctn.com/ISRCTN80786829' target='_blank'><div>ISRCTN80786829</div></a></td>
      <td>Supporting looked after children and care leavers in decreasing drugs and a...</td>
      <td>Behavioural</td>
      <td>Mixed</td>
      <td>150</td>
    </tr>
    <tr>
      <td><a href='https://www.isrctn.com/ISRCTN45691494' target='_blank'><div>ISRCTN45691494</div></a></td>
      <td>Screening and brief alcohol intervention to prevent risky drinking in young...</td>
      <td>Behavioural</td>
      <td>Child</td>
      <td>257</td>
    </tr>
    <tr>
      <td><a href='https://www.isrctn.com/ISRCTN89291046' target='_blank'><div>ISRCTN89291046</div></a></td>
      <td>ACCEPT: AlCohol screening and brief intervention in a police Custody suitEs...</td>
      <td>Other</td>
      <td>Adult</td>
      <td>90</td>
    </tr>
    <tr>
      <td><a href='https://www.isrctn.com/ISRCTN58483069' target='_blank'><div>ISRCTN58483069</div></a></td>
      <td>Using a virtual reality environment to reduce anxiety in children with auti...</td>
      <td>Behavioural</td>
      <td>Child</td>
      <td>20</td>
    </tr>
    <tr>
      <td><a href='https://www.isrctn.com/ISRCTN07073105' target='_blank'><div>ISRCTN07073105</div></a></td>
      <td>A brief alcohol intervention to prevent hazardous drinking in young people ...</td>
      <td>Behavioural</td>
      <td>Child</td>
      <td>232</td>
    </tr>
    <tr>
      <td><a href='https://www.isrctn.com/ISRCTN15871014' target='_blank'><div>ISRCTN15871014</div></a></td>
      <td>Development of a theory based tailored intervention to promote disclosure o...</td>
      <td>Other</td>
      <td>Senior</td>
      <td>120</td>
    </tr>
  </tbody>
</table>"
96,-233940.7708129778,7793869.012440783,University of Aberdeen,57.16475999999999,-2.1015257,2.0,5.306765580733931,"<table border=""1"" class=""dataframe"">
  <thead>
    <tr style=""text-align: left;"">
      <th>ISRCTN link</th>
      <th>Title</th>
      <th>Intervention type</th>
      <th>Age group</th>
      <th>Target number of participants</th>
    </tr>
  </thead>
  <tbody>
    <tr>
      <td><a href='https://www.isrctn.com/ISRCTN60972025' target='_blank'><div>ISRCTN60972025</div></a></td>
      <td>Comparing counselling and guided cognitive behavioural therapy self-help fo...</td>
      <td>Other</td>
      <td>Adult</td>
      <td>50</td>
    </tr>
    <tr>
      <td><a href='https://www.isrctn.com/ISRCTN40380499' target='_blank'><div>ISRCTN40380499</div></a></td>
      <td>Screening and brief interventions for alcohol misuse delivered in the commu...</td>
      <td>Other</td>
      <td>Adult</td>
      <td>100</td>
    </tr>
  </tbody>
</table>"
97,-174952.83980840005,7362681.212442565,Northumbria University,55.0041996,-1.5716281,1.0,1.0,"<table border=""1"" class=""dataframe"">
  <thead>
    <tr style=""text-align: left;"">
      <th>ISRCTN link</th>
      <th>Title</th>
      <th>Intervention type</th>
      <th>Age group</th>
      <th>Target number of participants</th>
    </tr>
  </thead>
  <tbody>
    <tr>
      <td><a href='https://www.isrctn.com/ISRCTN43900695' target='_blank'><div>ISRCTN43900695</div></a></td>
      <td>Testing an early online intervention for the treatment of disturbed sleep d...</td>
      <td>Behavioural</td>
      <td>Adult</td>
      <td>60</td>
    </tr>
  </tbody>
</table>"
99,-15299.205349122634,6714813.893758078,University College London Hospitals NHS Foundation Trust,51.5256876,-0.1374351,1.0,1.0,"<table border=""1"" class=""dataframe"">
  <thead>
    <tr style=""text-align: left;"">
      <th>ISRCTN link</th>
      <th>Title</th>
      <th>Intervention type</th>
      <th>Age group</th>
      <th>Target number of participants</th>
    </tr>
  </thead>
  <tbody>
    <tr>
      <td><a href='https://www.isrctn.com/ISRCTN20646614' target='_blank'><div>ISRCTN20646614</div></a></td>
      <td>Dementia early recognition and response project</td>
      <td>Other</td>
      <td>Other</td>
      <td>200</td>
    </tr>
  </tbody>
</table>"
100,-9745.932363358466,6597926.835537341,University of Sussex,50.8677123,-0.0875492,5.0,11.0,"<table border=""1"" class=""dataframe"">
  <thead>
    <tr style=""text-align: left;"">
      <th>ISRCTN link</th>
      <th>Title</th>
      <th>Intervention type</th>
      <th>Age group</th>
      <th>Target number of participants</th>
    </tr>
  </thead>
  <tbody>
    <tr>
      <td><a href='https://www.isrctn.com/ISRCTN17018615' target='_blank'><div>ISRCTN17018615</div></a></td>
      <td>A novel targeted treatment for reducing anxiety in joint hypermobility</td>
      <td>Other</td>
      <td>Adult</td>
      <td>90</td>
    </tr>
    <tr>
      <td><a href='https://www.isrctn.com/ISRCTN15424185' target='_blank'><div>ISRCTN15424185</div></a></td>
      <td>Investigation of wellbeing interventions in NHS staff</td>
      <td>Other</td>
      <td>Adult</td>
      <td>2108</td>
    </tr>
    <tr>
      <td><a href='https://www.isrctn.com/ISRCTN79116352' target='_blank'><div>ISRCTN79116352</div></a></td>
      <td>Caring for caregivers (C4C)</td>
      <td>Behavioural</td>
      <td>Adult</td>
      <td>60</td>
    </tr>
    <tr>
      <td><a href='https://www.isrctn.com/ISRCTN17411897' target='_blank'><div>ISRCTN17411897</div></a></td>
      <td>Study of mirtazapine for agitation in dementia</td>
      <td>Drug</td>
      <td>Adult</td>
      <td>262</td>
    </tr>
    <tr>
      <td><a href='https://www.isrctn.com/ISRCTN77762753' target='_blank'><div>ISRCTN77762753</div></a></td>
      <td>A pilot randomised controlled trial of guided self-help cognitive behaviour...</td>
      <td>Behavioural</td>
      <td>Adult</td>
      <td>30</td>
    </tr>
  </tbody>
</table>"
106,17020.137885092165,6842514.810432163,Ieso Digital Health,52.23382429999999,0.1528945,2.0,5.306765580733931,"<table border=""1"" class=""dataframe"">
  <thead>
    <tr style=""text-align: left;"">
      <th>ISRCTN link</th>
      <th>Title</th>
      <th>Intervention type</th>
      <th>Age group</th>
      <th>Target number of participants</th>
    </tr>
  </thead>
  <tbody>
    <tr>
      <td><a href='https://www.isrctn.com/ISRCTN87336732' target='_blank'><div>ISRCTN87336732</div></a></td>
      <td>Digital therapeutic tools in the treatment of mild to moderate depression a...</td>
      <td>Behavioural</td>
      <td>Adult</td>
      <td>300</td>
    </tr>
    <tr>
      <td><a href='https://www.isrctn.com/ISRCTN11004397' target='_blank'><div>ISRCTN11004397</div></a></td>
      <td>Cognitive and behavioural biomarkers for the treatment of mental health con...</td>
      <td>Behavioural</td>
      <td>Adult</td>
      <td>200</td>
    </tr>
  </tbody>
</table>"
107,-65619.09948774411,6664416.1057942845,University of Surrey,51.2431429,-0.5894664,2.0,5.306765580733931,"<table border=""1"" class=""dataframe"">
  <thead>
    <tr style=""text-align: left;"">
      <th>ISRCTN link</th>
      <th>Title</th>
      <th>Intervention type</th>
      <th>Age group</th>
      <th>Target number of participants</th>
    </tr>
  </thead>
  <tbody>
    <tr>
      <td><a href='https://www.isrctn.com/ISRCTN80468181' target='_blank'><div>ISRCTN80468181</div></a></td>
      <td>Can taking a zinc supplement during pregnancy reduce the symptoms of depres...</td>
      <td>Supplement</td>
      <td>Adult</td>
      <td>50</td>
    </tr>
    <tr>
      <td><a href='https://www.isrctn.com/ISRCTN52104724' target='_blank'><div>ISRCTN52104724</div></a></td>
      <td>Investigation to explore whether there is a synergistic effect between nico...</td>
      <td>Drug</td>
      <td>Adult</td>
      <td>72</td>
    </tr>
  </tbody>
</table>"
108,-697786.6135433577,7049681.502252439,Parents Plus,53.3590013,-6.2683238,1.0,1.0,"<table border=""1"" class=""dataframe"">
  <thead>
    <tr style=""text-align: left;"">
      <th>ISRCTN link</th>
      <th>Title</th>
      <th>Intervention type</th>
      <th>Age group</th>
      <th>Target number of participants</th>
    </tr>
  </thead>
  <tbody>
    <tr>
      <td><a href='https://www.isrctn.com/ISRCTN31917713' target='_blank'><div>ISRCTN31917713</div></a></td>
      <td>Testing the effectiveness of the Parents Plus Pathways programme for parent...</td>
      <td>Behavioural</td>
      <td>Adult</td>
      <td>120</td>
    </tr>
  </tbody>
</table>"
113,-357660.29553300125,7544532.960093776,NHS Lothian,55.9301999,-3.2129171,2.0,5.306765580733931,"<table border=""1"" class=""dataframe"">
  <thead>
    <tr style=""text-align: left;"">
      <th>ISRCTN link</th>
      <th>Title</th>
      <th>Intervention type</th>
      <th>Age group</th>
      <th>Target number of participants</th>
    </tr>
  </thead>
  <tbody>
    <tr>
      <td><a href='https://www.isrctn.com/ISRCTN12580546' target='_blank'><div>ISRCTN12580546</div></a></td>
      <td>Preventing cognitive decline and dementia from cerebral small vessel diseas...</td>
      <td>Drug</td>
      <td>Adult</td>
      <td>57</td>
    </tr>
    <tr>
      <td><a href='https://www.isrctn.com/ISRCTN40568538' target='_blank'><div>ISRCTN40568538</div></a></td>
      <td>SMaRT oncology-2: a two arm parallel group randomised controlled trial to d...</td>
      <td>Other</td>
      <td>Adult</td>
      <td>500</td>
    </tr>
  </tbody>
</table>"
117,2849.4561377845034,6726254.0404829895,North East London NHS Foundation Trust,51.5895816,0.0255971,10.0,15.306765580733934,"<table border=""1"" class=""dataframe"">
  <thead>
    <tr style=""text-align: left;"">
      <th>ISRCTN link</th>
      <th>Title</th>
      <th>Intervention type</th>
      <th>Age group</th>
      <th>Target number of participants</th>
    </tr>
  </thead>
  <tbody>
    <tr>
      <td><a href='https://www.isrctn.com/ISRCTN15589468' target='_blank'><div>ISRCTN15589468</div></a></td>
      <td>Equilibrium: an intervention for young people who self-harm and attempt sui...</td>
      <td>Behavioural</td>
      <td>Child</td>
      <td>6</td>
    </tr>
    <tr>
      <td><a href='https://www.isrctn.com/ISRCTN11778891' target='_blank'><div>ISRCTN11778891</div></a></td>
      <td>Acceptability of the Specialist Psychotherapy with Emotion for Anorexia in ...</td>
      <td>Behavioural</td>
      <td>Adult</td>
      <td>36</td>
    </tr>
    <tr>
      <td><a href='https://www.isrctn.com/ISRCTN52653325' target='_blank'><div>ISRCTN52653325</div></a></td>
      <td>Is Open Dialogue more clinically-effective and cost-effective than standard...</td>
      <td>Other</td>
      <td>Adult</td>
      <td>644</td>
    </tr>
    <tr>
      <td><a href='https://www.isrctn.com/ISRCTN17346075' target='_blank'><div>ISRCTN17346075</div></a></td>
      <td>A randomised controlled trial of dialectical behavioural therapy skills for...</td>
      <td>Other</td>
      <td>Adult</td>
      <td>432</td>
    </tr>
    <tr>
      <td><a href='https://www.isrctn.com/ISRCTN13122605' target='_blank'><div>ISRCTN13122605</div></a></td>
      <td>Preparing people with difficulties consistent with a personality disorder f...</td>
      <td>Other</td>
      <td>Adult</td>
      <td>96</td>
    </tr>
    <tr>
      <td><a href='https://www.isrctn.com/ISRCTN13496713' target='_blank'><div>ISRCTN13496713</div></a></td>
      <td>Big White Wall Live Therapy RCT</td>
      <td>Other</td>
      <td>Adult</td>
      <td>100</td>
    </tr>
    <tr>
      <td><a href='https://www.isrctn.com/ISRCTN10748953' target='_blank'><div>ISRCTN10748953</div></a></td>
      <td>Valuing Active Life in Dementia: a trial to assess the effectiveness of com...</td>
      <td>Other</td>
      <td>Adult</td>
      <td>985</td>
    </tr>
    <tr>
      <td><a href='https://www.isrctn.com/ISRCTN12055530' target='_blank'><div>ISRCTN12055530</div></a></td>
      <td>Development and preliminary evaluation of a Medication Review Tool for peop...</td>
      <td>Other</td>
      <td>Adult</td>
      <td>60</td>
    </tr>
    <tr>
      <td><a href='https://www.isrctn.com/ISRCTN76360045' target='_blank'><div>ISRCTN76360045</div></a></td>
      <td>Support at home interventions to enhance life in dementia: Home Treatment P...</td>
      <td>Other</td>
      <td>Senior</td>
      <td>180</td>
    </tr>
    <tr>
      <td><a href='https://www.isrctn.com/ISRCTN37956201' target='_blank'><div>ISRCTN37956201</div></a></td>
      <td>SHIELD Carer Supporter Programme for family carers of people with dementia</td>
      <td>Other</td>
      <td>Adult</td>
      <td>300</td>
    </tr>
  </tbody>
</table>"
118,-12677.163799079708,6715942.297079939,Anna Freud Centre,51.5319938,-0.1138809,2.0,5.306765580733931,"<table border=""1"" class=""dataframe"">
  <thead>
    <tr style=""text-align: left;"">
      <th>ISRCTN link</th>
      <th>Title</th>
      <th>Intervention type</th>
      <th>Age group</th>
      <th>Target number of participants</th>
    </tr>
  </thead>
  <tbody>
    <tr>
      <td><a href='https://www.isrctn.com/ISRCTN11162672' target='_blank'><div>ISRCTN11162672</div></a></td>
      <td>Can a resilience intervention (Bounce Back) improve children's mental healt...</td>
      <td>Behavioural</td>
      <td>Child</td>
      <td>390</td>
    </tr>
    <tr>
      <td><a href='https://www.isrctn.com/ISRCTN90349442' target='_blank'><div>ISRCTN90349442</div></a></td>
      <td>Herts and Minds: Supporting the emotional wellbeing of looked after childre...</td>
      <td>Other</td>
      <td>Mixed</td>
      <td>42</td>
    </tr>
  </tbody>
</table>"
123,-12216.412426686351,6713476.660303367,Cognetivity Ltd.,51.5182132,-0.1097419,1.0,1.0,"<table border=""1"" class=""dataframe"">
  <thead>
    <tr style=""text-align: left;"">
      <th>ISRCTN link</th>
      <th>Title</th>
      <th>Intervention type</th>
      <th>Age group</th>
      <th>Target number of participants</th>
    </tr>
  </thead>
  <tbody>
    <tr>
      <td><a href='https://www.isrctn.com/ISRCTN95636074' target='_blank'><div>ISRCTN95636074</div></a></td>
      <td>A validation study of the Integrated Cognitive Assessment (ICA)</td>
      <td>Other</td>
      <td>Senior</td>
      <td>414</td>
    </tr>
  </tbody>
</table>"
128,105442.58978387521,6778046.852363223,University of Essex,51.87772589999999,0.9472069000000001,4.0,9.613531161467861,"<table border=""1"" class=""dataframe"">
  <thead>
    <tr style=""text-align: left;"">
      <th>ISRCTN link</th>
      <th>Title</th>
      <th>Intervention type</th>
      <th>Age group</th>
      <th>Target number of participants</th>
    </tr>
  </thead>
  <tbody>
    <tr>
      <td><a href='https://www.isrctn.com/ISRCTN16882519' target='_blank'><div>ISRCTN16882519</div></a></td>
      <td>Exploring nurse-patient relationships on acute mental health wards</td>
      <td>Mixed</td>
      <td>Adult</td>
      <td>92</td>
    </tr>
    <tr>
      <td><a href='https://www.isrctn.com/ISRCTN59395217' target='_blank'><div>ISRCTN59395217</div></a></td>
      <td>Examining the effects of outdoor recreational experiences on military veter...</td>
      <td>Behavioural</td>
      <td>All</td>
      <td>25</td>
    </tr>
    <tr>
      <td><a href='https://www.isrctn.com/ISRCTN15325073' target='_blank'><div>ISRCTN15325073</div></a></td>
      <td>Examining the effects of outdoor recreational experiences on military veter...</td>
      <td>Behavioural</td>
      <td>All</td>
      <td>50</td>
    </tr>
    <tr>
      <td><a href='https://www.isrctn.com/ISRCTN17413599' target='_blank'><div>ISRCTN17413599</div></a></td>
      <td>The impact of the environment on engagement in therapeutic activities</td>
      <td>Other</td>
      <td>Adult</td>
      <td>80</td>
    </tr>
  </tbody>
</table>"
129,-15949.099668322844,6713249.343139148,University of Westminster,51.5169425,-0.1432732,1.0,1.0,"<table border=""1"" class=""dataframe"">
  <thead>
    <tr style=""text-align: left;"">
      <th>ISRCTN link</th>
      <th>Title</th>
      <th>Intervention type</th>
      <th>Age group</th>
      <th>Target number of participants</th>
    </tr>
  </thead>
  <tbody>
    <tr>
      <td><a href='https://www.isrctn.com/ISRCTN48078312' target='_blank'><div>ISRCTN48078312</div></a></td>
      <td>American skullcap (Scutellaria lateriflora): a study of its effects on mood...</td>
      <td>Drug</td>
      <td>Adult</td>
      <td>42</td>
    </tr>
  </tbody>
</table>"
130,-253081.24443505672,7073603.847066523,University of Salford,53.4870594,-2.2734675,1.0,1.0,"<table border=""1"" class=""dataframe"">
  <thead>
    <tr style=""text-align: left;"">
      <th>ISRCTN link</th>
      <th>Title</th>
      <th>Intervention type</th>
      <th>Age group</th>
      <th>Target number of participants</th>
    </tr>
  </thead>
  <tbody>
    <tr>
      <td><a href='https://www.isrctn.com/ISRCTN81942890' target='_blank'><div>ISRCTN81942890</div></a></td>
      <td>Evaluation of the Communities In Charge of Alcohol (CICA) Programme in Grea...</td>
      <td>Behavioural</td>
      <td>All</td>
      <td>15000</td>
    </tr>
  </tbody>
</table>"
132,-21888.61789129243,6642001.04891878,Sussex Community NHS Foundation Trust,51.1169167,-0.1966288,1.0,1.0,"<table border=""1"" class=""dataframe"">
  <thead>
    <tr style=""text-align: left;"">
      <th>ISRCTN link</th>
      <th>Title</th>
      <th>Intervention type</th>
      <th>Age group</th>
      <th>Target number of participants</th>
    </tr>
  </thead>
  <tbody>
    <tr>
      <td><a href='https://www.isrctn.com/ISRCTN55255770' target='_blank'><div>ISRCTN55255770</div></a></td>
      <td>Can the Pirates game be used to help assess children with possible autism?</td>
      <td>Behavioural</td>
      <td>Child</td>
      <td>124</td>
    </tr>
  </tbody>
</table>"
133,-122156.44322199876,6584910.858229808,University of Portsmouth,50.7938613,-1.09735,1.0,1.0,"<table border=""1"" class=""dataframe"">
  <thead>
    <tr style=""text-align: left;"">
      <th>ISRCTN link</th>
      <th>Title</th>
      <th>Intervention type</th>
      <th>Age group</th>
      <th>Target number of participants</th>
    </tr>
  </thead>
  <tbody>
    <tr>
      <td><a href='https://www.isrctn.com/ISRCTN17267204' target='_blank'><div>ISRCTN17267204</div></a></td>
      <td>Can the 'Up2U' programme reduce violence by domestic abusers, and improve q...</td>
      <td>Behavioural</td>
      <td>Adult</td>
      <td>400</td>
    </tr>
  </tbody>
</table>"
134,-104842.44414511052,6699750.487666,University of Reading,51.4414205,-0.9418157,12.0,16.439593106327717,"<table border=""1"" class=""dataframe"">
  <thead>
    <tr style=""text-align: left;"">
      <th>ISRCTN link</th>
      <th>Title</th>
      <th>Intervention type</th>
      <th>Age group</th>
      <th>Target number of participants</th>
    </tr>
  </thead>
  <tbody>
    <tr>
      <td><a href='https://www.isrctn.com/ISRCTN14884288' target='_blank'><div>ISRCTN14884288</div></a></td>
      <td>Feasibility study examining the efficacy of brief cognitive therapy for the...</td>
      <td>Other</td>
      <td>Child</td>
      <td>48</td>
    </tr>
    <tr>
      <td><a href='https://www.isrctn.com/ISRCTN12536062' target='_blank'><div>ISRCTN12536062</div></a></td>
      <td>Can music-assisted language interventions improve communication skills in c...</td>
      <td>Behavioural</td>
      <td>Child</td>
      <td>30</td>
    </tr>
    <tr>
      <td><a href='https://www.isrctn.com/ISRCTN86123204' target='_blank'><div>ISRCTN86123204</div></a></td>
      <td>Treatment of anxiety disorders in adolescents</td>
      <td>Behavioural</td>
      <td>Child</td>
      <td>48</td>
    </tr>
    <tr>
      <td><a href='https://www.isrctn.com/ISRCTN28513611' target='_blank'><div>ISRCTN28513611</div></a></td>
      <td>Early years provision in children's centres</td>
      <td>Behavioural</td>
      <td>Child</td>
      <td>428</td>
    </tr>
    <tr>
      <td><a href='https://www.isrctn.com/ISRCTN79652741' target='_blank'><div>ISRCTN79652741</div></a></td>
      <td>A pilot randomised controlled trial of an internet-based cognitive behavior...</td>
      <td>Behavioural</td>
      <td>Child</td>
      <td>60</td>
    </tr>
    <tr>
      <td><a href='https://www.isrctn.com/ISRCTN77196667' target='_blank'><div>ISRCTN77196667</div></a></td>
      <td>Promoting tolerance of childrens feelings</td>
      <td>Behavioural</td>
      <td>Child</td>
      <td>65</td>
    </tr>
    <tr>
      <td><a href='https://www.isrctn.com/ISRCTN07627865' target='_blank'><div>ISRCTN07627865</div></a></td>
      <td>Guided self-help for childhood anxiety problems: a comparison with usual ca...</td>
      <td>Behavioural</td>
      <td>Child</td>
      <td>136</td>
    </tr>
    <tr>
      <td><a href='https://www.isrctn.com/ISRCTN75675072' target='_blank'><div>ISRCTN75675072</div></a></td>
      <td>Cognitive behaviour therapy for low self-esteem</td>
      <td>Other</td>
      <td>Adult</td>
      <td>20</td>
    </tr>
    <tr>
      <td><a href='https://www.isrctn.com/ISRCTN04516575' target='_blank'><div>ISRCTN04516575</div></a></td>
      <td>Investigation of WCFS1 on the gut microbiota of autistic spectrum disorder ...</td>
      <td>Other</td>
      <td>Child</td>
      <td>70</td>
    </tr>
    <tr>
      <td><a href='https://www.isrctn.com/ISRCTN92977593' target='_blank'><div>ISRCTN92977593</div></a></td>
      <td>Overcoming your child's fears and worries: a self-help guide for childhood ...</td>
      <td>Other</td>
      <td>Child</td>
      <td>195</td>
    </tr>
    <tr>
      <td><a href='https://www.isrctn.com/ISRCTN67096137' target='_blank'><div>ISRCTN67096137</div></a></td>
      <td>The acceptability and effectiveness of cognitive behavioural therapy for th...</td>
      <td>Other</td>
      <td>Adult</td>
      <td>62</td>
    </tr>
    <tr>
      <td><a href='https://www.isrctn.com/ISRCTN19762288' target='_blank'><div>ISRCTN19762288</div></a></td>
      <td>Treatment of child anxiety disorder in the context of maternal anxiety</td>
      <td>Behavioural</td>
      <td>Mixed</td>
      <td>210</td>
    </tr>
  </tbody>
</table>"
135,-216069.76240000725,6882322.40535961,University Hospitals Birmingham NHS Foundation Trust,52.4522917,-1.9409877,1.0,1.0,"<table border=""1"" class=""dataframe"">
  <thead>
    <tr style=""text-align: left;"">
      <th>ISRCTN link</th>
      <th>Title</th>
      <th>Intervention type</th>
      <th>Age group</th>
      <th>Target number of participants</th>
    </tr>
  </thead>
  <tbody>
    <tr>
      <td><a href='https://www.isrctn.com/ISRCTN45455499' target='_blank'><div>ISRCTN45455499</div></a></td>
      <td>Pilot randomised controlled trial of deep brain stimulation in Tourette syn...</td>
      <td>Procedure/Surgery</td>
      <td>Adult</td>
      <td>20</td>
    </tr>
  </tbody>
</table>"
137,-459748.0832186868,7025566.362075045,Bangor University,53.2295205,-4.1299873,9.0,14.652123889719707,"<table border=""1"" class=""dataframe"">
  <thead>
    <tr style=""text-align: left;"">
      <th>ISRCTN link</th>
      <th>Title</th>
      <th>Intervention type</th>
      <th>Age group</th>
      <th>Target number of participants</th>
    </tr>
  </thead>
  <tbody>
    <tr>
      <td><a href='https://www.isrctn.com/ISRCTN12300853' target='_blank'><div>ISRCTN12300853</div></a></td>
      <td>Stand Together: supporting children’s social and emotional wellbeing in sch...</td>
      <td>Behavioural</td>
      <td>Child</td>
      <td>12828</td>
    </tr>
    <tr>
      <td><a href='https://www.isrctn.com/ISRCTN57070414' target='_blank'><div>ISRCTN57070414</div></a></td>
      <td>PALACES – Parenting for autism, language, and communication evaluation stud...</td>
      <td>Behavioural</td>
      <td>Mixed</td>
      <td>72</td>
    </tr>
    <tr>
      <td><a href='https://www.isrctn.com/ISRCTN06867279' target='_blank'><div>ISRCTN06867279</div></a></td>
      <td>Evaluation of the Enhancing Parenting Skills (EPaS) 2014 intervention for p...</td>
      <td>Behavioural</td>
      <td>Mixed</td>
      <td>120</td>
    </tr>
    <tr>
      <td><a href='https://www.isrctn.com/ISRCTN02023181' target='_blank'><div>ISRCTN02023181</div></a></td>
      <td>Managing, living, remembering</td>
      <td>Other</td>
      <td>Adult</td>
      <td>42</td>
    </tr>
    <tr>
      <td><a href='https://www.isrctn.com/ISRCTN23380065' target='_blank'><div>ISRCTN23380065</div></a></td>
      <td>Exploring the cost effectiveness of Mindfulness Based Cognitive Therapy for...</td>
      <td>Other</td>
      <td>Adult</td>
      <td>120</td>
    </tr>
    <tr>
      <td><a href='https://www.isrctn.com/ISRCTN21027481' target='_blank'><div>ISRCTN21027481</div></a></td>
      <td>Living well with memory difficulties</td>
      <td>Other</td>
      <td>Adult</td>
      <td>480</td>
    </tr>
    <tr>
      <td><a href='https://www.isrctn.com/ISRCTN96803379' target='_blank'><div>ISRCTN96803379</div></a></td>
      <td>Building Social and Emotional Competence in Young Children: Evaluating a sc...</td>
      <td>Other</td>
      <td>Child</td>
      <td>240</td>
    </tr>
    <tr>
      <td><a href='https://www.isrctn.com/ISRCTN42430123' target='_blank'><div>ISRCTN42430123</div></a></td>
      <td>Reminiscence groups for people with dementia and their family care-givers: ...</td>
      <td>Behavioural</td>
      <td>Senior</td>
      <td>576</td>
    </tr>
    <tr>
      <td><a href='https://www.isrctn.com/ISRCTN37558856' target='_blank'><div>ISRCTN37558856</div></a></td>
      <td>Folate augmentation of treatment - evaluation for depression</td>
      <td>Supplement</td>
      <td>Adult</td>
      <td>730</td>
    </tr>
  </tbody>
</table>"
140,-349417.3989343336,7542951.3872058885,ACCORD,55.92224,-3.1388699,1.0,1.0,"<table border=""1"" class=""dataframe"">
  <thead>
    <tr style=""text-align: left;"">
      <th>ISRCTN link</th>
      <th>Title</th>
      <th>Intervention type</th>
      <th>Age group</th>
      <th>Target number of participants</th>
    </tr>
  </thead>
  <tbody>
    <tr>
      <td><a href='https://www.isrctn.com/ISRCTN32474552' target='_blank'><div>ISRCTN32474552</div></a></td>
      <td>A novel test (RT-QuIC) to differentiate between two types of REM Behavioura...</td>
      <td>Other</td>
      <td>Adult</td>
      <td>125</td>
    </tr>
  </tbody>
</table>"
141,-255211.56553036757,7082859.002290356,Greater Manchester West Mental Health NHS Foundation Trust,53.5364995,-2.2926045,13.0,16.936926411670825,"<table border=""1"" class=""dataframe"">
  <thead>
    <tr style=""text-align: left;"">
      <th>ISRCTN link</th>
      <th>Title</th>
      <th>Intervention type</th>
      <th>Age group</th>
      <th>Target number of participants</th>
    </tr>
  </thead>
  <tbody>
    <tr>
      <td><a href='https://www.isrctn.com/ISRCTN12622538' target='_blank'><div>ISRCTN12622538</div></a></td>
      <td>Family intervention for Sub Saharan African and Caribbean people with psych...</td>
      <td>Behavioural</td>
      <td>Adult</td>
      <td>404</td>
    </tr>
    <tr>
      <td><a href='https://www.isrctn.com/ISRCTN10115835' target='_blank'><div>ISRCTN10115835</div></a></td>
      <td>Is a talking therapy, called psychodynamic interpersonal therapy, clinicall...</td>
      <td>Other</td>
      <td>Adult</td>
      <td>348</td>
    </tr>
    <tr>
      <td><a href='https://www.isrctn.com/ISRCTN53190465' target='_blank'><div>ISRCTN53190465</div></a></td>
      <td>Metacognitive therapy for those at high risk of developing psychosis</td>
      <td>Other</td>
      <td>Adult</td>
      <td>10</td>
    </tr>
    <tr>
      <td><a href='https://www.isrctn.com/ISRCTN41029608' target='_blank'><div>ISRCTN41029608</div></a></td>
      <td>Investigation of attention training for people with psychosis</td>
      <td>Other</td>
      <td>Adult</td>
      <td>76</td>
    </tr>
    <tr>
      <td><a href='https://www.isrctn.com/ISRCTN45308981' target='_blank'><div>ISRCTN45308981</div></a></td>
      <td>Talking With Voices</td>
      <td>Other</td>
      <td>Adult</td>
      <td>50</td>
    </tr>
    <tr>
      <td><a href='https://www.isrctn.com/ISRCTN80567433' target='_blank'><div>ISRCTN80567433</div></a></td>
      <td>Managing adolescent first episode psychosis: a feasibility study</td>
      <td>Other</td>
      <td>Adult</td>
      <td>90</td>
    </tr>
    <tr>
      <td><a href='https://www.isrctn.com/ISRCTN42478021' target='_blank'><div>ISRCTN42478021</div></a></td>
      <td>Combined individual and family cognitive behavioural therapy compared with ...</td>
      <td>Other</td>
      <td>Adult</td>
      <td>76</td>
    </tr>
    <tr>
      <td><a href='https://www.isrctn.com/ISRCTN36865046' target='_blank'><div>ISRCTN36865046</div></a></td>
      <td>Young SMILES: An intervention to help children and adolescents with mentall...</td>
      <td>Mixed</td>
      <td>Mixed</td>
      <td>120</td>
    </tr>
    <tr>
      <td><a href='https://www.isrctn.com/ISRCTN10773067' target='_blank'><div>ISRCTN10773067</div></a></td>
      <td>Bipolar at risk trial</td>
      <td>Other</td>
      <td>Adult</td>
      <td>76</td>
    </tr>
    <tr>
      <td><a href='https://www.isrctn.com/ISRCTN06815355' target='_blank'><div>ISRCTN06815355</div></a></td>
      <td>Investigating Attention Control Training in psychosis</td>
      <td>Other</td>
      <td>Adult</td>
      <td>40</td>
    </tr>
    <tr>
      <td><a href='https://www.isrctn.com/ISRCTN06022197' target='_blank'><div>ISRCTN06022197</div></a></td>
      <td>A trial of antipsychotic medication in comparison to cognitive behaviour th...</td>
      <td>Mixed</td>
      <td>Adult</td>
      <td>75</td>
    </tr>
    <tr>
      <td><a href='https://www.isrctn.com/ISRCTN99672552' target='_blank'><div>ISRCTN99672552</div></a></td>
      <td>Focusing on clozapine unresponsive symptoms trial</td>
      <td>Behavioural</td>
      <td>Adult</td>
      <td>487</td>
    </tr>
    <tr>
      <td><a href='https://www.isrctn.com/ISRCTN29607432' target='_blank'><div>ISRCTN29607432</div></a></td>
      <td>Cognitive behavioural therapy (CBT) for people with psychosis not taking an...</td>
      <td>Other</td>
      <td>Adult</td>
      <td>80</td>
    </tr>
  </tbody>
</table>"
144,-10435.022275266989,6704483.374082789,King's College Hospital NHS Foundation Trust,51.4679138,-0.0937394,3.0,7.826061944859854,"<table border=""1"" class=""dataframe"">
  <thead>
    <tr style=""text-align: left;"">
      <th>ISRCTN link</th>
      <th>Title</th>
      <th>Intervention type</th>
      <th>Age group</th>
      <th>Target number of participants</th>
    </tr>
  </thead>
  <tbody>
    <tr>
      <td><a href='https://www.isrctn.com/ISRCTN00695885' target='_blank'><div>ISRCTN00695885</div></a></td>
      <td>Prevention of falls in older people with cognitive impairment</td>
      <td>Other</td>
      <td>Senior</td>
      <td>212</td>
    </tr>
    <tr>
      <td><a href='https://www.isrctn.com/ISRCTN81371128' target='_blank'><div>ISRCTN81371128</div></a></td>
      <td>A pilot study of an outpatient clinic to reduce hospital readmission rates ...</td>
      <td>Other</td>
      <td>Adult</td>
      <td>200</td>
    </tr>
    <tr>
      <td><a href='https://www.isrctn.com/ISRCTN37724980' target='_blank'><div>ISRCTN37724980</div></a></td>
      <td>Walk this Way: a pilot study investigating the effect of a motivational ped...</td>
      <td>Mixed</td>
      <td>Adult</td>
      <td>40</td>
    </tr>
  </tbody>
</table>"
149,-177353.03274524107,7362485.32925916,The Newcastle Upon Tyne Hospitals NHS Foundation Trust,55.0031904,-1.5931894,2.0,5.306765580733931,"<table border=""1"" class=""dataframe"">
  <thead>
    <tr style=""text-align: left;"">
      <th>ISRCTN link</th>
      <th>Title</th>
      <th>Intervention type</th>
      <th>Age group</th>
      <th>Target number of participants</th>
    </tr>
  </thead>
  <tbody>
    <tr>
      <td><a href='https://www.isrctn.com/ISRCTN94663125' target='_blank'><div>ISRCTN94663125</div></a></td>
      <td>Post-Operative Delirium Investigation in the United KingdoM (PODIUM 1)</td>
      <td>Other</td>
      <td>Senior</td>
      <td>96</td>
    </tr>
    <tr>
      <td><a href='https://www.isrctn.com/ISRCTN36257982' target='_blank'><div>ISRCTN36257982</div></a></td>
      <td>Pre-operative behavioural intervention for risky drinkers before elective o...</td>
      <td>Behavioural</td>
      <td>Adult</td>
      <td>122</td>
    </tr>
  </tbody>
</table>"
150,-125377.98475775978,6979180.418066699,Nottinghamshire Healthcare NHS Foundation Trust,52.9793569,-1.1262896,9.0,14.652123889719707,"<table border=""1"" class=""dataframe"">
  <thead>
    <tr style=""text-align: left;"">
      <th>ISRCTN link</th>
      <th>Title</th>
      <th>Intervention type</th>
      <th>Age group</th>
      <th>Target number of participants</th>
    </tr>
  </thead>
  <tbody>
    <tr>
      <td><a href='https://www.isrctn.com/ISRCTN76355273' target='_blank'><div>ISRCTN76355273</div></a></td>
      <td>NEON-C: Trial to test the feasibility of providing online recorded mental h...</td>
      <td>Other</td>
      <td>Adult</td>
      <td>100</td>
    </tr>
    <tr>
      <td><a href='https://www.isrctn.com/ISRCTN63197153' target='_blank'><div>ISRCTN63197153</div></a></td>
      <td>Impact of receiving recorded mental health recovery narratives on quality o...</td>
      <td>Other</td>
      <td>Adult</td>
      <td>994</td>
    </tr>
    <tr>
      <td><a href='https://www.isrctn.com/ISRCTN15748675' target='_blank'><div>ISRCTN15748675</div></a></td>
      <td>Does the use of a standard information-gathering package help with assessme...</td>
      <td>Behavioural</td>
      <td>Mixed</td>
      <td>1210</td>
    </tr>
    <tr>
      <td><a href='https://www.isrctn.com/ISRCTN19674644' target='_blank'><div>ISRCTN19674644</div></a></td>
      <td>BRIGhTMIND: brain imaging guided transcranial magnetic stimulation in depre...</td>
      <td>Device</td>
      <td>Adult</td>
      <td>368</td>
    </tr>
    <tr>
      <td><a href='https://www.isrctn.com/ISRCTN11152837' target='_blank'><div>ISRCTN11152837</div></a></td>
      <td>Narrative Experiences Online (NEON): impact of recorded mental health recov...</td>
      <td>Other</td>
      <td>Adult</td>
      <td>683</td>
    </tr>
    <tr>
      <td><a href='https://www.isrctn.com/ISRCTN69461593' target='_blank'><div>ISRCTN69461593</div></a></td>
      <td>QbTest Utility for Optimising Treatment in ADHD (QUOTA)</td>
      <td>Other</td>
      <td>Adult</td>
      <td>60</td>
    </tr>
    <tr>
      <td><a href='https://www.isrctn.com/ISRCTN70758207' target='_blank'><div>ISRCTN70758207</div></a></td>
      <td>Online Remote Behavioural Intervention for Tics (ORBIT)</td>
      <td>Behavioural</td>
      <td>Child</td>
      <td>220</td>
    </tr>
    <tr>
      <td><a href='https://www.isrctn.com/ISRCTN84658943' target='_blank'><div>ISRCTN84658943</div></a></td>
      <td>To tweet or not to tweet about schizophrenia</td>
      <td>Other</td>
      <td>Other</td>
      <td>166</td>
    </tr>
    <tr>
      <td><a href='https://www.isrctn.com/ISRCTN70660936' target='_blank'><div>ISRCTN70660936</div></a></td>
      <td>Psycho-Education with Problem Solving (PEPS) therapy for personality disord...</td>
      <td>Other</td>
      <td>Adult</td>
      <td>340</td>
    </tr>
  </tbody>
</table>"
152,414702.7625886795,6625661.517132103,Ghent University,51.0246858,3.7253383,1.0,1.0,"<table border=""1"" class=""dataframe"">
  <thead>
    <tr style=""text-align: left;"">
      <th>ISRCTN link</th>
      <th>Title</th>
      <th>Intervention type</th>
      <th>Age group</th>
      <th>Target number of participants</th>
    </tr>
  </thead>
  <tbody>
    <tr>
      <td><a href='https://www.isrctn.com/ISRCTN10386208' target='_blank'><div>ISRCTN10386208</div></a></td>
      <td>RefugeesWellSchool: Preventive school-based interventions to promote the me...</td>
      <td>Mixed</td>
      <td>Mixed</td>
      <td>5740</td>
    </tr>
  </tbody>
</table>"
155,-15570.479816236762,6722139.742367595,The Whittington Hospital NHS Trust,51.5666133,-0.139872,1.0,1.0,"<table border=""1"" class=""dataframe"">
  <thead>
    <tr style=""text-align: left;"">
      <th>ISRCTN link</th>
      <th>Title</th>
      <th>Intervention type</th>
      <th>Age group</th>
      <th>Target number of participants</th>
    </tr>
  </thead>
  <tbody>
    <tr>
      <td><a href='https://www.isrctn.com/ISRCTN17058884' target='_blank'><div>ISRCTN17058884</div></a></td>
      <td>Palin Stammering Therapy for School-aged Children: testing the methods for ...</td>
      <td>Behavioural</td>
      <td>Mixed</td>
      <td>150</td>
    </tr>
  </tbody>
</table>"
157,-49687.8665976936,7127205.681116133,Humber Teaching NHS Foundation Trust,53.7725954,-0.4463537,1.0,1.0,"<table border=""1"" class=""dataframe"">
  <thead>
    <tr style=""text-align: left;"">
      <th>ISRCTN link</th>
      <th>Title</th>
      <th>Intervention type</th>
      <th>Age group</th>
      <th>Target number of participants</th>
    </tr>
  </thead>
  <tbody>
    <tr>
      <td><a href='https://www.isrctn.com/ISRCTN36756455' target='_blank'><div>ISRCTN36756455</div></a></td>
      <td>TIA: a feasibility study of telemedicine in addictions</td>
      <td>Device</td>
      <td>Adult</td>
      <td>60</td>
    </tr>
  </tbody>
</table>"
158,-15264.796494518432,6714519.337898758,Joint UCLH and UCL Biomedical Research Unit,51.5240413,-0.137126,1.0,1.0,"<table border=""1"" class=""dataframe"">
  <thead>
    <tr style=""text-align: left;"">
      <th>ISRCTN link</th>
      <th>Title</th>
      <th>Intervention type</th>
      <th>Age group</th>
      <th>Target number of participants</th>
    </tr>
  </thead>
  <tbody>
    <tr>
      <td><a href='https://www.isrctn.com/ISRCTN17325135' target='_blank'><div>ISRCTN17325135</div></a></td>
      <td>APPLE-Tree programme for dementia prevention</td>
      <td>Behavioural</td>
      <td>Adult</td>
      <td>704</td>
    </tr>
  </tbody>
</table>"
159,-660575.3464181816,7281622.521041222,Queen's University Belfast,54.5844087,-5.9340493,6.0,12.132827525593784,"<table border=""1"" class=""dataframe"">
  <thead>
    <tr style=""text-align: left;"">
      <th>ISRCTN link</th>
      <th>Title</th>
      <th>Intervention type</th>
      <th>Age group</th>
      <th>Target number of participants</th>
    </tr>
  </thead>
  <tbody>
    <tr>
      <td><a href='https://www.isrctn.com/ISRCTN84996648' target='_blank'><div>ISRCTN84996648</div></a></td>
      <td>Evaluation of Team Alphie, a computerised literacy programme for children w...</td>
      <td>Other</td>
      <td>Child</td>
      <td>240</td>
    </tr>
    <tr>
      <td><a href='https://www.isrctn.com/ISRCTN07540423' target='_blank'><div>ISRCTN07540423</div></a></td>
      <td>Roots of Empathy (ROE): a schools-based programme for improving social and ...</td>
      <td>Behavioural</td>
      <td>Child</td>
      <td>1260</td>
    </tr>
    <tr>
      <td><a href='https://www.isrctn.com/ISRCTN96352204' target='_blank'><div>ISRCTN96352204</div></a></td>
      <td>Music in Mind</td>
      <td>Other</td>
      <td>Child</td>
      <td>200</td>
    </tr>
    <tr>
      <td><a href='https://www.isrctn.com/ISRCTN18113807' target='_blank'><div>ISRCTN18113807</div></a></td>
      <td>An evaluation of an adapted United States model of pharmaceutical care to i...</td>
      <td>Other</td>
      <td>Senior</td>
      <td>330</td>
    </tr>
    <tr>
      <td><a href='https://www.isrctn.com/ISRCTN35456296' target='_blank'><div>ISRCTN35456296</div></a></td>
      <td>Right from the start: Improving outcomes for children born to mothers in di...</td>
      <td>Other</td>
      <td>Adult</td>
      <td>50</td>
    </tr>
    <tr>
      <td><a href='https://www.isrctn.com/ISRCTN17944198' target='_blank'><div>ISRCTN17944198</div></a></td>
      <td>Parenting UR Teens - a randomised trial of a parenting programme for parent...</td>
      <td>Behavioural</td>
      <td>Adult</td>
      <td>120</td>
    </tr>
  </tbody>
</table>"
160,-120620.79084650557,7164473.235862453,York Teaching Hospital NHS Foundation Trust,53.9699817,-1.083555,2.0,5.306765580733931,"<table border=""1"" class=""dataframe"">
  <thead>
    <tr style=""text-align: left;"">
      <th>ISRCTN link</th>
      <th>Title</th>
      <th>Intervention type</th>
      <th>Age group</th>
      <th>Target number of participants</th>
    </tr>
  </thead>
  <tbody>
    <tr>
      <td><a href='https://www.isrctn.com/ISRCTN31219579' target='_blank'><div>ISRCTN31219579</div></a></td>
      <td>A pilot trial of computerised cognitive behaviour therapy for depression in...</td>
      <td>Other</td>
      <td>Child</td>
      <td>96</td>
    </tr>
    <tr>
      <td><a href='https://www.isrctn.com/ISRCTN55767124' target='_blank'><div>ISRCTN55767124</div></a></td>
      <td>Delirium Prevention Study</td>
      <td>Other</td>
      <td>Senior</td>
      <td>500</td>
    </tr>
  </tbody>
</table>"
163,-1008747.9708064647,7034801.879333427,"National University of Ireland, Galway",53.27915489999999,-9.0617372,1.0,1.0,"<table border=""1"" class=""dataframe"">
  <thead>
    <tr style=""text-align: left;"">
      <th>ISRCTN link</th>
      <th>Title</th>
      <th>Intervention type</th>
      <th>Age group</th>
      <th>Target number of participants</th>
    </tr>
  </thead>
  <tbody>
    <tr>
      <td><a href='https://www.isrctn.com/ISRCTN12505737' target='_blank'><div>ISRCTN12505737</div></a></td>
      <td>Evaluation of an online cognitive-behavioural treatment programme for socia...</td>
      <td>Behavioural</td>
      <td>Adult</td>
      <td>200</td>
    </tr>
  </tbody>
</table>"
164,-458162.2034889477,6518740.385367721,Plymouth Hospitals NHS Trust,50.4166098,-4.1157411,1.0,1.0,"<table border=""1"" class=""dataframe"">
  <thead>
    <tr style=""text-align: left;"">
      <th>ISRCTN link</th>
      <th>Title</th>
      <th>Intervention type</th>
      <th>Age group</th>
      <th>Target number of participants</th>
    </tr>
  </thead>
  <tbody>
    <tr>
      <td><a href='https://www.isrctn.com/ISRCTN83964946' target='_blank'><div>ISRCTN83964946</div></a></td>
      <td>Systemic Autism-related Family Enabling (SAFE) study</td>
      <td>Other</td>
      <td>Adult</td>
      <td>36</td>
    </tr>
  </tbody>
</table>"
166,-8023.797576888365,6712645.63370664,East London NHS Foundation Trust,51.51356759999999,-0.07207899999999999,10.0,15.306765580733934,"<table border=""1"" class=""dataframe"">
  <thead>
    <tr style=""text-align: left;"">
      <th>ISRCTN link</th>
      <th>Title</th>
      <th>Intervention type</th>
      <th>Age group</th>
      <th>Target number of participants</th>
    </tr>
  </thead>
  <tbody>
    <tr>
      <td><a href='https://www.isrctn.com/ISRCTN34124141' target='_blank'><div>ISRCTN34124141</div></a></td>
      <td>Mobile technology health management for patients with severe mental illness...</td>
      <td>Behavioural</td>
      <td>Adult</td>
      <td>60</td>
    </tr>
    <tr>
      <td><a href='https://www.isrctn.com/ISRCTN11301686' target='_blank'><div>ISRCTN11301686</div></a></td>
      <td>Tackling chronic depression (TACK II)</td>
      <td>Other</td>
      <td>Adult</td>
      <td>560</td>
    </tr>
    <tr>
      <td><a href='https://www.isrctn.com/ISRCTN15815862' target='_blank'><div>ISRCTN15815862</div></a></td>
      <td>Improving quality of life and health outcomes of patients with psychosis th...</td>
      <td>Other</td>
      <td>Adult</td>
      <td>600</td>
    </tr>
    <tr>
      <td><a href='https://www.isrctn.com/ISRCTN88805048' target='_blank'><div>ISRCTN88805048</div></a></td>
      <td>Effectiveness of group arts therapy for mixed diagnosis community mental he...</td>
      <td>Other</td>
      <td>Adult</td>
      <td>420</td>
    </tr>
    <tr>
      <td><a href='https://www.isrctn.com/ISRCTN16864442' target='_blank'><div>ISRCTN16864442</div></a></td>
      <td>Tackling chronic depression (TACK) Phase 1</td>
      <td>Other</td>
      <td>Adult</td>
      <td>60</td>
    </tr>
    <tr>
      <td><a href='https://www.isrctn.com/ISRCTN18164037' target='_blank'><div>ISRCTN18164037</div></a></td>
      <td>Group music therapy for chronic depression</td>
      <td>Other</td>
      <td>Adult</td>
      <td>30</td>
    </tr>
    <tr>
      <td><a href='https://www.isrctn.com/ISRCTN96366571' target='_blank'><div>ISRCTN96366571</div></a></td>
      <td>Uplift website for depression: feasibility study</td>
      <td>Other</td>
      <td>Adult</td>
      <td>100</td>
    </tr>
    <tr>
      <td><a href='https://www.isrctn.com/ISRCTN74852771' target='_blank'><div>ISRCTN74852771</div></a></td>
      <td>The effectiveness of peer support in increasing hope and quality of life in...</td>
      <td>Other</td>
      <td>Adult</td>
      <td>143</td>
    </tr>
    <tr>
      <td><a href='https://www.isrctn.com/ISRCTN54233644' target='_blank'><div>ISRCTN54233644</div></a></td>
      <td>Dialectical behaviour therapy in patients with borderline personality disor...</td>
      <td>Other</td>
      <td>Adult</td>
      <td>60</td>
    </tr>
    <tr>
      <td><a href='https://www.isrctn.com/ISRCTN93047402' target='_blank'><div>ISRCTN93047402</div></a></td>
      <td>Feasibility trial of a structured intervention for expanding social network...</td>
      <td>Behavioural</td>
      <td>Adult</td>
      <td>45</td>
    </tr>
  </tbody>
</table>"
167,-165690.47931304757,7053851.281417849,University of Sheffield,53.3813502,-1.4884229,12.0,16.439593106327717,"<table border=""1"" class=""dataframe"">
  <thead>
    <tr style=""text-align: left;"">
      <th>ISRCTN link</th>
      <th>Title</th>
      <th>Intervention type</th>
      <th>Age group</th>
      <th>Target number of participants</th>
    </tr>
  </thead>
  <tbody>
    <tr>
      <td><a href='https://www.isrctn.com/ISRCTN11106183' target='_blank'><div>ISRCTN11106183</div></a></td>
      <td>StratCare Trial</td>
      <td>Device</td>
      <td>Adult</td>
      <td>760</td>
    </tr>
    <tr>
      <td><a href='https://www.isrctn.com/ISRCTN18317328' target='_blank'><div>ISRCTN18317328</div></a></td>
      <td>Enhancing a brief online intervention to reduce alcohol consumption</td>
      <td>Behavioural</td>
      <td>Adult</td>
      <td>632</td>
    </tr>
    <tr>
      <td><a href='https://www.isrctn.com/ISRCTN18384206' target='_blank'><div>ISRCTN18384206</div></a></td>
      <td>The relationship between insomnia, negative affect, and paranoia</td>
      <td>Behavioural</td>
      <td>Adult</td>
      <td>324</td>
    </tr>
    <tr>
      <td><a href='https://www.isrctn.com/ISRCTN55102899' target='_blank'><div>ISRCTN55102899</div></a></td>
      <td>Comparing counseling alone versus counseling supplemented with a well-being...</td>
      <td>Behavioural</td>
      <td>Adult</td>
      <td>40</td>
    </tr>
    <tr>
      <td><a href='https://www.isrctn.com/ISRCTN15189062' target='_blank'><div>ISRCTN15189062</div></a></td>
      <td>Evaluation of new UK drinking guidelines</td>
      <td>Behavioural</td>
      <td>Adult</td>
      <td>77400</td>
    </tr>
    <tr>
      <td><a href='https://www.isrctn.com/ISRCTN17723526' target='_blank'><div>ISRCTN17723526</div></a></td>
      <td>The effectiveness and cost effectiveness of treatment by homeopaths or nutr...</td>
      <td>Supplement</td>
      <td>Child</td>
      <td>134</td>
    </tr>
    <tr>
      <td><a href='https://www.isrctn.com/ISRCTN06461651' target='_blank'><div>ISRCTN06461651</div></a></td>
      <td>Pragmatic, randomised controlled trial assessing the non-Inferiority of cou...</td>
      <td>Other</td>
      <td>Adult</td>
      <td>550</td>
    </tr>
    <tr>
      <td><a href='https://www.isrctn.com/ISRCTN84252967' target='_blank'><div>ISRCTN84252967</div></a></td>
      <td>A brief online psychosocial intervention to reduce binge drinking in new un...</td>
      <td>Other</td>
      <td>Adult</td>
      <td>2000</td>
    </tr>
    <tr>
      <td><a href='https://www.isrctn.com/ISRCTN02484593' target='_blank'><div>ISRCTN02484593</div></a></td>
      <td>The effectiveness and cost-effectiveness of treatment by homeopaths in addi...</td>
      <td>Other</td>
      <td>Adult</td>
      <td>485</td>
    </tr>
    <tr>
      <td><a href='https://www.isrctn.com/ISRCTN67684181' target='_blank'><div>ISRCTN67684181</div></a></td>
      <td>Trial of an online health behaviour intervention to promote healthy lifesty...</td>
      <td>Other</td>
      <td>Adult</td>
      <td>1200</td>
    </tr>
    <tr>
      <td><a href='https://www.isrctn.com/ISRCTN89393054' target='_blank'><div>ISRCTN89393054</div></a></td>
      <td>Impact of attention-deficit hyperactivity disorder (ADHD) on the health and...</td>
      <td>Other</td>
      <td>Child</td>
      <td>4000</td>
    </tr>
    <tr>
      <td><a href='https://www.isrctn.com/ISRCTN81846800' target='_blank'><div>ISRCTN81846800</div></a></td>
      <td>Cognitive behavioural therapy software for the treatment of depression in p...</td>
      <td>Other</td>
      <td>Adult</td>
      <td>24</td>
    </tr>
  </tbody>
</table>"
172,-390317.05927575956,6571089.794461092,Devon Partnership NHS Trust,50.7153144,-3.5062778,4.0,9.613531161467861,"<table border=""1"" class=""dataframe"">
  <thead>
    <tr style=""text-align: left;"">
      <th>ISRCTN link</th>
      <th>Title</th>
      <th>Intervention type</th>
      <th>Age group</th>
      <th>Target number of participants</th>
    </tr>
  </thead>
  <tbody>
    <tr>
      <td><a href='https://www.isrctn.com/ISRCTN80204146' target='_blank'><div>ISRCTN80204146</div></a></td>
      <td>DPACT dementia support study</td>
      <td>Other</td>
      <td>Adult</td>
      <td>110</td>
    </tr>
    <tr>
      <td><a href='https://www.isrctn.com/ISRCTN54234300' target='_blank'><div>ISRCTN54234300</div></a></td>
      <td>ThrIVe-B feasibility study</td>
      <td>Behavioural</td>
      <td>Adult</td>
      <td>48</td>
    </tr>
    <tr>
      <td><a href='https://www.isrctn.com/ISRCTN11707331' target='_blank'><div>ISRCTN11707331</div></a></td>
      <td>Engager: Evaluation of a collaborative care intervention for offenders</td>
      <td>Other</td>
      <td>Adult</td>
      <td>280</td>
    </tr>
    <tr>
      <td><a href='https://www.isrctn.com/ISRCTN16003313' target='_blank'><div>ISRCTN16003313</div></a></td>
      <td>A brief psychological intervention for self-harm in Emergency Departments</td>
      <td>Behavioural</td>
      <td>Adult</td>
      <td>96</td>
    </tr>
  </tbody>
</table>"
173,-15190.167907890624,6714706.415329954,UCLH,51.5250869,-0.1364556,1.0,1.0,"<table border=""1"" class=""dataframe"">
  <thead>
    <tr style=""text-align: left;"">
      <th>ISRCTN link</th>
      <th>Title</th>
      <th>Intervention type</th>
      <th>Age group</th>
      <th>Target number of participants</th>
    </tr>
  </thead>
  <tbody>
    <tr>
      <td><a href='https://www.isrctn.com/ISRCTN12268776' target='_blank'><div>ISRCTN12268776</div></a></td>
      <td>A study of Acceptance and Commitment Therapy for older people with chronic ...</td>
      <td>Other</td>
      <td>Senior</td>
      <td>40</td>
    </tr>
  </tbody>
</table>"
183,-133453.6126895615,6753868.392878105,Oxford Health NHS Foundation Trust,51.74344,-1.1988342,4.0,9.613531161467861,"<table border=""1"" class=""dataframe"">
  <thead>
    <tr style=""text-align: left;"">
      <th>ISRCTN link</th>
      <th>Title</th>
      <th>Intervention type</th>
      <th>Age group</th>
      <th>Target number of participants</th>
    </tr>
  </thead>
  <tbody>
    <tr>
      <td><a href='https://www.isrctn.com/ISRCTN10541045' target='_blank'><div>ISRCTN10541045</div></a></td>
      <td>Beating Adolescent Self Harm (BASH)</td>
      <td>Behavioural</td>
      <td>Child</td>
      <td>172</td>
    </tr>
    <tr>
      <td><a href='https://www.isrctn.com/ISRCTN15324584' target='_blank'><div>ISRCTN15324584</div></a></td>
      <td>The Sleep Study</td>
      <td>Other</td>
      <td>Adult</td>
      <td>50</td>
    </tr>
    <tr>
      <td><a href='https://www.isrctn.com/ISRCTN41346609' target='_blank'><div>ISRCTN41346609</div></a></td>
      <td>Computerised cognitive behaviour therapy for dementia carers</td>
      <td>Behavioural</td>
      <td>Adult</td>
      <td>750</td>
    </tr>
    <tr>
      <td><a href='https://www.isrctn.com/ISRCTN89575054' target='_blank'><div>ISRCTN89575054</div></a></td>
      <td>Resistant Depression - Ketamine Infusion Trial Evaluation</td>
      <td>Drug</td>
      <td>Adult</td>
      <td>24</td>
    </tr>
  </tbody>
</table>"
184,-38419.796045024224,6757310.120189646,Hertfordshire Partnership Foundation NHS Trust,51.7625796,-0.3451309,5.0,11.0,"<table border=""1"" class=""dataframe"">
  <thead>
    <tr style=""text-align: left;"">
      <th>ISRCTN link</th>
      <th>Title</th>
      <th>Intervention type</th>
      <th>Age group</th>
      <th>Target number of participants</th>
    </tr>
  </thead>
  <tbody>
    <tr>
      <td><a href='https://www.isrctn.com/ISRCTN17937049' target='_blank'><div>ISRCTN17937049</div></a></td>
      <td>Feasibility and acceptability of transcranial stimulation in obsessive-comp...</td>
      <td>Procedure/Surgery</td>
      <td>Adult</td>
      <td>25</td>
    </tr>
    <tr>
      <td><a href='https://www.isrctn.com/ISRCTN58783633' target='_blank'><div>ISRCTN58783633</div></a></td>
      <td>Psychological Intervention Alcohol Misuse Learning Disability</td>
      <td>Drug</td>
      <td>Adult</td>
      <td>40</td>
    </tr>
    <tr>
      <td><a href='https://www.isrctn.com/ISRCTN37110238' target='_blank'><div>ISRCTN37110238</div></a></td>
      <td>Recovery Approaches in Mental Health: Evaluating the Whole Life Approach Ma...</td>
      <td>Other</td>
      <td>Adult</td>
      <td>120</td>
    </tr>
    <tr>
      <td><a href='https://www.isrctn.com/ISRCTN61294249' target='_blank'><div>ISRCTN61294249</div></a></td>
      <td>A randomised controlled trial, economic evaluation and qualitative study of...</td>
      <td>Drug</td>
      <td>Adult</td>
      <td>256</td>
    </tr>
    <tr>
      <td><a href='https://www.isrctn.com/ISRCTN07706836' target='_blank'><div>ISRCTN07706836</div></a></td>
      <td>A randomised controlled feasibility trial comparing clinical and cost effec...</td>
      <td>Other</td>
      <td>Adult</td>
      <td>60</td>
    </tr>
  </tbody>
</table>"
187,-322481.12118446006,7060800.051357996,Alder Hey Children's NHS Foundation Trust,53.4185677,-2.8968972,1.0,1.0,"<table border=""1"" class=""dataframe"">
  <thead>
    <tr style=""text-align: left;"">
      <th>ISRCTN link</th>
      <th>Title</th>
      <th>Intervention type</th>
      <th>Age group</th>
      <th>Target number of participants</th>
    </tr>
  </thead>
  <tbody>
    <tr>
      <td><a href='https://www.isrctn.com/ISRCTN25252940' target='_blank'><div>ISRCTN25252940</div></a></td>
      <td>Matching the therapeutic approach to childrens emotional and behavioural n...</td>
      <td>Behavioural</td>
      <td>Child</td>
      <td>160</td>
    </tr>
  </tbody>
</table>"
190,-386085.30449299864,7545332.364233037,AMC,55.9342226,-3.4682633,1.0,1.0,"<table border=""1"" class=""dataframe"">
  <thead>
    <tr style=""text-align: left;"">
      <th>ISRCTN link</th>
      <th>Title</th>
      <th>Intervention type</th>
      <th>Age group</th>
      <th>Target number of participants</th>
    </tr>
  </thead>
  <tbody>
    <tr>
      <td><a href='https://www.isrctn.com/ISRCTN15986016' target='_blank'><div>ISRCTN15986016</div></a></td>
      <td>Prevention of dementia using mobile phone applications</td>
      <td>Other</td>
      <td>Senior</td>
      <td>2400</td>
    </tr>
  </tbody>
</table>"
196,-45770.344473543955,6593253.52949072,Sussex Partnership NHS Foundation Trust,50.84121,-0.411162,15.0,17.826061944859852,"<table border=""1"" class=""dataframe"">
  <thead>
    <tr style=""text-align: left;"">
      <th>ISRCTN link</th>
      <th>Title</th>
      <th>Intervention type</th>
      <th>Age group</th>
      <th>Target number of participants</th>
    </tr>
  </thead>
  <tbody>
    <tr>
      <td><a href='https://www.isrctn.com/ISRCTN51629746' target='_blank'><div>ISRCTN51629746</div></a></td>
      <td>Early Youth Engagement in First Episode Psychosis (EYE-2) Randomised Contro...</td>
      <td>Behavioural</td>
      <td>Mixed</td>
      <td>950</td>
    </tr>
    <tr>
      <td><a href='https://www.isrctn.com/ISRCTN16166070' target='_blank'><div>ISRCTN16166070</div></a></td>
      <td>Increasing access to CBT for psychosis patients</td>
      <td>Behavioural</td>
      <td>Adult</td>
      <td>90</td>
    </tr>
    <tr>
      <td><a href='https://www.isrctn.com/ISRCTN14848787' target='_blank'><div>ISRCTN14848787</div></a></td>
      <td>ADIE to prevent development of anxiety disorders in autism</td>
      <td>Other</td>
      <td>Adult</td>
      <td>120</td>
    </tr>
    <tr>
      <td><a href='https://www.isrctn.com/ISRCTN13895659' target='_blank'><div>ISRCTN13895659</div></a></td>
      <td>Headspace as a guided self-help mindfulness course for depression</td>
      <td>Other</td>
      <td>Adult</td>
      <td>50</td>
    </tr>
    <tr>
      <td><a href='https://www.isrctn.com/ISRCTN13495752' target='_blank'><div>ISRCTN13495752</div></a></td>
      <td>LIGHTMind 2: Low-intensity guided help through mindfulness</td>
      <td>Other</td>
      <td>Adult</td>
      <td>410</td>
    </tr>
    <tr>
      <td><a href='https://www.isrctn.com/ISRCTN53107879' target='_blank'><div>ISRCTN53107879</div></a></td>
      <td>A small scale randomised trial of a computer-based pre-Cognitive Behavioura...</td>
      <td>Mixed</td>
      <td>Adult</td>
      <td>80</td>
    </tr>
    <tr>
      <td><a href='https://www.isrctn.com/ISRCTN11723441' target='_blank'><div>ISRCTN11723441</div></a></td>
      <td>Randomised controlled trials of interventions to improve NHS staff stress a...</td>
      <td>Other</td>
      <td>Adult</td>
      <td>1600</td>
    </tr>
    <tr>
      <td><a href='https://www.isrctn.com/ISRCTN16944868' target='_blank'><div>ISRCTN16944868</div></a></td>
      <td>LiveMind: Living well through mindfulness</td>
      <td>Other</td>
      <td>Adult</td>
      <td>40</td>
    </tr>
    <tr>
      <td><a href='https://www.isrctn.com/ISRCTN17685148' target='_blank'><div>ISRCTN17685148</div></a></td>
      <td>Amyloid positron emission tomography (PET) imaging in the timely diagnosis ...</td>
      <td>Procedure/Surgery</td>
      <td>Adult</td>
      <td>10</td>
    </tr>
    <tr>
      <td><a href='https://www.isrctn.com/ISRCTN13588109' target='_blank'><div>ISRCTN13588109</div></a></td>
      <td>Cardiac Control of Fear in Brain: relationship to anxiety symptoms</td>
      <td>Other</td>
      <td>Adult</td>
      <td>300</td>
    </tr>
    <tr>
      <td><a href='https://www.isrctn.com/ISRCTN16486066' target='_blank'><div>ISRCTN16486066</div></a></td>
      <td>Is self-help mindfulness-based cognitive therapy beneficial for healthcare ...</td>
      <td>Behavioural</td>
      <td>Adult</td>
      <td>40</td>
    </tr>
    <tr>
      <td><a href='https://www.isrctn.com/ISRCTN52684820' target='_blank'><div>ISRCTN52684820</div></a></td>
      <td>A comparison to two types of group behaviour therapy for obsessive compulsi...</td>
      <td>Behavioural</td>
      <td>Adult</td>
      <td>40</td>
    </tr>
    <tr>
      <td><a href='https://www.isrctn.com/ISRCTN41503149' target='_blank'><div>ISRCTN41503149</div></a></td>
      <td>What kind of self-help cognitive therapy is helpful for depression?</td>
      <td>Other</td>
      <td>Adult</td>
      <td>40</td>
    </tr>
    <tr>
      <td><a href='https://www.isrctn.com/ISRCTN44114663' target='_blank'><div>ISRCTN44114663</div></a></td>
      <td>Relating Therapy for voices: Evaluating a relationally-based therapy for pe...</td>
      <td>Other</td>
      <td>Adult</td>
      <td>30</td>
    </tr>
    <tr>
      <td><a href='https://www.isrctn.com/ISRCTN47998710' target='_blank'><div>ISRCTN47998710</div></a></td>
      <td>PRODIGY: Prevention of long-term social disability amongst young people wit...</td>
      <td>Behavioural</td>
      <td>Adult</td>
      <td>270</td>
    </tr>
  </tbody>
</table>"
197,121324.41908391168,6670883.039074487,Canterbury Christ Church University,51.27949599999999,1.0898758,3.0,7.826061944859854,"<table border=""1"" class=""dataframe"">
  <thead>
    <tr style=""text-align: left;"">
      <th>ISRCTN link</th>
      <th>Title</th>
      <th>Intervention type</th>
      <th>Age group</th>
      <th>Target number of participants</th>
    </tr>
  </thead>
  <tbody>
    <tr>
      <td><a href='https://www.isrctn.com/ISRCTN36004039' target='_blank'><div>ISRCTN36004039</div></a></td>
      <td>Evaluating the suitability and effectiveness of the Open Dialogue model wit...</td>
      <td>Other</td>
      <td>Adult</td>
      <td>50</td>
    </tr>
    <tr>
      <td><a href='https://www.isrctn.com/ISRCTN11180007' target='_blank'><div>ISRCTN11180007</div></a></td>
      <td>Blue Notes: Does songwriting help alleviate student stress?</td>
      <td>Other</td>
      <td>Adult</td>
      <td>80</td>
    </tr>
    <tr>
      <td><a href='https://www.isrctn.com/ISRCTN34145189' target='_blank'><div>ISRCTN34145189</div></a></td>
      <td>A pilot trial to assess the effect of a structured communication approach o...</td>
      <td>Other</td>
      <td>Adult</td>
      <td>96</td>
    </tr>
  </tbody>
</table>"
198,-3942.60240542537,6705620.570739751,"Goldsmiths, University of London",51.4742772,-0.035417,2.0,5.306765580733931,"<table border=""1"" class=""dataframe"">
  <thead>
    <tr style=""text-align: left;"">
      <th>ISRCTN link</th>
      <th>Title</th>
      <th>Intervention type</th>
      <th>Age group</th>
      <th>Target number of participants</th>
    </tr>
  </thead>
  <tbody>
    <tr>
      <td><a href='https://www.isrctn.com/ISRCTN11696836' target='_blank'><div>ISRCTN11696836</div></a></td>
      <td>Maternal moments</td>
      <td>Behavioural</td>
      <td>Mixed</td>
      <td>150</td>
    </tr>
    <tr>
      <td><a href='https://www.isrctn.com/ISRCTN16896708' target='_blank'><div>ISRCTN16896708</div></a></td>
      <td>Sing to Your Bump</td>
      <td>Behavioural</td>
      <td>Adult</td>
      <td>210</td>
    </tr>
  </tbody>
</table>"
202,-301307.79781320883,7127370.988053515,Lancashire Care NHS Foundation Trust,53.773473,-2.706694,3.0,7.826061944859854,"<table border=""1"" class=""dataframe"">
  <thead>
    <tr style=""text-align: left;"">
      <th>ISRCTN link</th>
      <th>Title</th>
      <th>Intervention type</th>
      <th>Age group</th>
      <th>Target number of participants</th>
    </tr>
  </thead>
  <tbody>
    <tr>
      <td><a href='https://www.isrctn.com/ISRCTN16262847' target='_blank'><div>ISRCTN16262847</div></a></td>
      <td>Eye movement desensitization and reprocessing therapy in early psychosis</td>
      <td>Other</td>
      <td>Adult</td>
      <td>60</td>
    </tr>
    <tr>
      <td><a href='https://www.isrctn.com/ISRCTN10697380' target='_blank'><div>ISRCTN10697380</div></a></td>
      <td>Multi-centre randomised controlled trial for postnatal depression in Britis...</td>
      <td>Other</td>
      <td>Adult</td>
      <td>720</td>
    </tr>
    <tr>
      <td><a href='https://www.isrctn.com/ISRCTN22581937' target='_blank'><div>ISRCTN22581937</div></a></td>
      <td>The HELPER programme (Healthy Living and Prevention of Early Relapse): Phas...</td>
      <td>Other</td>
      <td>Adult</td>
      <td>104</td>
    </tr>
  </tbody>
</table>"
203,-166112.8477250154,6606707.166469794,Southern Health NHS Foundation Trust,50.9174648,-1.4922171,2.0,5.306765580733931,"<table border=""1"" class=""dataframe"">
  <thead>
    <tr style=""text-align: left;"">
      <th>ISRCTN link</th>
      <th>Title</th>
      <th>Intervention type</th>
      <th>Age group</th>
      <th>Target number of participants</th>
    </tr>
  </thead>
  <tbody>
    <tr>
      <td><a href='https://www.isrctn.com/ISRCTN61129760' target='_blank'><div>ISRCTN61129760</div></a></td>
      <td>Liraglutide and the management of overweight and obesity in people with sch...</td>
      <td>Drug</td>
      <td>Adult</td>
      <td>60</td>
    </tr>
    <tr>
      <td><a href='https://www.isrctn.com/ISRCTN25079950' target='_blank'><div>ISRCTN25079950</div></a></td>
      <td>The living well with dementia pilot randomised controlled trial</td>
      <td>Other</td>
      <td>Senior</td>
      <td>66</td>
    </tr>
  </tbody>
</table>"
205,-258973.5186661336,6688471.631280648,University of Bath,51.3782228,-2.3263987,3.0,7.826061944859854,"<table border=""1"" class=""dataframe"">
  <thead>
    <tr style=""text-align: left;"">
      <th>ISRCTN link</th>
      <th>Title</th>
      <th>Intervention type</th>
      <th>Age group</th>
      <th>Target number of participants</th>
    </tr>
  </thead>
  <tbody>
    <tr>
      <td><a href='https://www.isrctn.com/ISRCTN99531779' target='_blank'><div>ISRCTN99531779</div></a></td>
      <td>The ESCAPE study: offering smoking cessation treatment as part of routine p...</td>
      <td>Mixed</td>
      <td>Adult</td>
      <td>157</td>
    </tr>
    <tr>
      <td><a href='https://www.isrctn.com/ISRCTN99443695' target='_blank'><div>ISRCTN99443695</div></a></td>
      <td>Student well-being: The ""Be the best you can be"" programme</td>
      <td>Other</td>
      <td>Child</td>
      <td>1333</td>
    </tr>
    <tr>
      <td><a href='https://www.isrctn.com/ISRCTN19083628' target='_blank'><div>ISRCTN19083628</div></a></td>
      <td>A single-blind randomised controlled trial to determine the effectiveness o...</td>
      <td>Other</td>
      <td>Child</td>
      <td>5000</td>
    </tr>
  </tbody>
</table>"
215,-14592.070547756523,6710274.1070240885,Behavioural Insights Team,51.5003077,-0.1310828,2.0,5.306765580733931,"<table border=""1"" class=""dataframe"">
  <thead>
    <tr style=""text-align: left;"">
      <th>ISRCTN link</th>
      <th>Title</th>
      <th>Intervention type</th>
      <th>Age group</th>
      <th>Target number of participants</th>
    </tr>
  </thead>
  <tbody>
    <tr>
      <td><a href='https://www.isrctn.com/ISRCTN73424656' target='_blank'><div>ISRCTN73424656</div></a></td>
      <td>Waiting list support for mental health patients</td>
      <td>Behavioural</td>
      <td>Adult</td>
      <td>15000</td>
    </tr>
    <tr>
      <td><a href='https://www.isrctn.com/ISRCTN11330268' target='_blank'><div>ISRCTN11330268</div></a></td>
      <td>A randomised controlled trial to measure the impact of behavioural SMS remi...</td>
      <td>Behavioural</td>
      <td>Adult</td>
      <td>10000</td>
    </tr>
  </tbody>
</table>"
219,-12429.377744522963,6713859.841916137,Digital Therapeutics Inc.,51.5203551,-0.111655,1.0,1.0,"<table border=""1"" class=""dataframe"">
  <thead>
    <tr style=""text-align: left;"">
      <th>ISRCTN link</th>
      <th>Title</th>
      <th>Intervention type</th>
      <th>Age group</th>
      <th>Target number of participants</th>
    </tr>
  </thead>
  <tbody>
    <tr>
      <td><a href='https://www.isrctn.com/ISRCTN65853476' target='_blank'><div>ISRCTN65853476</div></a></td>
      <td>Is a mobile phone app delivering cognitive behavioural therapy effective at...</td>
      <td>Behavioural</td>
      <td>Adult</td>
      <td>500</td>
    </tr>
  </tbody>
</table>"
222,-389286.28531881014,7033341.626065807,Betsi Cadwaladr University Health Board,53.2713109,-3.4970182,1.0,1.0,"<table border=""1"" class=""dataframe"">
  <thead>
    <tr style=""text-align: left;"">
      <th>ISRCTN link</th>
      <th>Title</th>
      <th>Intervention type</th>
      <th>Age group</th>
      <th>Target number of participants</th>
    </tr>
  </thead>
  <tbody>
    <tr>
      <td><a href='https://www.isrctn.com/ISRCTN16584442' target='_blank'><div>ISRCTN16584442</div></a></td>
      <td>Living well with memory difficulties in Parkinsonism</td>
      <td>Behavioural</td>
      <td>Adult</td>
      <td>45</td>
    </tr>
  </tbody>
</table>"
228,-13365.685981585186,6714388.318265595,Institute of Child Health,51.523309,-0.120066,2.0,5.306765580733931,"<table border=""1"" class=""dataframe"">
  <thead>
    <tr style=""text-align: left;"">
      <th>ISRCTN link</th>
      <th>Title</th>
      <th>Intervention type</th>
      <th>Age group</th>
      <th>Target number of participants</th>
    </tr>
  </thead>
  <tbody>
    <tr>
      <td><a href='https://www.isrctn.com/ISRCTN10751359' target='_blank'><div>ISRCTN10751359</div></a></td>
      <td>Initiating change locally in bullyIng and aggression through the school env...</td>
      <td>Other</td>
      <td>Child</td>
      <td>40</td>
    </tr>
    <tr>
      <td><a href='https://www.isrctn.com/ISRCTN88527078' target='_blank'><div>ISRCTN88527078</div></a></td>
      <td>INitiating Change Locally in bUllyIng and aggression through the School EnV...</td>
      <td>Other</td>
      <td>Child</td>
      <td>1200</td>
    </tr>
  </tbody>
</table>"
230,-424589.458448146,6730584.303541024,Abertawe Bro Morgannwg University Health Board,51.613743,-3.814152,1.0,1.0,"<table border=""1"" class=""dataframe"">
  <thead>
    <tr style=""text-align: left;"">
      <th>ISRCTN link</th>
      <th>Title</th>
      <th>Intervention type</th>
      <th>Age group</th>
      <th>Target number of participants</th>
    </tr>
  </thead>
  <tbody>
    <tr>
      <td><a href='https://www.isrctn.com/ISRCTN68904585' target='_blank'><div>ISRCTN68904585</div></a></td>
      <td>Evaluation of Groups for Alcohol-misusing Short-term Prisoners</td>
      <td>Behavioural</td>
      <td>Adult</td>
      <td>140</td>
    </tr>
  </tbody>
</table>"
231,-11261.914584828504,6709828.41953442,London South Bank University,51.4978153,-0.1011675,1.0,1.0,"<table border=""1"" class=""dataframe"">
  <thead>
    <tr style=""text-align: left;"">
      <th>ISRCTN link</th>
      <th>Title</th>
      <th>Intervention type</th>
      <th>Age group</th>
      <th>Target number of participants</th>
    </tr>
  </thead>
  <tbody>
    <tr>
      <td><a href='https://www.isrctn.com/ISRCTN23584477' target='_blank'><div>ISRCTN23584477</div></a></td>
      <td>Study comparing two stop smoking intervention efficacies</td>
      <td>Behavioural</td>
      <td>Adult</td>
      <td>620</td>
    </tr>
  </tbody>
</table>"
236,-175684.74319646767,7316387.616306924,Durham University,54.7649859,-1.5782029,1.0,1.0,"<table border=""1"" class=""dataframe"">
  <thead>
    <tr style=""text-align: left;"">
      <th>ISRCTN link</th>
      <th>Title</th>
      <th>Intervention type</th>
      <th>Age group</th>
      <th>Target number of participants</th>
    </tr>
  </thead>
  <tbody>
    <tr>
      <td><a href='https://www.isrctn.com/ISRCTN52147450' target='_blank'><div>ISRCTN52147450</div></a></td>
      <td>The Feasibility and Acceptability of Behavioural Activation treatment for y...</td>
      <td>Behavioural</td>
      <td>Child</td>
      <td>40</td>
    </tr>
  </tbody>
</table>"
238,-337638.20493968687,7651395.375952595,NHS Tayside,56.4642503,-3.0330556,2.0,5.306765580733931,"<table border=""1"" class=""dataframe"">
  <thead>
    <tr style=""text-align: left;"">
      <th>ISRCTN link</th>
      <th>Title</th>
      <th>Intervention type</th>
      <th>Age group</th>
      <th>Target number of participants</th>
    </tr>
  </thead>
  <tbody>
    <tr>
      <td><a href='https://www.isrctn.com/ISRCTN79119671' target='_blank'><div>ISRCTN79119671</div></a></td>
      <td>The effectiveness of cognitive remediation therapy as a component of treatm...</td>
      <td>Other</td>
      <td>Adult</td>
      <td>40</td>
    </tr>
    <tr>
      <td><a href='https://www.isrctn.com/ISRCTN43958304' target='_blank'><div>ISRCTN43958304</div></a></td>
      <td>Reducing cognitive decline and dementia by lowering blood pressure pilot I ...</td>
      <td>Other</td>
      <td>Senior</td>
      <td>110</td>
    </tr>
  </tbody>
</table>"
239,-13603.687052901203,6716022.501939795,The Loss Foundation,51.532442,-0.122204,1.0,1.0,"<table border=""1"" class=""dataframe"">
  <thead>
    <tr style=""text-align: left;"">
      <th>ISRCTN link</th>
      <th>Title</th>
      <th>Intervention type</th>
      <th>Age group</th>
      <th>Target number of participants</th>
    </tr>
  </thead>
  <tbody>
    <tr>
      <td><a href='https://www.isrctn.com/ISRCTN56216152' target='_blank'><div>ISRCTN56216152</div></a></td>
      <td>Outcomes of cancer bereavement therapeutic support groups</td>
      <td>Behavioural</td>
      <td>Adult</td>
      <td>60</td>
    </tr>
  </tbody>
</table>"
242,-12390.404790796236,6719633.182768393,London Metropolitan University,51.5526146,-0.1113049,1.0,1.0,"<table border=""1"" class=""dataframe"">
  <thead>
    <tr style=""text-align: left;"">
      <th>ISRCTN link</th>
      <th>Title</th>
      <th>Intervention type</th>
      <th>Age group</th>
      <th>Target number of participants</th>
    </tr>
  </thead>
  <tbody>
    <tr>
      <td><a href='https://www.isrctn.com/ISRCTN34618894' target='_blank'><div>ISRCTN34618894</div></a></td>
      <td>Can a mindfulness app enhance well-being?</td>
      <td>Other</td>
      <td>Adult</td>
      <td>100</td>
    </tr>
  </tbody>
</table>"
244,-39770.72485749507,6711138.961211645,West London Mental Health NHS Trust,51.5051438,-0.3572665,1.0,1.0,"<table border=""1"" class=""dataframe"">
  <thead>
    <tr style=""text-align: left;"">
      <th>ISRCTN link</th>
      <th>Title</th>
      <th>Intervention type</th>
      <th>Age group</th>
      <th>Target number of participants</th>
    </tr>
  </thead>
  <tbody>
    <tr>
      <td><a href='https://www.isrctn.com/ISRCTN52074801' target='_blank'><div>ISRCTN52074801</div></a></td>
      <td>Feasibility trial of acceptance and commitment therapy in bariatric patient...</td>
      <td>Behavioural</td>
      <td>Adult</td>
      <td>58</td>
    </tr>
  </tbody>
</table>"
253,-198659.46083163374,6722173.3028083015,Medical Research Council,51.56680069999999,-1.7845883,2.0,5.306765580733931,"<table border=""1"" class=""dataframe"">
  <thead>
    <tr style=""text-align: left;"">
      <th>ISRCTN link</th>
      <th>Title</th>
      <th>Intervention type</th>
      <th>Age group</th>
      <th>Target number of participants</th>
    </tr>
  </thead>
  <tbody>
    <tr>
      <td><a href='https://www.isrctn.com/ISRCTN31345163' target='_blank'><div>ISRCTN31345163</div></a></td>
      <td>GENetic and clinical Predictors Of treatment response in Depression</td>
      <td>Drug</td>
      <td>Adult</td>
      <td>887</td>
    </tr>
    <tr>
      <td><a href='https://www.isrctn.com/ISRCTN36485475' target='_blank'><div>ISRCTN36485475</div></a></td>
      <td>Safety and feasibility of neural transplantation in early to moderate Hunti...</td>
      <td>Other</td>
      <td>Adult</td>
      <td>20</td>
    </tr>
  </tbody>
</table>"
255,-163228.84914923777,7053317.363977433,Sheffield Hallam University,53.3784892,-1.4663097,1.0,1.0,"<table border=""1"" class=""dataframe"">
  <thead>
    <tr style=""text-align: left;"">
      <th>ISRCTN link</th>
      <th>Title</th>
      <th>Intervention type</th>
      <th>Age group</th>
      <th>Target number of participants</th>
    </tr>
  </thead>
  <tbody>
    <tr>
      <td><a href='https://www.isrctn.com/ISRCTN11643569' target='_blank'><div>ISRCTN11643569</div></a></td>
      <td>Examining the efficacy of attentional bias re-training in reducing pre-slee...</td>
      <td>Other</td>
      <td>Adult</td>
      <td>90</td>
    </tr>
  </tbody>
</table>"
259,-310328.61727743805,7172125.076875081,Lancaster University,54.0103942,-2.7877294,9.0,14.652123889719707,"<table border=""1"" class=""dataframe"">
  <thead>
    <tr style=""text-align: left;"">
      <th>ISRCTN link</th>
      <th>Title</th>
      <th>Intervention type</th>
      <th>Age group</th>
      <th>Target number of participants</th>
    </tr>
  </thead>
  <tbody>
    <tr>
      <td><a href='https://www.isrctn.com/ISRCTN14948133' target='_blank'><div>ISRCTN14948133</div></a></td>
      <td>Caring for people with advanced dementia living in nursing homes</td>
      <td>Other</td>
      <td>Mixed</td>
      <td>328</td>
    </tr>
    <tr>
      <td><a href='https://www.isrctn.com/ISRCTN16267685' target='_blank'><div>ISRCTN16267685</div></a></td>
      <td>Implementation of a Relatives Toolkit (IMPART) Study</td>
      <td>Behavioural</td>
      <td>Adult</td>
      <td>100</td>
    </tr>
    <tr>
      <td><a href='https://www.isrctn.com/ISRCTN72019945' target='_blank'><div>ISRCTN72019945</div></a></td>
      <td>REACT Trial: Supporting relatives of people with psychosis or bipolar disor...</td>
      <td>Other</td>
      <td>Adult</td>
      <td>666</td>
    </tr>
    <tr>
      <td><a href='https://www.isrctn.com/ISRCTN13875321' target='_blank'><div>ISRCTN13875321</div></a></td>
      <td>A recovery focused cognitive-behavioural therapy for older adults with bipo...</td>
      <td>Other</td>
      <td>Senior</td>
      <td>50</td>
    </tr>
    <tr>
      <td><a href='https://www.isrctn.com/ISRCTN75279027' target='_blank'><div>ISRCTN75279027</div></a></td>
      <td>Examination of a web-based Integrated Bipolar Parenting Intervention (IBPI)...</td>
      <td>Other</td>
      <td>Adult</td>
      <td>100</td>
    </tr>
    <tr>
      <td><a href='https://www.isrctn.com/ISRCTN56908625' target='_blank'><div>ISRCTN56908625</div></a></td>
      <td>A web-based Enhanced Relapse Prevention (ERP-online) intervention for bipol...</td>
      <td>Other</td>
      <td>Adult</td>
      <td>125</td>
    </tr>
    <tr>
      <td><a href='https://www.isrctn.com/ISRCTN64826171' target='_blank'><div>ISRCTN64826171</div></a></td>
      <td>Living With Bipolar: a web-based self management intervention</td>
      <td>Other</td>
      <td>Adult</td>
      <td>100</td>
    </tr>
    <tr>
      <td><a href='https://www.isrctn.com/ISRCTN43062149' target='_blank'><div>ISRCTN43062149</div></a></td>
      <td>An exploratory randomised controlled trial of a CBT-based recovery interven...</td>
      <td>Other</td>
      <td>Adult</td>
      <td>72</td>
    </tr>
    <tr>
      <td><a href='https://www.isrctn.com/ISRCTN84288072' target='_blank'><div>ISRCTN84288072</div></a></td>
      <td>Evaluating the feasibility and acceptability of a time limited anxiety in b...</td>
      <td>Other</td>
      <td>Adult</td>
      <td>72</td>
    </tr>
  </tbody>
</table>"
260,19138.169308619465,6713387.661130374,North East London Foundation NHS Foundation Trust,51.5177157,0.1719211,3.0,7.826061944859854,"<table border=""1"" class=""dataframe"">
  <thead>
    <tr style=""text-align: left;"">
      <th>ISRCTN link</th>
      <th>Title</th>
      <th>Intervention type</th>
      <th>Age group</th>
      <th>Target number of participants</th>
    </tr>
  </thead>
  <tbody>
    <tr>
      <td><a href='https://www.isrctn.com/ISRCTN14818949' target='_blank'><div>ISRCTN14818949</div></a></td>
      <td>Evaluating 'E-PLAYS' for children with social communication impairment</td>
      <td>Behavioural</td>
      <td>Child</td>
      <td>70</td>
    </tr>
    <tr>
      <td><a href='https://www.isrctn.com/ISRCTN28793457' target='_blank'><div>ISRCTN28793457</div></a></td>
      <td>Implementation and evaluation of two different cognitive stimulation therap...</td>
      <td>Other</td>
      <td>Adult</td>
      <td>240</td>
    </tr>
    <tr>
      <td><a href='https://www.isrctn.com/ISRCTN95266816' target='_blank'><div>ISRCTN95266816</div></a></td>
      <td>The emergence of personality disorder traits in adolescents who deliberatel...</td>
      <td>Other</td>
      <td>Child</td>
      <td>60</td>
    </tr>
  </tbody>
</table>"
265,-255275.07329986515,7055247.716972181,University Hospital of South Manchester NHS Foundation Trust,53.38883209999999,-2.293175,2.0,5.306765580733931,"<table border=""1"" class=""dataframe"">
  <thead>
    <tr style=""text-align: left;"">
      <th>ISRCTN link</th>
      <th>Title</th>
      <th>Intervention type</th>
      <th>Age group</th>
      <th>Target number of participants</th>
    </tr>
  </thead>
  <tbody>
    <tr>
      <td><a href='https://www.isrctn.com/ISRCTN79526387' target='_blank'><div>ISRCTN79526387</div></a></td>
      <td>A randomised controlled trial to assess whether smoking cessation instructi...</td>
      <td>Other</td>
      <td>Child</td>
      <td>200</td>
    </tr>
    <tr>
      <td><a href='https://www.isrctn.com/ISRCTN43384456' target='_blank'><div>ISRCTN43384456</div></a></td>
      <td>An evaluation of potential therapies to inhibit cerebral emboli in dementia</td>
      <td>Drug</td>
      <td>Senior</td>
      <td>90</td>
    </tr>
  </tbody>
</table>"
271,-250530.45849107055,7071772.314207347,Breaking Free Group,53.4772687,-2.2505534,2.0,5.306765580733931,"<table border=""1"" class=""dataframe"">
  <thead>
    <tr style=""text-align: left;"">
      <th>ISRCTN link</th>
      <th>Title</th>
      <th>Intervention type</th>
      <th>Age group</th>
      <th>Target number of participants</th>
    </tr>
  </thead>
  <tbody>
    <tr>
      <td><a href='https://www.isrctn.com/ISRCTN39840514' target='_blank'><div>ISRCTN39840514</div></a></td>
      <td>A randomised controlled trial to assess the effectiveness of the Breaking F...</td>
      <td>Behavioural</td>
      <td>Adult</td>
      <td>128</td>
    </tr>
    <tr>
      <td><a href='https://www.isrctn.com/ISRCTN09846981' target='_blank'><div>ISRCTN09846981</div></a></td>
      <td>Breaking Free Online Health and Justice outcomes in prisons</td>
      <td>Behavioural</td>
      <td>Adult</td>
      <td>128</td>
    </tr>
  </tbody>
</table>"
278,-183532.22183188857,7356888.979741109,Alzheimer's Society,54.97434699999999,-1.648698,1.0,1.0,"<table border=""1"" class=""dataframe"">
  <thead>
    <tr style=""text-align: left;"">
      <th>ISRCTN link</th>
      <th>Title</th>
      <th>Intervention type</th>
      <th>Age group</th>
      <th>Target number of participants</th>
    </tr>
  </thead>
  <tbody>
    <tr>
      <td><a href='https://www.isrctn.com/ISRCTN92829053' target='_blank'><div>ISRCTN92829053</div></a></td>
      <td>Can the behavioural symptoms of people severely affected by dementia be eff...</td>
      <td>Other</td>
      <td>Senior</td>
      <td>340</td>
    </tr>
  </tbody>
</table>"
281,152571.39939941672,6914724.412661145,NHS South Norfolk CCG,52.6293204,1.3705722,1.0,1.0,"<table border=""1"" class=""dataframe"">
  <thead>
    <tr style=""text-align: left;"">
      <th>ISRCTN link</th>
      <th>Title</th>
      <th>Intervention type</th>
      <th>Age group</th>
      <th>Target number of participants</th>
    </tr>
  </thead>
  <tbody>
    <tr>
      <td><a href='https://www.isrctn.com/ISRCTN55065978' target='_blank'><div>ISRCTN55065978</div></a></td>
      <td>Management of social anxiety in clients who stutter</td>
      <td>Other</td>
      <td>Adult</td>
      <td>60</td>
    </tr>
  </tbody>
</table>"
282,-472260.99510910106,7531014.683548528,University of Strathclyde,55.862111,-4.2423927,2.0,5.306765580733931,"<table border=""1"" class=""dataframe"">
  <thead>
    <tr style=""text-align: left;"">
      <th>ISRCTN link</th>
      <th>Title</th>
      <th>Intervention type</th>
      <th>Age group</th>
      <th>Target number of participants</th>
    </tr>
  </thead>
  <tbody>
    <tr>
      <td><a href='https://www.isrctn.com/ISRCTN27026136' target='_blank'><div>ISRCTN27026136</div></a></td>
      <td>Efficacy of humanistic counselling in schools for emotional wellbeing</td>
      <td>Other</td>
      <td>Child</td>
      <td>10</td>
    </tr>
    <tr>
      <td><a href='https://www.isrctn.com/ISRCTN68290510' target='_blank'><div>ISRCTN68290510</div></a></td>
      <td>Efficacy of humanistic counselling in schools for emotional distress</td>
      <td>Other</td>
      <td>Adult</td>
      <td>32</td>
    </tr>
  </tbody>
</table>"
284,-319525.5887038986,7087042.38847501,Edge Hill University,53.5588278,-2.8703472,1.0,1.0,"<table border=""1"" class=""dataframe"">
  <thead>
    <tr style=""text-align: left;"">
      <th>ISRCTN link</th>
      <th>Title</th>
      <th>Intervention type</th>
      <th>Age group</th>
      <th>Target number of participants</th>
    </tr>
  </thead>
  <tbody>
    <tr>
      <td><a href='https://www.isrctn.com/ISRCTN51511240' target='_blank'><div>ISRCTN51511240</div></a></td>
      <td>The Girls’ Peer-ACTivity Project (G-PACT)</td>
      <td>Behavioural</td>
      <td>Child</td>
      <td>180</td>
    </tr>
  </tbody>
</table>"
289,-14506.55491492913,6714128.414326162,Birkbeck College,51.5218563,-0.1303146,1.0,1.0,"<table border=""1"" class=""dataframe"">
  <thead>
    <tr style=""text-align: left;"">
      <th>ISRCTN link</th>
      <th>Title</th>
      <th>Intervention type</th>
      <th>Age group</th>
      <th>Target number of participants</th>
    </tr>
  </thead>
  <tbody>
    <tr>
      <td><a href='https://www.isrctn.com/ISRCTN37683928' target='_blank'><div>ISRCTN37683928</div></a></td>
      <td>Attention control training for infants at risk of ADHD</td>
      <td>Behavioural</td>
      <td>Neonate</td>
      <td>50</td>
    </tr>
  </tbody>
</table>"
290,-45562.18815770961,6778071.069467987,University of Bedfordshire,51.8778602,-0.4092921,1.0,1.0,"<table border=""1"" class=""dataframe"">
  <thead>
    <tr style=""text-align: left;"">
      <th>ISRCTN link</th>
      <th>Title</th>
      <th>Intervention type</th>
      <th>Age group</th>
      <th>Target number of participants</th>
    </tr>
  </thead>
  <tbody>
    <tr>
      <td><a href='https://www.isrctn.com/ISRCTN61093625' target='_blank'><div>ISRCTN61093625</div></a></td>
      <td>Stigma of living as an autism carer: a brief psycho-social support interve...</td>
      <td>Behavioural</td>
      <td>Adult</td>
      <td>32</td>
    </tr>
  </tbody>
</table>"
294,14967.606849947631,6836976.878644958,Anglia Ruskin University,52.2033461,0.1344563,1.0,1.0,"<table border=""1"" class=""dataframe"">
  <thead>
    <tr style=""text-align: left;"">
      <th>ISRCTN link</th>
      <th>Title</th>
      <th>Intervention type</th>
      <th>Age group</th>
      <th>Target number of participants</th>
    </tr>
  </thead>
  <tbody>
    <tr>
      <td><a href='https://www.isrctn.com/ISRCTN15890967' target='_blank'><div>ISRCTN15890967</div></a></td>
      <td>Differences in long-term outcome: face to face v internet enabled cognitive...</td>
      <td>Other</td>
      <td>Adult</td>
      <td>200</td>
    </tr>
  </tbody>
</table>"
295,-210195.399474999,6888638.9802807355,Aston University,52.4868584,-1.8882174,1.0,1.0,"<table border=""1"" class=""dataframe"">
  <thead>
    <tr style=""text-align: left;"">
      <th>ISRCTN link</th>
      <th>Title</th>
      <th>Intervention type</th>
      <th>Age group</th>
      <th>Target number of participants</th>
    </tr>
  </thead>
  <tbody>
    <tr>
      <td><a href='https://www.isrctn.com/ISRCTN58330068' target='_blank'><div>ISRCTN58330068</div></a></td>
      <td>Improving the management of behaviour that challenges associated with demen...</td>
      <td>Mixed</td>
      <td>Senior</td>
      <td>45</td>
    </tr>
  </tbody>
</table>"
303,118333.063991213,6673952.312950739,University of Kent,51.2967395,1.063004,5.0,11.0,"<table border=""1"" class=""dataframe"">
  <thead>
    <tr style=""text-align: left;"">
      <th>ISRCTN link</th>
      <th>Title</th>
      <th>Intervention type</th>
      <th>Age group</th>
      <th>Target number of participants</th>
    </tr>
  </thead>
  <tbody>
    <tr>
      <td><a href='https://www.isrctn.com/ISRCTN77037777' target='_blank'><div>ISRCTN77037777</div></a></td>
      <td>A study to explore whether a multi-component psychosocial intervention can ...</td>
      <td>Behavioural</td>
      <td>Child</td>
      <td>567</td>
    </tr>
    <tr>
      <td><a href='https://www.isrctn.com/ISRCTN11848158' target='_blank'><div>ISRCTN11848158</div></a></td>
      <td>Light therapy exploratory trial: investigating the effectiveness and feasib...</td>
      <td>Device</td>
      <td>Adult</td>
      <td>60</td>
    </tr>
    <tr>
      <td><a href='https://www.isrctn.com/ISRCTN69559259' target='_blank'><div>ISRCTN69559259</div></a></td>
      <td>An open randomised feasibility trial of the equipping youth to help one ano...</td>
      <td>Behavioural</td>
      <td>Adult</td>
      <td>60</td>
    </tr>
    <tr>
      <td><a href='https://www.isrctn.com/ISRCTN32681566' target='_blank'><div>ISRCTN32681566</div></a></td>
      <td>Evaluating EQUIP with offenders who have intellectual and developmental dis...</td>
      <td>Other</td>
      <td>Adult</td>
      <td>8</td>
    </tr>
    <tr>
      <td><a href='https://www.isrctn.com/ISRCTN30488204' target='_blank'><div>ISRCTN30488204</div></a></td>
      <td>A study to evaluate whether light therapy can help people with dementia to ...</td>
      <td>Device</td>
      <td>Adult</td>
      <td>6</td>
    </tr>
  </tbody>
</table>"
310,-172326.52358991065,7133034.197361248,Leeds Beckett University,53.8035274,-1.5480355,1.0,1.0,"<table border=""1"" class=""dataframe"">
  <thead>
    <tr style=""text-align: left;"">
      <th>ISRCTN link</th>
      <th>Title</th>
      <th>Intervention type</th>
      <th>Age group</th>
      <th>Target number of participants</th>
    </tr>
  </thead>
  <tbody>
    <tr>
      <td><a href='https://www.isrctn.com/ISRCTN82288852' target='_blank'><div>ISRCTN82288852</div></a></td>
      <td>Evaluating the effectiveness and cost effectiveness of Dementia Care Mappin...</td>
      <td>Other</td>
      <td>Adult</td>
      <td>750</td>
    </tr>
  </tbody>
</table>"
318,-697700.9531951922,7046262.758465495,SilverCloud Health,53.340669,-6.2675543,1.0,1.0,"<table border=""1"" class=""dataframe"">
  <thead>
    <tr style=""text-align: left;"">
      <th>ISRCTN link</th>
      <th>Title</th>
      <th>Intervention type</th>
      <th>Age group</th>
      <th>Target number of participants</th>
    </tr>
  </thead>
  <tbody>
    <tr>
      <td><a href='https://www.isrctn.com/ISRCTN91967124' target='_blank'><div>ISRCTN91967124</div></a></td>
      <td>Internet-delivered interventions for people with depression and anxiety in ...</td>
      <td>Behavioural</td>
      <td>Adult</td>
      <td>360</td>
    </tr>
  </tbody>
</table>"
320,-660084.2827484452,7283617.256858925,Public Health Agency,54.59479150000001,-5.929638,2.0,5.306765580733931,"<table border=""1"" class=""dataframe"">
  <thead>
    <tr style=""text-align: left;"">
      <th>ISRCTN link</th>
      <th>Title</th>
      <th>Intervention type</th>
      <th>Age group</th>
      <th>Target number of participants</th>
    </tr>
  </thead>
  <tbody>
    <tr>
      <td><a href='https://www.isrctn.com/ISRCTN29351200' target='_blank'><div>ISRCTN29351200</div></a></td>
      <td>Evaluation of Cancer Focus Northern Ireland’s ‘Dead Cool’ smoking preventio...</td>
      <td>Other</td>
      <td>Child</td>
      <td>20</td>
    </tr>
    <tr>
      <td><a href='https://www.isrctn.com/ISRCTN92071123' target='_blank'><div>ISRCTN92071123</div></a></td>
      <td>Self help interventions for alcohol use</td>
      <td>Other</td>
      <td>Adult</td>
      <td>1000</td>
    </tr>
  </tbody>
</table>"
321,-436888.75936767703,6736970.884978152,Welsh Ambulance Services NHS Trust,51.6493545,-3.9246385,1.0,1.0,"<table border=""1"" class=""dataframe"">
  <thead>
    <tr style=""text-align: left;"">
      <th>ISRCTN link</th>
      <th>Title</th>
      <th>Intervention type</th>
      <th>Age group</th>
      <th>Target number of participants</th>
    </tr>
  </thead>
  <tbody>
    <tr>
      <td><a href='https://www.isrctn.com/ISRCTN98216498' target='_blank'><div>ISRCTN98216498</div></a></td>
      <td>Paramedic supplied 'Take Home' Naloxone: a feasibility study</td>
      <td>Other</td>
      <td>Adult</td>
      <td>100</td>
    </tr>
  </tbody>
</table>"
324,-10270.803762448752,6710352.092322927,Guy's and St Thomas' NHS Foundation Trust,51.5007438,-0.09226419999999999,3.0,7.826061944859854,"<table border=""1"" class=""dataframe"">
  <thead>
    <tr style=""text-align: left;"">
      <th>ISRCTN link</th>
      <th>Title</th>
      <th>Intervention type</th>
      <th>Age group</th>
      <th>Target number of participants</th>
    </tr>
  </thead>
  <tbody>
    <tr>
      <td><a href='https://www.isrctn.com/ISRCTN28527653' target='_blank'><div>ISRCTN28527653</div></a></td>
      <td>HoPS: Home-based picture exchange communication schedule (PECS) study</td>
      <td>Behavioural</td>
      <td>Mixed</td>
      <td>64</td>
    </tr>
    <tr>
      <td><a href='https://www.isrctn.com/ISRCTN28527653' target='_blank'><div>ISRCTN28527653</div></a></td>
      <td>HoPS: Home-based picture exchange communication schedule (PECS) study</td>
      <td>Behavioural</td>
      <td>Mixed</td>
      <td>64</td>
    </tr>
    <tr>
      <td><a href='https://www.isrctn.com/ISRCTN14621901' target='_blank'><div>ISRCTN14621901</div></a></td>
      <td>Ways Back to Work: facilitating the return to work of NHS staff with common...</td>
      <td>Other</td>
      <td>Adult</td>
      <td>77</td>
    </tr>
  </tbody>
</table>"
326,-342153.2566945676,7544658.329123699,Queen Margaret University,55.9308308,-3.073615,1.0,1.0,"<table border=""1"" class=""dataframe"">
  <thead>
    <tr style=""text-align: left;"">
      <th>ISRCTN link</th>
      <th>Title</th>
      <th>Intervention type</th>
      <th>Age group</th>
      <th>Target number of participants</th>
    </tr>
  </thead>
  <tbody>
    <tr>
      <td><a href='https://www.isrctn.com/ISRCTN14268139' target='_blank'><div>ISRCTN14268139</div></a></td>
      <td>Ultrasound visual biofeedback for speech sound disorders in children</td>
      <td>Behavioural</td>
      <td>Child</td>
      <td>20</td>
    </tr>
  </tbody>
</table>"
327,-14849.45234241965,6716718.449148683,Ixico PLC,51.5363309,-0.1333949,1.0,1.0,"<table border=""1"" class=""dataframe"">
  <thead>
    <tr style=""text-align: left;"">
      <th>ISRCTN link</th>
      <th>Title</th>
      <th>Intervention type</th>
      <th>Age group</th>
      <th>Target number of participants</th>
    </tr>
  </thead>
  <tbody>
    <tr>
      <td><a href='https://www.isrctn.com/ISRCTN25427954' target='_blank'><div>ISRCTN25427954</div></a></td>
      <td>Project CYGNUS: A feasibility study of gathering health information in peop...</td>
      <td>Other</td>
      <td>Adult</td>
      <td>330</td>
    </tr>
  </tbody>
</table>"
328,53244.4130090479,6753337.1298862975,The AIM Foundation,51.7404849,0.4783027,1.0,1.0,"<table border=""1"" class=""dataframe"">
  <thead>
    <tr style=""text-align: left;"">
      <th>ISRCTN link</th>
      <th>Title</th>
      <th>Intervention type</th>
      <th>Age group</th>
      <th>Target number of participants</th>
    </tr>
  </thead>
  <tbody>
    <tr>
      <td><a href='https://www.isrctn.com/ISRCTN17621046' target='_blank'><div>ISRCTN17621046</div></a></td>
      <td>A UK case-control study of the ""Mellow Babies"" effectiveness: An attachment...</td>
      <td>Behavioural</td>
      <td>Mixed</td>
      <td>102</td>
    </tr>
  </tbody>
</table>"
334,497628.302559887,6784102.370939784,Erasmus MC,51.9112953,4.470271100000001,1.0,1.0,"<table border=""1"" class=""dataframe"">
  <thead>
    <tr style=""text-align: left;"">
      <th>ISRCTN link</th>
      <th>Title</th>
      <th>Intervention type</th>
      <th>Age group</th>
      <th>Target number of participants</th>
    </tr>
  </thead>
  <tbody>
    <tr>
      <td><a href='https://www.isrctn.com/ISRCTN52788952' target='_blank'><div>ISRCTN52788952</div></a></td>
      <td>Urban Health Centres Europe, a preventive integrated health and social care...</td>
      <td>Other</td>
      <td>Senior</td>
      <td>1250</td>
    </tr>
  </tbody>
</table>"
340,-15276.985978760298,6717607.488341389,Helen Bamber Foundation,51.5412983,-0.1372355,1.0,1.0,"<table border=""1"" class=""dataframe"">
  <thead>
    <tr style=""text-align: left;"">
      <th>ISRCTN link</th>
      <th>Title</th>
      <th>Intervention type</th>
      <th>Age group</th>
      <th>Target number of participants</th>
    </tr>
  </thead>
  <tbody>
    <tr>
      <td><a href='https://www.isrctn.com/ISRCTN95136302' target='_blank'><div>ISRCTN95136302</div></a></td>
      <td>Narrative exposure therapy in victims of trafficking and other forced migra...</td>
      <td>Behavioural</td>
      <td>Adult</td>
      <td>40</td>
    </tr>
  </tbody>
</table>"
343,121056.16137499805,6670115.077638624,Psicon Limited,51.2751805,1.087466,1.0,1.0,"<table border=""1"" class=""dataframe"">
  <thead>
    <tr style=""text-align: left;"">
      <th>ISRCTN link</th>
      <th>Title</th>
      <th>Intervention type</th>
      <th>Age group</th>
      <th>Target number of participants</th>
    </tr>
  </thead>
  <tbody>
    <tr>
      <td><a href='https://www.isrctn.com/ISRCTN13900653' target='_blank'><div>ISRCTN13900653</div></a></td>
      <td>Therapeutic group for women on the autism spectrum</td>
      <td>Behavioural</td>
      <td>Adult</td>
      <td>30</td>
    </tr>
  </tbody>
</table>"
349,-253587.2583124066,7065780.915091414,Manchester Mental Health and Social Care Trust,53.44522509999999,-2.2780131,7.0,13.090619551221675,"<table border=""1"" class=""dataframe"">
  <thead>
    <tr style=""text-align: left;"">
      <th>ISRCTN link</th>
      <th>Title</th>
      <th>Intervention type</th>
      <th>Age group</th>
      <th>Target number of participants</th>
    </tr>
  </thead>
  <tbody>
    <tr>
      <td><a href='https://www.isrctn.com/ISRCTN49141214' target='_blank'><div>ISRCTN49141214</div></a></td>
      <td>The benefit of minocycline on negative symptoms in schizophrenia</td>
      <td>Drug</td>
      <td>Adult</td>
      <td>170</td>
    </tr>
    <tr>
      <td><a href='https://www.isrctn.com/ISRCTN17890126' target='_blank'><div>ISRCTN17890126</div></a></td>
      <td>A pilot study to investigate the feasibility and acceptability of a cogniti...</td>
      <td>Other</td>
      <td>Adult</td>
      <td>60</td>
    </tr>
    <tr>
      <td><a href='https://www.isrctn.com/ISRCTN16488358' target='_blank'><div>ISRCTN16488358</div></a></td>
      <td>Enhancing the quality of user involved care planning in mental health servi...</td>
      <td>Other</td>
      <td>Adult</td>
      <td>480</td>
    </tr>
    <tr>
      <td><a href='https://www.isrctn.com/ISRCTN49632858' target='_blank'><div>ISRCTN49632858</div></a></td>
      <td>COPD in Primary Care Study</td>
      <td>Other</td>
      <td>Adult</td>
      <td>900</td>
    </tr>
    <tr>
      <td><a href='https://www.isrctn.com/ISRCTN14689382' target='_blank'><div>ISRCTN14689382</div></a></td>
      <td>Ketamine-ECT Study</td>
      <td>Drug</td>
      <td>Adult</td>
      <td>160</td>
    </tr>
    <tr>
      <td><a href='https://www.isrctn.com/ISRCTN88145142' target='_blank'><div>ISRCTN88145142</div></a></td>
      <td>Feasibility trial of ClinTouch-CareLoop Enhanced Management</td>
      <td>Other</td>
      <td>Adult</td>
      <td>80</td>
    </tr>
    <tr>
      <td><a href='https://www.isrctn.com/ISRCTN42983681' target='_blank'><div>ISRCTN42983681</div></a></td>
      <td>Psychotherapy in mild cognitive impairment</td>
      <td>Other</td>
      <td>Adult</td>
      <td>80</td>
    </tr>
  </tbody>
</table>"
352,-36404.91326166598,6700756.652418542,National Institute for Health Research,51.447054,-0.3270309,4.0,9.613531161467861,"<table border=""1"" class=""dataframe"">
  <thead>
    <tr style=""text-align: left;"">
      <th>ISRCTN link</th>
      <th>Title</th>
      <th>Intervention type</th>
      <th>Age group</th>
      <th>Target number of participants</th>
    </tr>
  </thead>
  <tbody>
    <tr>
      <td><a href='https://www.isrctn.com/ISRCTN45058713' target='_blank'><div>ISRCTN45058713</div></a></td>
      <td>Don't turn your back on the symptoms of psychosis: a community campaign to ...</td>
      <td>Other</td>
      <td>Adult</td>
      <td>308150</td>
    </tr>
    <tr>
      <td><a href='https://www.isrctn.com/ISRCTN55206395' target='_blank'><div>ISRCTN55206395</div></a></td>
      <td>The Newcastle COPD CBT CARE Study</td>
      <td>Other</td>
      <td>Adult</td>
      <td>312</td>
    </tr>
    <tr>
      <td><a href='https://www.isrctn.com/ISRCTN58667926' target='_blank'><div>ISRCTN58667926</div></a></td>
      <td>Improving physical health and reducing substance use in psychosis</td>
      <td>Other</td>
      <td>Adult</td>
      <td>504</td>
    </tr>
    <tr>
      <td><a href='https://www.isrctn.com/ISRCTN26286067' target='_blank'><div>ISRCTN26286067</div></a></td>
      <td>Maintenance Cognitive Stimulation Therapy groups for dementia</td>
      <td>Behavioural</td>
      <td>Senior</td>
      <td>230</td>
    </tr>
  </tbody>
</table>"
354,-14489.979442750011,6712899.945033913,Maldaba Limited,51.5149893,-0.1301657,1.0,1.0,"<table border=""1"" class=""dataframe"">
  <thead>
    <tr style=""text-align: left;"">
      <th>ISRCTN link</th>
      <th>Title</th>
      <th>Intervention type</th>
      <th>Age group</th>
      <th>Target number of participants</th>
    </tr>
  </thead>
  <tbody>
    <tr>
      <td><a href='https://www.isrctn.com/ISRCTN14890704' target='_blank'><div>ISRCTN14890704</div></a></td>
      <td>My Health Guide: A trial of a tablet app to support people with learning di...</td>
      <td>Other</td>
      <td>Adult</td>
      <td>200</td>
    </tr>
  </tbody>
</table>"
385,-197936.97507248726,7102800.401252137,University of Huddersfield,53.64282850000001,-1.7780981,1.0,1.0,"<table border=""1"" class=""dataframe"">
  <thead>
    <tr style=""text-align: left;"">
      <th>ISRCTN link</th>
      <th>Title</th>
      <th>Intervention type</th>
      <th>Age group</th>
      <th>Target number of participants</th>
    </tr>
  </thead>
  <tbody>
    <tr>
      <td><a href='https://www.isrctn.com/ISRCTN15747739' target='_blank'><div>ISRCTN15747739</div></a></td>
      <td>The RESPECT Study (Randomised Evaluation of Sexual health Promotion Effecti...</td>
      <td>Behavioural</td>
      <td>Adult</td>
      <td>100</td>
    </tr>
  </tbody>
</table>"
391,-27213.98648355553,6702734.319448982,University of Roehampton,51.45812489999999,-0.2444674,2.0,5.306765580733931,"<table border=""1"" class=""dataframe"">
  <thead>
    <tr style=""text-align: left;"">
      <th>ISRCTN link</th>
      <th>Title</th>
      <th>Intervention type</th>
      <th>Age group</th>
      <th>Target number of participants</th>
    </tr>
  </thead>
  <tbody>
    <tr>
      <td><a href='https://www.isrctn.com/ISRCTN10460622' target='_blank'><div>ISRCTN10460622</div></a></td>
      <td>Effectiveness and cost effectiveness trial of humanistic counselling in sch...</td>
      <td>Other</td>
      <td>Child</td>
      <td>306</td>
    </tr>
    <tr>
      <td><a href='https://www.isrctn.com/ISRCTN98453199' target='_blank'><div>ISRCTN98453199</div></a></td>
      <td>Evaluating the effectiveness of ""Agoraphobia Free"": A novel mobile applicat...</td>
      <td>Device</td>
      <td>Adult</td>
      <td>170</td>
    </tr>
  </tbody>
</table>"
399,-192572.4776792103,7342108.849852106,Quantum Pharmaceutical,54.89807099999999,-1.729908,1.0,1.0,"<table border=""1"" class=""dataframe"">
  <thead>
    <tr style=""text-align: left;"">
      <th>ISRCTN link</th>
      <th>Title</th>
      <th>Intervention type</th>
      <th>Age group</th>
      <th>Target number of participants</th>
    </tr>
  </thead>
  <tbody>
    <tr>
      <td><a href='https://www.isrctn.com/ISRCTN64300560' target='_blank'><div>ISRCTN64300560</div></a></td>
      <td>Supporting better medication adherence in the community for people with dem...</td>
      <td>Device</td>
      <td>Adult</td>
      <td>12</td>
    </tr>
  </tbody>
</table>"
400,247226.48487237713,6251278.016564732,Institut de Recherches Internationales Servier (France),48.8608179,2.2208733,6.0,12.132827525593784,"<table border=""1"" class=""dataframe"">
  <thead>
    <tr style=""text-align: left;"">
      <th>ISRCTN link</th>
      <th>Title</th>
      <th>Intervention type</th>
      <th>Age group</th>
      <th>Target number of participants</th>
    </tr>
  </thead>
  <tbody>
    <tr>
      <td><a href='https://www.isrctn.com/ISRCTN75872983' target='_blank'><div>ISRCTN75872983</div></a></td>
      <td>Evaluation of the effect of agomelatine and escitalopram on emotions and mo...</td>
      <td>Drug</td>
      <td>Adult</td>
      <td>128</td>
    </tr>
    <tr>
      <td><a href='https://www.isrctn.com/ISRCTN96725312' target='_blank'><div>ISRCTN96725312</div></a></td>
      <td>Evaluation of efficacy and clinical benefit of agomelatine in patients with...</td>
      <td>Drug</td>
      <td>Adult</td>
      <td>400</td>
    </tr>
    <tr>
      <td><a href='https://www.isrctn.com/ISRCTN19313268' target='_blank'><div>ISRCTN19313268</div></a></td>
      <td>Efficacy and safety of agomelatine (25 mg/day with potential adjustment to ...</td>
      <td>Drug</td>
      <td>Adult</td>
      <td>500</td>
    </tr>
    <tr>
      <td><a href='https://www.isrctn.com/ISRCTN55250367' target='_blank'><div>ISRCTN55250367</div></a></td>
      <td>Efficacy of agomelatine given orally on improvement of subjective sleep in ...</td>
      <td>Drug</td>
      <td>Adult</td>
      <td>300</td>
    </tr>
    <tr>
      <td><a href='https://www.isrctn.com/ISRCTN44737909' target='_blank'><div>ISRCTN44737909</div></a></td>
      <td>Effects of agomelatine on sleep electroencephalogram parameters compared to...</td>
      <td>Drug</td>
      <td>Adult</td>
      <td>130</td>
    </tr>
    <tr>
      <td><a href='https://www.isrctn.com/ISRCTN53193024' target='_blank'><div>ISRCTN53193024</div></a></td>
      <td>A study to determine the maintenance of efficacy of agomelatine to prevent ...</td>
      <td>Drug</td>
      <td>Adult</td>
      <td>500</td>
    </tr>
  </tbody>
</table>"
401,1528566.9455639625,6626351.831418069,Technical University Dresden (Technische Universität Dresden),51.0285861,13.7313505,1.0,1.0,"<table border=""1"" class=""dataframe"">
  <thead>
    <tr style=""text-align: left;"">
      <th>ISRCTN link</th>
      <th>Title</th>
      <th>Intervention type</th>
      <th>Age group</th>
      <th>Target number of participants</th>
    </tr>
  </thead>
  <tbody>
    <tr>
      <td><a href='https://www.isrctn.com/ISRCTN12608780' target='_blank'><div>ISRCTN12608780</div></a></td>
      <td>Bridging waiting time with internet-based self-help for bulimia nervosa, bi...</td>
      <td>Behavioural</td>
      <td>Adult</td>
      <td>275</td>
    </tr>
  </tbody>
</table>"
402,-11406.062193456715,6715222.618165536,City University London,51.5279719,-0.1024624,2.0,5.306765580733931,"<table border=""1"" class=""dataframe"">
  <thead>
    <tr style=""text-align: left;"">
      <th>ISRCTN link</th>
      <th>Title</th>
      <th>Intervention type</th>
      <th>Age group</th>
      <th>Target number of participants</th>
    </tr>
  </thead>
  <tbody>
    <tr>
      <td><a href='https://www.isrctn.com/ISRCTN11568927' target='_blank'><div>ISRCTN11568927</div></a></td>
      <td>Rainbow Mind: Examining the effectiveness and mechanisms of change of a min...</td>
      <td>Behavioural</td>
      <td>Adult</td>
      <td>300</td>
    </tr>
    <tr>
      <td><a href='https://www.isrctn.com/ISRCTN16003313' target='_blank'><div>ISRCTN16003313</div></a></td>
      <td>A brief psychological intervention for self-harm in Emergency Departments</td>
      <td>Behavioural</td>
      <td>Adult</td>
      <td>96</td>
    </tr>
  </tbody>
</table>"
406,-477848.38751879334,7533287.522498265,Clinical Trials and Research Governance,55.8735672,-4.2925851,1.0,1.0,"<table border=""1"" class=""dataframe"">
  <thead>
    <tr style=""text-align: left;"">
      <th>ISRCTN link</th>
      <th>Title</th>
      <th>Intervention type</th>
      <th>Age group</th>
      <th>Target number of participants</th>
    </tr>
  </thead>
  <tbody>
    <tr>
      <td><a href='https://www.isrctn.com/ISRCTN95458747' target='_blank'><div>ISRCTN95458747</div></a></td>
      <td>Internet-based cognitive therapy for social anxiety disorder</td>
      <td>Other</td>
      <td>Adult</td>
      <td>102</td>
    </tr>
  </tbody>
</table>"
409,-12910.021909921079,6710873.312933118,uMotif Ltd,51.5036584,-0.1159727,1.0,1.0,"<table border=""1"" class=""dataframe"">
  <thead>
    <tr style=""text-align: left;"">
      <th>ISRCTN link</th>
      <th>Title</th>
      <th>Intervention type</th>
      <th>Age group</th>
      <th>Target number of participants</th>
    </tr>
  </thead>
  <tbody>
    <tr>
      <td><a href='https://www.isrctn.com/ISRCTN12537885' target='_blank'><div>ISRCTN12537885</div></a></td>
      <td>The 100 for Parkinson’s Project: a new form of social action – the collecti...</td>
      <td>Device</td>
      <td>Adult</td>
      <td>20000</td>
    </tr>
  </tbody>
</table>"
417,730468.791525864,5863715.472595676,AC Immune SA,46.5177789,6.5619128,1.0,1.0,"<table border=""1"" class=""dataframe"">
  <thead>
    <tr style=""text-align: left;"">
      <th>ISRCTN link</th>
      <th>Title</th>
      <th>Intervention type</th>
      <th>Age group</th>
      <th>Target number of participants</th>
    </tr>
  </thead>
  <tbody>
    <tr>
      <td><a href='https://www.isrctn.com/ISRCTN13033912' target='_blank'><div>ISRCTN13033912</div></a></td>
      <td>A study comparing the safety and effects of a new compound, ACI-35 with pla...</td>
      <td>Other</td>
      <td>Mixed</td>
      <td>24</td>
    </tr>
  </tbody>
</table>"
425,-287107.0709353361,6701512.817761431,HM Cabinet Office,51.4512873,-2.5791267,1.0,1.0,"<table border=""1"" class=""dataframe"">
  <thead>
    <tr style=""text-align: left;"">
      <th>ISRCTN link</th>
      <th>Title</th>
      <th>Intervention type</th>
      <th>Age group</th>
      <th>Target number of participants</th>
    </tr>
  </thead>
  <tbody>
    <tr>
      <td><a href='https://www.isrctn.com/ISRCTN71067067' target='_blank'><div>ISRCTN71067067</div></a></td>
      <td>IPS Mental Health & Employment Support Evaluation</td>
      <td>Other</td>
      <td>Adult</td>
      <td>6550</td>
    </tr>
  </tbody>
</table>"
426,-194727.33359029202,7131638.613947846,Bradford Districts Clinical Commissioning Group,53.7961231,-1.7492654,1.0,1.0,"<table border=""1"" class=""dataframe"">
  <thead>
    <tr style=""text-align: left;"">
      <th>ISRCTN link</th>
      <th>Title</th>
      <th>Intervention type</th>
      <th>Age group</th>
      <th>Target number of participants</th>
    </tr>
  </thead>
  <tbody>
    <tr>
      <td><a href='https://www.isrctn.com/ISRCTN85355606' target='_blank'><div>ISRCTN85355606</div></a></td>
      <td>Bradford Hypertension and Alcohol Intervention Trial</td>
      <td>Mixed</td>
      <td>Adult</td>
      <td>4000</td>
    </tr>
  </tbody>
</table>"
431,-13140.0525056963,6713423.546911105,Medical Research Council (MRC),51.5179163,-0.1180391,13.0,16.936926411670825,"<table border=""1"" class=""dataframe"">
  <thead>
    <tr style=""text-align: left;"">
      <th>ISRCTN link</th>
      <th>Title</th>
      <th>Intervention type</th>
      <th>Age group</th>
      <th>Target number of participants</th>
    </tr>
  </thead>
  <tbody>
    <tr>
      <td><a href='https://www.isrctn.com/ISRCTN35018680' target='_blank'><div>ISRCTN35018680</div></a></td>
      <td>Parents and Young Children under Extreme Stress - PYCES</td>
      <td>Other</td>
      <td>Child</td>
      <td>90</td>
    </tr>
    <tr>
      <td><a href='https://www.isrctn.com/ISRCTN80875696' target='_blank'><div>ISRCTN80875696</div></a></td>
      <td>A feasibility study of a licensed premise intervention to reduce alcohol mi...</td>
      <td>Other</td>
      <td>Adult</td>
      <td>32</td>
    </tr>
    <tr>
      <td><a href='https://www.isrctn.com/ISRCTN38352118' target='_blank'><div>ISRCTN38352118</div></a></td>
      <td>ASPECTS: Acute Stress Programme for Children and Teenagers</td>
      <td>Other</td>
      <td>Child</td>
      <td>60</td>
    </tr>
    <tr>
      <td><a href='https://www.isrctn.com/ISRCTN91170552' target='_blank'><div>ISRCTN91170552</div></a></td>
      <td>An exploratory randomised trial of the effectiveness of a training interven...</td>
      <td>Other</td>
      <td>Adult</td>
      <td>900</td>
    </tr>
    <tr>
      <td><a href='https://www.isrctn.com/ISRCTN77012050' target='_blank'><div>ISRCTN77012050</div></a></td>
      <td>A randomised controlled trial (RCT) of medication management training for C...</td>
      <td>Other</td>
      <td>Not Specified</td>
      <td>300</td>
    </tr>
    <tr>
      <td><a href='https://www.isrctn.com/ISRCTN16971059' target='_blank'><div>ISRCTN16971059</div></a></td>
      <td>Feedback of OutCome to Users and Staff</td>
      <td>Other</td>
      <td>Adult</td>
      <td>160</td>
    </tr>
    <tr>
      <td><a href='https://www.isrctn.com/ISRCTN68985370' target='_blank'><div>ISRCTN68985370</div></a></td>
      <td>A randomised controlled trial of dialectical behaviour therapy for the trea...</td>
      <td>Other</td>
      <td>Not Specified</td>
      <td>0</td>
    </tr>
    <tr>
      <td><a href='https://www.isrctn.com/ISRCTN65818527' target='_blank'><div>ISRCTN65818527</div></a></td>
      <td>Study Of Cognitive ReAlignment Therapy in Early Schizophrenia</td>
      <td>Other</td>
      <td>Adult</td>
      <td>236</td>
    </tr>
    <tr>
      <td><a href='https://www.isrctn.com/ISRCTN67128938' target='_blank'><div>ISRCTN67128938</div></a></td>
      <td>UK Alcohol Treatment Trial</td>
      <td>Other</td>
      <td>Adult</td>
      <td>720</td>
    </tr>
    <tr>
      <td><a href='https://www.isrctn.com/ISRCTN97313434' target='_blank'><div>ISRCTN97313434</div></a></td>
      <td>Prevention Of Parasuicide by Manual Assisted Cognitive-behavioural Therapy</td>
      <td>Other</td>
      <td>Adult</td>
      <td>500</td>
    </tr>
    <tr>
      <td><a href='https://www.isrctn.com/ISRCTN99884475' target='_blank'><div>ISRCTN99884475</div></a></td>
      <td>MRC Multicentre randomised controlled trial of cognitive behaviour therapy ...</td>
      <td>Other</td>
      <td>Adult</td>
      <td>220</td>
    </tr>
    <tr>
      <td><a href='https://www.isrctn.com/ISRCTN93636537' target='_blank'><div>ISRCTN93636537</div></a></td>
      <td>A multidisciplinary study of the management of neuroleptic medication in sc...</td>
      <td>Drug</td>
      <td>Adult</td>
      <td>228</td>
    </tr>
    <tr>
      <td><a href='https://www.isrctn.com/ISRCTN46614315' target='_blank'><div>ISRCTN46614315</div></a></td>
      <td>Effect of rapid transcranial magnetic stimulation (rTMS) on subjective resp...</td>
      <td>Drug</td>
      <td>Adult</td>
      <td>24</td>
    </tr>
  </tbody>
</table>"
432,-420303.7359762486,6532044.537419647,Dartington Social Research Unit,50.4927025,-3.7756527,2.0,5.306765580733931,"<table border=""1"" class=""dataframe"">
  <thead>
    <tr style=""text-align: left;"">
      <th>ISRCTN link</th>
      <th>Title</th>
      <th>Intervention type</th>
      <th>Age group</th>
      <th>Target number of participants</th>
    </tr>
  </thead>
  <tbody>
    <tr>
      <td><a href='https://www.isrctn.com/ISRCTN16157843' target='_blank'><div>ISRCTN16157843</div></a></td>
      <td>An evaluation of Safe Families for Children</td>
      <td>Behavioural</td>
      <td>All</td>
      <td>600</td>
    </tr>
    <tr>
      <td><a href='https://www.isrctn.com/ISRCTN23999021' target='_blank'><div>ISRCTN23999021</div></a></td>
      <td>An evaluation of the KiVa Anti-Bullying programme in Welsh Schools</td>
      <td>Behavioural</td>
      <td>Child</td>
      <td>22</td>
    </tr>
  </tbody>
</table>"
435,6199.226594990295,6701438.614606272,Oxleas NHS foundation Trust,51.4508719,0.0556886,1.0,1.0,"<table border=""1"" class=""dataframe"">
  <thead>
    <tr style=""text-align: left;"">
      <th>ISRCTN link</th>
      <th>Title</th>
      <th>Intervention type</th>
      <th>Age group</th>
      <th>Target number of participants</th>
    </tr>
  </thead>
  <tbody>
    <tr>
      <td><a href='https://www.isrctn.com/ISRCTN11422802' target='_blank'><div>ISRCTN11422802</div></a></td>
      <td>Worry & persecutory delusions: a brief group intervention</td>
      <td>Behavioural</td>
      <td>Adult</td>
      <td>20</td>
    </tr>
  </tbody>
</table>"
449,-175799.38000808656,7136728.085585993,Mednet Consult Ltd,53.8231191,-1.5792327,1.0,1.0,"<table border=""1"" class=""dataframe"">
  <thead>
    <tr style=""text-align: left;"">
      <th>ISRCTN link</th>
      <th>Title</th>
      <th>Intervention type</th>
      <th>Age group</th>
      <th>Target number of participants</th>
    </tr>
  </thead>
  <tbody>
    <tr>
      <td><a href='https://www.isrctn.com/ISRCTN56622673' target='_blank'><div>ISRCTN56622673</div></a></td>
      <td>Bipolar disorder adherence project</td>
      <td>Mixed</td>
      <td>Adult</td>
      <td>12</td>
    </tr>
  </tbody>
</table>"
452,-19356.355510574285,6697166.855111391,St George's University of London,51.4269516,-0.1738811,11.0,15.898961024049783,"<table border=""1"" class=""dataframe"">
  <thead>
    <tr style=""text-align: left;"">
      <th>ISRCTN link</th>
      <th>Title</th>
      <th>Intervention type</th>
      <th>Age group</th>
      <th>Target number of participants</th>
    </tr>
  </thead>
  <tbody>
    <tr>
      <td><a href='https://www.isrctn.com/ISRCTN37694103' target='_blank'><div>ISRCTN37694103</div></a></td>
      <td>How intensively should we treat blood PRESsure in established cERebral smal...</td>
      <td>Other</td>
      <td>Adult</td>
      <td>422</td>
    </tr>
    <tr>
      <td><a href='https://www.isrctn.com/ISRCTN81211851' target='_blank'><div>ISRCTN81211851</div></a></td>
      <td>The effect of hydrocortisone on desire to smoke and tobacco withdrawal symp...</td>
      <td>Drug</td>
      <td>Adult</td>
      <td>50</td>
    </tr>
    <tr>
      <td><a href='https://www.isrctn.com/ISRCTN58763208' target='_blank'><div>ISRCTN58763208</div></a></td>
      <td>Evaluating the effectiveness of the Picture Exchange Communication System (...</td>
      <td>Other</td>
      <td>Child</td>
      <td>90</td>
    </tr>
    <tr>
      <td><a href='https://www.isrctn.com/ISRCTN89563420' target='_blank'><div>ISRCTN89563420</div></a></td>
      <td>Randomised controlled trial of COPe-support online resource for carers</td>
      <td>Other</td>
      <td>Adult</td>
      <td>360</td>
    </tr>
    <tr>
      <td><a href='https://www.isrctn.com/ISRCTN77588384' target='_blank'><div>ISRCTN77588384</div></a></td>
      <td>Evaluating mental health decision units in acute care pathways (DECISION): ...</td>
      <td>Procedure/Surgery</td>
      <td>Adult</td>
      <td>0</td>
    </tr>
    <tr>
      <td><a href='https://www.isrctn.com/ISRCTN53431343' target='_blank'><div>ISRCTN53431343</div></a></td>
      <td>Evaluating mental health decision units in acute care pathways (DECISION): ...</td>
      <td>Mixed</td>
      <td>Adult</td>
      <td>1151</td>
    </tr>
    <tr>
      <td><a href='https://www.isrctn.com/ISRCTN10043328' target='_blank'><div>ISRCTN10043328</div></a></td>
      <td>Peer support for discharge from inpatient to community mental health servic...</td>
      <td>Behavioural</td>
      <td>Adult</td>
      <td>590</td>
    </tr>
    <tr>
      <td><a href='https://www.isrctn.com/ISRCTN48600346' target='_blank'><div>ISRCTN48600346</div></a></td>
      <td>Trial of physical activity for smoking cessation during pregnancy</td>
      <td>Behavioural</td>
      <td>Adult</td>
      <td>866</td>
    </tr>
    <tr>
      <td><a href='https://www.isrctn.com/ISRCTN56149264' target='_blank'><div>ISRCTN56149264</div></a></td>
      <td>Adjunctive Dietary Intervention study for Challenging Behaviour in people w...</td>
      <td>Supplement</td>
      <td>Adult</td>
      <td>200</td>
    </tr>
    <tr>
      <td><a href='https://www.isrctn.com/ISRCTN15853981' target='_blank'><div>ISRCTN15853981</div></a></td>
      <td>Using a smartphone application as an adjunct to counselling in substance mi...</td>
      <td>Behavioural</td>
      <td>Adult</td>
      <td>20</td>
    </tr>
    <tr>
      <td><a href='https://www.isrctn.com/ISRCTN15853981' target='_blank'><div>ISRCTN15853981</div></a></td>
      <td>Using a smartphone application as an adjunct to counselling in substance mi...</td>
      <td>Behavioural</td>
      <td>Adult</td>
      <td>20</td>
    </tr>
  </tbody>
</table>"
454,-283589.75351253734,6710243.116971506,Centre for Appearance Research,51.5001344,-2.5475301,2.0,5.306765580733931,"<table border=""1"" class=""dataframe"">
  <thead>
    <tr style=""text-align: left;"">
      <th>ISRCTN link</th>
      <th>Title</th>
      <th>Intervention type</th>
      <th>Age group</th>
      <th>Target number of participants</th>
    </tr>
  </thead>
  <tbody>
    <tr>
      <td><a href='https://www.isrctn.com/ISRCTN16782819' target='_blank'><div>ISRCTN16782819</div></a></td>
      <td>An evaluation of the Dove Self Esteem Project School Workshops for Body Con...</td>
      <td>Behavioural</td>
      <td>Child</td>
      <td>1700</td>
    </tr>
    <tr>
      <td><a href='https://www.isrctn.com/ISRCTN57308485' target='_blank'><div>ISRCTN57308485</div></a></td>
      <td>An evaluation of the Dove Self-Esteem Project Website for Parents among mot...</td>
      <td>Behavioural</td>
      <td>Mixed</td>
      <td>240</td>
    </tr>
  </tbody>
</table>"
456,-179843.7395600461,7351142.003840249,Gateshead Health NHS Foundation Trust,54.9447057,-1.6155638,2.0,5.306765580733931,"<table border=""1"" class=""dataframe"">
  <thead>
    <tr style=""text-align: left;"">
      <th>ISRCTN link</th>
      <th>Title</th>
      <th>Intervention type</th>
      <th>Age group</th>
      <th>Target number of participants</th>
    </tr>
  </thead>
  <tbody>
    <tr>
      <td><a href='https://www.isrctn.com/ISRCTN64524251' target='_blank'><div>ISRCTN64524251</div></a></td>
      <td>BRILiANT mood study</td>
      <td>Other</td>
      <td>Adult</td>
      <td>66</td>
    </tr>
    <tr>
      <td><a href='https://www.isrctn.com/ISRCTN46911260' target='_blank'><div>ISRCTN46911260</div></a></td>
      <td>Vascular Augmentation of Late-life Unremitted Depression</td>
      <td>Drug</td>
      <td>Adult</td>
      <td>80</td>
    </tr>
  </tbody>
</table>"
462,-659448.581664321,7282840.458257047,The Big Lottery Fund,54.5907485,-5.923927399999999,2.0,5.306765580733931,"<table border=""1"" class=""dataframe"">
  <thead>
    <tr style=""text-align: left;"">
      <th>ISRCTN link</th>
      <th>Title</th>
      <th>Intervention type</th>
      <th>Age group</th>
      <th>Target number of participants</th>
    </tr>
  </thead>
  <tbody>
    <tr>
      <td><a href='https://www.isrctn.com/ISRCTN32083735' target='_blank'><div>ISRCTN32083735</div></a></td>
      <td>Helping Others Parent Empathically: an evaluation of Malachi Community Trus...</td>
      <td>Behavioural</td>
      <td>Child</td>
      <td>280</td>
    </tr>
    <tr>
      <td><a href='https://www.isrctn.com/ISRCTN47154925' target='_blank'><div>ISRCTN47154925</div></a></td>
      <td>An evaluation of the Chance UK mentoring programme</td>
      <td>Other</td>
      <td>Child</td>
      <td>264</td>
    </tr>
  </tbody>
</table>"
464,-527178.6291203646,6527714.182572916,Cornwall Foundation NHS Trust,50.4679486,-4.7357262,1.0,1.0,"<table border=""1"" class=""dataframe"">
  <thead>
    <tr style=""text-align: left;"">
      <th>ISRCTN link</th>
      <th>Title</th>
      <th>Intervention type</th>
      <th>Age group</th>
      <th>Target number of participants</th>
    </tr>
  </thead>
  <tbody>
    <tr>
      <td><a href='https://www.isrctn.com/ISRCTN43816889' target='_blank'><div>ISRCTN43816889</div></a></td>
      <td>Trauma Therapy for Psychosis: Eye Movement Desensitisation and Reprocessing...</td>
      <td>Other</td>
      <td>Adult</td>
      <td>36</td>
    </tr>
  </tbody>
</table>"
471,1470977.9666001839,7502087.28249554,Camurus AB (Sweden),55.7160076,13.2140199,1.0,1.0,"<table border=""1"" class=""dataframe"">
  <thead>
    <tr style=""text-align: left;"">
      <th>ISRCTN link</th>
      <th>Title</th>
      <th>Intervention type</th>
      <th>Age group</th>
      <th>Target number of participants</th>
    </tr>
  </thead>
  <tbody>
    <tr>
      <td><a href='https://www.isrctn.com/ISRCTN41550730' target='_blank'><div>ISRCTN41550730</div></a></td>
      <td>A Phase I, randomized, open-label, active-controlled, three-way treatment t...</td>
      <td>Other</td>
      <td>Adult</td>
      <td>60</td>
    </tr>
  </tbody>
</table>"
476,-483175.13647274225,7531076.236309555,University of Glasgow; NHS Greater Glasgow and Clyde,55.8624213,-4.3404361,1.0,1.0,"<table border=""1"" class=""dataframe"">
  <thead>
    <tr style=""text-align: left;"">
      <th>ISRCTN link</th>
      <th>Title</th>
      <th>Intervention type</th>
      <th>Age group</th>
      <th>Target number of participants</th>
    </tr>
  </thead>
  <tbody>
    <tr>
      <td><a href='https://www.isrctn.com/ISRCTN46251212' target='_blank'><div>ISRCTN46251212</div></a></td>
      <td>A randomised controlled trial of two brief intervention strategies in male ...</td>
      <td>Other</td>
      <td>Adult</td>
      <td>300</td>
    </tr>
  </tbody>
</table>"
479,-175563.0821249797,7350231.428662039,"Northumberland, Tyne and Wear NHS Foundation Trust",54.9400072,-1.57711,12.0,16.439593106327717,"<table border=""1"" class=""dataframe"">
  <thead>
    <tr style=""text-align: left;"">
      <th>ISRCTN link</th>
      <th>Title</th>
      <th>Intervention type</th>
      <th>Age group</th>
      <th>Target number of participants</th>
    </tr>
  </thead>
  <tbody>
    <tr>
      <td><a href='https://www.isrctn.com/ISRCTN59769322' target='_blank'><div>ISRCTN59769322</div></a></td>
      <td>Family focused treatment for Adolescents with Bipolar Disorder</td>
      <td>Other</td>
      <td>Child</td>
      <td>66</td>
    </tr>
    <tr>
      <td><a href='https://www.isrctn.com/ISRCTN88687420' target='_blank'><div>ISRCTN88687420</div></a></td>
      <td>New parent group intervention to Manage Repetitive Behaviours in young chil...</td>
      <td>Other</td>
      <td>Child</td>
      <td>36</td>
    </tr>
    <tr>
      <td><a href='https://www.isrctn.com/ISRCTN45338259' target='_blank'><div>ISRCTN45338259</div></a></td>
      <td>Antiglucocorticoid augmentation of antiDepressants in Depression: the ADD s...</td>
      <td>Drug</td>
      <td>Adult</td>
      <td>190</td>
    </tr>
    <tr>
      <td><a href='https://www.isrctn.com/ISRCTN97853380' target='_blank'><div>ISRCTN97853380</div></a></td>
      <td>Investigating attentional function and cognitive fluctuations in Lewy body ...</td>
      <td>Other</td>
      <td>Senior</td>
      <td>96</td>
    </tr>
    <tr>
      <td><a href='https://www.isrctn.com/ISRCTN11219568' target='_blank'><div>ISRCTN11219568</div></a></td>
      <td>Effective Therapy for Anxiety in Young People with Autism Spectrum Disorder</td>
      <td>Other</td>
      <td>Child</td>
      <td>36</td>
    </tr>
    <tr>
      <td><a href='https://www.isrctn.com/ISRCTN49486383' target='_blank'><div>ISRCTN49486383</div></a></td>
      <td>A Study of the clinical Utility, patient preference and cost benefit of Spe...</td>
      <td>Other</td>
      <td>Senior</td>
      <td>100</td>
    </tr>
    <tr>
      <td><a href='https://www.isrctn.com/ISRCTN75726745' target='_blank'><div>ISRCTN75726745</div></a></td>
      <td>Improving the health of older autistic people: tailored healthcare adjustme...</td>
      <td>Other</td>
      <td>Senior</td>
      <td>40</td>
    </tr>
    <tr>
      <td><a href='https://www.isrctn.com/ISRCTN10484951' target='_blank'><div>ISRCTN10484951</div></a></td>
      <td>Managing Unusual Sensory Experiences (sometimes called hallucinations), usi...</td>
      <td>Other</td>
      <td>Adult</td>
      <td>20</td>
    </tr>
    <tr>
      <td><a href='https://www.isrctn.com/ISRCTN15550611' target='_blank'><div>ISRCTN15550611</div></a></td>
      <td>Managing repetitive behaviours parent group study</td>
      <td>Behavioural</td>
      <td>Adult</td>
      <td>250</td>
    </tr>
    <tr>
      <td><a href='https://www.isrctn.com/ISRCTN10139240' target='_blank'><div>ISRCTN10139240</div></a></td>
      <td>Intolerance of uncertainty in children with autism spectrum disorder: a fea...</td>
      <td>Other</td>
      <td>Adult</td>
      <td>60</td>
    </tr>
    <tr>
      <td><a href='https://www.isrctn.com/ISRCTN78861851' target='_blank'><div>ISRCTN78861851</div></a></td>
      <td>Virtual reality intervention for anxiety in children with ASD</td>
      <td>Other</td>
      <td>Child</td>
      <td>32</td>
    </tr>
    <tr>
      <td><a href='https://www.isrctn.com/ISRCTN15881562' target='_blank'><div>ISRCTN15881562</div></a></td>
      <td>Personalised anxiety treatment for autism - the PAT-A trial</td>
      <td>Behavioural</td>
      <td>Mixed</td>
      <td>40</td>
    </tr>
  </tbody>
</table>"
489,-200373.3691077342,7133598.189050317,Bradford Institute for Health Research,53.8065193,-1.7999846,1.0,1.0,"<table border=""1"" class=""dataframe"">
  <thead>
    <tr style=""text-align: left;"">
      <th>ISRCTN link</th>
      <th>Title</th>
      <th>Intervention type</th>
      <th>Age group</th>
      <th>Target number of participants</th>
    </tr>
  </thead>
  <tbody>
    <tr>
      <td><a href='https://www.isrctn.com/ISRCTN01187372' target='_blank'><div>ISRCTN01187372</div></a></td>
      <td>Prevention of Delirium (POD) for older people in hospital - a feasibility s...</td>
      <td>Other</td>
      <td>Senior</td>
      <td>720</td>
    </tr>
  </tbody>
</table>"
490,140531.19459470702,6915616.640589995,NHS Norfolk,52.634185,1.2624132,1.0,1.0,"<table border=""1"" class=""dataframe"">
  <thead>
    <tr style=""text-align: left;"">
      <th>ISRCTN link</th>
      <th>Title</th>
      <th>Intervention type</th>
      <th>Age group</th>
      <th>Target number of participants</th>
    </tr>
  </thead>
  <tbody>
    <tr>
      <td><a href='https://www.isrctn.com/ISRCTN98677176' target='_blank'><div>ISRCTN98677176</div></a></td>
      <td>Individualised patient support as an adjunct to computerised selfhelp for d...</td>
      <td>Other</td>
      <td>Adult</td>
      <td>300</td>
    </tr>
  </tbody>
</table>"
491,-10053351.846119108,4671487.816302218,Washington University in St Louis (USA),38.6487895,-90.31079620000001,1.0,1.0,"<table border=""1"" class=""dataframe"">
  <thead>
    <tr style=""text-align: left;"">
      <th>ISRCTN link</th>
      <th>Title</th>
      <th>Intervention type</th>
      <th>Age group</th>
      <th>Target number of participants</th>
    </tr>
  </thead>
  <tbody>
    <tr>
      <td><a href='https://www.isrctn.com/ISRCTN90795724' target='_blank'><div>ISRCTN90795724</div></a></td>
      <td>DIANTU001: Phase II/III randomized, double-blind placebo in Alzheimer's</td>
      <td>Drug</td>
      <td>Adult</td>
      <td>10</td>
    </tr>
  </tbody>
</table>"
499,-366097.2553999688,7543470.674123358,Edinburgh Napier University,55.9248537,-3.2887076,1.0,1.0,"<table border=""1"" class=""dataframe"">
  <thead>
    <tr style=""text-align: left;"">
      <th>ISRCTN link</th>
      <th>Title</th>
      <th>Intervention type</th>
      <th>Age group</th>
      <th>Target number of participants</th>
    </tr>
  </thead>
  <tbody>
    <tr>
      <td><a href='https://www.isrctn.com/ISRCTN35772940' target='_blank'><div>ISRCTN35772940</div></a></td>
      <td>Complex trauma psychoeducational intervention for female offenders</td>
      <td>Other</td>
      <td>Adult</td>
      <td>92</td>
    </tr>
  </tbody>
</table>"
507,-32755.09224897599,6712493.608801286,Metanoia Institute,51.5127177,-0.294244,1.0,1.0,"<table border=""1"" class=""dataframe"">
  <thead>
    <tr style=""text-align: left;"">
      <th>ISRCTN link</th>
      <th>Title</th>
      <th>Intervention type</th>
      <th>Age group</th>
      <th>Target number of participants</th>
    </tr>
  </thead>
  <tbody>
    <tr>
      <td><a href='https://www.isrctn.com/ISRCTN44253140' target='_blank'><div>ISRCTN44253140</div></a></td>
      <td>A trial examining the effectiveness of school-based humanistic counselling ...</td>
      <td>Other</td>
      <td>Child</td>
      <td>60</td>
    </tr>
  </tbody>
</table>"
512,-178240.9726635536,7129070.708081147,Leeds Community Healthcare NHS Trust,53.7824956,-1.6011659,1.0,1.0,"<table border=""1"" class=""dataframe"">
  <thead>
    <tr style=""text-align: left;"">
      <th>ISRCTN link</th>
      <th>Title</th>
      <th>Intervention type</th>
      <th>Age group</th>
      <th>Target number of participants</th>
    </tr>
  </thead>
  <tbody>
    <tr>
      <td><a href='https://www.isrctn.com/ISRCTN16396325' target='_blank'><div>ISRCTN16396325</div></a></td>
      <td>Eye movement desensitization and reprocessing (EMDR) versus Cognitive behav...</td>
      <td>Other</td>
      <td>Adult</td>
      <td>50</td>
    </tr>
  </tbody>
</table>"
513,-167810.06920944597,7358813.9166916795,North Tyneside Primary Care Trust,54.9842704,-1.5074635,1.0,1.0,"<table border=""1"" class=""dataframe"">
  <thead>
    <tr style=""text-align: left;"">
      <th>ISRCTN link</th>
      <th>Title</th>
      <th>Intervention type</th>
      <th>Age group</th>
      <th>Target number of participants</th>
    </tr>
  </thead>
  <tbody>
    <tr>
      <td><a href='https://www.isrctn.com/ISRCTN89156543' target='_blank'><div>ISRCTN89156543</div></a></td>
      <td>Brief intervention to improve alcohol consumption and co-morbid outcomes in...</td>
      <td>Other</td>
      <td>Adult</td>
      <td>120</td>
    </tr>
  </tbody>
</table>"
522,-13043.560771076689,6715416.02819879,Alcohol Research UK,51.5290528,-0.1171723,2.0,5.306765580733931,"<table border=""1"" class=""dataframe"">
  <thead>
    <tr style=""text-align: left;"">
      <th>ISRCTN link</th>
      <th>Title</th>
      <th>Intervention type</th>
      <th>Age group</th>
      <th>Target number of participants</th>
    </tr>
  </thead>
  <tbody>
    <tr>
      <td><a href='https://www.isrctn.com/ISRCTN71372913' target='_blank'><div>ISRCTN71372913</div></a></td>
      <td>Evaluation of In:tuition- life-skills based interactive teaching resource f...</td>
      <td>Other</td>
      <td>Other</td>
      <td>4000</td>
    </tr>
    <tr>
      <td><a href='https://www.isrctn.com/ISRCTN48556384' target='_blank'><div>ISRCTN48556384</div></a></td>
      <td>A pilot study of alcohol policy and social norms in Welsh Universities</td>
      <td>Other</td>
      <td>Adult</td>
      <td>4000</td>
    </tr>
  </tbody>
</table>"
524,-272086.6095911598,6571437.575208699,Dorset HealthCare University NHS Foundation Trust,50.7172925,-2.4441956,5.0,11.0,"<table border=""1"" class=""dataframe"">
  <thead>
    <tr style=""text-align: left;"">
      <th>ISRCTN link</th>
      <th>Title</th>
      <th>Intervention type</th>
      <th>Age group</th>
      <th>Target number of participants</th>
    </tr>
  </thead>
  <tbody>
    <tr>
      <td><a href='https://www.isrctn.com/ISRCTN52125767' target='_blank'><div>ISRCTN52125767</div></a></td>
      <td>Does dialectical behaviour therapy (DBT) reduce hospital utilisation by sel...</td>
      <td>Behavioural</td>
      <td>Adult</td>
      <td>48</td>
    </tr>
    <tr>
      <td><a href='https://www.isrctn.com/ISRCTN18382289' target='_blank'><div>ISRCTN18382289</div></a></td>
      <td>Ameliorating patient stigma amongst staff working with personality disorder</td>
      <td>Behavioural</td>
      <td>Adult</td>
      <td>150</td>
    </tr>
    <tr>
      <td><a href='https://www.isrctn.com/ISRCTN36753818' target='_blank'><div>ISRCTN36753818</div></a></td>
      <td>Reducing patient stigma amongst staff working with personality disorder</td>
      <td>Other</td>
      <td>Adult</td>
      <td>200</td>
    </tr>
    <tr>
      <td><a href='https://www.isrctn.com/ISRCTN17801606' target='_blank'><div>ISRCTN17801606</div></a></td>
      <td>Acceptance commitment therapy group for treatment-resistant participants</td>
      <td>Other</td>
      <td>Adult</td>
      <td>61</td>
    </tr>
    <tr>
      <td><a href='https://www.isrctn.com/ISRCTN79596618' target='_blank'><div>ISRCTN79596618</div></a></td>
      <td>A comparison of 24-session cognitive analytic therapy and treatment as usua...</td>
      <td>Other</td>
      <td>Adult</td>
      <td>99</td>
    </tr>
  </tbody>
</table>"
531,-44931.20701999518,6736824.397343351,West Hertfordshire Hospitals NHS Trust,51.64853799999999,-0.4036239,1.0,1.0,"<table border=""1"" class=""dataframe"">
  <thead>
    <tr style=""text-align: left;"">
      <th>ISRCTN link</th>
      <th>Title</th>
      <th>Intervention type</th>
      <th>Age group</th>
      <th>Target number of participants</th>
    </tr>
  </thead>
  <tbody>
    <tr>
      <td><a href='https://www.isrctn.com/ISRCTN89079989' target='_blank'><div>ISRCTN89079989</div></a></td>
      <td>Modifying Delirium Using Simvastatin</td>
      <td>Drug</td>
      <td>Adult</td>
      <td>142</td>
    </tr>
  </tbody>
</table>"
541,-339530.12421351485,7133544.425347664,Lancashire Care NHS Trust,53.8062341,-3.050051,3.0,7.826061944859854,"<table border=""1"" class=""dataframe"">
  <thead>
    <tr style=""text-align: left;"">
      <th>ISRCTN link</th>
      <th>Title</th>
      <th>Intervention type</th>
      <th>Age group</th>
      <th>Target number of participants</th>
    </tr>
  </thead>
  <tbody>
    <tr>
      <td><a href='https://www.isrctn.com/ISRCTN17160673' target='_blank'><div>ISRCTN17160673</div></a></td>
      <td>HELPER Programme - cognitive remediation in first episodes of schizophrenia</td>
      <td>Other</td>
      <td>Adult</td>
      <td>64</td>
    </tr>
    <tr>
      <td><a href='https://www.isrctn.com/ISRCTN88275061' target='_blank'><div>ISRCTN88275061</div></a></td>
      <td>HELPER Programme (Substance Misuse) - A phase-specific psychological therap...</td>
      <td>Other</td>
      <td>Adult</td>
      <td>135</td>
    </tr>
    <tr>
      <td><a href='https://www.isrctn.com/ISRCTN69299093' target='_blank'><div>ISRCTN69299093</div></a></td>
      <td>Relatives Education And Coping Toolkit (REACT)</td>
      <td>Other</td>
      <td>Adult</td>
      <td>95</td>
    </tr>
  </tbody>
</table>"
561,-199132.0009381021,7139823.640758233,Bradford District Care Trust,53.8395303,-1.7888332,1.0,1.0,"<table border=""1"" class=""dataframe"">
  <thead>
    <tr style=""text-align: left;"">
      <th>ISRCTN link</th>
      <th>Title</th>
      <th>Intervention type</th>
      <th>Age group</th>
      <th>Target number of participants</th>
    </tr>
  </thead>
  <tbody>
    <tr>
      <td><a href='https://www.isrctn.com/ISRCTN27972532' target='_blank'><div>ISRCTN27972532</div></a></td>
      <td>Pilot Trial of ""Stop Delirium!""</td>
      <td>Other</td>
      <td>Senior</td>
      <td>288</td>
    </tr>
  </tbody>
</table>"
570,-172867.13556499913,7132848.659510056,Leeds General Infirmary,53.80254309999999,-1.5528919,1.0,1.0,"<table border=""1"" class=""dataframe"">
  <thead>
    <tr style=""text-align: left;"">
      <th>ISRCTN link</th>
      <th>Title</th>
      <th>Intervention type</th>
      <th>Age group</th>
      <th>Target number of participants</th>
    </tr>
  </thead>
  <tbody>
    <tr>
      <td><a href='https://www.isrctn.com/ISRCTN26937594' target='_blank'><div>ISRCTN26937594</div></a></td>
      <td>Can people with substance misuse and depression benefit from brief psycholo...</td>
      <td>Other</td>
      <td>Adult</td>
      <td>60</td>
    </tr>
  </tbody>
</table>"
573,-146440.34486058823,6605801.777632243,Southampton City Primary Care Trust,50.912337,-1.315496,1.0,1.0,"<table border=""1"" class=""dataframe"">
  <thead>
    <tr style=""text-align: left;"">
      <th>ISRCTN link</th>
      <th>Title</th>
      <th>Intervention type</th>
      <th>Age group</th>
      <th>Target number of participants</th>
    </tr>
  </thead>
  <tbody>
    <tr>
      <td><a href='https://www.isrctn.com/ISRCTN39288126' target='_blank'><div>ISRCTN39288126</div></a></td>
      <td>The efficacy of a specialist and a generic parenting programme for the trea...</td>
      <td>Other</td>
      <td>Mixed</td>
      <td>329</td>
    </tr>
  </tbody>
</table>"
575,-40915.044695053606,6588718.9816298755,Sussex NHS Research Consortium,50.8154802,-0.3675461,1.0,1.0,"<table border=""1"" class=""dataframe"">
  <thead>
    <tr style=""text-align: left;"">
      <th>ISRCTN link</th>
      <th>Title</th>
      <th>Intervention type</th>
      <th>Age group</th>
      <th>Target number of participants</th>
    </tr>
  </thead>
  <tbody>
    <tr>
      <td><a href='https://www.isrctn.com/ISRCTN74054823' target='_blank'><div>ISRCTN74054823</div></a></td>
      <td>Mindfulness-based therapy groups for people distressed by hearing Voices</td>
      <td>Other</td>
      <td>Adult</td>
      <td>144</td>
    </tr>
  </tbody>
</table>"
576,-158716.70283306675,7131604.89741827,Leeds Partnerships NHS Foundation Trust,53.7959442,-1.4257764,7.0,13.090619551221675,"<table border=""1"" class=""dataframe"">
  <thead>
    <tr style=""text-align: left;"">
      <th>ISRCTN link</th>
      <th>Title</th>
      <th>Intervention type</th>
      <th>Age group</th>
      <th>Target number of participants</th>
    </tr>
  </thead>
  <tbody>
    <tr>
      <td><a href='https://www.isrctn.com/ISRCTN54036115' target='_blank'><div>ISRCTN54036115</div></a></td>
      <td>Multicentre Intervention Designed for Self-Harm using Interpersonal Problem...</td>
      <td>Other</td>
      <td>Adult</td>
      <td>60</td>
    </tr>
    <tr>
      <td><a href='https://www.isrctn.com/ISRCTN47728072' target='_blank'><div>ISRCTN47728072</div></a></td>
      <td>Addressing Drinking Among Patients: comparing Two Approaches</td>
      <td>Behavioural</td>
      <td>Adult</td>
      <td>222</td>
    </tr>
    <tr>
      <td><a href='https://www.isrctn.com/ISRCTN77610095' target='_blank'><div>ISRCTN77610095</div></a></td>
      <td>Cognitive Behavioural Therapy (talking therapy) for Alzheimer's Carers</td>
      <td>Other</td>
      <td>Adult</td>
      <td>40</td>
    </tr>
    <tr>
      <td><a href='https://www.isrctn.com/ISRCTN11634810' target='_blank'><div>ISRCTN11634810</div></a></td>
      <td>A primary school research study to establish whether Social Stories™ can im...</td>
      <td>Behavioural</td>
      <td>Child</td>
      <td>278</td>
    </tr>
    <tr>
      <td><a href='https://www.isrctn.com/ISRCTN19883421' target='_blank'><div>ISRCTN19883421</div></a></td>
      <td>Alleviating specific phobias experienced by children trial (ASPECT)</td>
      <td>Behavioural</td>
      <td>Child</td>
      <td>246</td>
    </tr>
    <tr>
      <td><a href='https://www.isrctn.com/ISRCTN86725795' target='_blank'><div>ISRCTN86725795</div></a></td>
      <td>A research project for children with hard to treat behaviour problems</td>
      <td>Behavioural</td>
      <td>Adult</td>
      <td>60</td>
    </tr>
    <tr>
      <td><a href='https://www.isrctn.com/ISRCTN64852382' target='_blank'><div>ISRCTN64852382</div></a></td>
      <td>An evaluation of LEGO-based therapy in school for children with autism</td>
      <td>Other</td>
      <td>Adult</td>
      <td>240</td>
    </tr>
  </tbody>
</table>"
577,-461834.0546288656,6540998.092022564,The Tavistock Charitable Foundation,50.5438432,-4.1487259,1.0,1.0,"<table border=""1"" class=""dataframe"">
  <thead>
    <tr style=""text-align: left;"">
      <th>ISRCTN link</th>
      <th>Title</th>
      <th>Intervention type</th>
      <th>Age group</th>
      <th>Target number of participants</th>
    </tr>
  </thead>
  <tbody>
    <tr>
      <td><a href='https://www.isrctn.com/ISRCTN40586372' target='_blank'><div>ISRCTN40586372</div></a></td>
      <td>Tavistock Adult Depression Study: Comparing the effectiveness of usual GP c...</td>
      <td>Other</td>
      <td>Adult</td>
      <td>129</td>
    </tr>
  </tbody>
</table>"
580,-8370908.00182745,4859672.802345562,Avid Radiopharmaceuticals Inc. (USA),39.956843,-75.197146,1.0,1.0,"<table border=""1"" class=""dataframe"">
  <thead>
    <tr style=""text-align: left;"">
      <th>ISRCTN link</th>
      <th>Title</th>
      <th>Intervention type</th>
      <th>Age group</th>
      <th>Target number of participants</th>
    </tr>
  </thead>
  <tbody>
    <tr>
      <td><a href='https://www.isrctn.com/ISRCTN57388990' target='_blank'><div>ISRCTN57388990</div></a></td>
      <td>Florbetapir F18 (18F-AV-45) amyloid positron emission tomography (PET) imag...</td>
      <td>Drug</td>
      <td>Adult</td>
      <td>25</td>
    </tr>
  </tbody>
</table>"
600,-9994.341807063656,6704913.579403634,Institute of Psychiatry,51.4703212,-0.08978069999999999,22.0,20.205726604783713,"<table border=""1"" class=""dataframe"">
  <thead>
    <tr style=""text-align: left;"">
      <th>ISRCTN link</th>
      <th>Title</th>
      <th>Intervention type</th>
      <th>Age group</th>
      <th>Target number of participants</th>
    </tr>
  </thead>
  <tbody>
    <tr>
      <td><a href='https://www.isrctn.com/ISRCTN01962337' target='_blank'><div>ISRCTN01962337</div></a></td>
      <td>The Empowering Parents, Empowering Communities parenting Project</td>
      <td>Other</td>
      <td>Adult</td>
      <td>240</td>
    </tr>
    <tr>
      <td><a href='https://www.isrctn.com/ISRCTN67720902' target='_blank'><div>ISRCTN67720902</div></a></td>
      <td>A Maudsley outpatient study of treatments for anorexia nervosa and related ...</td>
      <td>Other</td>
      <td>Adult</td>
      <td>140</td>
    </tr>
    <tr>
      <td><a href='https://www.isrctn.com/ISRCTN61115988' target='_blank'><div>ISRCTN61115988</div></a></td>
      <td>Efficacy and acceptability of a new emotional and social mind group trainin...</td>
      <td>Behavioural</td>
      <td>Adult</td>
      <td>76</td>
    </tr>
    <tr>
      <td><a href='https://www.isrctn.com/ISRCTN20804014' target='_blank'><div>ISRCTN20804014</div></a></td>
      <td>A pilot patient preference randomised controlled trial of admission to a wo...</td>
      <td>Other</td>
      <td>Adult</td>
      <td>75</td>
    </tr>
    <tr>
      <td><a href='https://www.isrctn.com/ISRCTN94713762' target='_blank'><div>ISRCTN94713762</div></a></td>
      <td>Multicentre controlled trial of parenting groups for childhood antisocial b...</td>
      <td>Other</td>
      <td>Child</td>
      <td>160</td>
    </tr>
    <tr>
      <td><a href='https://www.isrctn.com/ISRCTN91411078' target='_blank'><div>ISRCTN91411078</div></a></td>
      <td>Autism spectrum treatment and resilience (ASTAR)</td>
      <td>Behavioural</td>
      <td>Mixed</td>
      <td>84</td>
    </tr>
    <tr>
      <td><a href='https://www.isrctn.com/ISRCTN19160244' target='_blank'><div>ISRCTN19160244</div></a></td>
      <td>A cluster randomised controlled trial of alcohol screening and brief interv...</td>
      <td>Other</td>
      <td>Adult</td>
      <td>435</td>
    </tr>
    <tr>
      <td><a href='https://www.isrctn.com/ISRCTN87114880' target='_blank'><div>ISRCTN87114880</div></a></td>
      <td>Cognitive behaviour therapy for co-morbid obsessive compulsive disorder in ...</td>
      <td>Other</td>
      <td>Adult</td>
      <td>40</td>
    </tr>
    <tr>
      <td><a href='https://www.isrctn.com/ISRCTN71305621' target='_blank'><div>ISRCTN71305621</div></a></td>
      <td>Optimising individualised prescribing with therapeutic drug Monitoring for ...</td>
      <td>Other</td>
      <td>Adult</td>
      <td>30</td>
    </tr>
    <tr>
      <td><a href='https://www.isrctn.com/ISRCTN30480505' target='_blank'><div>ISRCTN30480505</div></a></td>
      <td>Randomised controlled trial of brief cognitive therapy for posttraumatic st...</td>
      <td>Behavioural</td>
      <td>Adult</td>
      <td>90</td>
    </tr>
    <tr>
      <td><a href='https://www.isrctn.com/ISRCTN76786302' target='_blank'><div>ISRCTN76786302</div></a></td>
      <td>Training family members and carers of opiate users in overdose management a...</td>
      <td>Other</td>
      <td>Adult</td>
      <td>128</td>
    </tr>
    <tr>
      <td><a href='https://www.isrctn.com/ISRCTN96566335' target='_blank'><div>ISRCTN96566335</div></a></td>
      <td>Two different versions of cognitive behaviour therapy for body dysmorphic d...</td>
      <td>Other</td>
      <td>Adult</td>
      <td>44</td>
    </tr>
    <tr>
      <td><a href='https://www.isrctn.com/ISRCTN70977225' target='_blank'><div>ISRCTN70977225</div></a></td>
      <td>A pilot study of D-cycloserine-augmented cognitive behavioural therapy (CBT...</td>
      <td>Drug</td>
      <td>Child</td>
      <td>24</td>
    </tr>
    <tr>
      <td><a href='https://www.isrctn.com/ISRCTN27070832' target='_blank'><div>ISRCTN27070832</div></a></td>
      <td>Evaluation of telephone-administered cognitive-behaviour therapy (CBT) for ...</td>
      <td>Other</td>
      <td>Child</td>
      <td>80</td>
    </tr>
    <tr>
      <td><a href='https://www.isrctn.com/ISRCTN06145674' target='_blank'><div>ISRCTN06145674</div></a></td>
      <td>Screening and Intervention Programme for Sensible drinking - Primary Health...</td>
      <td>Other</td>
      <td>Adult</td>
      <td>744</td>
    </tr>
    <tr>
      <td><a href='https://www.isrctn.com/ISRCTN93681536' target='_blank'><div>ISRCTN93681536</div></a></td>
      <td>Screening and Intervention Programme for Sensible drinking - Accident and E...</td>
      <td>Other</td>
      <td>Adult</td>
      <td>1179</td>
    </tr>
    <tr>
      <td><a href='https://www.isrctn.com/ISRCTN06149665' target='_blank'><div>ISRCTN06149665</div></a></td>
      <td>A randomised pragmatic trial comparing the cost effectiveness of supplement...</td>
      <td>Other</td>
      <td>Not Specified</td>
      <td>334</td>
    </tr>
    <tr>
      <td><a href='https://www.isrctn.com/ISRCTN62227499' target='_blank'><div>ISRCTN62227499</div></a></td>
      <td>QUEST - improving the quality of school mental health</td>
      <td>Other</td>
      <td>Adult</td>
      <td>94</td>
    </tr>
    <tr>
      <td><a href='https://www.isrctn.com/ISRCTN84014053' target='_blank'><div>ISRCTN84014053</div></a></td>
      <td>Patient involvement in improving the evidence base on inpatient care: impro...</td>
      <td>Other</td>
      <td>Adult</td>
      <td>420</td>
    </tr>
    <tr>
      <td><a href='https://www.isrctn.com/ISRCTN63111827' target='_blank'><div>ISRCTN63111827</div></a></td>
      <td>Patient involvement in improving the evidence base on inpatient care: chang...</td>
      <td>Other</td>
      <td>Adult</td>
      <td>400</td>
    </tr>
    <tr>
      <td><a href='https://www.isrctn.com/ISRCTN65854845' target='_blank'><div>ISRCTN65854845</div></a></td>
      <td>Can a brief cognitive intervention assist smokers in giving up?</td>
      <td>Behavioural</td>
      <td>Adult</td>
      <td>140</td>
    </tr>
    <tr>
      <td><a href='https://www.isrctn.com/ISRCTN78697391' target='_blank'><div>ISRCTN78697391</div></a></td>
      <td>Turning the curse into a blessing: using mindfulness to reduce suspiciousne...</td>
      <td>Behavioural</td>
      <td>Adult</td>
      <td>40</td>
    </tr>
  </tbody>
</table>"
607,-437023.467083486,7581637.042397341,Ministry of Defence,56.1164724,-3.9258486,1.0,1.0,"<table border=""1"" class=""dataframe"">
  <thead>
    <tr style=""text-align: left;"">
      <th>ISRCTN link</th>
      <th>Title</th>
      <th>Intervention type</th>
      <th>Age group</th>
      <th>Target number of participants</th>
    </tr>
  </thead>
  <tbody>
    <tr>
      <td><a href='https://www.isrctn.com/ISRCTN21392756' target='_blank'><div>ISRCTN21392756</div></a></td>
      <td>Standardised stress management mental health training: does it have a benef...</td>
      <td>Other</td>
      <td>Adult</td>
      <td>260</td>
    </tr>
  </tbody>
</table>"
612,487300.26944722136,6593731.401231235,European Commission (Belgium),50.8439207,4.3774928,2.0,5.306765580733931,"<table border=""1"" class=""dataframe"">
  <thead>
    <tr style=""text-align: left;"">
      <th>ISRCTN link</th>
      <th>Title</th>
      <th>Intervention type</th>
      <th>Age group</th>
      <th>Target number of participants</th>
    </tr>
  </thead>
  <tbody>
    <tr>
      <td><a href='https://www.isrctn.com/ISRCTN75841675' target='_blank'><div>ISRCTN75841675</div></a></td>
      <td>Clinical decision making and outcome in routine care for people with severe...</td>
      <td>Other</td>
      <td>Adult</td>
      <td>560</td>
    </tr>
    <tr>
      <td><a href='https://www.isrctn.com/ISRCTN03693000' target='_blank'><div>ISRCTN03693000</div></a></td>
      <td>GENome-based therapeutic drugs for DEPression</td>
      <td>Drug</td>
      <td>Adult</td>
      <td>1000</td>
    </tr>
  </tbody>
</table>"
620,-481013.30082958785,7535282.289562013,NHS Greater Glasgow and Clyde,55.883619,-4.321016,12.0,16.439593106327717,"<table border=""1"" class=""dataframe"">
  <thead>
    <tr style=""text-align: left;"">
      <th>ISRCTN link</th>
      <th>Title</th>
      <th>Intervention type</th>
      <th>Age group</th>
      <th>Target number of participants</th>
    </tr>
  </thead>
  <tbody>
    <tr>
      <td><a href='https://www.isrctn.com/ISRCTN89922377' target='_blank'><div>ISRCTN89922377</div></a></td>
      <td>Pilot study of Cognitive Behaviour Therapy (CBT) versus usual treatment in ...</td>
      <td>Other</td>
      <td>Adult</td>
      <td>56</td>
    </tr>
    <tr>
      <td><a href='https://www.isrctn.com/ISRCTN13475030' target='_blank'><div>ISRCTN13475030</div></a></td>
      <td>An evaluation of the effectiveness of structured Cognitive Behaviour Therap...</td>
      <td>Other</td>
      <td>Adult</td>
      <td>200</td>
    </tr>
    <tr>
      <td><a href='https://www.isrctn.com/ISRCTN23491839' target='_blank'><div>ISRCTN23491839</div></a></td>
      <td>A randomised controlled study of the effectiveness of a Cognitive Behaviour...</td>
      <td>Other</td>
      <td>Adult</td>
      <td>184</td>
    </tr>
    <tr>
      <td><a href='https://www.isrctn.com/ISRCTN62181241' target='_blank'><div>ISRCTN62181241</div></a></td>
      <td>Safety planning intervention with follow-up telephone contact to reduce sui...</td>
      <td>Behavioural</td>
      <td>Adult</td>
      <td>150</td>
    </tr>
    <tr>
      <td><a href='https://www.isrctn.com/ISRCTN99559262' target='_blank'><div>ISRCTN99559262</div></a></td>
      <td>Early signs monitoring to prevent relapse and promote wellbeing, engagement...</td>
      <td>Behavioural</td>
      <td>Adult</td>
      <td>86</td>
    </tr>
    <tr>
      <td><a href='https://www.isrctn.com/ISRCTN33306437' target='_blank'><div>ISRCTN33306437</div></a></td>
      <td>Acceptance and commitment therapy for depression after psychosis: a pilot t...</td>
      <td>Other</td>
      <td>Adult</td>
      <td>60</td>
    </tr>
    <tr>
      <td><a href='https://www.isrctn.com/ISRCTN50494254' target='_blank'><div>ISRCTN50494254</div></a></td>
      <td>The impact of a walking intervention on the physical activity levels and he...</td>
      <td>Behavioural</td>
      <td>Adult</td>
      <td>100</td>
    </tr>
    <tr>
      <td><a href='https://www.isrctn.com/ISRCTN98553005' target='_blank'><div>ISRCTN98553005</div></a></td>
      <td>Feasibility RCT: In-MINDD Profiler & Supportive Environment</td>
      <td>Other</td>
      <td>Adult</td>
      <td>600</td>
    </tr>
    <tr>
      <td><a href='https://www.isrctn.com/ISRCTN43324841' target='_blank'><div>ISRCTN43324841</div></a></td>
      <td>HEalth CHecks for adults with learning Disabilities (HECHID)</td>
      <td>Other</td>
      <td>Adult</td>
      <td>150</td>
    </tr>
    <tr>
      <td><a href='https://www.isrctn.com/ISRCTN67338640' target='_blank'><div>ISRCTN67338640</div></a></td>
      <td>Towards Onset Prevention of COGnition decline in adults with Down syndrome ...</td>
      <td>Drug</td>
      <td>Adult</td>
      <td>60</td>
    </tr>
    <tr>
      <td><a href='https://www.isrctn.com/ISRCTN87508788' target='_blank'><div>ISRCTN87508788</div></a></td>
      <td>The cessation in pregnancy incentives trial</td>
      <td>Other</td>
      <td>Adult</td>
      <td>600</td>
    </tr>
    <tr>
      <td><a href='https://www.isrctn.com/ISRCTN93089066' target='_blank'><div>ISRCTN93089066</div></a></td>
      <td>Screening and support for depression in people with diabetes: a randomised ...</td>
      <td>Other</td>
      <td>Adult</td>
      <td>184</td>
    </tr>
  </tbody>
</table>"
627,-120772.75308338745,6667710.599686268,Hampshire Partnership NHS Foundation Trust,51.2616661,-1.0849201,1.0,1.0,"<table border=""1"" class=""dataframe"">
  <thead>
    <tr style=""text-align: left;"">
      <th>ISRCTN link</th>
      <th>Title</th>
      <th>Intervention type</th>
      <th>Age group</th>
      <th>Target number of participants</th>
    </tr>
  </thead>
  <tbody>
    <tr>
      <td><a href='https://www.isrctn.com/ISRCTN95603741' target='_blank'><div>ISRCTN95603741</div></a></td>
      <td>Feasibility study of Culturally adapted Cognitive Behaviour Therapy for psy...</td>
      <td>Other</td>
      <td>Adult</td>
      <td>40</td>
    </tr>
  </tbody>
</table>"
631,-131794.2064361534,6974253.544048912,The Institute of Mental Health,52.9527003,-1.1839275,1.0,1.0,"<table border=""1"" class=""dataframe"">
  <thead>
    <tr style=""text-align: left;"">
      <th>ISRCTN link</th>
      <th>Title</th>
      <th>Intervention type</th>
      <th>Age group</th>
      <th>Target number of participants</th>
    </tr>
  </thead>
  <tbody>
    <tr>
      <td><a href='https://www.isrctn.com/ISRCTN24529487' target='_blank'><div>ISRCTN24529487</div></a></td>
      <td>Computerised cognitive behavioural therapy (CBT) for common mental disorder...</td>
      <td>Other</td>
      <td>Adult</td>
      <td>535</td>
    </tr>
  </tbody>
</table>"
641,-49635.10115905759,7127223.104485214,Humber NHS Foundation Trust,53.7726879,-0.4458797,2.0,5.306765580733931,"<table border=""1"" class=""dataframe"">
  <thead>
    <tr style=""text-align: left;"">
      <th>ISRCTN link</th>
      <th>Title</th>
      <th>Intervention type</th>
      <th>Age group</th>
      <th>Target number of participants</th>
    </tr>
  </thead>
  <tbody>
    <tr>
      <td><a href='https://www.isrctn.com/ISRCTN02553381' target='_blank'><div>ISRCTN02553381</div></a></td>
      <td>Challenge ResCare: Behaviours that challenge in dementia care</td>
      <td>Other</td>
      <td>Senior</td>
      <td>1200</td>
    </tr>
    <tr>
      <td><a href='https://www.isrctn.com/ISRCTN58876649' target='_blank'><div>ISRCTN58876649</div></a></td>
      <td>Challenge FamCare: Behaviours that challenge in dementia care</td>
      <td>Other</td>
      <td>Other</td>
      <td>180</td>
    </tr>
  </tbody>
</table>"
646,-235865.39575320086,6702823.36317234,Alliance Pharmaceuticals Ltd,51.4586233,-2.1188149,2.0,5.306765580733931,"<table border=""1"" class=""dataframe"">
  <thead>
    <tr style=""text-align: left;"">
      <th>ISRCTN link</th>
      <th>Title</th>
      <th>Intervention type</th>
      <th>Age group</th>
      <th>Target number of participants</th>
    </tr>
  </thead>
  <tbody>
    <tr>
      <td><a href='https://www.isrctn.com/ISRCTN82088636' target='_blank'><div>ISRCTN82088636</div></a></td>
      <td>1.5 versus 3.0 mg APL510 to normalise sleep patterns in elderly subjects wi...</td>
      <td>Drug</td>
      <td>Senior</td>
      <td>80</td>
    </tr>
    <tr>
      <td><a href='https://www.isrctn.com/ISRCTN15733268' target='_blank'><div>ISRCTN15733268</div></a></td>
      <td>The use of APL510 to improve the length of day time sleep in subjects worki...</td>
      <td>Drug</td>
      <td>Adult</td>
      <td>44</td>
    </tr>
  </tbody>
</table>"
648,-211816.83465009747,6887421.409181613,Birmingham County Council,52.4801975,-1.902783,2.0,5.306765580733931,"<table border=""1"" class=""dataframe"">
  <thead>
    <tr style=""text-align: left;"">
      <th>ISRCTN link</th>
      <th>Title</th>
      <th>Intervention type</th>
      <th>Age group</th>
      <th>Target number of participants</th>
    </tr>
  </thead>
  <tbody>
    <tr>
      <td><a href='https://www.isrctn.com/ISRCTN48762440' target='_blank'><div>ISRCTN48762440</div></a></td>
      <td>An evaluation of the Incredible Years Parent Programme in Birmingham: suppo...</td>
      <td>Other</td>
      <td>Child</td>
      <td>162</td>
    </tr>
    <tr>
      <td><a href='https://www.isrctn.com/ISRCTN32534848' target='_blank'><div>ISRCTN32534848</div></a></td>
      <td>An evaluation of the PATHS® School Programme in Birmingham: support for sch...</td>
      <td>Other</td>
      <td>Child</td>
      <td>60</td>
    </tr>
  </tbody>
</table>"
649,-210862.90453764267,6890301.769236727,Birmingham City Council,52.4959533,-1.8942137,1.0,1.0,"<table border=""1"" class=""dataframe"">
  <thead>
    <tr style=""text-align: left;"">
      <th>ISRCTN link</th>
      <th>Title</th>
      <th>Intervention type</th>
      <th>Age group</th>
      <th>Target number of participants</th>
    </tr>
  </thead>
  <tbody>
    <tr>
      <td><a href='https://www.isrctn.com/ISRCTN10429692' target='_blank'><div>ISRCTN10429692</div></a></td>
      <td>An evaluation of the Triple P Parent Programme in Birmingham: support for p...</td>
      <td>Other</td>
      <td>Child</td>
      <td>288</td>
    </tr>
  </tbody>
</table>"
651,-355135.736461046,6707213.974409346,Breast Test Wales,51.48319189999999,-3.1902386,1.0,1.0,"<table border=""1"" class=""dataframe"">
  <thead>
    <tr style=""text-align: left;"">
      <th>ISRCTN link</th>
      <th>Title</th>
      <th>Intervention type</th>
      <th>Age group</th>
      <th>Target number of participants</th>
    </tr>
  </thead>
  <tbody>
    <tr>
      <td><a href='https://www.isrctn.com/ISRCTN89206644' target='_blank'><div>ISRCTN89206644</div></a></td>
      <td>A clinical trial to investigate the effect of psychological support for wom...</td>
      <td>Other</td>
      <td>Adult</td>
      <td>300</td>
    </tr>
  </tbody>
</table>"
686,-476081.3353177882,7531574.488599653,Chief Scientist Office of the Scottish Executive Health Department,55.864933,-4.2767114,2.0,5.306765580733931,"<table border=""1"" class=""dataframe"">
  <thead>
    <tr style=""text-align: left;"">
      <th>ISRCTN link</th>
      <th>Title</th>
      <th>Intervention type</th>
      <th>Age group</th>
      <th>Target number of participants</th>
    </tr>
  </thead>
  <tbody>
    <tr>
      <td><a href='https://www.isrctn.com/ISRCTN63574530' target='_blank'><div>ISRCTN63574530</div></a></td>
      <td>Randomised controlled trial of Dihydrocodeine (DHC) and methadone in the tr...</td>
      <td>Drug</td>
      <td>Not Specified</td>
      <td>250</td>
    </tr>
    <tr>
      <td><a href='https://www.isrctn.com/ISRCTN51707384' target='_blank'><div>ISRCTN51707384</div></a></td>
      <td>Social and Emotional Education and Development (SEED): Studying the impact ...</td>
      <td>Other</td>
      <td>Child</td>
      <td>2736</td>
    </tr>
  </tbody>
</table>"
690,-60526.57787437332,7024897.890336581,Lincolnshire Primary Care Trust,53.2259257,-0.5437195,1.0,1.0,"<table border=""1"" class=""dataframe"">
  <thead>
    <tr style=""text-align: left;"">
      <th>ISRCTN link</th>
      <th>Title</th>
      <th>Intervention type</th>
      <th>Age group</th>
      <th>Target number of participants</th>
    </tr>
  </thead>
  <tbody>
    <tr>
      <td><a href='https://www.isrctn.com/ISRCTN55001433' target='_blank'><div>ISRCTN55001433</div></a></td>
      <td>Effectiveness and cost-effectiveness of an educational intervention for pra...</td>
      <td>Other</td>
      <td>Adult</td>
      <td>80</td>
    </tr>
  </tbody>
</table>"
705,-140980.0347815855,6756803.469158769,Estia Centre,51.75976259999999,-1.2664452,1.0,1.0,"<table border=""1"" class=""dataframe"">
  <thead>
    <tr style=""text-align: left;"">
      <th>ISRCTN link</th>
      <th>Title</th>
      <th>Intervention type</th>
      <th>Age group</th>
      <th>Target number of participants</th>
    </tr>
  </thead>
  <tbody>
    <tr>
      <td><a href='https://www.isrctn.com/ISRCTN90833792' target='_blank'><div>ISRCTN90833792</div></a></td>
      <td>User participation in clinical assessment and intervention</td>
      <td>Other</td>
      <td>Adult</td>
      <td>88</td>
    </tr>
  </tbody>
</table>"
706,-457586.62606180104,6518587.628347009,Peninsula Medical School,50.4157354,-4.1105706,2.0,5.306765580733931,"<table border=""1"" class=""dataframe"">
  <thead>
    <tr style=""text-align: left;"">
      <th>ISRCTN link</th>
      <th>Title</th>
      <th>Intervention type</th>
      <th>Age group</th>
      <th>Target number of participants</th>
    </tr>
  </thead>
  <tbody>
    <tr>
      <td><a href='https://www.isrctn.com/ISRCTN99754128' target='_blank'><div>ISRCTN99754128</div></a></td>
      <td>Classical ACupuncture Treatment for people with Unexplained Symptoms</td>
      <td>Other</td>
      <td>Adult</td>
      <td>100</td>
    </tr>
    <tr>
      <td><a href='https://www.isrctn.com/ISRCTN77598683' target='_blank'><div>ISRCTN77598683</div></a></td>
      <td>The effectiveness of sustained acupressure in addition to group counselling...</td>
      <td>Drug</td>
      <td>Adult</td>
      <td>24</td>
    </tr>
  </tbody>
</table>"
723,-473308.8788717854,7531436.418090165,Glasgow Institute of Psychosocial Interventions (GIPSI),55.864237,-4.251806,1.0,1.0,"<table border=""1"" class=""dataframe"">
  <thead>
    <tr style=""text-align: left;"">
      <th>ISRCTN link</th>
      <th>Title</th>
      <th>Intervention type</th>
      <th>Age group</th>
      <th>Target number of participants</th>
    </tr>
  </thead>
  <tbody>
    <tr>
      <td><a href='https://www.isrctn.com/ISRCTN71327173' target='_blank'><div>ISRCTN71327173</div></a></td>
      <td>A pilot research project into the use of online resources for low mood and ...</td>
      <td>Behavioural</td>
      <td>Adult</td>
      <td>100</td>
    </tr>
  </tbody>
</table>"
725,-176447.42642373964,7320390.946622889,Durham County Council,54.7857285,-1.5850542,1.0,1.0,"<table border=""1"" class=""dataframe"">
  <thead>
    <tr style=""text-align: left;"">
      <th>ISRCTN link</th>
      <th>Title</th>
      <th>Intervention type</th>
      <th>Age group</th>
      <th>Target number of participants</th>
    </tr>
  </thead>
  <tbody>
    <tr>
      <td><a href='https://www.isrctn.com/ISRCTN12286781' target='_blank'><div>ISRCTN12286781</div></a></td>
      <td>The Middlesbrough study: a randomised, controlled trial of dietary suppleme...</td>
      <td>Supplement</td>
      <td>Child</td>
      <td>250</td>
    </tr>
  </tbody>
</table>"
726,-11834.375066232915,6712606.173857521,The Health Foundation,51.513347,-0.10631,4.0,9.613531161467861,"<table border=""1"" class=""dataframe"">
  <thead>
    <tr style=""text-align: left;"">
      <th>ISRCTN link</th>
      <th>Title</th>
      <th>Intervention type</th>
      <th>Age group</th>
      <th>Target number of participants</th>
    </tr>
  </thead>
  <tbody>
    <tr>
      <td><a href='https://www.isrctn.com/ISRCTN11275465' target='_blank'><div>ISRCTN11275465</div></a></td>
      <td>A MultiCentre randomised Trial of the outcome, acceptability and cost-effec...</td>
      <td>Behavioural</td>
      <td>Child</td>
      <td>400</td>
    </tr>
    <tr>
      <td><a href='https://www.isrctn.com/ISRCTN46984318' target='_blank'><div>ISRCTN46984318</div></a></td>
      <td>A randomised controlled trial of the Incredible Years parent programme with...</td>
      <td>Other</td>
      <td>Child</td>
      <td>126</td>
    </tr>
    <tr>
      <td><a href='https://www.isrctn.com/ISRCTN70120585' target='_blank'><div>ISRCTN70120585</div></a></td>
      <td>A randomized controlled evaluation of the cost effectiveness of cognitive-b...</td>
      <td>Other</td>
      <td>Adult</td>
      <td>84</td>
    </tr>
    <tr>
      <td><a href='https://www.isrctn.com/ISRCTN79696722' target='_blank'><div>ISRCTN79696722</div></a></td>
      <td>An evaluation of psycho-educational intervention in older adults with mild ...</td>
      <td>Other</td>
      <td>Senior</td>
      <td>0</td>
    </tr>
  </tbody>
</table>"
732,195035.91121877098,6887049.387490019,Suffolk Mental Health Partnership NHS Trust,52.4781621,1.7520374,1.0,1.0,"<table border=""1"" class=""dataframe"">
  <thead>
    <tr style=""text-align: left;"">
      <th>ISRCTN link</th>
      <th>Title</th>
      <th>Intervention type</th>
      <th>Age group</th>
      <th>Target number of participants</th>
    </tr>
  </thead>
  <tbody>
    <tr>
      <td><a href='https://www.isrctn.com/ISRCTN93360820' target='_blank'><div>ISRCTN93360820</div></a></td>
      <td>Enhancing cognition in bipolar disorder</td>
      <td>Drug</td>
      <td>Adult</td>
      <td>20</td>
    </tr>
  </tbody>
</table>"
748,-15834.663231787357,6714550.505244483,Central and North West London NHS Foundation Trust,51.5242155,-0.1422452,7.0,13.090619551221675,"<table border=""1"" class=""dataframe"">
  <thead>
    <tr style=""text-align: left;"">
      <th>ISRCTN link</th>
      <th>Title</th>
      <th>Intervention type</th>
      <th>Age group</th>
      <th>Target number of participants</th>
    </tr>
  </thead>
  <tbody>
    <tr>
      <td><a href='https://www.isrctn.com/ISRCTN73227556' target='_blank'><div>ISRCTN73227556</div></a></td>
      <td>Systematic Intervention to Transform Environment: a randomised controlled t...</td>
      <td>Other</td>
      <td>Not Specified</td>
      <td>52</td>
    </tr>
    <tr>
      <td><a href='https://www.isrctn.com/ISRCTN10052006' target='_blank'><div>ISRCTN10052006</div></a></td>
      <td>Boosting baby behaviour and bonding for parents with enduring difficulties ...</td>
      <td>Behavioural</td>
      <td>Adult</td>
      <td>48</td>
    </tr>
    <tr>
      <td><a href='https://www.isrctn.com/ISRCTN14994755' target='_blank'><div>ISRCTN14994755</div></a></td>
      <td>Low intensity psychological support for people with personality disorder: R...</td>
      <td>Behavioural</td>
      <td>Adult</td>
      <td>60</td>
    </tr>
    <tr>
      <td><a href='https://www.isrctn.com/ISRCTN59911189' target='_blank'><div>ISRCTN59911189</div></a></td>
      <td>Improving GHB withdrawal with baclofen</td>
      <td>Drug</td>
      <td>Adult</td>
      <td>88</td>
    </tr>
    <tr>
      <td><a href='https://www.isrctn.com/ISRCTN81193263' target='_blank'><div>ISRCTN81193263</div></a></td>
      <td>Exploratory trial of brief alcohol advice in dental surgeries</td>
      <td>Other</td>
      <td>Adult</td>
      <td>248</td>
    </tr>
    <tr>
      <td><a href='https://www.isrctn.com/ISRCTN96754763' target='_blank'><div>ISRCTN96754763</div></a></td>
      <td>SOS Inpatients: a pilot study of enhanced support, openness and supervision...</td>
      <td>Other</td>
      <td>Adult</td>
      <td>100</td>
    </tr>
    <tr>
      <td><a href='https://www.isrctn.com/ISRCTN01423159' target='_blank'><div>ISRCTN01423159</div></a></td>
      <td>Evaluation of exercise on individuals with dementia and their carers</td>
      <td>Other</td>
      <td>Other</td>
      <td>145</td>
    </tr>
  </tbody>
</table>"
750,15683.324384053903,6831704.256147514,Cambridge University Hospitals NHS Foundation Trust and University of Cambridge,52.1743086,0.1408857,3.0,7.826061944859854,"<table border=""1"" class=""dataframe"">
  <thead>
    <tr style=""text-align: left;"">
      <th>ISRCTN link</th>
      <th>Title</th>
      <th>Intervention type</th>
      <th>Age group</th>
      <th>Target number of participants</th>
    </tr>
  </thead>
  <tbody>
    <tr>
      <td><a href='https://www.isrctn.com/ISRCTN11301171' target='_blank'><div>ISRCTN11301171</div></a></td>
      <td>The MiQuit study: feasibility trial of a computer-tailored smoking cessatio...</td>
      <td>Other</td>
      <td>Adult</td>
      <td>200</td>
    </tr>
    <tr>
      <td><a href='https://www.isrctn.com/ISRCTN11177045' target='_blank'><div>ISRCTN11177045</div></a></td>
      <td>IVIG and rituximab in antibody-associated psychosis - SINAPPS2</td>
      <td>Drug</td>
      <td>Adult</td>
      <td>80</td>
    </tr>
    <tr>
      <td><a href='https://www.isrctn.com/ISRCTN11177045' target='_blank'><div>ISRCTN11177045</div></a></td>
      <td>IVIG and rituximab in antibody-associated psychosis - SINAPPS2</td>
      <td>Drug</td>
      <td>Adult</td>
      <td>80</td>
    </tr>
  </tbody>
</table>"
765,-21722.729586112295,6717081.970942273,Brent Mental Health Service,51.5383621,-0.1951386,1.0,1.0,"<table border=""1"" class=""dataframe"">
  <thead>
    <tr style=""text-align: left;"">
      <th>ISRCTN link</th>
      <th>Title</th>
      <th>Intervention type</th>
      <th>Age group</th>
      <th>Target number of participants</th>
    </tr>
  </thead>
  <tbody>
    <tr>
      <td><a href='https://www.isrctn.com/ISRCTN11138647' target='_blank'><div>ISRCTN11138647</div></a></td>
      <td>Relapse Prevention Group Programme for service users with an international ...</td>
      <td>Other</td>
      <td>Adult</td>
      <td>96</td>
    </tr>
  </tbody>
</table>"
771,37371.61171971476,6709626.98837355,South Essex Partnership NHS Trust,51.4966888,0.3357149,1.0,1.0,"<table border=""1"" class=""dataframe"">
  <thead>
    <tr style=""text-align: left;"">
      <th>ISRCTN link</th>
      <th>Title</th>
      <th>Intervention type</th>
      <th>Age group</th>
      <th>Target number of participants</th>
    </tr>
  </thead>
  <tbody>
    <tr>
      <td><a href='https://www.isrctn.com/ISRCTN62134865' target='_blank'><div>ISRCTN62134865</div></a></td>
      <td>Randomised controlled trial of a specialist behaviour therapy team versus t...</td>
      <td>Other</td>
      <td>Adult</td>
      <td>60</td>
    </tr>
  </tbody>
</table>"
773,-355873.7735530563,7549462.778574179,The Institute of Psychiatry,55.95500070000001,-3.1968685,1.0,1.0,"<table border=""1"" class=""dataframe"">
  <thead>
    <tr style=""text-align: left;"">
      <th>ISRCTN link</th>
      <th>Title</th>
      <th>Intervention type</th>
      <th>Age group</th>
      <th>Target number of participants</th>
    </tr>
  </thead>
  <tbody>
    <tr>
      <td><a href='https://www.isrctn.com/ISRCTN46561083' target='_blank'><div>ISRCTN46561083</div></a></td>
      <td>Reasoning and rehabilitation in mentally disordered offenders: a pilot rand...</td>
      <td>Other</td>
      <td>Adult</td>
      <td>160</td>
    </tr>
  </tbody>
</table>"
784,-473296.8563667797,7530897.451000113,Health Foundation,55.86152,-4.251698,1.0,1.0,"<table border=""1"" class=""dataframe"">
  <thead>
    <tr style=""text-align: left;"">
      <th>ISRCTN link</th>
      <th>Title</th>
      <th>Intervention type</th>
      <th>Age group</th>
      <th>Target number of participants</th>
    </tr>
  </thead>
  <tbody>
    <tr>
      <td><a href='https://www.isrctn.com/ISRCTN18271323' target='_blank'><div>ISRCTN18271323</div></a></td>
      <td>Clinical and cost effectiveness of cognitive behaviour therapy for depresse...</td>
      <td>Other</td>
      <td>Senior</td>
      <td>198</td>
    </tr>
  </tbody>
</table>"
786,-199151.90486305597,6638880.765992199,HOPE Wessex Medical Trust,51.099318,-1.789012,1.0,1.0,"<table border=""1"" class=""dataframe"">
  <thead>
    <tr style=""text-align: left;"">
      <th>ISRCTN link</th>
      <th>Title</th>
      <th>Intervention type</th>
      <th>Age group</th>
      <th>Target number of participants</th>
    </tr>
  </thead>
  <tbody>
    <tr>
      <td><a href='https://www.isrctn.com/ISRCTN49487328' target='_blank'><div>ISRCTN49487328</div></a></td>
      <td>Evaluation of the New Forest Parent Training Project with young children in...</td>
      <td>Other</td>
      <td>Child</td>
      <td>150</td>
    </tr>
  </tbody>
</table>"
810,-15895.632916894836,6709477.773382131,The Gatsby Foundation,51.4958543,-0.1427929,1.0,1.0,"<table border=""1"" class=""dataframe"">
  <thead>
    <tr style=""text-align: left;"">
      <th>ISRCTN link</th>
      <th>Title</th>
      <th>Intervention type</th>
      <th>Age group</th>
      <th>Target number of participants</th>
    </tr>
  </thead>
  <tbody>
    <tr>
      <td><a href='https://www.isrctn.com/ISRCTN31455243' target='_blank'><div>ISRCTN31455243</div></a></td>
      <td>Healthcare Evaluation and Assessment of Patients with Chronic Fatigue Syndr...</td>
      <td>Other</td>
      <td>Adult</td>
      <td>60</td>
    </tr>
  </tbody>
</table>"
824,-3064.569921793425,6688993.114235685,South London and Maudsley NHS Foundation Trust,51.3811467,-0.0275295,24.0,20.746358687061647,"<table border=""1"" class=""dataframe"">
  <thead>
    <tr style=""text-align: left;"">
      <th>ISRCTN link</th>
      <th>Title</th>
      <th>Intervention type</th>
      <th>Age group</th>
      <th>Target number of participants</th>
    </tr>
  </thead>
  <tbody>
    <tr>
      <td><a href='https://www.isrctn.com/ISRCTN14573230' target='_blank'><div>ISRCTN14573230</div></a></td>
      <td>Helping Families: Psychoeducational Intervention for Parents with Personali...</td>
      <td>Other</td>
      <td>Other</td>
      <td>70</td>
    </tr>
    <tr>
      <td><a href='https://www.isrctn.com/ISRCTN73327972' target='_blank'><div>ISRCTN73327972</div></a></td>
      <td>Balancing ACT: evaluating the effectiveness of psychoeducation and acceptan...</td>
      <td>Other</td>
      <td>Adult</td>
      <td>36</td>
    </tr>
    <tr>
      <td><a href='https://www.isrctn.com/ISRCTN58958179' target='_blank'><div>ISRCTN58958179</div></a></td>
      <td>Telephone delivered Incentives (verbal praise and small financial incentive...</td>
      <td>Behavioural</td>
      <td>Adult</td>
      <td>60</td>
    </tr>
    <tr>
      <td><a href='https://www.isrctn.com/ISRCTN13549282' target='_blank'><div>ISRCTN13549282</div></a></td>
      <td>Education and Employment focused Individual Placement and Support (IPS) for...</td>
      <td>Behavioural</td>
      <td>Adult</td>
      <td>25</td>
    </tr>
    <tr>
      <td><a href='https://www.isrctn.com/ISRCTN16387615' target='_blank'><div>ISRCTN16387615</div></a></td>
      <td>Lithium versus quetiapine in treatment resistant depression</td>
      <td>Drug</td>
      <td>Adult</td>
      <td>276</td>
    </tr>
    <tr>
      <td><a href='https://www.isrctn.com/ISRCTN42914685' target='_blank'><div>ISRCTN42914685</div></a></td>
      <td>Factors influencing the outcome of children attending Croydon CAMHS</td>
      <td>Other</td>
      <td>Child</td>
      <td>300</td>
    </tr>
    <tr>
      <td><a href='https://www.isrctn.com/ISRCTN79430721' target='_blank'><div>ISRCTN79430721</div></a></td>
      <td>Linking Abuse and Recovery through Advocacy (LARA)</td>
      <td>Other</td>
      <td>Adult</td>
      <td>112</td>
    </tr>
    <tr>
      <td><a href='https://www.isrctn.com/ISRCTN83003225' target='_blank'><div>ISRCTN83003225</div></a></td>
      <td>A multicentre pilot study testing Expert Carers Helping Others: a self-help...</td>
      <td>Other</td>
      <td>Child</td>
      <td>350</td>
    </tr>
    <tr>
      <td><a href='https://www.isrctn.com/ISRCTN55488371' target='_blank'><div>ISRCTN55488371</div></a></td>
      <td>Computerised Cognitive Remediation Therapy for Schizophrenia</td>
      <td>Other</td>
      <td>Adult</td>
      <td>120</td>
    </tr>
    <tr>
      <td><a href='https://www.isrctn.com/ISRCTN81605131' target='_blank'><div>ISRCTN81605131</div></a></td>
      <td>Therapeutic Assessment (TA) of adolescents presenting with self harm versus...</td>
      <td>Other</td>
      <td>Child</td>
      <td>70</td>
    </tr>
    <tr>
      <td><a href='https://www.isrctn.com/ISRCTN70121208' target='_blank'><div>ISRCTN70121208</div></a></td>
      <td>Clinical effectiveness of  repetitve transcranial magnetic stimulation (rTM...</td>
      <td>Other</td>
      <td>Adult</td>
      <td>54</td>
    </tr>
    <tr>
      <td><a href='https://www.isrctn.com/ISRCTN17706836' target='_blank'><div>ISRCTN17706836</div></a></td>
      <td>Sleep, wake and light therapy for depression</td>
      <td>Behavioural</td>
      <td>Adult</td>
      <td>60</td>
    </tr>
    <tr>
      <td><a href='https://www.isrctn.com/ISRCTN42999542' target='_blank'><div>ISRCTN42999542</div></a></td>
      <td>Evaluation of Intensive Community Care Services for young people with psych...</td>
      <td>Other</td>
      <td>Child</td>
      <td>252</td>
    </tr>
    <tr>
      <td><a href='https://www.isrctn.com/ISRCTN55682735' target='_blank'><div>ISRCTN55682735</div></a></td>
      <td>Optimising AVATAR therapy for distressing voices</td>
      <td>Device</td>
      <td>Adult</td>
      <td>345</td>
    </tr>
    <tr>
      <td><a href='https://www.isrctn.com/ISRCTN66109369' target='_blank'><div>ISRCTN66109369</div></a></td>
      <td>Group intervention to reduce intimate partner abuse by men in substance use...</td>
      <td>Behavioural</td>
      <td>Adult</td>
      <td>378</td>
    </tr>
    <tr>
      <td><a href='https://www.isrctn.com/ISRCTN32448671' target='_blank'><div>ISRCTN32448671</div></a></td>
      <td>SlowMo trial: a digital therapy for people who fear harm from others</td>
      <td>Other</td>
      <td>Adult</td>
      <td>360</td>
    </tr>
    <tr>
      <td><a href='https://www.isrctn.com/ISRCTN67000214' target='_blank'><div>ISRCTN67000214</div></a></td>
      <td>Assertive outreach treatment for alcohol related admissions</td>
      <td>Other</td>
      <td>Adult</td>
      <td>160</td>
    </tr>
    <tr>
      <td><a href='https://www.isrctn.com/ISRCTN93382525' target='_blank'><div>ISRCTN93382525</div></a></td>
      <td>STAR (Study of Trauma And Recovery): a trial of trauma-focused psychologica...</td>
      <td>Behavioural</td>
      <td>Adult</td>
      <td>300</td>
    </tr>
    <tr>
      <td><a href='https://www.isrctn.com/ISRCTN14644379' target='_blank'><div>ISRCTN14644379</div></a></td>
      <td>A patient and carer shared management intervention for anorexia</td>
      <td>Behavioural</td>
      <td>Adult</td>
      <td>380</td>
    </tr>
    <tr>
      <td><a href='https://www.isrctn.com/ISRCTN79435190' target='_blank'><div>ISRCTN79435190</div></a></td>
      <td>Group intervention to reduce intimate partner abuse by men in substance use...</td>
      <td>Behavioural</td>
      <td>Adult</td>
      <td>184</td>
    </tr>
    <tr>
      <td><a href='https://www.isrctn.com/ISRCTN68540929' target='_blank'><div>ISRCTN68540929</div></a></td>
      <td>Acceptance and Commitment Therapy (ACT) for Recovery (ACTfR)</td>
      <td>Other</td>
      <td>Adult</td>
      <td>96</td>
    </tr>
    <tr>
      <td><a href='https://www.isrctn.com/ISRCTN45581761' target='_blank'><div>ISRCTN45581761</div></a></td>
      <td>Relationship between Overactivity, Stress and anxiety in Anorexia Nervosa</td>
      <td>Other</td>
      <td>Adult</td>
      <td>120</td>
    </tr>
    <tr>
      <td><a href='https://www.isrctn.com/ISRCTN03732556' target='_blank'><div>ISRCTN03732556</div></a></td>
      <td>Cognitive-Behavioural Therapy (CBT) for Adult Attention Deficit Hyperactivi...</td>
      <td>Other</td>
      <td>Adult</td>
      <td>60</td>
    </tr>
    <tr>
      <td><a href='https://www.isrctn.com/ISRCTN18274621' target='_blank'><div>ISRCTN18274621</div></a></td>
      <td>Internet-based relapse prevention for in-patients with anorexia nervosa</td>
      <td>Other</td>
      <td>Other</td>
      <td>98</td>
    </tr>
  </tbody>
</table>"
834,-36524.615110115985,6634006.366566513,Action Medical Research,51.0718125,-0.3281062,1.0,1.0,"<table border=""1"" class=""dataframe"">
  <thead>
    <tr style=""text-align: left;"">
      <th>ISRCTN link</th>
      <th>Title</th>
      <th>Intervention type</th>
      <th>Age group</th>
      <th>Target number of participants</th>
    </tr>
  </thead>
  <tbody>
    <tr>
      <td><a href='https://www.isrctn.com/ISRCTN78383951' target='_blank'><div>ISRCTN78383951</div></a></td>
      <td>The effects of adaptive training in auditory temporal processing on specifi...</td>
      <td>Other</td>
      <td>Child</td>
      <td>77</td>
    </tr>
  </tbody>
</table>"
836,-441664.86646041705,7582691.153308775,Laxdale Ltd,56.1217512,-3.967543,4.0,9.613531161467861,"<table border=""1"" class=""dataframe"">
  <thead>
    <tr style=""text-align: left;"">
      <th>ISRCTN link</th>
      <th>Title</th>
      <th>Intervention type</th>
      <th>Age group</th>
      <th>Target number of participants</th>
    </tr>
  </thead>
  <tbody>
    <tr>
      <td><a href='https://www.isrctn.com/ISRCTN63565713' target='_blank'><div>ISRCTN63565713</div></a></td>
      <td>A multicentre, double-blind, randomised, parallel group, placebo-controlled...</td>
      <td>Other</td>
      <td>Adult</td>
      <td>0</td>
    </tr>
    <tr>
      <td><a href='https://www.isrctn.com/ISRCTN38354847' target='_blank'><div>ISRCTN38354847</div></a></td>
      <td>A multicentre, double-blind, randomised, parallel group, placebo-controlled...</td>
      <td>Drug</td>
      <td>Adult</td>
      <td>0</td>
    </tr>
    <tr>
      <td><a href='https://www.isrctn.com/ISRCTN44366049' target='_blank'><div>ISRCTN44366049</div></a></td>
      <td>A multicentre, double-blind, randomised, parallel group, placebo-controlled...</td>
      <td>Drug</td>
      <td>Adult</td>
      <td>0</td>
    </tr>
    <tr>
      <td><a href='https://www.isrctn.com/ISRCTN44218911' target='_blank'><div>ISRCTN44218911</div></a></td>
      <td>A multicentre, double-blind, randomised, parallel group, placebo-controlled...</td>
      <td>Drug</td>
      <td>Adult</td>
      <td>0</td>
    </tr>
  </tbody>
</table>"
837,-16903.853545009515,6713186.428192435,The Sir Jules Thorn Charitable Trust,51.5165908,-0.1518499,1.0,1.0,"<table border=""1"" class=""dataframe"">
  <thead>
    <tr style=""text-align: left;"">
      <th>ISRCTN link</th>
      <th>Title</th>
      <th>Intervention type</th>
      <th>Age group</th>
      <th>Target number of participants</th>
    </tr>
  </thead>
  <tbody>
    <tr>
      <td><a href='https://www.isrctn.com/ISRCTN82912246' target='_blank'><div>ISRCTN82912246</div></a></td>
      <td>Is melatonin a natural sleep promoter and antidepressant?</td>
      <td>Drug</td>
      <td>Adult</td>
      <td>72</td>
    </tr>
  </tbody>
</table>"
856,-7915.895594462446,6713384.798861546,NFA Health Centre for Homeless People,51.51769969999999,-0.0711097,1.0,1.0,"<table border=""1"" class=""dataframe"">
  <thead>
    <tr style=""text-align: left;"">
      <th>ISRCTN link</th>
      <th>Title</th>
      <th>Intervention type</th>
      <th>Age group</th>
      <th>Target number of participants</th>
    </tr>
  </thead>
  <tbody>
    <tr>
      <td><a href='https://www.isrctn.com/ISRCTN07752728' target='_blank'><div>ISRCTN07752728</div></a></td>
      <td>The Leeds Evaluation of Efficacy of Detoxification Study (LEEDS project): a...</td>
      <td>Drug</td>
      <td>Adult</td>
      <td>120</td>
    </tr>
  </tbody>
</table>"
859,-123907.43202048248,6729275.468547011,P1vital Products Ltd,51.6064415,-1.1130794,1.0,1.0,"<table border=""1"" class=""dataframe"">
  <thead>
    <tr style=""text-align: left;"">
      <th>ISRCTN link</th>
      <th>Title</th>
      <th>Intervention type</th>
      <th>Age group</th>
      <th>Target number of participants</th>
    </tr>
  </thead>
  <tbody>
    <tr>
      <td><a href='https://www.isrctn.com/ISRCTN74799543' target='_blank'><div>ISRCTN74799543</div></a></td>
      <td>Optimising the management of mental health problems in primary care</td>
      <td>Device</td>
      <td>Adult</td>
      <td>100</td>
    </tr>
  </tbody>
</table>"
860,-31561.22410606537,6880646.107124493,The MicroCurrent Site,52.4431138,-0.2835193,1.0,1.0,"<table border=""1"" class=""dataframe"">
  <thead>
    <tr style=""text-align: left;"">
      <th>ISRCTN link</th>
      <th>Title</th>
      <th>Intervention type</th>
      <th>Age group</th>
      <th>Target number of participants</th>
    </tr>
  </thead>
  <tbody>
    <tr>
      <td><a href='https://www.isrctn.com/ISRCTN74799543' target='_blank'><div>ISRCTN74799543</div></a></td>
      <td>Optimising the management of mental health problems in primary care</td>
      <td>Device</td>
      <td>Adult</td>
      <td>100</td>
    </tr>
  </tbody>
</table>"
867,-304920.57169936283,7297760.34256724,Bupa,54.6683318,-2.7391481,1.0,1.0,"<table border=""1"" class=""dataframe"">
  <thead>
    <tr style=""text-align: left;"">
      <th>ISRCTN link</th>
      <th>Title</th>
      <th>Intervention type</th>
      <th>Age group</th>
      <th>Target number of participants</th>
    </tr>
  </thead>
  <tbody>
    <tr>
      <td><a href='https://www.isrctn.com/ISRCTN10548241' target='_blank'><div>ISRCTN10548241</div></a></td>
      <td>Study of effectiveness of a smartphone application for quitting smoking.</td>
      <td>Behavioural</td>
      <td>Other</td>
      <td>816</td>
    </tr>
  </tbody>
</table>"
871,-28523.35973011325,6711078.90613074,Therapy Box Limited,51.504808,-0.2562297,1.0,1.0,"<table border=""1"" class=""dataframe"">
  <thead>
    <tr style=""text-align: left;"">
      <th>ISRCTN link</th>
      <th>Title</th>
      <th>Intervention type</th>
      <th>Age group</th>
      <th>Target number of participants</th>
    </tr>
  </thead>
  <tbody>
    <tr>
      <td><a href='https://www.isrctn.com/ISRCTN12718815' target='_blank'><div>ISRCTN12718815</div></a></td>
      <td>The language explorer clinical evaluation study</td>
      <td>Other</td>
      <td>Child</td>
      <td>60</td>
    </tr>
  </tbody>
</table>"
874,-700694.85750423,7046458.344145419,Institute for Health Research,53.341718,-6.294448999999999,1.0,1.0,"<table border=""1"" class=""dataframe"">
  <thead>
    <tr style=""text-align: left;"">
      <th>ISRCTN link</th>
      <th>Title</th>
      <th>Intervention type</th>
      <th>Age group</th>
      <th>Target number of participants</th>
    </tr>
  </thead>
  <tbody>
    <tr>
      <td><a href='https://www.isrctn.com/ISRCTN14311503' target='_blank'><div>ISRCTN14311503</div></a></td>
      <td>Reduction and prevention of aggression and behavioural problems in disadvan...</td>
      <td>Behavioural</td>
      <td>Mixed</td>
      <td>100</td>
    </tr>
  </tbody>
</table>"
875,-45529.6160747035,6777444.026645771,Flying Start Luton; National Institute for Health Research,51.8743827,-0.4089995,1.0,1.0,"<table border=""1"" class=""dataframe"">
  <thead>
    <tr style=""text-align: left;"">
      <th>ISRCTN link</th>
      <th>Title</th>
      <th>Intervention type</th>
      <th>Age group</th>
      <th>Target number of participants</th>
    </tr>
  </thead>
  <tbody>
    <tr>
      <td><a href='https://www.isrctn.com/ISRCTN14311503' target='_blank'><div>ISRCTN14311503</div></a></td>
      <td>Reduction and prevention of aggression and behavioural problems in disadvan...</td>
      <td>Behavioural</td>
      <td>Mixed</td>
      <td>100</td>
    </tr>
  </tbody>
</table>"
879,-25298.645588864623,6694249.558451794,Allen Carr's Easyway (International) Ltd,51.4106086,-0.2272616,1.0,1.0,"<table border=""1"" class=""dataframe"">
  <thead>
    <tr style=""text-align: left;"">
      <th>ISRCTN link</th>
      <th>Title</th>
      <th>Intervention type</th>
      <th>Age group</th>
      <th>Target number of participants</th>
    </tr>
  </thead>
  <tbody>
    <tr>
      <td><a href='https://www.isrctn.com/ISRCTN23584477' target='_blank'><div>ISRCTN23584477</div></a></td>
      <td>Study comparing two stop smoking intervention efficacies</td>
      <td>Behavioural</td>
      <td>Adult</td>
      <td>620</td>
    </tr>
  </tbody>
</table>"
885,-21617.56606315989,6764527.637208174,Hertfordshire Community NHS Trust,51.8026902,-0.1941939,1.0,1.0,"<table border=""1"" class=""dataframe"">
  <thead>
    <tr style=""text-align: left;"">
      <th>ISRCTN link</th>
      <th>Title</th>
      <th>Intervention type</th>
      <th>Age group</th>
      <th>Target number of participants</th>
    </tr>
  </thead>
  <tbody>
    <tr>
      <td><a href='https://www.isrctn.com/ISRCTN14156001' target='_blank'><div>ISRCTN14156001</div></a></td>
      <td>Feasibility study of an randomised controlled trial to investigate the whet...</td>
      <td>Other</td>
      <td>Child</td>
      <td>40</td>
    </tr>
  </tbody>
</table>"
889,-127346.88145947133,6974081.5983997835,Biotaware Ltd,52.9517697,-1.1439765,1.0,1.0,"<table border=""1"" class=""dataframe"">
  <thead>
    <tr style=""text-align: left;"">
      <th>ISRCTN link</th>
      <th>Title</th>
      <th>Intervention type</th>
      <th>Age group</th>
      <th>Target number of participants</th>
    </tr>
  </thead>
  <tbody>
    <tr>
      <td><a href='https://www.isrctn.com/ISRCTN11004397' target='_blank'><div>ISRCTN11004397</div></a></td>
      <td>Cognitive and behavioural biomarkers for the treatment of mental health con...</td>
      <td>Behavioural</td>
      <td>Adult</td>
      <td>200</td>
    </tr>
  </tbody>
</table>"
890,-264778.95256244275,6687733.204620872,Mayden House Limited,51.3740822,-2.3785498,1.0,1.0,"<table border=""1"" class=""dataframe"">
  <thead>
    <tr style=""text-align: left;"">
      <th>ISRCTN link</th>
      <th>Title</th>
      <th>Intervention type</th>
      <th>Age group</th>
      <th>Target number of participants</th>
    </tr>
  </thead>
  <tbody>
    <tr>
      <td><a href='https://www.isrctn.com/ISRCTN11330268' target='_blank'><div>ISRCTN11330268</div></a></td>
      <td>A randomised controlled trial to measure the impact of behavioural SMS remi...</td>
      <td>Behavioural</td>
      <td>Adult</td>
      <td>10000</td>
    </tr>
  </tbody>
</table>"
893,-14332.373307684895,6714896.485103432,Intensive Care National Audit and Research Centre,51.5261492,-0.1287499,2.0,5.306765580733931,"<table border=""1"" class=""dataframe"">
  <thead>
    <tr style=""text-align: left;"">
      <th>ISRCTN link</th>
      <th>Title</th>
      <th>Intervention type</th>
      <th>Age group</th>
      <th>Target number of participants</th>
    </tr>
  </thead>
  <tbody>
    <tr>
      <td><a href='https://www.isrctn.com/ISRCTN61088114' target='_blank'><div>ISRCTN61088114</div></a></td>
      <td>Provision Of Psychological support to People in Intensive care (POPPI): fea...</td>
      <td>Behavioural</td>
      <td>Adult</td>
      <td>110</td>
    </tr>
    <tr>
      <td><a href='https://www.isrctn.com/ISRCTN53448131' target='_blank'><div>ISRCTN53448131</div></a></td>
      <td>Provision of psychological support to people in intensive care (v1.0)</td>
      <td>Behavioural</td>
      <td>Adult</td>
      <td>1378</td>
    </tr>
  </tbody>
</table>"
897,13273.925325324291,6835030.559955843,MRC Cognition and Brain Sciences Unit,52.1926295,0.1192417,1.0,1.0,"<table border=""1"" class=""dataframe"">
  <thead>
    <tr style=""text-align: left;"">
      <th>ISRCTN link</th>
      <th>Title</th>
      <th>Intervention type</th>
      <th>Age group</th>
      <th>Target number of participants</th>
    </tr>
  </thead>
  <tbody>
    <tr>
      <td><a href='https://www.isrctn.com/ISRCTN11489327' target='_blank'><div>ISRCTN11489327</div></a></td>
      <td>Can 1 month of daily computer training help improve memory and attention in...</td>
      <td>Behavioural</td>
      <td>Adult</td>
      <td>25</td>
    </tr>
  </tbody>
</table>"
898,-390131.96835841757,6571487.683851399,Royal Devon and Exeter NHS Foundation Trust,50.7175775,-3.5046151,1.0,1.0,"<table border=""1"" class=""dataframe"">
  <thead>
    <tr style=""text-align: left;"">
      <th>ISRCTN link</th>
      <th>Title</th>
      <th>Intervention type</th>
      <th>Age group</th>
      <th>Target number of participants</th>
    </tr>
  </thead>
  <tbody>
    <tr>
      <td><a href='https://www.isrctn.com/ISRCTN34701576' target='_blank'><div>ISRCTN34701576</div></a></td>
      <td>A feasibility study and pilot study to establish methods for assessing the ...</td>
      <td>Other</td>
      <td>Adult</td>
      <td>84</td>
    </tr>
  </tbody>
</table>"
900,-660848.2684137594,7286371.64180247,Belfast Health and Social Care Trust,54.60912399999999,-5.936501,2.0,5.306765580733931,"<table border=""1"" class=""dataframe"">
  <thead>
    <tr style=""text-align: left;"">
      <th>ISRCTN link</th>
      <th>Title</th>
      <th>Intervention type</th>
      <th>Age group</th>
      <th>Target number of participants</th>
    </tr>
  </thead>
  <tbody>
    <tr>
      <td><a href='https://www.isrctn.com/ISRCTN31208535' target='_blank'><div>ISRCTN31208535</div></a></td>
      <td>A clinical trial to test amlodipine as a new treatment for vascular dementi...</td>
      <td>Drug</td>
      <td>Senior</td>
      <td>588</td>
    </tr>
    <tr>
      <td><a href='https://www.isrctn.com/ISRCTN04094806' target='_blank'><div>ISRCTN04094806</div></a></td>
      <td>The impact of systemic family therapy as an element of treatment for famili...</td>
      <td>Behavioural</td>
      <td>Other</td>
      <td>160</td>
    </tr>
  </tbody>
</table>"
901,-14506.298880100305,6713958.059816249,London School of Hygiene and Tropical Medicine,51.5209041,-0.1303123,3.0,7.826061944859854,"<table border=""1"" class=""dataframe"">
  <thead>
    <tr style=""text-align: left;"">
      <th>ISRCTN link</th>
      <th>Title</th>
      <th>Intervention type</th>
      <th>Age group</th>
      <th>Target number of participants</th>
    </tr>
  </thead>
  <tbody>
    <tr>
      <td><a href='https://www.isrctn.com/ISRCTN37111532' target='_blank'><div>ISRCTN37111532</div></a></td>
      <td>Stop Smoking with Mobile Phones: Pilot study</td>
      <td>Other</td>
      <td>Adult</td>
      <td>200</td>
    </tr>
    <tr>
      <td><a href='https://www.isrctn.com/ISRCTN80978588' target='_blank'><div>ISRCTN80978588</div></a></td>
      <td>Stop smoking with mobile phones</td>
      <td>Other</td>
      <td>Adult</td>
      <td>5800</td>
    </tr>
    <tr>
      <td><a href='https://www.isrctn.com/ISRCTN12388725' target='_blank'><div>ISRCTN12388725</div></a></td>
      <td>E-COMPARED - internet-supported CBT for depression</td>
      <td>Other</td>
      <td>Adult</td>
      <td>150</td>
    </tr>
  </tbody>
</table>"
903,-171173.5987557138,7050809.980771261,Sheffield Health and Social Care NHS Foundation Trust,53.3650508,-1.5376786,2.0,5.306765580733931,"<table border=""1"" class=""dataframe"">
  <thead>
    <tr style=""text-align: left;"">
      <th>ISRCTN link</th>
      <th>Title</th>
      <th>Intervention type</th>
      <th>Age group</th>
      <th>Target number of participants</th>
    </tr>
  </thead>
  <tbody>
    <tr>
      <td><a href='https://www.isrctn.com/ISRCTN17993825' target='_blank'><div>ISRCTN17993825</div></a></td>
      <td>Journeying through dementia: exploring the clinical and cost-effectiveness ...</td>
      <td>Other</td>
      <td>Adult</td>
      <td>486</td>
    </tr>
    <tr>
      <td><a href='https://www.isrctn.com/ISRCTN19447796' target='_blank'><div>ISRCTN19447796</div></a></td>
      <td>Structured lifestyle education for people wIth schizophrenia</td>
      <td>Behavioural</td>
      <td>Adult</td>
      <td>412</td>
    </tr>
  </tbody>
</table>"
904,-333725.77011626645,7047300.983761903,Unilever R&D,53.3462371,-2.9979096,1.0,1.0,"<table border=""1"" class=""dataframe"">
  <thead>
    <tr style=""text-align: left;"">
      <th>ISRCTN link</th>
      <th>Title</th>
      <th>Intervention type</th>
      <th>Age group</th>
      <th>Target number of participants</th>
    </tr>
  </thead>
  <tbody>
    <tr>
      <td><a href='https://www.isrctn.com/ISRCTN15315334' target='_blank'><div>ISRCTN15315334</div></a></td>
      <td>Positive Psychology Smartphone Application</td>
      <td>Other</td>
      <td>Adult</td>
      <td>200</td>
    </tr>
  </tbody>
</table>"
913,-248594.2340599068,7071849.845587677,Greater Manchester Health and Social Care Partnership,53.47768319999999,-2.23316,1.0,1.0,"<table border=""1"" class=""dataframe"">
  <thead>
    <tr style=""text-align: left;"">
      <th>ISRCTN link</th>
      <th>Title</th>
      <th>Intervention type</th>
      <th>Age group</th>
      <th>Target number of participants</th>
    </tr>
  </thead>
  <tbody>
    <tr>
      <td><a href='https://www.isrctn.com/ISRCTN10939987' target='_blank'><div>ISRCTN10939987</div></a></td>
      <td>Adapting invitation letters to increase breast screening attendance</td>
      <td>Behavioural</td>
      <td>Adult</td>
      <td>55000</td>
    </tr>
  </tbody>
</table>"
920,-14685.701371462746,6716733.446428423,Camden and Islington NHS Foundation Trust,51.53641469999999,-0.1319239,6.0,12.132827525593784,"<table border=""1"" class=""dataframe"">
  <thead>
    <tr style=""text-align: left;"">
      <th>ISRCTN link</th>
      <th>Title</th>
      <th>Intervention type</th>
      <th>Age group</th>
      <th>Target number of participants</th>
    </tr>
  </thead>
  <tbody>
    <tr>
      <td><a href='https://www.isrctn.com/ISRCTN10004994' target='_blank'><div>ISRCTN10004994</div></a></td>
      <td>ARIES: App to support Recovery in Early Intervention Services</td>
      <td>Device</td>
      <td>Adult</td>
      <td>40</td>
    </tr>
    <tr>
      <td><a href='https://www.isrctn.com/ISRCTN47185233' target='_blank'><div>ISRCTN47185233</div></a></td>
      <td>Optimising team functioning, preventing relapse and enhancing recovery in C...</td>
      <td>Other</td>
      <td>Adult</td>
      <td>1265</td>
    </tr>
    <tr>
      <td><a href='https://www.isrctn.com/ISRCTN01027104' target='_blank'><div>ISRCTN01027104</div></a></td>
      <td>CORE: Crisis Team Optimisation and Relapse Prevention - Phase 3</td>
      <td>Other</td>
      <td>Adult</td>
      <td>440</td>
    </tr>
    <tr>
      <td><a href='https://www.isrctn.com/ISRCTN39605930' target='_blank'><div>ISRCTN39605930</div></a></td>
      <td>'Shape Up-LD': Piloting a manualised weight management programme for overwe...</td>
      <td>Behavioural</td>
      <td>Adult</td>
      <td>60</td>
    </tr>
    <tr>
      <td><a href='https://www.isrctn.com/ISRCTN17064995' target='_blank'><div>ISRCTN17064995</div></a></td>
      <td>Treatment for insomnia in Improving Access to Psychological Therapies (IAPT...</td>
      <td>Other</td>
      <td>Adult</td>
      <td>240</td>
    </tr>
    <tr>
      <td><a href='https://www.isrctn.com/ISRCTN98260910' target='_blank'><div>ISRCTN98260910</div></a></td>
      <td>Early Detection of Psychosis via Community and Educational Organisations: A...</td>
      <td>Other</td>
      <td>Not Specified</td>
      <td>140</td>
    </tr>
  </tbody>
</table>"
921,-285233.5082455399,6696134.409476945,Avon and Wiltshire Mental Health Partnership NHS Trust,51.4211684,-2.5622962,2.0,5.306765580733931,"<table border=""1"" class=""dataframe"">
  <thead>
    <tr style=""text-align: left;"">
      <th>ISRCTN link</th>
      <th>Title</th>
      <th>Intervention type</th>
      <th>Age group</th>
      <th>Target number of participants</th>
    </tr>
  </thead>
  <tbody>
    <tr>
      <td><a href='https://www.isrctn.com/ISRCTN54650760' target='_blank'><div>ISRCTN54650760</div></a></td>
      <td>Guided self-help for depression in adults with autism: a feasibility study</td>
      <td>Behavioural</td>
      <td>Adult</td>
      <td>70</td>
    </tr>
    <tr>
      <td><a href='https://www.isrctn.com/ISRCTN23563048' target='_blank'><div>ISRCTN23563048</div></a></td>
      <td>Preventing Anxiety in Children through Education in Schools</td>
      <td>Behavioural</td>
      <td>Child</td>
      <td>1080</td>
    </tr>
  </tbody>
</table>"
927,-134414.64498552892,7301237.146221904,Tees Esk and Wear Valleys NHS Trust,54.68638989999999,-1.2074673,1.0,1.0,"<table border=""1"" class=""dataframe"">
  <thead>
    <tr style=""text-align: left;"">
      <th>ISRCTN link</th>
      <th>Title</th>
      <th>Intervention type</th>
      <th>Age group</th>
      <th>Target number of participants</th>
    </tr>
  </thead>
  <tbody>
    <tr>
      <td><a href='https://www.isrctn.com/ISRCTN27045243' target='_blank'><div>ISRCTN27045243</div></a></td>
      <td>Behavioural therapy of depression: a randomised controlled trial of behavio...</td>
      <td>Other</td>
      <td>Adult</td>
      <td>70</td>
    </tr>
  </tbody>
</table>"
929,-38156.258282520226,6674879.916645684,Surrey and Borders Partnership NHS Foundation Trust,51.3019496,-0.3427635,5.0,11.0,"<table border=""1"" class=""dataframe"">
  <thead>
    <tr style=""text-align: left;"">
      <th>ISRCTN link</th>
      <th>Title</th>
      <th>Intervention type</th>
      <th>Age group</th>
      <th>Target number of participants</th>
    </tr>
  </thead>
  <tbody>
    <tr>
      <td><a href='https://www.isrctn.com/ISRCTN30488204' target='_blank'><div>ISRCTN30488204</div></a></td>
      <td>A study to evaluate whether light therapy can help people with dementia to ...</td>
      <td>Device</td>
      <td>Adult</td>
      <td>6</td>
    </tr>
    <tr>
      <td><a href='https://www.isrctn.com/ISRCTN71000991' target='_blank'><div>ISRCTN71000991</div></a></td>
      <td>Technology Integrated Health Management (TIHM) for Dementia: A study to ref...</td>
      <td>Device</td>
      <td>Adult</td>
      <td>230</td>
    </tr>
    <tr>
      <td><a href='https://www.isrctn.com/ISRCTN46184518' target='_blank'><div>ISRCTN46184518</div></a></td>
      <td>Technology Integrated Health Management (TIHM) for Dementia: a study of tec...</td>
      <td>Device</td>
      <td>Adult</td>
      <td>1500</td>
    </tr>
    <tr>
      <td><a href='https://www.isrctn.com/ISRCTN14621127' target='_blank'><div>ISRCTN14621127</div></a></td>
      <td>Structured preparation for alcohol detoxification</td>
      <td>Behavioural</td>
      <td>Adult</td>
      <td>50</td>
    </tr>
    <tr>
      <td><a href='https://www.isrctn.com/ISRCTN17852603' target='_blank'><div>ISRCTN17852603</div></a></td>
      <td>Mindfulness for paranoia</td>
      <td>Other</td>
      <td>Adult</td>
      <td>40</td>
    </tr>
  </tbody>
</table>"
930,-6749.000164171036,6713387.392792631,Queen Mary University of London and Barts and the London NHS Trust,51.5177142,-0.0606273,3.0,7.826061944859854,"<table border=""1"" class=""dataframe"">
  <thead>
    <tr style=""text-align: left;"">
      <th>ISRCTN link</th>
      <th>Title</th>
      <th>Intervention type</th>
      <th>Age group</th>
      <th>Target number of participants</th>
    </tr>
  </thead>
  <tbody>
    <tr>
      <td><a href='https://www.isrctn.com/ISRCTN84216587' target='_blank'><div>ISRCTN84216587</div></a></td>
      <td>Effectiveness and cost-effectiveness of body psychotherapy in the treatment...</td>
      <td>Other</td>
      <td>Adult</td>
      <td>256</td>
    </tr>
    <tr>
      <td><a href='https://www.isrctn.com/ISRCTN84216587' target='_blank'><div>ISRCTN84216587</div></a></td>
      <td>Effectiveness and cost-effectiveness of body psychotherapy in the treatment...</td>
      <td>Other</td>
      <td>Adult</td>
      <td>256</td>
    </tr>
    <tr>
      <td><a href='https://www.isrctn.com/ISRCTN77769281' target='_blank'><div>ISRCTN77769281</div></a></td>
      <td>Financial incentives to improve adherence to anti-psychotic medication</td>
      <td>Other</td>
      <td>Adult</td>
      <td>136</td>
    </tr>
  </tbody>
</table>"
937,-13189.055345543498,6709919.704447198,Evelina Children's Hospital,51.4983258,-0.1184793,1.0,1.0,"<table border=""1"" class=""dataframe"">
  <thead>
    <tr style=""text-align: left;"">
      <th>ISRCTN link</th>
      <th>Title</th>
      <th>Intervention type</th>
      <th>Age group</th>
      <th>Target number of participants</th>
    </tr>
  </thead>
  <tbody>
    <tr>
      <td><a href='https://www.isrctn.com/ISRCTN28527653' target='_blank'><div>ISRCTN28527653</div></a></td>
      <td>HoPS: Home-based picture exchange communication schedule (PECS) study</td>
      <td>Behavioural</td>
      <td>Mixed</td>
      <td>64</td>
    </tr>
  </tbody>
</table>"
944,592851.4179985183,8486992.25067954,GAMUT - The Grieg Academy Music Therapy Research Centre,60.3895942,5.325674900000001,1.0,1.0,"<table border=""1"" class=""dataframe"">
  <thead>
    <tr style=""text-align: left;"">
      <th>ISRCTN link</th>
      <th>Title</th>
      <th>Intervention type</th>
      <th>Age group</th>
      <th>Target number of participants</th>
    </tr>
  </thead>
  <tbody>
    <tr>
      <td><a href='https://www.isrctn.com/ISRCTN78923965' target='_blank'><div>ISRCTN78923965</div></a></td>
      <td>Trial of improvisational music therapy's effectiveness for children with a...</td>
      <td>Other</td>
      <td>Child</td>
      <td>300</td>
    </tr>
  </tbody>
</table>"
949,541649.461610698,6860699.404647942,Vrije Universiteit - FGB,52.3337568,4.8657199,1.0,1.0,"<table border=""1"" class=""dataframe"">
  <thead>
    <tr style=""text-align: left;"">
      <th>ISRCTN link</th>
      <th>Title</th>
      <th>Intervention type</th>
      <th>Age group</th>
      <th>Target number of participants</th>
    </tr>
  </thead>
  <tbody>
    <tr>
      <td><a href='https://www.isrctn.com/ISRCTN14253704' target='_blank'><div>ISRCTN14253704</div></a></td>
      <td>What are the causes of individual differences between children in terms of ...</td>
      <td>Other</td>
      <td>All</td>
      <td>1600</td>
    </tr>
  </tbody>
</table>"
956,235523.11058290972,5069929.196877937,Universitat Politècnica de Catalunya-BarcelonaTech (UPC),41.3892675,2.1157401,1.0,1.0,"<table border=""1"" class=""dataframe"">
  <thead>
    <tr style=""text-align: left;"">
      <th>ISRCTN link</th>
      <th>Title</th>
      <th>Intervention type</th>
      <th>Age group</th>
      <th>Target number of participants</th>
    </tr>
  </thead>
  <tbody>
    <tr>
      <td><a href='https://www.isrctn.com/ISRCTN15654731' target='_blank'><div>ISRCTN15654731</div></a></td>
      <td>Evaluation of benefits of the CAREGIVERSPRO-MMD platform giving support and...</td>
      <td>Other</td>
      <td>Adult</td>
      <td>1204</td>
    </tr>
  </tbody>
</table>"
962,-369766.7354347329,7540750.493748074,Heriot-Watt University,55.9111604,-3.3216711,1.0,1.0,"<table border=""1"" class=""dataframe"">
  <thead>
    <tr style=""text-align: left;"">
      <th>ISRCTN link</th>
      <th>Title</th>
      <th>Intervention type</th>
      <th>Age group</th>
      <th>Target number of participants</th>
    </tr>
  </thead>
  <tbody>
    <tr>
      <td><a href='https://www.isrctn.com/ISRCTN96478815' target='_blank'><div>ISRCTN96478815</div></a></td>
      <td>Does taking up a new activity benefit our thinking skills?</td>
      <td>Behavioural</td>
      <td>Senior</td>
      <td>300</td>
    </tr>
  </tbody>
</table>"
975,-9773.483937329802,6710803.459639909,Guy's and St Thomas' and King's College London,51.5032678,-0.08779669999999999,1.0,1.0,"<table border=""1"" class=""dataframe"">
  <thead>
    <tr style=""text-align: left;"">
      <th>ISRCTN link</th>
      <th>Title</th>
      <th>Intervention type</th>
      <th>Age group</th>
      <th>Target number of participants</th>
    </tr>
  </thead>
  <tbody>
    <tr>
      <td><a href='https://www.isrctn.com/ISRCTN90749868' target='_blank'><div>ISRCTN90749868</div></a></td>
      <td>Cognitive Bias Modification for Paranoia</td>
      <td>Other</td>
      <td>Adult</td>
      <td>60</td>
    </tr>
  </tbody>
</table>"
988,-62679.830784787606,6696938.581828267,"Royal Holloway, University of London",51.425673,-0.5630625,1.0,1.0,"<table border=""1"" class=""dataframe"">
  <thead>
    <tr style=""text-align: left;"">
      <th>ISRCTN link</th>
      <th>Title</th>
      <th>Intervention type</th>
      <th>Age group</th>
      <th>Target number of participants</th>
    </tr>
  </thead>
  <tbody>
    <tr>
      <td><a href='https://www.isrctn.com/ISRCTN14659858' target='_blank'><div>ISRCTN14659858</div></a></td>
      <td>Are the short-term benefits of two brief mindfulness interventions sustaine...</td>
      <td>Behavioural</td>
      <td>Adult</td>
      <td>100</td>
    </tr>
  </tbody>
</table>"
992,-9824.32354877509,6724498.604517093,"Barnet, Enfield and Haringey Mental Health Trust",51.57978319999999,-0.0882534,4.0,9.613531161467861,"<table border=""1"" class=""dataframe"">
  <thead>
    <tr style=""text-align: left;"">
      <th>ISRCTN link</th>
      <th>Title</th>
      <th>Intervention type</th>
      <th>Age group</th>
      <th>Target number of participants</th>
    </tr>
  </thead>
  <tbody>
    <tr>
      <td><a href='https://www.isrctn.com/ISRCTN39303837' target='_blank'><div>ISRCTN39303837</div></a></td>
      <td>Families and Carers Training and Support Programme (FACTS) - for families o...</td>
      <td>Behavioural</td>
      <td>Adult</td>
      <td>40</td>
    </tr>
    <tr>
      <td><a href='https://www.isrctn.com/ISRCTN51304415' target='_blank'><div>ISRCTN51304415</div></a></td>
      <td>Nice OUtcomes for Referrals with Impulsivity, Self Harm and Eating Disorder...</td>
      <td>Other</td>
      <td>Adult</td>
      <td>140</td>
    </tr>
    <tr>
      <td><a href='https://www.isrctn.com/ISRCTN89522188' target='_blank'><div>ISRCTN89522188</div></a></td>
      <td>North London Mother-Child-Education-Program (MOCEP) for Turkish-speaking fa...</td>
      <td>Other</td>
      <td>Adult</td>
      <td>180</td>
    </tr>
    <tr>
      <td><a href='https://www.isrctn.com/ISRCTN27660668' target='_blank'><div>ISRCTN27660668</div></a></td>
      <td>Randomised controlled trial of manualised out-patient individual and group ...</td>
      <td>Other</td>
      <td>Adult</td>
      <td>100</td>
    </tr>
  </tbody>
</table>"
1000,15559495.988871885,4256263.769025252,"Ajinomoto Co., Inc (Japan)",35.676972,139.7733306,1.0,1.0,"<table border=""1"" class=""dataframe"">
  <thead>
    <tr style=""text-align: left;"">
      <th>ISRCTN link</th>
      <th>Title</th>
      <th>Intervention type</th>
      <th>Age group</th>
      <th>Target number of participants</th>
    </tr>
  </thead>
  <tbody>
    <tr>
      <td><a href='https://www.isrctn.com/ISRCTN73587155' target='_blank'><div>ISRCTN73587155</div></a></td>
      <td>Investigation of food Taste on Satiety and food preference</td>
      <td>Other</td>
      <td>Adult</td>
      <td>30</td>
    </tr>
  </tbody>
</table>"
1006,-26082.813477859683,6713228.323732702,"The Patient Safety Translational Research Centre, Imperial College London",51.516825,-0.2343059,1.0,1.0,"<table border=""1"" class=""dataframe"">
  <thead>
    <tr style=""text-align: left;"">
      <th>ISRCTN link</th>
      <th>Title</th>
      <th>Intervention type</th>
      <th>Age group</th>
      <th>Target number of participants</th>
    </tr>
  </thead>
  <tbody>
    <tr>
      <td><a href='https://www.isrctn.com/ISRCTN11418903' target='_blank'><div>ISRCTN11418903</div></a></td>
      <td>Applying behavioural insights to reduce burnout in trainee anaesthetists</td>
      <td>Behavioural</td>
      <td>Adult</td>
      <td>1501</td>
    </tr>
  </tbody>
</table>"
1014,-135714.48928367472,6757609.125676603,"Medical Sciences Inter-Divisional Research Ethics Committee, University of Oxford",51.764242,-1.219144,1.0,1.0,"<table border=""1"" class=""dataframe"">
  <thead>
    <tr style=""text-align: left;"">
      <th>ISRCTN link</th>
      <th>Title</th>
      <th>Intervention type</th>
      <th>Age group</th>
      <th>Target number of participants</th>
    </tr>
  </thead>
  <tbody>
    <tr>
      <td><a href='https://www.isrctn.com/ISRCTN61272251' target='_blank'><div>ISRCTN61272251</div></a></td>
      <td>The Oxford Access for Students Improving Sleep (OASIS) study</td>
      <td>Behavioural</td>
      <td>Adult</td>
      <td>2614</td>
    </tr>
  </tbody>
</table>"
1015,-353871.12478173623,6706371.271066286,"National Offender Management Service, Cymru (NOMS Cymru)",51.4784774,-3.1788784,1.0,1.0,"<table border=""1"" class=""dataframe"">
  <thead>
    <tr style=""text-align: left;"">
      <th>ISRCTN link</th>
      <th>Title</th>
      <th>Intervention type</th>
      <th>Age group</th>
      <th>Target number of participants</th>
    </tr>
  </thead>
  <tbody>
    <tr>
      <td><a href='https://www.isrctn.com/ISRCTN80946686' target='_blank'><div>ISRCTN80946686</div></a></td>
      <td>Control of Violence for Angry and Impulsive Drinkers</td>
      <td>Other</td>
      <td>Not Specified</td>
      <td>100</td>
    </tr>
  </tbody>
</table>"
1016,-320441.89282846526,7046264.753452437,North West Research and Development Support Unit,53.3406797,-2.8785785,1.0,1.0,"<table border=""1"" class=""dataframe"">
  <thead>
    <tr style=""text-align: left;"">
      <th>ISRCTN link</th>
      <th>Title</th>
      <th>Intervention type</th>
      <th>Age group</th>
      <th>Target number of participants</th>
    </tr>
  </thead>
  <tbody>
    <tr>
      <td><a href='https://www.isrctn.com/ISRCTN16800815' target='_blank'><div>ISRCTN16800815</div></a></td>
      <td>Telephone-administered cognitive behaviour therapy (CBT) for the treatment ...</td>
      <td>Other</td>
      <td>Adult</td>
      <td>80</td>
    </tr>
  </tbody>
</table>"
1017,-14626.490534309803,6716777.883637788,Camden and Islington Mental Health and Social Care Trust,51.536663,-0.131392,2.0,5.306765580733931,"<table border=""1"" class=""dataframe"">
  <thead>
    <tr style=""text-align: left;"">
      <th>ISRCTN link</th>
      <th>Title</th>
      <th>Intervention type</th>
      <th>Age group</th>
      <th>Target number of participants</th>
    </tr>
  </thead>
  <tbody>
    <tr>
      <td><a href='https://www.isrctn.com/ISRCTN38099525' target='_blank'><div>ISRCTN38099525</div></a></td>
      <td>Cognitive behaviour therapy (CBT) for anxiety and depression in adults with...</td>
      <td>Other</td>
      <td>Adult</td>
      <td>30</td>
    </tr>
    <tr>
      <td><a href='https://www.isrctn.com/ISRCTN58681229' target='_blank'><div>ISRCTN58681229</div></a></td>
      <td>Cluster randomised trial comparing outcomes of early psychosis care by a sp...</td>
      <td>Other</td>
      <td>Adult</td>
      <td>250</td>
    </tr>
  </tbody>
</table>"
1018,-466193.31475638115,7857251.691272693,NHS Highland,57.4722033,-4.1878858,1.0,1.0,"<table border=""1"" class=""dataframe"">
  <thead>
    <tr style=""text-align: left;"">
      <th>ISRCTN link</th>
      <th>Title</th>
      <th>Intervention type</th>
      <th>Age group</th>
      <th>Target number of participants</th>
    </tr>
  </thead>
  <tbody>
    <tr>
      <td><a href='https://www.isrctn.com/ISRCTN18107122' target='_blank'><div>ISRCTN18107122</div></a></td>
      <td>Participatory digital interventions for front-line staff during the coronav...</td>
      <td>Behavioural</td>
      <td>Adult</td>
      <td>180</td>
    </tr>
  </tbody>
</table>"
1021,-169219.07340026367,7061249.309660955,Sheffield Health and Social Research Consortium,53.42097279999999,-1.5201208,1.0,1.0,"<table border=""1"" class=""dataframe"">
  <thead>
    <tr style=""text-align: left;"">
      <th>ISRCTN link</th>
      <th>Title</th>
      <th>Intervention type</th>
      <th>Age group</th>
      <th>Target number of participants</th>
    </tr>
  </thead>
  <tbody>
    <tr>
      <td><a href='https://www.isrctn.com/ISRCTN72677277' target='_blank'><div>ISRCTN72677277</div></a></td>
      <td>Psychological treatments for severe and complex mental health problems/pers...</td>
      <td>Other</td>
      <td>Adult</td>
      <td>220</td>
    </tr>
  </tbody>
</table>"
1022,139246.40069171647,6920267.1086011445,Norfolk and Waveney Mental Health NHS Foundation Trust,52.6595315,1.2508717,4.0,9.613531161467861,"<table border=""1"" class=""dataframe"">
  <thead>
    <tr style=""text-align: left;"">
      <th>ISRCTN link</th>
      <th>Title</th>
      <th>Intervention type</th>
      <th>Age group</th>
      <th>Target number of participants</th>
    </tr>
  </thead>
  <tbody>
    <tr>
      <td><a href='https://www.isrctn.com/ISRCTN30265294' target='_blank'><div>ISRCTN30265294</div></a></td>
      <td>Cognitive behavioural therapy for People with Asperger Syndrome and Anxiety...</td>
      <td>Behavioural</td>
      <td>Adult</td>
      <td>35</td>
    </tr>
    <tr>
      <td><a href='https://www.isrctn.com/ISRCTN31919196' target='_blank'><div>ISRCTN31919196</div></a></td>
      <td>Protected Engagement Time (PET) for people with Dementia</td>
      <td>Other</td>
      <td>Senior</td>
      <td>596</td>
    </tr>
    <tr>
      <td><a href='https://www.isrctn.com/ISRCTN41137900' target='_blank'><div>ISRCTN41137900</div></a></td>
      <td>Cluster Randomised Controlled Trial of the Serious Mental Illness Health Im...</td>
      <td>Other</td>
      <td>Adult</td>
      <td>250</td>
    </tr>
    <tr>
      <td><a href='https://www.isrctn.com/ISRCTN60855021' target='_blank'><div>ISRCTN60855021</div></a></td>
      <td>Social Anxiety Research Clinic: an exploratory randomised controlled trial ...</td>
      <td>Other</td>
      <td>Other</td>
      <td>48</td>
    </tr>
  </tbody>
</table>"
1023,-470951.3101679691,7857005.438280461,University of the Highlands and Islands,57.47101379999999,-4.2306276,1.0,1.0,"<table border=""1"" class=""dataframe"">
  <thead>
    <tr style=""text-align: left;"">
      <th>ISRCTN link</th>
      <th>Title</th>
      <th>Intervention type</th>
      <th>Age group</th>
      <th>Target number of participants</th>
    </tr>
  </thead>
  <tbody>
    <tr>
      <td><a href='https://www.isrctn.com/ISRCTN18107122' target='_blank'><div>ISRCTN18107122</div></a></td>
      <td>Participatory digital interventions for front-line staff during the coronav...</td>
      <td>Behavioural</td>
      <td>Adult</td>
      <td>180</td>
    </tr>
  </tbody>
</table>"
1037,-10123.205249605951,6704550.725074519,South London and Maudsley NHS Foundation Trust and Kings College London,51.4682907,-0.0909383,14.0,17.397385131955605,"<table border=""1"" class=""dataframe"">
  <thead>
    <tr style=""text-align: left;"">
      <th>ISRCTN link</th>
      <th>Title</th>
      <th>Intervention type</th>
      <th>Age group</th>
      <th>Target number of participants</th>
    </tr>
  </thead>
  <tbody>
    <tr>
      <td><a href='https://www.isrctn.com/ISRCTN11178360' target='_blank'><div>ISRCTN11178360</div></a></td>
      <td>A randomised controlled trial of brief cognitive therapy for social phobia ...</td>
      <td>Behavioural</td>
      <td>Adult</td>
      <td>90</td>
    </tr>
    <tr>
      <td><a href='https://www.isrctn.com/ISRCTN11178360' target='_blank'><div>ISRCTN11178360</div></a></td>
      <td>A randomised controlled trial of brief cognitive therapy for social phobia ...</td>
      <td>Behavioural</td>
      <td>Adult</td>
      <td>90</td>
    </tr>
    <tr>
      <td><a href='https://www.isrctn.com/ISRCTN16876240' target='_blank'><div>ISRCTN16876240</div></a></td>
      <td>Online post-traumatic stress disorder treatment for young people and their ...</td>
      <td>Behavioural</td>
      <td>Mixed</td>
      <td>34</td>
    </tr>
    <tr>
      <td><a href='https://www.isrctn.com/ISRCTN16876240' target='_blank'><div>ISRCTN16876240</div></a></td>
      <td>Online post-traumatic stress disorder treatment for young people and their ...</td>
      <td>Behavioural</td>
      <td>Mixed</td>
      <td>34</td>
    </tr>
    <tr>
      <td><a href='https://www.isrctn.com/ISRCTN01591254' target='_blank'><div>ISRCTN01591254</div></a></td>
      <td>Positive reinforcement targeting abstinence in substance misuse</td>
      <td>Other</td>
      <td>Adult</td>
      <td>660</td>
    </tr>
    <tr>
      <td><a href='https://www.isrctn.com/ISRCTN72794493' target='_blank'><div>ISRCTN72794493</div></a></td>
      <td>Contingency management targeting increased completion of hepatitis B (Hep B...</td>
      <td>Drug</td>
      <td>Adult</td>
      <td>192</td>
    </tr>
    <tr>
      <td><a href='https://www.isrctn.com/ISRCTN01591254' target='_blank'><div>ISRCTN01591254</div></a></td>
      <td>Positive reinforcement targeting abstinence in substance misuse</td>
      <td>Other</td>
      <td>Adult</td>
      <td>660</td>
    </tr>
    <tr>
      <td><a href='https://www.isrctn.com/ISRCTN72794493' target='_blank'><div>ISRCTN72794493</div></a></td>
      <td>Contingency management targeting increased completion of hepatitis B (Hep B...</td>
      <td>Drug</td>
      <td>Adult</td>
      <td>192</td>
    </tr>
    <tr>
      <td><a href='https://www.isrctn.com/ISRCTN10334895' target='_blank'><div>ISRCTN10334895</div></a></td>
      <td>Cannabidiol for the treatment of patients at a high-risk of psychosis</td>
      <td>Drug</td>
      <td>Adult</td>
      <td>300</td>
    </tr>
    <tr>
      <td><a href='https://www.isrctn.com/ISRCTN10334895' target='_blank'><div>ISRCTN10334895</div></a></td>
      <td>Cannabidiol for the treatment of patients at a high-risk of psychosis</td>
      <td>Drug</td>
      <td>Adult</td>
      <td>300</td>
    </tr>
    <tr>
      <td><a href='https://www.isrctn.com/ISRCTN01338071' target='_blank'><div>ISRCTN01338071</div></a></td>
      <td>Injectable versus oral opioid maintenance treatment for heroin addicts curr...</td>
      <td>Drug</td>
      <td>Adult</td>
      <td>150</td>
    </tr>
    <tr>
      <td><a href='https://www.isrctn.com/ISRCTN01338071' target='_blank'><div>ISRCTN01338071</div></a></td>
      <td>Injectable versus oral opioid maintenance treatment for heroin addicts curr...</td>
      <td>Drug</td>
      <td>Adult</td>
      <td>150</td>
    </tr>
    <tr>
      <td><a href='https://www.isrctn.com/ISRCTN87895237' target='_blank'><div>ISRCTN87895237</div></a></td>
      <td>Multi-centre trial of cannabidiol (CBD) for the treatment of Parkinson's di...</td>
      <td>Drug</td>
      <td>Adult</td>
      <td>144</td>
    </tr>
    <tr>
      <td><a href='https://www.isrctn.com/ISRCTN87895237' target='_blank'><div>ISRCTN87895237</div></a></td>
      <td>Multi-centre trial of cannabidiol (CBD) for the treatment of Parkinson's di...</td>
      <td>Drug</td>
      <td>Adult</td>
      <td>144</td>
    </tr>
  </tbody>
</table>"
1039,-213525.96732004292,6888232.462968498,Birmingham and Solihull Mental Health NHS Foundation Trust,52.4846346,-1.9181364,5.0,11.0,"<table border=""1"" class=""dataframe"">
  <thead>
    <tr style=""text-align: left;"">
      <th>ISRCTN link</th>
      <th>Title</th>
      <th>Intervention type</th>
      <th>Age group</th>
      <th>Target number of participants</th>
    </tr>
  </thead>
  <tbody>
    <tr>
      <td><a href='https://www.isrctn.com/ISRCTN95702682' target='_blank'><div>ISRCTN95702682</div></a></td>
      <td>PARTNERS2: A cluster randomised control trial of a model of collaborative c...</td>
      <td>Behavioural</td>
      <td>Adult</td>
      <td>204</td>
    </tr>
    <tr>
      <td><a href='https://www.isrctn.com/ISRCTN43548483' target='_blank'><div>ISRCTN43548483</div></a></td>
      <td>Impact of a motivational intervention (MI) on problem drug and alcohol use ...</td>
      <td>Other</td>
      <td>Adult</td>
      <td>68</td>
    </tr>
    <tr>
      <td><a href='https://www.isrctn.com/ISRCTN93446265' target='_blank'><div>ISRCTN93446265</div></a></td>
      <td>Youth-Social Behaviour and Network Therapy: a study of a family and social ...</td>
      <td>Other</td>
      <td>Child</td>
      <td>60</td>
    </tr>
    <tr>
      <td><a href='https://www.isrctn.com/ISRCTN61621571' target='_blank'><div>ISRCTN61621571</div></a></td>
      <td>Sustaining Positive Engagement and Recovery (SUPEREDEN) - Improving social ...</td>
      <td>Other</td>
      <td>Adult</td>
      <td>150</td>
    </tr>
    <tr>
      <td><a href='https://www.isrctn.com/ISRCTN22608399' target='_blank'><div>ISRCTN22608399</div></a></td>
      <td>A social network intervention for opiate users</td>
      <td>Other</td>
      <td>Adult</td>
      <td>120</td>
    </tr>
  </tbody>
</table>"
1043,-283579.01118167577,6710334.478059256,University of the West of England,51.5006453,-2.5474336,4.0,9.613531161467861,"<table border=""1"" class=""dataframe"">
  <thead>
    <tr style=""text-align: left;"">
      <th>ISRCTN link</th>
      <th>Title</th>
      <th>Intervention type</th>
      <th>Age group</th>
      <th>Target number of participants</th>
    </tr>
  </thead>
  <tbody>
    <tr>
      <td><a href='https://www.isrctn.com/ISRCTN78958013' target='_blank'><div>ISRCTN78958013</div></a></td>
      <td>Mnemic neglect and past memories in dementia</td>
      <td>Other</td>
      <td>Adult</td>
      <td>30</td>
    </tr>
    <tr>
      <td><a href='https://www.isrctn.com/ISRCTN54996662' target='_blank'><div>ISRCTN54996662</div></a></td>
      <td>The psychological impacts of nostalgia for people with dementia</td>
      <td>Other</td>
      <td>Adult</td>
      <td>84</td>
    </tr>
    <tr>
      <td><a href='https://www.isrctn.com/ISRCTN40650639' target='_blank'><div>ISRCTN40650639</div></a></td>
      <td>An online psychosocial intervention for young people with appearance-alteri...</td>
      <td>Other</td>
      <td>Child</td>
      <td>60</td>
    </tr>
    <tr>
      <td><a href='https://www.isrctn.com/ISRCTN75633164' target='_blank'><div>ISRCTN75633164</div></a></td>
      <td>A comparative evaluation of Lavender (Lavendula augustifolia) and Geranium ...</td>
      <td>Other</td>
      <td>Adult</td>
      <td>12</td>
    </tr>
  </tbody>
</table>"
1049,-9540.147152678022,6597305.592304736,Brighton and Sussex Medical School,50.8641901,-0.0857006,1.0,1.0,"<table border=""1"" class=""dataframe"">
  <thead>
    <tr style=""text-align: left;"">
      <th>ISRCTN link</th>
      <th>Title</th>
      <th>Intervention type</th>
      <th>Age group</th>
      <th>Target number of participants</th>
    </tr>
  </thead>
  <tbody>
    <tr>
      <td><a href='https://www.isrctn.com/ISRCTN57199411' target='_blank'><div>ISRCTN57199411</div></a></td>
      <td>Anxiety Symptoms Prevention Investigation (ASPI): Transmission of anxiety f...</td>
      <td>Other</td>
      <td>Adult</td>
      <td>228</td>
    </tr>
  </tbody>
</table>"
1055,-10802.39885878295,6719254.491436755,Mobile Telecommunications and Health Research programme,51.5504993,-0.09703959999999999,1.0,1.0,"<table border=""1"" class=""dataframe"">
  <thead>
    <tr style=""text-align: left;"">
      <th>ISRCTN link</th>
      <th>Title</th>
      <th>Intervention type</th>
      <th>Age group</th>
      <th>Target number of participants</th>
    </tr>
  </thead>
  <tbody>
    <tr>
      <td><a href='https://www.isrctn.com/ISRCTN81432775' target='_blank'><div>ISRCTN81432775</div></a></td>
      <td>The effect of mobile phone use on symptoms and neuroendocrine function in '...</td>
      <td>Other</td>
      <td>Adult</td>
      <td>120</td>
    </tr>
  </tbody>
</table>"
1058,139253.04646531685,6920266.374485449,Norfolk and Suffolk NHS Foundation Trust,52.6595275,1.2509314,2.0,5.306765580733931,"<table border=""1"" class=""dataframe"">
  <thead>
    <tr style=""text-align: left;"">
      <th>ISRCTN link</th>
      <th>Title</th>
      <th>Intervention type</th>
      <th>Age group</th>
      <th>Target number of participants</th>
    </tr>
  </thead>
  <tbody>
    <tr>
      <td><a href='https://www.isrctn.com/ISRCTN82180413' target='_blank'><div>ISRCTN82180413</div></a></td>
      <td>Interpersonal counselling for adolescent low mood</td>
      <td>Behavioural</td>
      <td>Child</td>
      <td>82</td>
    </tr>
    <tr>
      <td><a href='https://www.isrctn.com/ISRCTN16862589' target='_blank'><div>ISRCTN16862589</div></a></td>
      <td>Brief Education Supported Treatment for adolescent borderline personality d...</td>
      <td>Behavioural</td>
      <td>Adult</td>
      <td>66</td>
    </tr>
  </tbody>
</table>"
1062,-694849.3151953882,7038780.027262365,National Programme on Forensic Mental Health Research and Development,53.3005169,-6.2419376,1.0,1.0,"<table border=""1"" class=""dataframe"">
  <thead>
    <tr style=""text-align: left;"">
      <th>ISRCTN link</th>
      <th>Title</th>
      <th>Intervention type</th>
      <th>Age group</th>
      <th>Target number of participants</th>
    </tr>
  </thead>
  <tbody>
    <tr>
      <td><a href='https://www.isrctn.com/ISRCTN96256106' target='_blank'><div>ISRCTN96256106</div></a></td>
      <td>The effect of nidotherapy on antisocial behaviour and attitudes to interven...</td>
      <td>Other</td>
      <td>Not Specified</td>
      <td>40</td>
    </tr>
  </tbody>
</table>"
1064,-19516.366146640532,6718566.615471289,The Tavistock and Portman NHS Foundation Trust,51.5466567,-0.1753185,2.0,5.306765580733931,"<table border=""1"" class=""dataframe"">
  <thead>
    <tr style=""text-align: left;"">
      <th>ISRCTN link</th>
      <th>Title</th>
      <th>Intervention type</th>
      <th>Age group</th>
      <th>Target number of participants</th>
    </tr>
  </thead>
  <tbody>
    <tr>
      <td><a href='https://www.isrctn.com/ISRCTN06629587' target='_blank'><div>ISRCTN06629587</div></a></td>
      <td>REDIT-CT: Improving Psychodynamic Psychotherapy in Primary Care: An Evaluat...</td>
      <td>Other</td>
      <td>Adult</td>
      <td>40</td>
    </tr>
    <tr>
      <td><a href='https://www.isrctn.com/ISRCTN38209986' target='_blank'><div>ISRCTN38209986</div></a></td>
      <td>Improving Psychodynamic Psychotherapy in Primary Care: Randomised Evaluatio...</td>
      <td>Other</td>
      <td>Adult</td>
      <td>100</td>
    </tr>
  </tbody>
</table>"
1067,20893.555226989516,6833633.214348623,Cambridgeshire and Peterborough NHS Foundation Trust,52.184934,0.18769,10.0,15.306765580733934,"<table border=""1"" class=""dataframe"">
  <thead>
    <tr style=""text-align: left;"">
      <th>ISRCTN link</th>
      <th>Title</th>
      <th>Intervention type</th>
      <th>Age group</th>
      <th>Target number of participants</th>
    </tr>
  </thead>
  <tbody>
    <tr>
      <td><a href='https://www.isrctn.com/ISRCTN44411633' target='_blank'><div>ISRCTN44411633</div></a></td>
      <td>Antidepressant trial of a novel P2X7 receptor blocker JNJ-54175446</td>
      <td>Drug</td>
      <td>Adult</td>
      <td>142</td>
    </tr>
    <tr>
      <td><a href='https://www.isrctn.com/ISRCTN16942542' target='_blank'><div>ISRCTN16942542</div></a></td>
      <td>IL-6 inhibition in patients with depression and low-grade inflammation: the...</td>
      <td>Other</td>
      <td>Adult</td>
      <td>100</td>
    </tr>
    <tr>
      <td><a href='https://www.isrctn.com/ISRCTN17823155' target='_blank'><div>ISRCTN17823155</div></a></td>
      <td>Is mindfulness-based cognitive therapy a feasible additional treatment for ...</td>
      <td>Behavioural</td>
      <td>Child</td>
      <td>80</td>
    </tr>
    <tr>
      <td><a href='https://www.isrctn.com/ISRCTN93895792' target='_blank'><div>ISRCTN93895792</div></a></td>
      <td>Tailoring evidence-based therapy for people with a common mental disorder (...</td>
      <td>Behavioural</td>
      <td>Adult</td>
      <td>980</td>
    </tr>
    <tr>
      <td><a href='https://www.isrctn.com/ISRCTN16318194' target='_blank'><div>ISRCTN16318194</div></a></td>
      <td>Tailoring evidence-based psychological therapy for people with common menta...</td>
      <td>Behavioural</td>
      <td>Adult</td>
      <td>45</td>
    </tr>
    <tr>
      <td><a href='https://www.isrctn.com/ISRCTN12808402' target='_blank'><div>ISRCTN12808402</div></a></td>
      <td>Children with autism who understand more than they can say: Can training mo...</td>
      <td>Behavioural</td>
      <td>Child</td>
      <td>46</td>
    </tr>
    <tr>
      <td><a href='https://www.isrctn.com/ISRCTN75690327' target='_blank'><div>ISRCTN75690327</div></a></td>
      <td>Investigating the neural basis of inhibition, set-shifting and monitoring i...</td>
      <td>Mixed</td>
      <td>Not Specified</td>
      <td>120</td>
    </tr>
    <tr>
      <td><a href='https://www.isrctn.com/ISRCTN70185866' target='_blank'><div>ISRCTN70185866</div></a></td>
      <td>LEGS Cluster Randomized Trial: Liaison with Education and General Practices...</td>
      <td>Other</td>
      <td>Adult</td>
      <td>90</td>
    </tr>
    <tr>
      <td><a href='https://www.isrctn.com/ISRCTN84990302' target='_blank'><div>ISRCTN84990302</div></a></td>
      <td>Cortisol reactivity as a biomarker for depression</td>
      <td>Other</td>
      <td>Adult</td>
      <td>228</td>
    </tr>
    <tr>
      <td><a href='https://www.isrctn.com/ISRCTN83033550' target='_blank'><div>ISRCTN83033550</div></a></td>
      <td>Improving mood and preventing relapse with psychoanalytic psychotherapy and...</td>
      <td>Mixed</td>
      <td>Child</td>
      <td>540</td>
    </tr>
  </tbody>
</table>"
1069,-181982.13131843947,7363094.539800646,"Cumbria, Northumberland, Tyne and Wear NHS Foundation Trust",55.006329,-1.6347733,3.0,7.826061944859854,"<table border=""1"" class=""dataframe"">
  <thead>
    <tr style=""text-align: left;"">
      <th>ISRCTN link</th>
      <th>Title</th>
      <th>Intervention type</th>
      <th>Age group</th>
      <th>Target number of participants</th>
    </tr>
  </thead>
  <tbody>
    <tr>
      <td><a href='https://www.isrctn.com/ISRCTN27649427' target='_blank'><div>ISRCTN27649427</div></a></td>
      <td>Efficacy of mifepristone in the treatment of bipolar depression</td>
      <td>Drug</td>
      <td>Adult</td>
      <td>100</td>
    </tr>
    <tr>
      <td><a href='https://www.isrctn.com/ISRCTN14326119' target='_blank'><div>ISRCTN14326119</div></a></td>
      <td>Art therapy for people with learning disabilities in secure care</td>
      <td>Behavioural</td>
      <td>Adult</td>
      <td>20</td>
    </tr>
    <tr>
      <td><a href='https://www.isrctn.com/ISRCTN72151939' target='_blank'><div>ISRCTN72151939</div></a></td>
      <td>Pramipexole trial for bipolar depression</td>
      <td>Drug</td>
      <td>Adult</td>
      <td>290</td>
    </tr>
  </tbody>
</table>"
1071,-160617.34955497296,7236845.584504614,NHS North Yorkshire and York,54.3506431,-1.4428502,1.0,1.0,"<table border=""1"" class=""dataframe"">
  <thead>
    <tr style=""text-align: left;"">
      <th>ISRCTN link</th>
      <th>Title</th>
      <th>Intervention type</th>
      <th>Age group</th>
      <th>Target number of participants</th>
    </tr>
  </thead>
  <tbody>
    <tr>
      <td><a href='https://www.isrctn.com/ISRCTN96286707' target='_blank'><div>ISRCTN96286707</div></a></td>
      <td>Autism Spectrum Social Stories In Schools Trial (ASSSIST)</td>
      <td>Other</td>
      <td>Child</td>
      <td>50</td>
    </tr>
  </tbody>
</table>"
1072,-15167.358544227081,6714313.693659143,UCL and UCLH Clinical Research Facility,51.5228919,-0.1362507,1.0,1.0,"<table border=""1"" class=""dataframe"">
  <thead>
    <tr style=""text-align: left;"">
      <th>ISRCTN link</th>
      <th>Title</th>
      <th>Intervention type</th>
      <th>Age group</th>
      <th>Target number of participants</th>
    </tr>
  </thead>
  <tbody>
    <tr>
      <td><a href='https://www.isrctn.com/ISRCTN80487202' target='_blank'><div>ISRCTN80487202</div></a></td>
      <td>Dissect study: improving staff stress, job satisfaction and staff turnover ...</td>
      <td>Other</td>
      <td>Adult</td>
      <td>200</td>
    </tr>
  </tbody>
</table>"
1076,-661344.2524049889,7289926.3803097,The Northern Ireland Centre for Trauma and Transformation,54.6276137,-5.9409565,1.0,1.0,"<table border=""1"" class=""dataframe"">
  <thead>
    <tr style=""text-align: left;"">
      <th>ISRCTN link</th>
      <th>Title</th>
      <th>Intervention type</th>
      <th>Age group</th>
      <th>Target number of participants</th>
    </tr>
  </thead>
  <tbody>
    <tr>
      <td><a href='https://www.isrctn.com/ISRCTN16228473' target='_blank'><div>ISRCTN16228473</div></a></td>
      <td>A randomised controlled trial of cognitive therapy for post-traumatic stres...</td>
      <td>Other</td>
      <td>Adult</td>
      <td>60</td>
    </tr>
  </tbody>
</table>"
1077,-248229.47348442452,7069320.880100813,National Primary Care Research and Development Centre (NPCRDC),53.46416070000001,-2.2298833,1.0,1.0,"<table border=""1"" class=""dataframe"">
  <thead>
    <tr style=""text-align: left;"">
      <th>ISRCTN link</th>
      <th>Title</th>
      <th>Intervention type</th>
      <th>Age group</th>
      <th>Target number of participants</th>
    </tr>
  </thead>
  <tbody>
    <tr>
      <td><a href='https://www.isrctn.com/ISRCTN33308608' target='_blank'><div>ISRCTN33308608</div></a></td>
      <td>A pragmatic randomised controlled trial to assess the clinical effectivenes...</td>
      <td>Other</td>
      <td>Adult</td>
      <td>114</td>
    </tr>
  </tbody>
</table>"
1078,-23581.98772134155,6786435.093397633,East and North Hertfordshire NHS Trust,51.92422029999999,-0.2118406,2.0,5.306765580733931,"<table border=""1"" class=""dataframe"">
  <thead>
    <tr style=""text-align: left;"">
      <th>ISRCTN link</th>
      <th>Title</th>
      <th>Intervention type</th>
      <th>Age group</th>
      <th>Target number of participants</th>
    </tr>
  </thead>
  <tbody>
    <tr>
      <td><a href='https://www.isrctn.com/ISRCTN06146268' target='_blank'><div>ISRCTN06146268</div></a></td>
      <td>Drug treatment for depression in patients undergoing haemodialysis</td>
      <td>Drug</td>
      <td>Adult</td>
      <td>30</td>
    </tr>
    <tr>
      <td><a href='https://www.isrctn.com/ISRCTN06146268' target='_blank'><div>ISRCTN06146268</div></a></td>
      <td>Drug treatment for depression in patients undergoing haemodialysis</td>
      <td>Drug</td>
      <td>Adult</td>
      <td>30</td>
    </tr>
  </tbody>
</table>"
1083,-68886.49352176288,6739598.278812973,Oxfordshire and Buckinghamshire Mental Health NHS Foundation Trust,51.66399670000001,-0.6188178999999999,3.0,7.826061944859854,"<table border=""1"" class=""dataframe"">
  <thead>
    <tr style=""text-align: left;"">
      <th>ISRCTN link</th>
      <th>Title</th>
      <th>Intervention type</th>
      <th>Age group</th>
      <th>Target number of participants</th>
    </tr>
  </thead>
  <tbody>
    <tr>
      <td><a href='https://www.isrctn.com/ISRCTN28876952' target='_blank'><div>ISRCTN28876952</div></a></td>
      <td>Refining Individual Placement and Support (IPS-LITE)</td>
      <td>Other</td>
      <td>Adult</td>
      <td>160</td>
    </tr>
    <tr>
      <td><a href='https://www.isrctn.com/ISRCTN57363317' target='_blank'><div>ISRCTN57363317</div></a></td>
      <td>Therapeutic community intervention trial</td>
      <td>Behavioural</td>
      <td>Adult</td>
      <td>85</td>
    </tr>
    <tr>
      <td><a href='https://www.isrctn.com/ISRCTN73110773' target='_blank'><div>ISRCTN73110773</div></a></td>
      <td>Oxford Community Treatment Order Evaluation Trial</td>
      <td>Other</td>
      <td>Adult</td>
      <td>300</td>
    </tr>
  </tbody>
</table>"
1085,-406722.93621065444,7498124.142326492,The State Hospitals Board for Scotland,55.6959483,-3.6536543,1.0,1.0,"<table border=""1"" class=""dataframe"">
  <thead>
    <tr style=""text-align: left;"">
      <th>ISRCTN link</th>
      <th>Title</th>
      <th>Intervention type</th>
      <th>Age group</th>
      <th>Target number of participants</th>
    </tr>
  </thead>
  <tbody>
    <tr>
      <td><a href='https://www.isrctn.com/ISRCTN75126867' target='_blank'><div>ISRCTN75126867</div></a></td>
      <td>Feasibility randomised controlled trial of ‘On the Road to Recovery’</td>
      <td>Other</td>
      <td>Adult</td>
      <td>50</td>
    </tr>
  </tbody>
</table>"
1089,-331878.6346735846,7649997.665737251,University of Dundee and Tayside Health Board,56.4573131,-2.9813165,2.0,5.306765580733931,"<table border=""1"" class=""dataframe"">
  <thead>
    <tr style=""text-align: left;"">
      <th>ISRCTN link</th>
      <th>Title</th>
      <th>Intervention type</th>
      <th>Age group</th>
      <th>Target number of participants</th>
    </tr>
  </thead>
  <tbody>
    <tr>
      <td><a href='https://www.isrctn.com/ISRCTN07695192' target='_blank'><div>ISRCTN07695192</div></a></td>
      <td>Texting to Reduce Alcohol Misuse (TRAM)</td>
      <td>Other</td>
      <td>Adult</td>
      <td>798</td>
    </tr>
    <tr>
      <td><a href='https://www.isrctn.com/ISRCTN07695192' target='_blank'><div>ISRCTN07695192</div></a></td>
      <td>Texting to Reduce Alcohol Misuse (TRAM)</td>
      <td>Other</td>
      <td>Adult</td>
      <td>798</td>
    </tr>
  </tbody>
</table>"
1106,-15033.385537057376,6714424.190562544,University of Oxford (and Royal Free and University College Medical School),51.5235095,-0.1350472,3.0,7.826061944859854,"<table border=""1"" class=""dataframe"">
  <thead>
    <tr style=""text-align: left;"">
      <th>ISRCTN link</th>
      <th>Title</th>
      <th>Intervention type</th>
      <th>Age group</th>
      <th>Target number of participants</th>
    </tr>
  </thead>
  <tbody>
    <tr>
      <td><a href='https://www.isrctn.com/ISRCTN95026274' target='_blank'><div>ISRCTN95026274</div></a></td>
      <td>Improving the mother-infant relationship in the context of maternal eating ...</td>
      <td>Other</td>
      <td>Adult</td>
      <td>80</td>
    </tr>
    <tr>
      <td><a href='https://www.isrctn.com/ISRCTN95026274' target='_blank'><div>ISRCTN95026274</div></a></td>
      <td>Improving the mother-infant relationship in the context of maternal eating ...</td>
      <td>Other</td>
      <td>Adult</td>
      <td>80</td>
    </tr>
    <tr>
      <td><a href='https://www.isrctn.com/ISRCTN95026274' target='_blank'><div>ISRCTN95026274</div></a></td>
      <td>Improving the mother-infant relationship in the context of maternal eating ...</td>
      <td>Other</td>
      <td>Adult</td>
      <td>80</td>
    </tr>
  </tbody>
</table>"
1109,-170678.32720922545,7366610.941901791,NHS Service Delivery and Organisation Programme (SDO),55.0244404,-1.5332295,1.0,1.0,"<table border=""1"" class=""dataframe"">
  <thead>
    <tr style=""text-align: left;"">
      <th>ISRCTN link</th>
      <th>Title</th>
      <th>Intervention type</th>
      <th>Age group</th>
      <th>Target number of participants</th>
    </tr>
  </thead>
  <tbody>
    <tr>
      <td><a href='https://www.isrctn.com/ISRCTN86197914' target='_blank'><div>ISRCTN86197914</div></a></td>
      <td>Evaluation of the Threshold Assessment Grid (TAG) as a means of improving a...</td>
      <td>Other</td>
      <td>Adult</td>
      <td>73</td>
    </tr>
  </tbody>
</table>"
1113,-354819.87853786914,6706797.393335772,NHS Wales Office of Research and Development,51.48086139999999,-3.1874012,1.0,1.0,"<table border=""1"" class=""dataframe"">
  <thead>
    <tr style=""text-align: left;"">
      <th>ISRCTN link</th>
      <th>Title</th>
      <th>Intervention type</th>
      <th>Age group</th>
      <th>Target number of participants</th>
    </tr>
  </thead>
  <tbody>
    <tr>
      <td><a href='https://www.isrctn.com/ISRCTN55274820' target='_blank'><div>ISRCTN55274820</div></a></td>
      <td>The effectiveness and cost effectiveness of screening and stepped-care inte...</td>
      <td>Other</td>
      <td>Adult</td>
      <td>236</td>
    </tr>
  </tbody>
</table>"
1114,-127567.76159310335,7075055.126352661,Rotherham Doncaster and South Humber NHS Foundation Trust,53.4948158,-1.1459607,2.0,5.306765580733931,"<table border=""1"" class=""dataframe"">
  <thead>
    <tr style=""text-align: left;"">
      <th>ISRCTN link</th>
      <th>Title</th>
      <th>Intervention type</th>
      <th>Age group</th>
      <th>Target number of participants</th>
    </tr>
  </thead>
  <tbody>
    <tr>
      <td><a href='https://www.isrctn.com/ISRCTN34503872' target='_blank'><div>ISRCTN34503872</div></a></td>
      <td>Testing the effectiveness of an intervention designed to reduce burn-out an...</td>
      <td>Behavioural</td>
      <td>Adult</td>
      <td>192</td>
    </tr>
    <tr>
      <td><a href='https://www.isrctn.com/ISRCTN18197153' target='_blank'><div>ISRCTN18197153</div></a></td>
      <td>UpLift Trial: an experimental comparison of two digital health intervention...</td>
      <td>Behavioural</td>
      <td>Adult</td>
      <td>240</td>
    </tr>
  </tbody>
</table>"
1118,652463.7066311082,6768287.802449535,Radboud University Nijmegen Medical Centre (Netherlands),51.8235728,5.8611812,2.0,5.306765580733931,"<table border=""1"" class=""dataframe"">
  <thead>
    <tr style=""text-align: left;"">
      <th>ISRCTN link</th>
      <th>Title</th>
      <th>Intervention type</th>
      <th>Age group</th>
      <th>Target number of participants</th>
    </tr>
  </thead>
  <tbody>
    <tr>
      <td><a href='https://www.isrctn.com/ISRCTN95429815' target='_blank'><div>ISRCTN95429815</div></a></td>
      <td>Risperidone in children and adolescents with aggressive behaviour</td>
      <td>Drug</td>
      <td>Child</td>
      <td>264</td>
    </tr>
    <tr>
      <td><a href='https://www.isrctn.com/ISRCTN95609637' target='_blank'><div>ISRCTN95609637</div></a></td>
      <td>Relapse prevention in children and adolescents with aggressive behaviour pr...</td>
      <td>Drug</td>
      <td>Child</td>
      <td>200</td>
    </tr>
  </tbody>
</table>"
1125,-203570.49827916428,6887054.614756272,Birmingham Heartlands Hospital,52.4781907,-1.8287049,1.0,1.0,"<table border=""1"" class=""dataframe"">
  <thead>
    <tr style=""text-align: left;"">
      <th>ISRCTN link</th>
      <th>Title</th>
      <th>Intervention type</th>
      <th>Age group</th>
      <th>Target number of participants</th>
    </tr>
  </thead>
  <tbody>
    <tr>
      <td><a href='https://www.isrctn.com/ISRCTN15450239' target='_blank'><div>ISRCTN15450239</div></a></td>
      <td>A randomised controlled trial of the Solihull Approach ten week group for p...</td>
      <td>Other</td>
      <td>Adult</td>
      <td>132</td>
    </tr>
  </tbody>
</table>"
1128,-322814.92380955274,7022318.771464402,Phil Elliott (Cheshire and Wirral Partnership NHS Foundation Trust),53.2120533,-2.8998958,1.0,1.0,"<table border=""1"" class=""dataframe"">
  <thead>
    <tr style=""text-align: left;"">
      <th>ISRCTN link</th>
      <th>Title</th>
      <th>Intervention type</th>
      <th>Age group</th>
      <th>Target number of participants</th>
    </tr>
  </thead>
  <tbody>
    <tr>
      <td><a href='https://www.isrctn.com/ISRCTN15949118' target='_blank'><div>ISRCTN15949118</div></a></td>
      <td>Evaluating Team of Life: A narrative approach to building resilience in UK ...</td>
      <td>NaN</td>
      <td>Child</td>
      <td>80</td>
    </tr>
  </tbody>
</table>"
1133,-11194.265730273433,6710744.372733879,Guy's and St Thomas' Charity,51.50293740000001,-0.1005598,2.0,5.306765580733931,"<table border=""1"" class=""dataframe"">
  <thead>
    <tr style=""text-align: left;"">
      <th>ISRCTN link</th>
      <th>Title</th>
      <th>Intervention type</th>
      <th>Age group</th>
      <th>Target number of participants</th>
    </tr>
  </thead>
  <tbody>
    <tr>
      <td><a href='https://www.isrctn.com/ISRCTN62822052' target='_blank'><div>ISRCTN62822052</div></a></td>
      <td>An innovative early intervention for antisocial children with callous-unemo...</td>
      <td>Behavioural</td>
      <td>Child</td>
      <td>60</td>
    </tr>
    <tr>
      <td><a href='https://www.isrctn.com/ISRCTN22581393' target='_blank'><div>ISRCTN22581393</div></a></td>
      <td>MyHealthE (MHE): Improving the collection of electronic outcome measurement...</td>
      <td>Other</td>
      <td>Child</td>
      <td>180</td>
    </tr>
  </tbody>
</table>"
1136,-120140.48063957981,7162411.439038677,Northern and Yorkshire Research and Development Directorate,53.9590858,-1.0792403,1.0,1.0,"<table border=""1"" class=""dataframe"">
  <thead>
    <tr style=""text-align: left;"">
      <th>ISRCTN link</th>
      <th>Title</th>
      <th>Intervention type</th>
      <th>Age group</th>
      <th>Target number of participants</th>
    </tr>
  </thead>
  <tbody>
    <tr>
      <td><a href='https://www.isrctn.com/ISRCTN63835525' target='_blank'><div>ISRCTN63835525</div></a></td>
      <td>Early intervention for at-risk children: three-year follow up</td>
      <td>Other</td>
      <td>Child</td>
      <td>122</td>
    </tr>
  </tbody>
</table>"
1138,-694922.9975663443,7047121.450833473,Economic and Social Research Council,53.3452743,-6.242599500000001,2.0,5.306765580733931,"<table border=""1"" class=""dataframe"">
  <thead>
    <tr style=""text-align: left;"">
      <th>ISRCTN link</th>
      <th>Title</th>
      <th>Intervention type</th>
      <th>Age group</th>
      <th>Target number of participants</th>
    </tr>
  </thead>
  <tbody>
    <tr>
      <td><a href='https://www.isrctn.com/ISRCTN05716448' target='_blank'><div>ISRCTN05716448</div></a></td>
      <td>Walks4work: Investigating walking at lunchtime in the workplace</td>
      <td>Behavioural</td>
      <td>Adult</td>
      <td>94</td>
    </tr>
    <tr>
      <td><a href='https://www.isrctn.com/ISRCTN05716448' target='_blank'><div>ISRCTN05716448</div></a></td>
      <td>Walks4work: Investigating walking at lunchtime in the workplace</td>
      <td>Behavioural</td>
      <td>Adult</td>
      <td>94</td>
    </tr>
  </tbody>
</table>"
1141,-357910.6864636426,6724285.077141766,"Department for Children, Schools and Families (DCSF)",51.5785912,-3.2151664,1.0,1.0,"<table border=""1"" class=""dataframe"">
  <thead>
    <tr style=""text-align: left;"">
      <th>ISRCTN link</th>
      <th>Title</th>
      <th>Intervention type</th>
      <th>Age group</th>
      <th>Target number of participants</th>
    </tr>
  </thead>
  <tbody>
    <tr>
      <td><a href='https://www.isrctn.com/ISRCTN53662728' target='_blank'><div>ISRCTN53662728</div></a></td>
      <td>Helping Children Achieve: parenting interventions enhance child relationshi...</td>
      <td>Other</td>
      <td>Child</td>
      <td>240</td>
    </tr>
  </tbody>
</table>"
1155,-224755.88868321746,7161772.340170884,North Yorkshire and York Primary Care Trust,53.9557078,-2.0190165,1.0,1.0,"<table border=""1"" class=""dataframe"">
  <thead>
    <tr style=""text-align: left;"">
      <th>ISRCTN link</th>
      <th>Title</th>
      <th>Intervention type</th>
      <th>Age group</th>
      <th>Target number of participants</th>
    </tr>
  </thead>
  <tbody>
    <tr>
      <td><a href='https://www.isrctn.com/ISRCTN77884120' target='_blank'><div>ISRCTN77884120</div></a></td>
      <td>Melatonin treatment for sleep problems in children with autism: a randomise...</td>
      <td>Drug</td>
      <td>Child</td>
      <td>32</td>
    </tr>
  </tbody>
</table>"
1168,1414045.6724445438,7569497.138330421,McNeil AB (Sweden) - formally Pharmacia and Upjohn,56.0556257,12.7025884,1.0,1.0,"<table border=""1"" class=""dataframe"">
  <thead>
    <tr style=""text-align: left;"">
      <th>ISRCTN link</th>
      <th>Title</th>
      <th>Intervention type</th>
      <th>Age group</th>
      <th>Target number of participants</th>
    </tr>
  </thead>
  <tbody>
    <tr>
      <td><a href='https://www.isrctn.com/ISRCTN03150596' target='_blank'><div>ISRCTN03150596</div></a></td>
      <td>Nicotine nasal spray for smoking cessation in primary care</td>
      <td>Other</td>
      <td>Adult</td>
      <td>1200</td>
    </tr>
  </tbody>
</table>"
1171,-477718.87842320447,7533058.605221123,"University of Glasgow, College of Medical, Veterinary and Life Sciences",55.8724135,-4.2914217,1.0,1.0,"<table border=""1"" class=""dataframe"">
  <thead>
    <tr style=""text-align: left;"">
      <th>ISRCTN link</th>
      <th>Title</th>
      <th>Intervention type</th>
      <th>Age group</th>
      <th>Target number of participants</th>
    </tr>
  </thead>
  <tbody>
    <tr>
      <td><a href='https://www.isrctn.com/ISRCTN90927910' target='_blank'><div>ISRCTN90927910</div></a></td>
      <td>Enjoy your baby, life skills for mums with new babies: a pilot randomised c...</td>
      <td>Behavioural</td>
      <td>Adult</td>
      <td>60</td>
    </tr>
  </tbody>
</table>"
1176,-9968.037011389206,6704934.488024983,"Psychology and Neuroscience (IoPPN), King's College London and South London and Maudsley NHS Foundation Trust",51.4704382,-0.0895444,2.0,5.306765580733931,"<table border=""1"" class=""dataframe"">
  <thead>
    <tr style=""text-align: left;"">
      <th>ISRCTN link</th>
      <th>Title</th>
      <th>Intervention type</th>
      <th>Age group</th>
      <th>Target number of participants</th>
    </tr>
  </thead>
  <tbody>
    <tr>
      <td><a href='https://www.isrctn.com/ISRCTN91411078' target='_blank'><div>ISRCTN91411078</div></a></td>
      <td>Autism spectrum treatment and resilience (ASTAR)</td>
      <td>Behavioural</td>
      <td>Mixed</td>
      <td>84</td>
    </tr>
    <tr>
      <td><a href='https://www.isrctn.com/ISRCTN91411078' target='_blank'><div>ISRCTN91411078</div></a></td>
      <td>Autism spectrum treatment and resilience (ASTAR)</td>
      <td>Behavioural</td>
      <td>Mixed</td>
      <td>84</td>
    </tr>
  </tbody>
</table>"
1177,-459877.069112669,7025373.799715028,Centre for Mindfulness Research and Practice,53.228485,-4.131146,1.0,1.0,"<table border=""1"" class=""dataframe"">
  <thead>
    <tr style=""text-align: left;"">
      <th>ISRCTN link</th>
      <th>Title</th>
      <th>Intervention type</th>
      <th>Age group</th>
      <th>Target number of participants</th>
    </tr>
  </thead>
  <tbody>
    <tr>
      <td><a href='https://www.isrctn.com/ISRCTN89407829' target='_blank'><div>ISRCTN89407829</div></a></td>
      <td>Neuro-cognitive effects of mindfulness training in secondary school pupils</td>
      <td>Other</td>
      <td>Child</td>
      <td>180</td>
    </tr>
  </tbody>
</table>"
1178,-331645.21996528923,7101012.144012732,Southport and Ormskirk NHS Hospital Trust,53.6333043,-2.9792197,1.0,1.0,"<table border=""1"" class=""dataframe"">
  <thead>
    <tr style=""text-align: left;"">
      <th>ISRCTN link</th>
      <th>Title</th>
      <th>Intervention type</th>
      <th>Age group</th>
      <th>Target number of participants</th>
    </tr>
  </thead>
  <tbody>
    <tr>
      <td><a href='https://www.isrctn.com/ISRCTN78062794' target='_blank'><div>ISRCTN78062794</div></a></td>
      <td>Extended Brief Interventions (EBI) for alcohol-dependent patients in an acu...</td>
      <td>Other</td>
      <td>Adult</td>
      <td>260</td>
    </tr>
  </tbody>
</table>"
1179,-122778.35182121355,6923319.518442901,"Research and Development Office, Leicestershire Partnership NHS Trust",52.6761601,-1.1029367,1.0,1.0,"<table border=""1"" class=""dataframe"">
  <thead>
    <tr style=""text-align: left;"">
      <th>ISRCTN link</th>
      <th>Title</th>
      <th>Intervention type</th>
      <th>Age group</th>
      <th>Target number of participants</th>
    </tr>
  </thead>
  <tbody>
    <tr>
      <td><a href='https://www.isrctn.com/ISRCTN33616817' target='_blank'><div>ISRCTN33616817</div></a></td>
      <td>Feasibility study on the use of telemedicine for psychiatric patients</td>
      <td>Device</td>
      <td>Adult</td>
      <td>20</td>
    </tr>
  </tbody>
</table>"
1183,-147999.39659304617,7279997.644773864,"Tees, Esk and Wear Valleys NHS Foundation Trust",54.5759491,-1.3295012,2.0,5.306765580733931,"<table border=""1"" class=""dataframe"">
  <thead>
    <tr style=""text-align: left;"">
      <th>ISRCTN link</th>
      <th>Title</th>
      <th>Intervention type</th>
      <th>Age group</th>
      <th>Target number of participants</th>
    </tr>
  </thead>
  <tbody>
    <tr>
      <td><a href='https://www.isrctn.com/ISRCTN94091479' target='_blank'><div>ISRCTN94091479</div></a></td>
      <td>Behavioural Activation in Social IsoLation (BASIL): Benefiting from activit...</td>
      <td>Behavioural</td>
      <td>Senior</td>
      <td>100</td>
    </tr>
    <tr>
      <td><a href='https://www.isrctn.com/ISRCTN11290592' target='_blank'><div>ISRCTN11290592</div></a></td>
      <td>Community pharmacies mood intervention study (CHEMIST)</td>
      <td>Other</td>
      <td>Adult</td>
      <td>130</td>
    </tr>
  </tbody>
</table>"
1192,-14827.812031357762,6709852.226837003,Department of Health,51.49794844005473,-0.13320050177820006,44.0,24.512492185517644,"<table border=""1"" class=""dataframe"">
  <thead>
    <tr style=""text-align: left;"">
      <th>ISRCTN link</th>
      <th>Title</th>
      <th>Intervention type</th>
      <th>Age group</th>
      <th>Target number of participants</th>
    </tr>
  </thead>
  <tbody>
    <tr>
      <td><a href='https://www.isrctn.com/ISRCTN43769277' target='_blank'><div>ISRCTN43769277</div></a></td>
      <td>Older people's exercise intervention in residential and nursing accommodati...</td>
      <td>Behavioural</td>
      <td>Senior</td>
      <td>1000</td>
    </tr>
    <tr>
      <td><a href='https://www.isrctn.com/ISRCTN55236453' target='_blank'><div>ISRCTN55236453</div></a></td>
      <td>Evaluation of CBT in older persons with anxiety: a pilot study</td>
      <td>Other</td>
      <td>Senior</td>
      <td>20</td>
    </tr>
    <tr>
      <td><a href='https://www.isrctn.com/ISRCTN09267489' target='_blank'><div>ISRCTN09267489</div></a></td>
      <td>A randomised controlled trial to investigate the effectiveness of the healt...</td>
      <td>Drug</td>
      <td>Adult</td>
      <td>480</td>
    </tr>
    <tr>
      <td><a href='https://www.isrctn.com/ISRCTN43745646' target='_blank'><div>ISRCTN43745646</div></a></td>
      <td>Delivering interventions for obsessive compulsive disorder (OCD) through a ...</td>
      <td>Other</td>
      <td>Not Specified</td>
      <td>60</td>
    </tr>
    <tr>
      <td><a href='https://www.isrctn.com/ISRCTN75768347' target='_blank'><div>ISRCTN75768347</div></a></td>
      <td>A pilot study to evaluate a Guided Self-Help Programme for people who have ...</td>
      <td>Other</td>
      <td>Adult</td>
      <td>25</td>
    </tr>
    <tr>
      <td><a href='https://www.isrctn.com/ISRCTN84594746' target='_blank'><div>ISRCTN84594746</div></a></td>
      <td>Proposal for pilot randomised controlled trial of pelvic floor exercises fo...</td>
      <td>Other</td>
      <td>Adult</td>
      <td>30</td>
    </tr>
    <tr>
      <td><a href='https://www.isrctn.com/ISRCTN85746281' target='_blank'><div>ISRCTN85746281</div></a></td>
      <td>Building Oral Language Skills to Support Literacy and Academic attainment o...</td>
      <td>Other</td>
      <td>Child</td>
      <td>60</td>
    </tr>
    <tr>
      <td><a href='https://www.isrctn.com/ISRCTN72416821' target='_blank'><div>ISRCTN72416821</div></a></td>
      <td>Modernising teams service delivery: implementing the NICE schizophrenia gui...</td>
      <td>Other</td>
      <td>Not Specified</td>
      <td>100</td>
    </tr>
    <tr>
      <td><a href='https://www.isrctn.com/ISRCTN78427302' target='_blank'><div>ISRCTN78427302</div></a></td>
      <td>Effectiveness of a computerised cognitive behavioural therapy programme (Ov...</td>
      <td>Other</td>
      <td>Not Specified</td>
      <td>40</td>
    </tr>
    <tr>
      <td><a href='https://www.isrctn.com/ISRCTN45002938' target='_blank'><div>ISRCTN45002938</div></a></td>
      <td>A random controlled trial to compare the efficacy of a brief psycho-educati...</td>
      <td>Other</td>
      <td>Not Specified</td>
      <td>60</td>
    </tr>
    <tr>
      <td><a href='https://www.isrctn.com/ISRCTN27372325' target='_blank'><div>ISRCTN27372325</div></a></td>
      <td>A randomised placebo-controlled trial of polyunsaturated omega-3 fatty acid...</td>
      <td>Supplement</td>
      <td>Senior</td>
      <td>50</td>
    </tr>
    <tr>
      <td><a href='https://www.isrctn.com/ISRCTN79581843' target='_blank'><div>ISRCTN79581843</div></a></td>
      <td>A study to develop a brief motivational interviewing technique to combat st...</td>
      <td>Other</td>
      <td>Not Specified</td>
      <td>100</td>
    </tr>
    <tr>
      <td><a href='https://www.isrctn.com/ISRCTN75811340' target='_blank'><div>ISRCTN75811340</div></a></td>
      <td>A pilot randomised trial to compare a new alcohol detoxification technique ...</td>
      <td>Other</td>
      <td>Not Specified</td>
      <td>40</td>
    </tr>
    <tr>
      <td><a href='https://www.isrctn.com/ISRCTN14801647' target='_blank'><div>ISRCTN14801647</div></a></td>
      <td>Is the use of invasive acupuncture useful in treating hyperventilation synd...</td>
      <td>Other</td>
      <td>Not Specified</td>
      <td>24</td>
    </tr>
    <tr>
      <td><a href='https://www.isrctn.com/ISRCTN34254423' target='_blank'><div>ISRCTN34254423</div></a></td>
      <td>Pilot trial to assess the feasibility and response rates for an RCT evaluat...</td>
      <td>Other</td>
      <td>Adult</td>
      <td>800</td>
    </tr>
    <tr>
      <td><a href='https://www.isrctn.com/ISRCTN60630970' target='_blank'><div>ISRCTN60630970</div></a></td>
      <td>Perioperative anxiety: a comparison between diazepam and propranolol</td>
      <td>Other</td>
      <td>Not Specified</td>
      <td>80</td>
    </tr>
    <tr>
      <td><a href='https://www.isrctn.com/ISRCTN62397000' target='_blank'><div>ISRCTN62397000</div></a></td>
      <td>A new practical self-help intervention to enable alcoholics and opiate addi...</td>
      <td>Other</td>
      <td>Adult</td>
      <td>0</td>
    </tr>
    <tr>
      <td><a href='https://www.isrctn.com/ISRCTN96457572' target='_blank'><div>ISRCTN96457572</div></a></td>
      <td>A pilot randomised controlled trial (RCT) assessing the effectiveness of a ...</td>
      <td>Other</td>
      <td>Not Specified</td>
      <td>30</td>
    </tr>
    <tr>
      <td><a href='https://www.isrctn.com/ISRCTN93311365' target='_blank'><div>ISRCTN93311365</div></a></td>
      <td>A pilot study of the effects of applying Turkington and Kingdon's Normalizi...</td>
      <td>Behavioural</td>
      <td>Not Specified</td>
      <td>0</td>
    </tr>
    <tr>
      <td><a href='https://www.isrctn.com/ISRCTN65629191' target='_blank'><div>ISRCTN65629191</div></a></td>
      <td>An examination of injecting behaviour among injecting drug users in West Su...</td>
      <td>Other</td>
      <td>Adult</td>
      <td>50</td>
    </tr>
    <tr>
      <td><a href='https://www.isrctn.com/ISRCTN16479417' target='_blank'><div>ISRCTN16479417</div></a></td>
      <td>Antidepressant drug therapy vs a community-based psychosocial intervention ...</td>
      <td>Drug</td>
      <td>Adult</td>
      <td>0</td>
    </tr>
    <tr>
      <td><a href='https://www.isrctn.com/ISRCTN54567688' target='_blank'><div>ISRCTN54567688</div></a></td>
      <td>Acute effects of modafinil on cognitive function and activation of prefront...</td>
      <td>Drug</td>
      <td>Not Specified</td>
      <td>30</td>
    </tr>
    <tr>
      <td><a href='https://www.isrctn.com/ISRCTN51232664' target='_blank'><div>ISRCTN51232664</div></a></td>
      <td>A randomized controlled trial of venlafaxine versus placebo for depression ...</td>
      <td>Drug</td>
      <td>Not Specified</td>
      <td>0</td>
    </tr>
    <tr>
      <td><a href='https://www.isrctn.com/ISRCTN77981324' target='_blank'><div>ISRCTN77981324</div></a></td>
      <td>Randomised controlled trial of a telephone support 'help card' versus usual...</td>
      <td>Other</td>
      <td>Adult</td>
      <td>0</td>
    </tr>
    <tr>
      <td><a href='https://www.isrctn.com/ISRCTN68013485' target='_blank'><div>ISRCTN68013485</div></a></td>
      <td>Parental satisfaction with interventions for childhood ADHD/hyperkinetic di...</td>
      <td>Other</td>
      <td>Not Specified</td>
      <td>60</td>
    </tr>
    <tr>
      <td><a href='https://www.isrctn.com/ISRCTN60697881' target='_blank'><div>ISRCTN60697881</div></a></td>
      <td>An investigation into the associational factors underlying the high proport...</td>
      <td>Other</td>
      <td>Not Specified</td>
      <td>0</td>
    </tr>
    <tr>
      <td><a href='https://www.isrctn.com/ISRCTN60367715' target='_blank'><div>ISRCTN60367715</div></a></td>
      <td>A study of the long-term and short-term efects of Snoezelen and Reminiscenc...</td>
      <td>Other</td>
      <td>Senior</td>
      <td>20</td>
    </tr>
    <tr>
      <td><a href='https://www.isrctn.com/ISRCTN18871417' target='_blank'><div>ISRCTN18871417</div></a></td>
      <td>Pilot study to assess the feasibility of running a randomised controlled tr...</td>
      <td>Other</td>
      <td>Child</td>
      <td>1400</td>
    </tr>
    <tr>
      <td><a href='https://www.isrctn.com/ISRCTN65613466' target='_blank'><div>ISRCTN65613466</div></a></td>
      <td>Evaluation of new day hospital for acute treatment: a one year follow up</td>
      <td>Other</td>
      <td>Adult</td>
      <td>240</td>
    </tr>
    <tr>
      <td><a href='https://www.isrctn.com/ISRCTN53104648' target='_blank'><div>ISRCTN53104648</div></a></td>
      <td>Transcranial magnetic stimulation (TMS) in the treatment of depression</td>
      <td>Other</td>
      <td>Adult</td>
      <td>0</td>
    </tr>
    <tr>
      <td><a href='https://www.isrctn.com/ISRCTN84604889' target='_blank'><div>ISRCTN84604889</div></a></td>
      <td>Impact of nefazodone on sleep architecture in insomnia</td>
      <td>Other</td>
      <td>Adult</td>
      <td>0</td>
    </tr>
    <tr>
      <td><a href='https://www.isrctn.com/ISRCTN74134952' target='_blank'><div>ISRCTN74134952</div></a></td>
      <td>The treatment of anxiety and depression in primary care: a comparison of co...</td>
      <td>Other</td>
      <td>Not Specified</td>
      <td>90</td>
    </tr>
    <tr>
      <td><a href='https://www.isrctn.com/ISRCTN72210184' target='_blank'><div>ISRCTN72210184</div></a></td>
      <td>A double-blind randomised controlled trial of repetitive Transcranial Magne...</td>
      <td>Other</td>
      <td>Adult</td>
      <td>126</td>
    </tr>
    <tr>
      <td><a href='https://www.isrctn.com/ISRCTN74743772' target='_blank'><div>ISRCTN74743772</div></a></td>
      <td>An investigation into the merits of using a computer in the clinical assess...</td>
      <td>Other</td>
      <td>Child</td>
      <td>0</td>
    </tr>
    <tr>
      <td><a href='https://www.isrctn.com/ISRCTN35514992' target='_blank'><div>ISRCTN35514992</div></a></td>
      <td>Randomised controlled trial and economic evaluation of two alternative stra...</td>
      <td>Other</td>
      <td>Adult</td>
      <td>731</td>
    </tr>
    <tr>
      <td><a href='https://www.isrctn.com/ISRCTN70300925' target='_blank'><div>ISRCTN70300925</div></a></td>
      <td>Effectiveness of counselling, cognitive behavioural therapy and GP care for...</td>
      <td>Other</td>
      <td>Adult</td>
      <td>197</td>
    </tr>
    <tr>
      <td><a href='https://www.isrctn.com/ISRCTN14453847' target='_blank'><div>ISRCTN14453847</div></a></td>
      <td>A randomised controlled trial to compare the cost-effectiveness of tricycli...</td>
      <td>Drug</td>
      <td>Not Specified</td>
      <td>327</td>
    </tr>
    <tr>
      <td><a href='https://www.isrctn.com/ISRCTN33419176' target='_blank'><div>ISRCTN33419176</div></a></td>
      <td>Cost utility of the latest antipsychotics in severe schizophrenia (CUtLASS)...</td>
      <td>Drug</td>
      <td>Adult</td>
      <td>227</td>
    </tr>
    <tr>
      <td><a href='https://www.isrctn.com/ISRCTN92195776' target='_blank'><div>ISRCTN92195776</div></a></td>
      <td>Psychological interventions for postnatal depression - randomised controlle...</td>
      <td>Other</td>
      <td>Adult</td>
      <td>4000</td>
    </tr>
    <tr>
      <td><a href='https://www.isrctn.com/ISRCTN33231235' target='_blank'><div>ISRCTN33231235</div></a></td>
      <td>Psychological treatment in the regulation of long-term hypnotic drug use</td>
      <td>Other</td>
      <td>Adult</td>
      <td>209</td>
    </tr>
    <tr>
      <td><a href='https://www.isrctn.com/ISRCTN93023252' target='_blank'><div>ISRCTN93023252</div></a></td>
      <td>A randomised controlled trial to evaluate the efficacy and cost-effectivene...</td>
      <td>Other</td>
      <td>Adult</td>
      <td>181</td>
    </tr>
    <tr>
      <td><a href='https://www.isrctn.com/ISRCTN83809224' target='_blank'><div>ISRCTN83809224</div></a></td>
      <td>Randomised trial of fluoxetine and cognitive-behavioural therapy (CBT) vers...</td>
      <td>Drug</td>
      <td>Child</td>
      <td>200</td>
    </tr>
    <tr>
      <td><a href='https://www.isrctn.com/ISRCTN01016789' target='_blank'><div>ISRCTN01016789</div></a></td>
      <td>Trial of problem-solving by community psychiatric nurses (CPNs) for anxiety...</td>
      <td>Other</td>
      <td>Adult</td>
      <td>247</td>
    </tr>
    <tr>
      <td><a href='https://www.isrctn.com/ISRCTN67096930' target='_blank'><div>ISRCTN67096930</div></a></td>
      <td>Clinical effectiveness and cost of repetitive transcranial magnetic stimula...</td>
      <td>Other</td>
      <td>Adult</td>
      <td>46</td>
    </tr>
  </tbody>
</table>"
1194,-15549.303072546925,6716278.93059565,British Heart Foundation,51.53387494245585,-0.13968176607475538,1.0,1.0,"<table border=""1"" class=""dataframe"">
  <thead>
    <tr style=""text-align: left;"">
      <th>ISRCTN link</th>
      <th>Title</th>
      <th>Intervention type</th>
      <th>Age group</th>
      <th>Target number of participants</th>
    </tr>
  </thead>
  <tbody>
    <tr>
      <td><a href='https://www.isrctn.com/ISRCTN05716448' target='_blank'><div>ISRCTN05716448</div></a></td>
      <td>Walks4work: Investigating walking at lunchtime in the workplace</td>
      <td>Behavioural</td>
      <td>Adult</td>
      <td>94</td>
    </tr>
  </tbody>
</table>"
1196,-12836.506018003305,6724440.634690489,Public Health England,51.57945959103407,-0.11531229550664585,2.0,5.306765580733931,"<table border=""1"" class=""dataframe"">
  <thead>
    <tr style=""text-align: left;"">
      <th>ISRCTN link</th>
      <th>Title</th>
      <th>Intervention type</th>
      <th>Age group</th>
      <th>Target number of participants</th>
    </tr>
  </thead>
  <tbody>
    <tr>
      <td><a href='https://www.isrctn.com/ISRCTN24159790' target='_blank'><div>ISRCTN24159790</div></a></td>
      <td>Individual and placement support for alcohol and drug dependence</td>
      <td>Behavioural</td>
      <td>Adult</td>
      <td>2400</td>
    </tr>
    <tr>
      <td><a href='https://www.isrctn.com/ISRCTN14249566' target='_blank'><div>ISRCTN14249566</div></a></td>
      <td>Comparing web-based health and appearance framed messages to increase compl...</td>
      <td>Other</td>
      <td>All</td>
      <td>75000</td>
    </tr>
  </tbody>
</table>"
