,merclng,merclat,locations,latitude,longitude,number,radius,HTML
0,-139635.47344398804,6755913.94771293,University of Oxford,51.7548164,-1.2543668,70.0,27.39738513195561,"<table border=""1"" class=""dataframe"">
  <thead>
    <tr style=""text-align: left;"">
      <th>ISRCTN link</th>
      <th>Title</th>
      <th>Condition category</th>
      <th>Age group</th>
      <th>Target number of participants</th>
    </tr>
  </thead>
  <tbody>
    <tr>
      <td><a href='https://www.isrctn.com/ISRCTN80472712' target='_blank'><div>ISRCTN80472712</div></a></td>
      <td>Testing IMM60 in combination with pembrolizumab in melanoma and non-small c...</td>
      <td>Cancer</td>
      <td>Adult</td>
      <td>12</td>
    </tr>
    <tr>
      <td><a href='https://www.isrctn.com/ISRCTN11713182' target='_blank'><div>ISRCTN11713182</div></a></td>
      <td>Testing the effectiveness of almitrine bismesylate in the treatment of COVI...</td>
      <td>Infections and Infestations</td>
      <td>Adult</td>
      <td>116</td>
    </tr>
    <tr>
      <td><a href='https://www.isrctn.com/ISRCTN33260034' target='_blank'><div>ISRCTN33260034</div></a></td>
      <td>Adalimumab for coronavirus in community care</td>
      <td>Infections and Infestations</td>
      <td>Adult</td>
      <td>750</td>
    </tr>
    <tr>
      <td><a href='https://www.isrctn.com/ISRCTN10207947' target='_blank'><div>ISRCTN10207947</div></a></td>
      <td>Study of chloroquine/hydroxychloroquine and coronavirus disease (COVID-19) ...</td>
      <td>Infections and Infestations</td>
      <td>Adult</td>
      <td>40000</td>
    </tr>
    <tr>
      <td><a href='https://www.isrctn.com/ISRCTN50189673' target='_blank'><div>ISRCTN50189673</div></a></td>
      <td>A randomised trial of treatments to prevent death in patients hospitalised ...</td>
      <td>Infections and Infestations</td>
      <td>All</td>
      <td>15000</td>
    </tr>
    <tr>
      <td><a href='https://www.isrctn.com/ISRCTN86534580' target='_blank'><div>ISRCTN86534580</div></a></td>
      <td>PRINCIPLE: A trial evaluating treatments for suspected COVID-19 in people a...</td>
      <td>Infections and Infestations</td>
      <td>Adult</td>
      <td>3000</td>
    </tr>
    <tr>
      <td><a href='https://www.isrctn.com/ISRCTN84666271' target='_blank'><div>ISRCTN84666271</div></a></td>
      <td>Is pramipexole effective as an add-on treatment for people with treatment-r...</td>
      <td>Mental and Behavioural Disorders</td>
      <td>Adult</td>
      <td>204</td>
    </tr>
    <tr>
      <td><a href='https://www.isrctn.com/ISRCTN16739990' target='_blank'><div>ISRCTN16739990</div></a></td>
      <td>A feasibility study to test how effective is it to treat patients with mild...</td>
      <td>Musculoskeletal Diseases</td>
      <td>Adult</td>
      <td>60</td>
    </tr>
    <tr>
      <td><a href='https://www.isrctn.com/ISRCTN52803645' target='_blank'><div>ISRCTN52803645</div></a></td>
      <td>Decongestants in Obstructive Sleep Apnoea (DOSA)</td>
      <td>Respiratory</td>
      <td>Adult</td>
      <td>232</td>
    </tr>
    <tr>
      <td><a href='https://www.isrctn.com/ISRCTN84434175' target='_blank'><div>ISRCTN84434175</div></a></td>
      <td>Trial of ipilimumab immunotherapy in recently diagnosed glioblastoma brain ...</td>
      <td>Cancer</td>
      <td>Adult</td>
      <td>120</td>
    </tr>
    <tr>
      <td><a href='https://www.isrctn.com/ISRCTN13721808' target='_blank'><div>ISRCTN13721808</div></a></td>
      <td>Intravenous iron to treat anaemia following critical care</td>
      <td>Haematological Disorders</td>
      <td>Adult</td>
      <td>130</td>
    </tr>
    <tr>
      <td><a href='https://www.isrctn.com/ISRCTN14015902' target='_blank'><div>ISRCTN14015902</div></a></td>
      <td>Managing Avascular Necrosis Treatments: an Investigational Study (MANTIS)</td>
      <td>Musculoskeletal Diseases</td>
      <td>Adult</td>
      <td>280</td>
    </tr>
    <tr>
      <td><a href='https://www.isrctn.com/ISRCTN33631053' target='_blank'><div>ISRCTN33631053</div></a></td>
      <td>The Oxford study of calcium channel antagonism, cognition, mood instability...</td>
      <td>Mental and Behavioural Disorders</td>
      <td>Adult</td>
      <td>40</td>
    </tr>
    <tr>
      <td><a href='https://www.isrctn.com/ISRCTN14593637' target='_blank'><div>ISRCTN14593637</div></a></td>
      <td>Inhaled furosemide for dyspnoea relief in advanced heart failure</td>
      <td>Circulatory System</td>
      <td>Adult</td>
      <td>40</td>
    </tr>
    <tr>
      <td><a href='https://www.isrctn.com/ISRCTN15073006' target='_blank'><div>ISRCTN15073006</div></a></td>
      <td>Lowering Events in Non-proliferative retinopathy in Scotland</td>
      <td>Nutritional, Metabolic, Endocrine</td>
      <td>Adult</td>
      <td>1060</td>
    </tr>
    <tr>
      <td><a href='https://www.isrctn.com/ISRCTN16539266' target='_blank'><div>ISRCTN16539266</div></a></td>
      <td>GRASP - Getting it right: addressing shoulder pain</td>
      <td>Musculoskeletal Diseases</td>
      <td>Adult</td>
      <td>704</td>
    </tr>
    <tr>
      <td><a href='https://www.isrctn.com/ISRCTN94854860' target='_blank'><div>ISRCTN94854860</div></a></td>
      <td>Can losartan enhance the effects of cognitive behavioural therapy in the tr...</td>
      <td>Mental and Behavioural Disorders</td>
      <td>Adult</td>
      <td>40</td>
    </tr>
    <tr>
      <td><a href='https://www.isrctn.com/ISRCTN27786905' target='_blank'><div>ISRCTN27786905</div></a></td>
      <td>Repurposing anti-TNF for treating Dupuytren’s disease</td>
      <td>Skin and Connective Tissue Diseases</td>
      <td>Adult</td>
      <td>178</td>
    </tr>
    <tr>
      <td><a href='https://www.isrctn.com/ISRCTN27908921' target='_blank'><div>ISRCTN27908921</div></a></td>
      <td>Antivirals for influenza-like illness? Are they effective?</td>
      <td>Infections and Infestations</td>
      <td>Mixed</td>
      <td>675</td>
    </tr>
    <tr>
      <td><a href='https://www.isrctn.com/ISRCTN50083238' target='_blank'><div>ISRCTN50083238</div></a></td>
      <td>Systemic therapy and chemoradiation in advanced localised pancreatic cancer...</td>
      <td>Cancer</td>
      <td>Adult</td>
      <td>195</td>
    </tr>
    <tr>
      <td><a href='https://www.isrctn.com/ISRCTN18043777' target='_blank'><div>ISRCTN18043777</div></a></td>
      <td>MEK and MET Inhibition in Colorectal Cancer</td>
      <td>Cancer</td>
      <td>Adult</td>
      <td>148</td>
    </tr>
    <tr>
      <td><a href='https://www.isrctn.com/ISRCTN91624955' target='_blank'><div>ISRCTN91624955</div></a></td>
      <td>OxLith: exploration of the short-term physical and psychological effects of...</td>
      <td>Mental and Behavioural Disorders</td>
      <td>Adult</td>
      <td>40</td>
    </tr>
    <tr>
      <td><a href='https://www.isrctn.com/ISRCTN82138287' target='_blank'><div>ISRCTN82138287</div></a></td>
      <td>A Mechanistic Study Of Mifamurtide (MTPPE) In Patients With Metastatic And/...</td>
      <td>Cancer</td>
      <td>Adult</td>
      <td>40</td>
    </tr>
    <tr>
      <td><a href='https://www.isrctn.com/ISRCTN94236001' target='_blank'><div>ISRCTN94236001</div></a></td>
      <td>LINES: Eurosarc trial of LINsitinib in advanced Ewing Sarcoma</td>
      <td>Cancer</td>
      <td>Adult</td>
      <td>40</td>
    </tr>
    <tr>
      <td><a href='https://www.isrctn.com/ISRCTN11958993' target='_blank'><div>ISRCTN11958993</div></a></td>
      <td>UK Heart and Renal Protection (UK HARP-III)</td>
      <td>Urological and Genital Diseases</td>
      <td>Adult</td>
      <td>400</td>
    </tr>
    <tr>
      <td><a href='https://www.isrctn.com/ISRCTN70714783' target='_blank'><div>ISRCTN70714783</div></a></td>
      <td>The early use of antibiotics for at risk children with influenza</td>
      <td>Respiratory</td>
      <td>Child</td>
      <td>650</td>
    </tr>
    <tr>
      <td><a href='https://www.isrctn.com/ISRCTN39052741' target='_blank'><div>ISRCTN39052741</div></a></td>
      <td>Exploratory study of a ketogenic dietary supplement in dementia</td>
      <td>Mental and Behavioural Disorders</td>
      <td>Senior</td>
      <td>24</td>
    </tr>
    <tr>
      <td><a href='https://www.isrctn.com/ISRCTN40519356' target='_blank'><div>ISRCTN40519356</div></a></td>
      <td>Protection against Pneumococcal infection in children with T1DM</td>
      <td>Nutritional, Metabolic, Endocrine</td>
      <td>Child</td>
      <td>50</td>
    </tr>
    <tr>
      <td><a href='https://www.isrctn.com/ISRCTN88261002' target='_blank'><div>ISRCTN88261002</div></a></td>
      <td>Enteral LactoFerrin In Neonates</td>
      <td>Digestive System</td>
      <td>Neonate</td>
      <td>2200</td>
    </tr>
    <tr>
      <td><a href='https://www.isrctn.com/ISRCTN99153976' target='_blank'><div>ISRCTN99153976</div></a></td>
      <td>Amiloride Clinical Trial in Optic Neuritis</td>
      <td>Eye Diseases</td>
      <td>Adult</td>
      <td>46</td>
    </tr>
    <tr>
      <td><a href='https://www.isrctn.com/ISRCTN17435450' target='_blank'><div>ISRCTN17435450</div></a></td>
      <td>Treatment Options without Antibiotics for Sore Throat (TOAST)</td>
      <td>Respiratory</td>
      <td>Adult</td>
      <td>510</td>
    </tr>
    <tr>
      <td><a href='https://www.isrctn.com/ISRCTN04813360' target='_blank'><div>ISRCTN04813360</div></a></td>
      <td>A CR-UK phase I study of BKM120 in patients with non-small cell lung cancer...</td>
      <td>Cancer</td>
      <td>Adult</td>
      <td>2</td>
    </tr>
    <tr>
      <td><a href='https://www.isrctn.com/ISRCTN19652633' target='_blank'><div>ISRCTN19652633</div></a></td>
      <td>An international study designed to answer reliably whether, for women who h...</td>
      <td>Cancer</td>
      <td>Adult</td>
      <td>15262</td>
    </tr>
    <tr>
      <td><a href='https://www.isrctn.com/ISRCTN68093791' target='_blank'><div>ISRCTN68093791</div></a></td>
      <td>Safety study of AZD8931 for oesophago-gastric cancer</td>
      <td>Cancer</td>
      <td>Adult</td>
      <td>54</td>
    </tr>
    <tr>
      <td><a href='https://www.isrctn.com/ISRCTN43327231' target='_blank'><div>ISRCTN43327231</div></a></td>
      <td>Paclitaxel with or without GSK1120212 for treatment of melanoma</td>
      <td>Cancer</td>
      <td>Adult</td>
      <td>98</td>
    </tr>
    <tr>
      <td><a href='https://www.isrctn.com/ISRCTN20253034' target='_blank'><div>ISRCTN20253034</div></a></td>
      <td>A randomised double blind phase 2 trial of whole brain radiotherapy with or...</td>
      <td>Cancer</td>
      <td>Adult</td>
      <td>86</td>
    </tr>
    <tr>
      <td><a href='https://www.isrctn.com/ISRCTN63150635' target='_blank'><div>ISRCTN63150635</div></a></td>
      <td>6-mercaptopurine (6MP) and low-dose methotrexate in patients with known BRC...</td>
      <td>Cancer</td>
      <td>Adult</td>
      <td>65</td>
    </tr>
    <tr>
      <td><a href='https://www.isrctn.com/ISRCTN88860946' target='_blank'><div>ISRCTN88860946</div></a></td>
      <td>Single arm NCRI feasibility study of Cyclophosphamide, Hydroxydaunorubicin,...</td>
      <td>Cancer</td>
      <td>Adult</td>
      <td>35</td>
    </tr>
    <tr>
      <td><a href='https://www.isrctn.com/ISRCTN48678192' target='_blank'><div>ISRCTN48678192</div></a></td>
      <td>Randomized evaluation of the effects of anacetrapib through lipid-modificat...</td>
      <td>Circulatory System</td>
      <td>Senior</td>
      <td>30624</td>
    </tr>
    <tr>
      <td><a href='https://www.isrctn.com/ISRCTN89118367' target='_blank'><div>ISRCTN89118367</div></a></td>
      <td>Docetaxel with or without AZD6244 in wt BRAF advanced melanoma</td>
      <td>Cancer</td>
      <td>Adult</td>
      <td>80</td>
    </tr>
    <tr>
      <td><a href='https://www.isrctn.com/ISRCTN88894088' target='_blank'><div>ISRCTN88894088</div></a></td>
      <td>Campath, Calcineurin inhibitor reduction and Chronic allograft nephropathy</td>
      <td>Surgery</td>
      <td>Adult</td>
      <td>800</td>
    </tr>
    <tr>
      <td><a href='https://www.isrctn.com/ISRCTN93608625' target='_blank'><div>ISRCTN93608625</div></a></td>
      <td>Platelet rich plasma in Accelerated Tendo-achilles Healing</td>
      <td>Injury, Occupational Diseases, Poisoning</td>
      <td>Adult</td>
      <td>360</td>
    </tr>
    <tr>
      <td><a href='https://www.isrctn.com/ISRCTN32434568' target='_blank'><div>ISRCTN32434568</div></a></td>
      <td>OCTUMI-4: Evaluation of Mirtazapine and Folic Acid for Schizophrenia</td>
      <td>Mental and Behavioural Disorders</td>
      <td>Adult</td>
      <td>334</td>
    </tr>
    <tr>
      <td><a href='https://www.isrctn.com/ISRCTN34189114' target='_blank'><div>ISRCTN34189114</div></a></td>
      <td>A phase I study evaluating the safety and immunogenicity of a new tuberculo...</td>
      <td>Infections and Infestations</td>
      <td>Adult</td>
      <td>20</td>
    </tr>
    <tr>
      <td><a href='https://www.isrctn.com/ISRCTN12385972' target='_blank'><div>ISRCTN12385972</div></a></td>
      <td>A phase I study to assess the safety and immunogenicity of new tuberculosis...</td>
      <td>Infections and Infestations</td>
      <td>Adult</td>
      <td>36</td>
    </tr>
    <tr>
      <td><a href='https://www.isrctn.com/ISRCTN89141709' target='_blank'><div>ISRCTN89141709</div></a></td>
      <td>Swine Flu (Novel Influenza A H1N1) Vaccine Study</td>
      <td>Infections and Infestations</td>
      <td>Child</td>
      <td>1000</td>
    </tr>
    <tr>
      <td><a href='https://www.isrctn.com/ISRCTN99771026' target='_blank'><div>ISRCTN99771026</div></a></td>
      <td>The docosahexaneoic acid (DHA) Oxford Learning and Behaviour (DOLAB) Study</td>
      <td>Nutritional, Metabolic, Endocrine</td>
      <td>Child</td>
      <td>360</td>
    </tr>
    <tr>
      <td><a href='https://www.isrctn.com/ISRCTN83867919' target='_blank'><div>ISRCTN83867919</div></a></td>
      <td>FOXFIRE: an open-label randomised phase III trial of  5-Fluorouracil, OXali...</td>
      <td>Cancer</td>
      <td>Adult</td>
      <td>490</td>
    </tr>
    <tr>
      <td><a href='https://www.isrctn.com/ISRCTN44367564' target='_blank'><div>ISRCTN44367564</div></a></td>
      <td>A phase I study of lipoteichoic acid-T (LTA-T, Oncomycin™) in malignant ple...</td>
      <td>Cancer</td>
      <td>Adult</td>
      <td>14</td>
    </tr>
    <tr>
      <td><a href='https://www.isrctn.com/ISRCTN12852177' target='_blank'><div>ISRCTN12852177</div></a></td>
      <td>A randomised controlled trial to evaluate whether use of intrapleural uroki...</td>
      <td>Cancer</td>
      <td>Adult</td>
      <td>71</td>
    </tr>
    <tr>
      <td><a href='https://www.isrctn.com/ISRCTN28988273' target='_blank'><div>ISRCTN28988273</div></a></td>
      <td>Melatonin In Acute Mania Investigation (MIAMI-uk)</td>
      <td>Mental and Behavioural Disorders</td>
      <td>Adult</td>
      <td>90</td>
    </tr>
    <tr>
      <td><a href='https://www.isrctn.com/ISRCTN17054996' target='_blank'><div>ISRCTN17054996</div></a></td>
      <td>Comparative Evaluation of QUEtiapine-Lamotrigine combination versus quetiap...</td>
      <td>Mental and Behavioural Disorders</td>
      <td>Adult</td>
      <td>202</td>
    </tr>
    <tr>
      <td><a href='https://www.isrctn.com/ISRCTN29580179' target='_blank'><div>ISRCTN29580179</div></a></td>
      <td>Phase III randomised, double-blind, placebo-controlled trial of Gefitinib (...</td>
      <td>Cancer</td>
      <td>Adult</td>
      <td>450</td>
    </tr>
    <tr>
      <td><a href='https://www.isrctn.com/ISRCTN29503772' target='_blank'><div>ISRCTN29503772</div></a></td>
      <td>HPS2-THRIVE: Treatment of High density lipoprotein to Reduce the Incidence ...</td>
      <td>Circulatory System</td>
      <td>Adult</td>
      <td>25673</td>
    </tr>
    <tr>
      <td><a href='https://www.isrctn.com/ISRCTN72858898' target='_blank'><div>ISRCTN72858898</div></a></td>
      <td>Persistence of antibodies six years after priming immunisation with Meningo...</td>
      <td>Infections and Infestations</td>
      <td>Child</td>
      <td>250</td>
    </tr>
    <tr>
      <td><a href='https://www.isrctn.com/ISRCTN78768849' target='_blank'><div>ISRCTN78768849</div></a></td>
      <td>A single centre randomised clinical trial to assess the antibody response t...</td>
      <td>Infections and Infestations</td>
      <td>Adult</td>
      <td>348</td>
    </tr>
    <tr>
      <td><a href='https://www.isrctn.com/ISRCTN33288337' target='_blank'><div>ISRCTN33288337</div></a></td>
      <td>The first Therapeutic Interventions in Malignant Effusion trial</td>
      <td>Cancer</td>
      <td>Adult</td>
      <td>320</td>
    </tr>
    <tr>
      <td><a href='https://www.isrctn.com/ISRCTN47956475' target='_blank'><div>ISRCTN47956475</div></a></td>
      <td>The Effects of Folic Acid on Vascular Function in Patients with Coronary Ar...</td>
      <td>Circulatory System</td>
      <td>Adult</td>
      <td>60</td>
    </tr>
    <tr>
      <td><a href='https://www.isrctn.com/ISRCTN05689186' target='_blank'><div>ISRCTN05689186</div></a></td>
      <td>General practice study of Nicotine Replacement Therapy (NRT) assisted smoki...</td>
      <td>Mental and Behavioural Disorders</td>
      <td>Adult</td>
      <td>1000</td>
    </tr>
    <tr>
      <td><a href='https://www.isrctn.com/ISRCTN55261332' target='_blank'><div>ISRCTN55261332</div></a></td>
      <td>Bipolar Affective disorder: Lithium/ANti-Convulsant Evaluation</td>
      <td>Mental and Behavioural Disorders</td>
      <td>Adult</td>
      <td>231</td>
    </tr>
    <tr>
      <td><a href='https://www.isrctn.com/ISRCTN60635500' target='_blank'><div>ISRCTN60635500</div></a></td>
      <td>ASCEND: A study of cardiovascular events in diabetes</td>
      <td>Nutritional, Metabolic, Endocrine</td>
      <td>Adult</td>
      <td>15000</td>
    </tr>
    <tr>
      <td><a href='https://www.isrctn.com/ISRCTN30087513' target='_blank'><div>ISRCTN30087513</div></a></td>
      <td>Research to improve economical anti-rabies treatment</td>
      <td>Infections and Infestations</td>
      <td>Adult</td>
      <td>220</td>
    </tr>
    <tr>
      <td><a href='https://www.isrctn.com/ISRCTN85156844' target='_blank'><div>ISRCTN85156844</div></a></td>
      <td>Aspirin esomeprazole chemoprevention trial</td>
      <td>Digestive System</td>
      <td>Adult</td>
      <td>2513</td>
    </tr>
    <tr>
      <td><a href='https://www.isrctn.com/ISRCTN54137607' target='_blank'><div>ISRCTN54137607</div></a></td>
      <td>Study of Heart And Renal Protection</td>
      <td>Circulatory System</td>
      <td>Adult</td>
      <td>9000</td>
    </tr>
    <tr>
      <td><a href='https://www.isrctn.com/ISRCTN24616095' target='_blank'><div>ISRCTN24616095</div></a></td>
      <td>A randomised controlled trial of the angiotensin converting enzyme (ACE) in...</td>
      <td>Circulatory System</td>
      <td>Adult</td>
      <td>100</td>
    </tr>
    <tr>
      <td><a href='https://www.isrctn.com/ISRCTN45133151' target='_blank'><div>ISRCTN45133151</div></a></td>
      <td>Multicentre international study of capecitabine ± bevacizumab as adjuvant t...</td>
      <td>Cancer</td>
      <td>Adult</td>
      <td>2240</td>
    </tr>
    <tr>
      <td><a href='https://www.isrctn.com/ISRCTN98278138' target='_blank'><div>ISRCTN98278138</div></a></td>
      <td>Phase III randomised double-blind placebo controlled study of rofecoxib (VI...</td>
      <td>Cancer</td>
      <td>Adult</td>
      <td>7000</td>
    </tr>
    <tr>
      <td><a href='https://www.isrctn.com/ISRCTN94984750' target='_blank'><div>ISRCTN94984750</div></a></td>
      <td>International Neonatal Immunotherapy Study</td>
      <td>Infections and Infestations</td>
      <td>Neonate</td>
      <td>5000</td>
    </tr>
    <tr>
      <td><a href='https://www.isrctn.com/ISRCTN88876914' target='_blank'><div>ISRCTN88876914</div></a></td>
      <td>A double-blind randomized placebo-controlled trial assessing the effects of...</td>
      <td>Circulatory System</td>
      <td>Senior</td>
      <td>15000</td>
    </tr>
    <tr>
      <td><a href='https://www.isrctn.com/ISRCTN11011373' target='_blank'><div>ISRCTN11011373</div></a></td>
      <td>Inhaled furosemide for dyspnoea relief</td>
      <td>Circulatory System</td>
      <td>Adult</td>
      <td>12</td>
    </tr>
  </tbody>
</table>"
1,-67739.89163464309,6664057.162404566,Royal Surrey County Hospital NHS Foundation Trust,51.2411243,-0.6085178,3.0,7.826061944859854,"<table border=""1"" class=""dataframe"">
  <thead>
    <tr style=""text-align: left;"">
      <th>ISRCTN link</th>
      <th>Title</th>
      <th>Condition category</th>
      <th>Age group</th>
      <th>Target number of participants</th>
    </tr>
  </thead>
  <tbody>
    <tr>
      <td><a href='https://www.isrctn.com/ISRCTN13447477' target='_blank'><div>ISRCTN13447477</div></a></td>
      <td>A pilot study of the ability of povidone-iodine (PVP-I) 0.5% aqueous soluti...</td>
      <td>Infections and Infestations</td>
      <td>Adult</td>
      <td>22</td>
    </tr>
    <tr>
      <td><a href='https://www.isrctn.com/ISRCTN03274575' target='_blank'><div>ISRCTN03274575</div></a></td>
      <td>Enhanced recovery in liver resection surgery</td>
      <td>Surgery</td>
      <td>Adult</td>
      <td>90</td>
    </tr>
    <tr>
      <td><a href='https://www.isrctn.com/ISRCTN23488518' target='_blank'><div>ISRCTN23488518</div></a></td>
      <td>A randomised controlled trial to compare conception rates for preconception...</td>
      <td>Pregnancy and Childbirth</td>
      <td>Adult</td>
      <td>140</td>
    </tr>
  </tbody>
</table>"
2,-181976.75458703414,7363080.99091819,Newcastle upon Tyne Hospitals NHS Foundation Trust,55.0062592,-1.634725,33.0,22.725022968909634,"<table border=""1"" class=""dataframe"">
  <thead>
    <tr style=""text-align: left;"">
      <th>ISRCTN link</th>
      <th>Title</th>
      <th>Condition category</th>
      <th>Age group</th>
      <th>Target number of participants</th>
    </tr>
  </thead>
  <tbody>
    <tr>
      <td><a href='https://www.isrctn.com/ISRCTN29932357' target='_blank'><div>ISRCTN29932357</div></a></td>
      <td>Can metformin prevent worsening of muscle weakness and frailty in older peo...</td>
      <td>Signs and Symptoms</td>
      <td>Senior</td>
      <td>80</td>
    </tr>
    <tr>
      <td><a href='https://www.isrctn.com/ISRCTN15988757' target='_blank'><div>ISRCTN15988757</div></a></td>
      <td>A trial looking at the use of bronchodilator and steroid inhalers for preve...</td>
      <td>Respiratory</td>
      <td>Adult</td>
      <td>600</td>
    </tr>
    <tr>
      <td><a href='https://www.isrctn.com/ISRCTN13364395' target='_blank'><div>ISRCTN13364395</div></a></td>
      <td>Rheumatoid arthritis and the muscle</td>
      <td>Musculoskeletal Diseases</td>
      <td>Adult</td>
      <td>15</td>
    </tr>
    <tr>
      <td><a href='https://www.isrctn.com/ISRCTN20381716' target='_blank'><div>ISRCTN20381716</div></a></td>
      <td>Rituximab in Graves' disease (RIGD)</td>
      <td>Nutritional, Metabolic, Endocrine</td>
      <td>Adult</td>
      <td>27</td>
    </tr>
    <tr>
      <td><a href='https://www.isrctn.com/ISRCTN43245574' target='_blank'><div>ISRCTN43245574</div></a></td>
      <td>Treatment with medications that prevent the formation of blood clots, in th...</td>
      <td>Respiratory</td>
      <td>Adult</td>
      <td>240</td>
    </tr>
    <tr>
      <td><a href='https://www.isrctn.com/ISRCTN16261285' target='_blank'><div>ISRCTN16261285</div></a></td>
      <td>Finding the best dose of aspirin to prevent Lynch Syndrome cancers</td>
      <td>Cancer</td>
      <td>Adult</td>
      <td>3000</td>
    </tr>
    <tr>
      <td><a href='https://www.isrctn.com/ISRCTN14072554' target='_blank'><div>ISRCTN14072554</div></a></td>
      <td>Habitual physical activity and exercise capacity in pulmonary hypertension</td>
      <td>Circulatory System</td>
      <td>Adult</td>
      <td>15</td>
    </tr>
    <tr>
      <td><a href='https://www.isrctn.com/ISRCTN38578686' target='_blank'><div>ISRCTN38578686</div></a></td>
      <td>TOPPITS: Trial Of Proton Pump Inhibitors in Throat Symptoms</td>
      <td>Respiratory</td>
      <td>Adult</td>
      <td>332</td>
    </tr>
    <tr>
      <td><a href='https://www.isrctn.com/ISRCTN67145101' target='_blank'><div>ISRCTN67145101</div></a></td>
      <td>Antibiotic prophylaxis for clean intermittent catheterisation</td>
      <td>Urological and Genital Diseases</td>
      <td>Adult</td>
      <td>372</td>
    </tr>
    <tr>
      <td><a href='https://www.isrctn.com/ISRCTN75287237' target='_blank'><div>ISRCTN75287237</div></a></td>
      <td>Trial of Glycopyrronium versus Hyoscine to treat drooling in children - DRI...</td>
      <td>Nervous System Diseases</td>
      <td>Child</td>
      <td>90</td>
    </tr>
    <tr>
      <td><a href='https://www.isrctn.com/ISRCTN42776917' target='_blank'><div>ISRCTN42776917</div></a></td>
      <td>Effects of inorganic nitrate on glucose levels in young and older obese sub...</td>
      <td>Nutritional, Metabolic, Endocrine</td>
      <td>Adult</td>
      <td>20</td>
    </tr>
    <tr>
      <td><a href='https://www.isrctn.com/ISRCTN70749570' target='_blank'><div>ISRCTN70749570</div></a></td>
      <td>Fatigue In Subclinical Hypothyroidism</td>
      <td>Nutritional, Metabolic, Endocrine</td>
      <td>Adult</td>
      <td>30</td>
    </tr>
    <tr>
      <td><a href='https://www.isrctn.com/ISRCTN03978701' target='_blank'><div>ISRCTN03978701</div></a></td>
      <td>Rituximab for the treatment of fatigue in primary biliary cirrhosis</td>
      <td>Digestive System</td>
      <td>Adult</td>
      <td>58</td>
    </tr>
    <tr>
      <td><a href='https://www.isrctn.com/ISRCTN73411795' target='_blank'><div>ISRCTN73411795</div></a></td>
      <td>Efficacy of switch to lopinavir/ritonavir in improving cognitive function i...</td>
      <td>Infections and Infestations</td>
      <td>Adult</td>
      <td>30</td>
    </tr>
    <tr>
      <td><a href='https://www.isrctn.com/ISRCTN95325384' target='_blank'><div>ISRCTN95325384</div></a></td>
      <td>Developmental Clinical Sciences: Does GM-CSF restore effective neutrophil f...</td>
      <td>Not Applicable</td>
      <td>Adult</td>
      <td>70</td>
    </tr>
    <tr>
      <td><a href='https://www.isrctn.com/ISRCTN16043724' target='_blank'><div>ISRCTN16043724</div></a></td>
      <td>Study of optimal replacement of thyroxine in the elderly</td>
      <td>Nutritional, Metabolic, Endocrine</td>
      <td>Senior</td>
      <td>68</td>
    </tr>
    <tr>
      <td><a href='https://www.isrctn.com/ISRCTN82088322' target='_blank'><div>ISRCTN82088322</div></a></td>
      <td>Study of two anti-thyroid drug treatment regimens in young people with thyr...</td>
      <td>Nutritional, Metabolic, Endocrine</td>
      <td>Child</td>
      <td>128</td>
    </tr>
    <tr>
      <td><a href='https://www.isrctn.com/ISRCTN57509500' target='_blank'><div>ISRCTN57509500</div></a></td>
      <td>Study to assess the age-dependency in the clearance of doxorubicin in child...</td>
      <td>Cancer</td>
      <td>Child</td>
      <td>100</td>
    </tr>
    <tr>
      <td><a href='https://www.isrctn.com/ISRCTN37126758' target='_blank'><div>ISRCTN37126758</div></a></td>
      <td>13-cis-retinoic acid monitoring study</td>
      <td>Cancer</td>
      <td>Child</td>
      <td>75</td>
    </tr>
    <tr>
      <td><a href='https://www.isrctn.com/ISRCTN17262711' target='_blank'><div>ISRCTN17262711</div></a></td>
      <td>Medical versus surgical termination of pregnancy at 13 - 20 weeks</td>
      <td>Pregnancy and Childbirth</td>
      <td>Adult</td>
      <td>130</td>
    </tr>
    <tr>
      <td><a href='https://www.isrctn.com/ISRCTN57849521' target='_blank'><div>ISRCTN57849521</div></a></td>
      <td>Losartan treatment for non-alcoholic steatohepatitis (NASH)</td>
      <td>Digestive System</td>
      <td>Adult</td>
      <td>214</td>
    </tr>
    <tr>
      <td><a href='https://www.isrctn.com/ISRCTN30151023' target='_blank'><div>ISRCTN30151023</div></a></td>
      <td>Donepezil in early dementia associated with Parkinson's disease</td>
      <td>Nervous System Diseases</td>
      <td>Adult</td>
      <td>500</td>
    </tr>
    <tr>
      <td><a href='https://www.isrctn.com/ISRCTN21993885' target='_blank'><div>ISRCTN21993885</div></a></td>
      <td>The efficacy of infiltration anaesthesia for adult mandibular incisor teeth</td>
      <td>Oral Health</td>
      <td>Adult</td>
      <td>31</td>
    </tr>
    <tr>
      <td><a href='https://www.isrctn.com/ISRCTN53304116' target='_blank'><div>ISRCTN53304116</div></a></td>
      <td>Efficacy of incisive nerve block for pulp anaesthesia in the mandible</td>
      <td>Oral Health</td>
      <td>Not Specified</td>
      <td>38</td>
    </tr>
    <tr>
      <td><a href='https://www.isrctn.com/ISRCTN48248159' target='_blank'><div>ISRCTN48248159</div></a></td>
      <td>A randomised, controlled, factorial pilot study investigating omacor and/or...</td>
      <td>Infections and Infestations</td>
      <td>Adult</td>
      <td>72</td>
    </tr>
    <tr>
      <td><a href='https://www.isrctn.com/ISRCTN50395346' target='_blank'><div>ISRCTN50395346</div></a></td>
      <td>A double-blind randomised multi-centre, placebo-controlled trial of combine...</td>
      <td>Nervous System Diseases</td>
      <td>Child</td>
      <td>140</td>
    </tr>
    <tr>
      <td><a href='https://www.isrctn.com/ISRCTN66874446' target='_blank'><div>ISRCTN66874446</div></a></td>
      <td>UK Trial of Radioiodine Intervention in Subclinical Hyperthyroidism</td>
      <td>Nutritional, Metabolic, Endocrine</td>
      <td>Senior</td>
      <td>780</td>
    </tr>
    <tr>
      <td><a href='https://www.isrctn.com/ISRCTN56847191' target='_blank'><div>ISRCTN56847191</div></a></td>
      <td>Hyperemesis in Pregnancy study</td>
      <td>Pregnancy and Childbirth</td>
      <td>Adult</td>
      <td>50</td>
    </tr>
    <tr>
      <td><a href='https://www.isrctn.com/ISRCTN83743312' target='_blank'><div>ISRCTN83743312</div></a></td>
      <td>Concerted Action Polyp Prevention</td>
      <td>Cancer</td>
      <td>Not Specified</td>
      <td>400</td>
    </tr>
    <tr>
      <td><a href='https://www.isrctn.com/ISRCTN59521990' target='_blank'><div>ISRCTN59521990</div></a></td>
      <td>A randomised controlled trial of colorectal polyp and cancer prevention usi...</td>
      <td>Cancer</td>
      <td>Adult</td>
      <td>1000</td>
    </tr>
    <tr>
      <td><a href='https://www.isrctn.com/ISRCTN59346371' target='_blank'><div>ISRCTN59346371</div></a></td>
      <td>A phase III, prospective randomised comparison of imatinib (STI571, Glivec/...</td>
      <td>Cancer</td>
      <td>Adult</td>
      <td>2466</td>
    </tr>
    <tr>
      <td><a href='https://www.isrctn.com/ISRCTN60655195' target='_blank'><div>ISRCTN60655195</div></a></td>
      <td>SPIRIT 3: To evaluate the most effective way to use imatinib, nilotinib and...</td>
      <td>Cancer</td>
      <td>Adult</td>
      <td>1000</td>
    </tr>
    <tr>
      <td><a href='https://www.isrctn.com/ISRCTN54923521' target='_blank'><div>ISRCTN54923521</div></a></td>
      <td>STI571 Prospective International RandomIsed Trial 2: A phase III, prospecti...</td>
      <td>Cancer</td>
      <td>Adult</td>
      <td>810</td>
    </tr>
  </tbody>
</table>"
3,19078.88054782297,6713991.228751599,"Genentech, Inc",51.5210895,0.1713885,2.0,5.306765580733931,"<table border=""1"" class=""dataframe"">
  <thead>
    <tr style=""text-align: left;"">
      <th>ISRCTN link</th>
      <th>Title</th>
      <th>Condition category</th>
      <th>Age group</th>
      <th>Target number of participants</th>
    </tr>
  </thead>
  <tbody>
    <tr>
      <td><a href='https://www.isrctn.com/ISRCTN13593711' target='_blank'><div>ISRCTN13593711</div></a></td>
      <td>A study to evaluate the safety and efficacy of tocilizumab in patients with...</td>
      <td>Infections and Infestations</td>
      <td>Mixed</td>
      <td>450</td>
    </tr>
    <tr>
      <td><a href='https://www.isrctn.com/ISRCTN51455103' target='_blank'><div>ISRCTN51455103</div></a></td>
      <td>A study evaluating the interaction of the body with (pharmacokinetics), cli...</td>
      <td>Cancer</td>
      <td>Adult</td>
      <td>80</td>
    </tr>
  </tbody>
</table>"
4,-14921.27567787947,6714611.999375625,University College London,51.52455920000001,-0.1340401,60.0,26.439593106327717,"<table border=""1"" class=""dataframe"">
  <thead>
    <tr style=""text-align: left;"">
      <th>ISRCTN link</th>
      <th>Title</th>
      <th>Condition category</th>
      <th>Age group</th>
      <th>Target number of participants</th>
    </tr>
  </thead>
  <tbody>
    <tr>
      <td><a href='https://www.isrctn.com/ISRCTN21195635' target='_blank'><div>ISRCTN21195635</div></a></td>
      <td>A clinical study testing if a daily low dose of an antibiotic, ciprofloxaci...</td>
      <td>Cancer</td>
      <td>Child</td>
      <td>1052</td>
    </tr>
    <tr>
      <td><a href='https://www.isrctn.com/ISRCTN33225996' target='_blank'><div>ISRCTN33225996</div></a></td>
      <td>A trial of using antibiotics to prevent infection in patients with advanced...</td>
      <td>Digestive System</td>
      <td>Adult</td>
      <td>548</td>
    </tr>
    <tr>
      <td><a href='https://www.isrctn.com/ISRCTN51996779' target='_blank'><div>ISRCTN51996779</div></a></td>
      <td>A clinical trial to explore the potential of ondansetron for treating hallu...</td>
      <td>Nervous System Diseases</td>
      <td>Adult</td>
      <td>216</td>
    </tr>
    <tr>
      <td><a href='https://www.isrctn.com/ISRCTN14552789' target='_blank'><div>ISRCTN14552789</div></a></td>
      <td>Phase 3 trial of exenatide for Parkinson’s disease</td>
      <td>Nervous System Diseases</td>
      <td>Adult</td>
      <td>200</td>
    </tr>
    <tr>
      <td><a href='https://www.isrctn.com/ISRCTN16259778' target='_blank'><div>ISRCTN16259778</div></a></td>
      <td>The effects of nitrous oxide (‘laughing gas’) on thoughts and feelings in h...</td>
      <td>Not Applicable</td>
      <td>Adult</td>
      <td>80</td>
    </tr>
    <tr>
      <td><a href='https://www.isrctn.com/ISRCTN10280992' target='_blank'><div>ISRCTN10280992</div></a></td>
      <td>Rivaroxaban for stroke patients with antiphospholipid syndrome</td>
      <td>Circulatory System</td>
      <td>Adult</td>
      <td>140</td>
    </tr>
    <tr>
      <td><a href='https://www.isrctn.com/ISRCTN17896007' target='_blank'><div>ISRCTN17896007</div></a></td>
      <td>Optimal timing of anticoagulation after acute ischaemic stroke</td>
      <td>Circulatory System</td>
      <td>Adult</td>
      <td>3478</td>
    </tr>
    <tr>
      <td><a href='https://www.isrctn.com/ISRCTN48548553' target='_blank'><div>ISRCTN48548553</div></a></td>
      <td>A randomised trial to compare the effectiveness of two antidepressants (esc...</td>
      <td>Mental and Behavioural Disorders</td>
      <td>Adult</td>
      <td>430</td>
    </tr>
    <tr>
      <td><a href='https://www.isrctn.com/ISRCTN10138262' target='_blank'><div>ISRCTN10138262</div></a></td>
      <td>Can unhelpful drinking memories be destabilised and weakened by ketamine in...</td>
      <td>Mental and Behavioural Disorders</td>
      <td>Adult</td>
      <td>90</td>
    </tr>
    <tr>
      <td><a href='https://www.isrctn.com/ISRCTN62158841' target='_blank'><div>ISRCTN62158841</div></a></td>
      <td>Can a pancreatic hormone be used to treat pancreatogenic diabetes?</td>
      <td>Nutritional, Metabolic, Endocrine</td>
      <td>Adult</td>
      <td>12</td>
    </tr>
    <tr>
      <td><a href='https://www.isrctn.com/ISRCTN53348826' target='_blank'><div>ISRCTN53348826</div></a></td>
      <td>Renal Adjuvant Multiple Arm Randomised Trial (RAMPART)</td>
      <td>Cancer</td>
      <td>Adult</td>
      <td>1750</td>
    </tr>
    <tr>
      <td><a href='https://www.isrctn.com/ISRCTN79478762' target='_blank'><div>ISRCTN79478762</div></a></td>
      <td>MePFAC- A Drug Trial for the treatment of cancer related Fatigue</td>
      <td>Cancer</td>
      <td>Adult</td>
      <td>230</td>
    </tr>
    <tr>
      <td><a href='https://www.isrctn.com/ISRCTN10751859' target='_blank'><div>ISRCTN10751859</div></a></td>
      <td>A phase II clinical trial of  Detection of Apoptosing Retinal Cells (DARC I...</td>
      <td>Eye Diseases</td>
      <td>Adult</td>
      <td>120</td>
    </tr>
    <tr>
      <td><a href='https://www.isrctn.com/ISRCTN90298520' target='_blank'><div>ISRCTN90298520</div></a></td>
      <td>RADAR Trial: Testing the effects of reducing and discontinuing antipsychoti...</td>
      <td>Mental and Behavioural Disorders</td>
      <td>Adult</td>
      <td>218</td>
    </tr>
    <tr>
      <td><a href='https://www.isrctn.com/ISRCTN16308011' target='_blank'><div>ISRCTN16308011</div></a></td>
      <td>CATALYST: Carfilzomib-Thal-Dex in relapsed AL Amyloidosis</td>
      <td>Cancer</td>
      <td>Adult</td>
      <td>38</td>
    </tr>
    <tr>
      <td><a href='https://www.isrctn.com/ISRCTN76888927' target='_blank'><div>ISRCTN76888927</div></a></td>
      <td>Dose and duration of antibiotic treatment in young children with community-...</td>
      <td>Respiratory</td>
      <td>Child</td>
      <td>800</td>
    </tr>
    <tr>
      <td><a href='https://www.isrctn.com/ISRCTN14845583' target='_blank'><div>ISRCTN14845583</div></a></td>
      <td>Trial of Sertraline versus CBT for generalised Anxiety</td>
      <td>Mental and Behavioural Disorders</td>
      <td>Adult</td>
      <td>360</td>
    </tr>
    <tr>
      <td><a href='https://www.isrctn.com/ISRCTN16147723' target='_blank'><div>ISRCTN16147723</div></a></td>
      <td>HEpatic Resection Analgesia and Length of time to Discharge</td>
      <td>Surgery</td>
      <td>Adult</td>
      <td>98</td>
    </tr>
    <tr>
      <td><a href='https://www.isrctn.com/ISRCTN84544741' target='_blank'><div>ISRCTN84544741</div></a></td>
      <td>What are the indications for prescribing antidepressants that will lead to ...</td>
      <td>Mental and Behavioural Disorders</td>
      <td>Adult</td>
      <td>547</td>
    </tr>
    <tr>
      <td><a href='https://www.isrctn.com/ISRCTN75891427' target='_blank'><div>ISRCTN75891427</div></a></td>
      <td>A trial of Exenatide for the treatment of moderate severity Parkinson's dis...</td>
      <td>Nervous System Diseases</td>
      <td>Adult</td>
      <td>60</td>
    </tr>
    <tr>
      <td><a href='https://www.isrctn.com/ISRCTN04379941' target='_blank'><div>ISRCTN04379941</div></a></td>
      <td>The HALT Latent Tuberculosis study</td>
      <td>Infections and Infestations</td>
      <td>Adult</td>
      <td>100</td>
    </tr>
    <tr>
      <td><a href='https://www.isrctn.com/ISRCTN68222801' target='_blank'><div>ISRCTN68222801</div></a></td>
      <td>Rivaroxaban in Antiphospholipid Syndrome (RAPS)</td>
      <td>Musculoskeletal Diseases</td>
      <td>Adult</td>
      <td>156</td>
    </tr>
    <tr>
      <td><a href='https://www.isrctn.com/ISRCTN67322816' target='_blank'><div>ISRCTN67322816</div></a></td>
      <td>PREoperative intraVENous iron To Treat anaemia in major surgery (PREVENTT)</td>
      <td>Haematological Disorders</td>
      <td>Adult</td>
      <td>500</td>
    </tr>
    <tr>
      <td><a href='https://www.isrctn.com/ISRCTN62346992' target='_blank'><div>ISRCTN62346992</div></a></td>
      <td>Dose escalation study of Olaparib in addition to cisplatin based concurrent...</td>
      <td>Cancer</td>
      <td>Adult</td>
      <td>60</td>
    </tr>
    <tr>
      <td><a href='https://www.isrctn.com/ISRCTN77105850' target='_blank'><div>ISRCTN77105850</div></a></td>
      <td>An evaluation of the tolerability and feasibility of combining 5-Amino-Levu...</td>
      <td>Cancer</td>
      <td>Adult</td>
      <td>120</td>
    </tr>
    <tr>
      <td><a href='https://www.isrctn.com/ISRCTN00549973' target='_blank'><div>ISRCTN00549973</div></a></td>
      <td>Cediranib maleate with or without gefitinib in treating patients with recur...</td>
      <td>Cancer</td>
      <td>Adult</td>
      <td>112</td>
    </tr>
    <tr>
      <td><a href='https://www.isrctn.com/ISRCTN03381785' target='_blank'><div>ISRCTN03381785</div></a></td>
      <td>Phase II study of Bortezomib, Adriamycin and Dexamethasone (PAD) therapy fo...</td>
      <td>Cancer</td>
      <td>Adult</td>
      <td>120</td>
    </tr>
    <tr>
      <td><a href='https://www.isrctn.com/ISRCTN80057573' target='_blank'><div>ISRCTN80057573</div></a></td>
      <td>Arimoclomol for inclusion body myositis (IBM)</td>
      <td>Musculoskeletal Diseases</td>
      <td>Adult</td>
      <td>24</td>
    </tr>
    <tr>
      <td><a href='https://www.isrctn.com/ISRCTN13633058' target='_blank'><div>ISRCTN13633058</div></a></td>
      <td>First Trimester Aspirin Trial</td>
      <td>Pregnancy and Childbirth</td>
      <td>Adult</td>
      <td>1760</td>
    </tr>
    <tr>
      <td><a href='https://www.isrctn.com/ISRCTN32163062' target='_blank'><div>ISRCTN32163062</div></a></td>
      <td>Saracatinib (AZD0530) plus weekly paclitaxel in platinum-resistant ovarian,...</td>
      <td>Cancer</td>
      <td>Adult</td>
      <td>102</td>
    </tr>
    <tr>
      <td><a href='https://www.isrctn.com/ISRCTN33283585' target='_blank'><div>ISRCTN33283585</div></a></td>
      <td>Velcade™ (bortezomib) combination chemotherapy in AL amyloidosis</td>
      <td>Cancer</td>
      <td>Adult</td>
      <td>52</td>
    </tr>
    <tr>
      <td><a href='https://www.isrctn.com/ISRCTN34043997' target='_blank'><div>ISRCTN34043997</div></a></td>
      <td>Cediranib versus placebo plus cisplatin/gemcitabine chemotherapy for patien...</td>
      <td>Cancer</td>
      <td>Adult</td>
      <td>136</td>
    </tr>
    <tr>
      <td><a href='https://www.isrctn.com/ISRCTN93375053' target='_blank'><div>ISRCTN93375053</div></a></td>
      <td>Evaluating sorafenib in combination with transarterial chemoembolisation (T...</td>
      <td>Cancer</td>
      <td>Adult</td>
      <td>412</td>
    </tr>
    <tr>
      <td><a href='https://www.isrctn.com/ISRCTN22636071' target='_blank'><div>ISRCTN22636071</div></a></td>
      <td>Efficacy of donepezil in the posterior variant of Alzheimer's disease (post...</td>
      <td>Nervous System Diseases</td>
      <td>Adult</td>
      <td>20</td>
    </tr>
    <tr>
      <td><a href='https://www.isrctn.com/ISRCTN03624752' target='_blank'><div>ISRCTN03624752</div></a></td>
      <td>Predicting Outcome and Measuring Benefit from botulinum therapy in Stroke</td>
      <td>Circulatory System</td>
      <td>Not Specified</td>
      <td>30</td>
    </tr>
    <tr>
      <td><a href='https://www.isrctn.com/ISRCTN11319909' target='_blank'><div>ISRCTN11319909</div></a></td>
      <td>Erbitux in preoperative chemo-radiotherapy followed by excisional surgery</td>
      <td>Cancer</td>
      <td>Adult</td>
      <td>60</td>
    </tr>
    <tr>
      <td><a href='https://www.isrctn.com/ISRCTN98873899' target='_blank'><div>ISRCTN98873899</div></a></td>
      <td>Weekly neoadjuvant chemotherapy followed by radical chemoradiation for loca...</td>
      <td>Cancer</td>
      <td>Adult</td>
      <td>50</td>
    </tr>
    <tr>
      <td><a href='https://www.isrctn.com/ISRCTN86285819' target='_blank'><div>ISRCTN86285819</div></a></td>
      <td>EXCITE: Erbitux, Xeloda, Campto, Irradiation Then Excision for locally adva...</td>
      <td>Cancer</td>
      <td>Adult</td>
      <td>80</td>
    </tr>
    <tr>
      <td><a href='https://www.isrctn.com/ISRCTN18563749' target='_blank'><div>ISRCTN18563749</div></a></td>
      <td>A phase II study of Gemcitabine and Bexarotene (GemBex) in the treatment of...</td>
      <td>Cancer</td>
      <td>Adult</td>
      <td>84</td>
    </tr>
    <tr>
      <td><a href='https://www.isrctn.com/ISRCTN12155469' target='_blank'><div>ISRCTN12155469</div></a></td>
      <td>IDEAL-CRT: A Phase I/II trial of concurrent chemoradiation with dose-escala...</td>
      <td>Cancer</td>
      <td>Adult</td>
      <td>105</td>
    </tr>
    <tr>
      <td><a href='https://www.isrctn.com/ISRCTN07742377' target='_blank'><div>ISRCTN07742377</div></a></td>
      <td>Gemcitabine and Docetaxel versus Doxorubicin as first line treatment in pre...</td>
      <td>Cancer</td>
      <td>Mixed</td>
      <td>250</td>
    </tr>
    <tr>
      <td><a href='https://www.isrctn.com/ISRCTN85785327' target='_blank'><div>ISRCTN85785327</div></a></td>
      <td>HYMN: a trial comparing hyperthermia and mitomycin chemotherapy with a seco...</td>
      <td>Cancer</td>
      <td>Adult</td>
      <td>242</td>
    </tr>
    <tr>
      <td><a href='https://www.isrctn.com/ISRCTN77283008' target='_blank'><div>ISRCTN77283008</div></a></td>
      <td>Bile salt manipulation in Crohn's disease</td>
      <td>Digestive System</td>
      <td>Adult</td>
      <td>13</td>
    </tr>
    <tr>
      <td><a href='https://www.isrctn.com/ISRCTN11631773' target='_blank'><div>ISRCTN11631773</div></a></td>
      <td>Oral Treosulfan In Ewing's Sarcoma</td>
      <td>Cancer</td>
      <td>Other</td>
      <td>25</td>
    </tr>
    <tr>
      <td><a href='https://www.isrctn.com/ISRCTN02370070' target='_blank'><div>ISRCTN02370070</div></a></td>
      <td>A trial to see if a body protein called ERCC1 affects how people with advan...</td>
      <td>Cancer</td>
      <td>Adult</td>
      <td>1272</td>
    </tr>
    <tr>
      <td><a href='https://www.isrctn.com/ISRCTN83438782' target='_blank'><div>ISRCTN83438782</div></a></td>
      <td>A GCIG Intergroup multicentre factorial trial of open label carboplatin and...</td>
      <td>Cancer</td>
      <td>Adult</td>
      <td>330</td>
    </tr>
    <tr>
      <td><a href='https://www.isrctn.com/ISRCTN31916843' target='_blank'><div>ISRCTN31916843</div></a></td>
      <td>A randomised phase II double blind placebo controlled trial of Whole Brain ...</td>
      <td>Cancer</td>
      <td>Adult</td>
      <td>144</td>
    </tr>
    <tr>
      <td><a href='https://www.isrctn.com/ISRCTN73814534' target='_blank'><div>ISRCTN73814534</div></a></td>
      <td>A phase I and randomised phase II study of docetaxel and RAD001 (Everolimus...</td>
      <td>Cancer</td>
      <td>Adult</td>
      <td>120</td>
    </tr>
    <tr>
      <td><a href='https://www.isrctn.com/ISRCTN34235460' target='_blank'><div>ISRCTN34235460</div></a></td>
      <td>A randomised, multi-centre trial to assess the feasibility of conducting a ...</td>
      <td>Nutritional, Metabolic, Endocrine</td>
      <td>Adult</td>
      <td>48</td>
    </tr>
    <tr>
      <td><a href='https://www.isrctn.com/ISRCTN16017947' target='_blank'><div>ISRCTN16017947</div></a></td>
      <td>A phase III multicentre randomised clinical trial comparing rituximab with ...</td>
      <td>Cancer</td>
      <td>Adult</td>
      <td>1080</td>
    </tr>
    <tr>
      <td><a href='https://www.isrctn.com/ISRCTN56306957' target='_blank'><div>ISRCTN56306957</div></a></td>
      <td>A multicentre, phase III, randomised, double-blind, placebo-controlled tria...</td>
      <td>Cancer</td>
      <td>Adult</td>
      <td>860</td>
    </tr>
    <tr>
      <td><a href='https://www.isrctn.com/ISRCTN16444200' target='_blank'><div>ISRCTN16444200</div></a></td>
      <td>A randomised controlled trial to study the side effect profile and to estab...</td>
      <td>Nutritional, Metabolic, Endocrine</td>
      <td>Adult</td>
      <td>66</td>
    </tr>
    <tr>
      <td><a href='https://www.isrctn.com/ISRCTN87712758' target='_blank'><div>ISRCTN87712758</div></a></td>
      <td>Biliary stenting with or without photodynamic therapy in treating patients ...</td>
      <td>Cancer</td>
      <td>Adult</td>
      <td>400</td>
    </tr>
    <tr>
      <td><a href='https://www.isrctn.com/ISRCTN82956140' target='_blank'><div>ISRCTN82956140</div></a></td>
      <td>Gemcitabine, alone or in combination with cisplatin, in patients with advan...</td>
      <td>Cancer</td>
      <td>Adult</td>
      <td>400</td>
    </tr>
    <tr>
      <td><a href='https://www.isrctn.com/ISRCTN43372330' target='_blank'><div>ISRCTN43372330</div></a></td>
      <td>Breakthrough Breast Cancer & Cancer Research UK Genetic Breast Cancer Trial</td>
      <td>Cancer</td>
      <td>Not Specified</td>
      <td>148</td>
    </tr>
    <tr>
      <td><a href='https://www.isrctn.com/ISRCTN77383050' target='_blank'><div>ISRCTN77383050</div></a></td>
      <td>A randomised, placebo-controlled trial of Tarceva (OSI-774, erlotinib) in p...</td>
      <td>Cancer</td>
      <td>Adult</td>
      <td>664</td>
    </tr>
    <tr>
      <td><a href='https://www.isrctn.com/ISRCTN59865116' target='_blank'><div>ISRCTN59865116</div></a></td>
      <td>Chemotherapy or no chemotherapy in clear margins after neoadjuvant chemorad...</td>
      <td>Cancer</td>
      <td>Adult</td>
      <td>800</td>
    </tr>
    <tr>
      <td><a href='https://www.isrctn.com/ISRCTN81133184' target='_blank'><div>ISRCTN81133184</div></a></td>
      <td>Phase II randomised study of fludarabine/cyclophosphamide combination with ...</td>
      <td>Cancer</td>
      <td>Adult</td>
      <td>151</td>
    </tr>
    <tr>
      <td><a href='https://www.isrctn.com/ISRCTN33042138' target='_blank'><div>ISRCTN33042138</div></a></td>
      <td>Intravenous immunoglobulin in the treatment of primary trigeminal neuralgia...</td>
      <td>Nervous System Diseases</td>
      <td>Adult</td>
      <td>32</td>
    </tr>
    <tr>
      <td><a href='https://www.isrctn.com/ISRCTN15969819' target='_blank'><div>ISRCTN15969819</div></a></td>
      <td>Antidepressants to prevent relapse in depression</td>
      <td>Mental and Behavioural Disorders</td>
      <td>Adult</td>
      <td>479</td>
    </tr>
  </tbody>
</table>"
5,-19154.466482071603,6719549.4513150705,Royal Free London NHS Foundation Trust,51.5521469,-0.1720675,1.0,1.0,"<table border=""1"" class=""dataframe"">
  <thead>
    <tr style=""text-align: left;"">
      <th>ISRCTN link</th>
      <th>Title</th>
      <th>Condition category</th>
      <th>Age group</th>
      <th>Target number of participants</th>
    </tr>
  </thead>
  <tbody>
    <tr>
      <td><a href='https://www.isrctn.com/ISRCTN94834276' target='_blank'><div>ISRCTN94834276</div></a></td>
      <td>Randomised study for immunosuppression regimen in liver transplantation</td>
      <td>Digestive System</td>
      <td>Adult</td>
      <td>110</td>
    </tr>
  </tbody>
</table>"
7,-173105.45946283842,7133628.765905515,University of Leeds,53.8066815,-1.5550328,50.0,25.306765580733934,"<table border=""1"" class=""dataframe"">
  <thead>
    <tr style=""text-align: left;"">
      <th>ISRCTN link</th>
      <th>Title</th>
      <th>Condition category</th>
      <th>Age group</th>
      <th>Target number of participants</th>
    </tr>
  </thead>
  <tbody>
    <tr>
      <td><a href='https://www.isrctn.com/ISRCTN17973108' target='_blank'><div>ISRCTN17973108</div></a></td>
      <td>Frailty-adjusted therapy in transplant non-eligible patients with newly dia...</td>
      <td>Cancer</td>
      <td>Adult</td>
      <td>740</td>
    </tr>
    <tr>
      <td><a href='https://www.isrctn.com/ISRCTN19869915' target='_blank'><div>ISRCTN19869915</div></a></td>
      <td>A platform trial investigating new combinations of therapies in patients wi...</td>
      <td>Cancer</td>
      <td>Adult</td>
      <td>40</td>
    </tr>
    <tr>
      <td><a href='https://www.isrctn.com/ISRCTN46841867' target='_blank'><div>ISRCTN46841867</div></a></td>
      <td>A phase II and phase III trial comparing treatment escalation and de-escala...</td>
      <td>Cancer</td>
      <td>Adult</td>
      <td>1400</td>
    </tr>
    <tr>
      <td><a href='https://www.isrctn.com/ISRCTN85605342' target='_blank'><div>ISRCTN85605342</div></a></td>
      <td>Investigating cardiac energy levels in people with lean-type type 2 diabete...</td>
      <td>Nutritional, Metabolic, Endocrine</td>
      <td>Adult</td>
      <td>56</td>
    </tr>
    <tr>
      <td><a href='https://www.isrctn.com/ISRCTN31882639' target='_blank'><div>ISRCTN31882639</div></a></td>
      <td>Cemdisiran and eculizumab dose-ranging study for paroxysmal nocturnal haemo...</td>
      <td>Haematological Disorders</td>
      <td>Adult</td>
      <td>9</td>
    </tr>
    <tr>
      <td><a href='https://www.isrctn.com/ISRCTN24362767' target='_blank'><div>ISRCTN24362767</div></a></td>
      <td>A study investigating whether hyoscine butylbromide improves image quality ...</td>
      <td>Cancer</td>
      <td>Adult</td>
      <td>20</td>
    </tr>
    <tr>
      <td><a href='https://www.isrctn.com/ISRCTN82391603' target='_blank'><div>ISRCTN82391603</div></a></td>
      <td>Cardiovascular effects of empagliflozin in diabetes mellitus</td>
      <td>Circulatory System</td>
      <td>Adult</td>
      <td>60</td>
    </tr>
    <tr>
      <td><a href='https://www.isrctn.com/ISRCTN15028850' target='_blank'><div>ISRCTN15028850</div></a></td>
      <td>A randomised phase II trial of selinexor with cyclophosphamide and predniso...</td>
      <td>Cancer</td>
      <td>Adult</td>
      <td>60</td>
    </tr>
    <tr>
      <td><a href='https://www.isrctn.com/ISRCTN74621291' target='_blank'><div>ISRCTN74621291</div></a></td>
      <td>A study looking at the effects of blocking stress hormone activation on ski...</td>
      <td>Nutritional, Metabolic, Endocrine</td>
      <td>Adult</td>
      <td>30</td>
    </tr>
    <tr>
      <td><a href='https://www.isrctn.com/ISRCTN16847817' target='_blank'><div>ISRCTN16847817</div></a></td>
      <td>MUK Nine b: Optimum</td>
      <td>Cancer</td>
      <td>Adult</td>
      <td>95</td>
    </tr>
    <tr>
      <td><a href='https://www.isrctn.com/ISRCTN10038996' target='_blank'><div>ISRCTN10038996</div></a></td>
      <td>Myeloma XII (ACCoRd trial)</td>
      <td>Cancer</td>
      <td>Adult</td>
      <td>406</td>
    </tr>
    <tr>
      <td><a href='https://www.isrctn.com/ISRCTN80206075' target='_blank'><div>ISRCTN80206075</div></a></td>
      <td>Comparing treatments for severe chronic hand eczema</td>
      <td>Skin and Connective Tissue Diseases</td>
      <td>Adult</td>
      <td>455</td>
    </tr>
    <tr>
      <td><a href='https://www.isrctn.com/ISRCTN32813419' target='_blank'><div>ISRCTN32813419</div></a></td>
      <td>STAG: effect of the drug AZD4017 on bone density in post-menopausal women</td>
      <td>Musculoskeletal Diseases</td>
      <td>Adult</td>
      <td>100</td>
    </tr>
    <tr>
      <td><a href='https://www.isrctn.com/ISRCTN64035629' target='_blank'><div>ISRCTN64035629</div></a></td>
      <td>GA101 (obinutuzumab) monoclonal antibody as consolidation therapy In CLL</td>
      <td>Cancer</td>
      <td>Adult</td>
      <td>188</td>
    </tr>
    <tr>
      <td><a href='https://www.isrctn.com/ISRCTN01844152' target='_blank'><div>ISRCTN01844152</div></a></td>
      <td>Front-line therapy in CLL: assessment of ibrutinib-containing regimes</td>
      <td>Cancer</td>
      <td>Adult</td>
      <td>1576</td>
    </tr>
    <tr>
      <td><a href='https://www.isrctn.com/ISRCTN43423520' target='_blank'><div>ISRCTN43423520</div></a></td>
      <td>LOTUS: LOng-Term follow-Up Study of triple-negative breast cancer</td>
      <td>Cancer</td>
      <td>Adult</td>
      <td>500</td>
    </tr>
    <tr>
      <td><a href='https://www.isrctn.com/ISRCTN24593488' target='_blank'><div>ISRCTN24593488</div></a></td>
      <td>Pomalidomide Specific Targeting in Relapsed and Refractory Myeloma (MUK Sev...</td>
      <td>Cancer</td>
      <td>Adult</td>
      <td>250</td>
    </tr>
    <tr>
      <td><a href='https://www.isrctn.com/ISRCTN77854383' target='_blank'><div>ISRCTN77854383</div></a></td>
      <td>Pain reduction with oral methotrexate in knee osteoarthritis</td>
      <td>Musculoskeletal Diseases</td>
      <td>Adult</td>
      <td>160</td>
    </tr>
    <tr>
      <td><a href='https://www.isrctn.com/ISRCTN16279802' target='_blank'><div>ISRCTN16279802</div></a></td>
      <td>ABLE Trial  Afatinib Before Lung surgEry: a study investigating the effect...</td>
      <td>Cancer</td>
      <td>Adult</td>
      <td>59</td>
    </tr>
    <tr>
      <td><a href='https://www.isrctn.com/ISRCTN79949827' target='_blank'><div>ISRCTN79949827</div></a></td>
      <td>5-ALA in bowel cancer surgery</td>
      <td>Cancer</td>
      <td>Adult</td>
      <td>52</td>
    </tr>
    <tr>
      <td><a href='https://www.isrctn.com/ISRCTN59395590' target='_blank'><div>ISRCTN59395590</div></a></td>
      <td>MUK six</td>
      <td>Cancer</td>
      <td>Adult</td>
      <td>54</td>
    </tr>
    <tr>
      <td><a href='https://www.isrctn.com/ISRCTN17354232' target='_blank'><div>ISRCTN17354232</div></a></td>
      <td>A phase II randomised trial of carfilzomib, cyclophosphamide and dexamethas...</td>
      <td>Cancer</td>
      <td>Adult</td>
      <td>300</td>
    </tr>
    <tr>
      <td><a href='https://www.isrctn.com/ISRCTN68894794' target='_blank'><div>ISRCTN68894794</div></a></td>
      <td>REmoval of Treatment for patients in REmission in psoriatic ArThritis - a F...</td>
      <td>Skin and Connective Tissue Diseases</td>
      <td>Adult</td>
      <td>30</td>
    </tr>
    <tr>
      <td><a href='https://www.isrctn.com/ISRCTN91859104' target='_blank'><div>ISRCTN91859104</div></a></td>
      <td>Does hydroxychloroquine provide effective pain relief for people with hand ...</td>
      <td>Musculoskeletal Diseases</td>
      <td>Adult</td>
      <td>252</td>
    </tr>
    <tr>
      <td><a href='https://www.isrctn.com/ISRCTN11415977' target='_blank'><div>ISRCTN11415977</div></a></td>
      <td>Comparing two local anaesthetic drugs in treatment of children's teeth</td>
      <td>Oral Health</td>
      <td>Child</td>
      <td>110</td>
    </tr>
    <tr>
      <td><a href='https://www.isrctn.com/ISRCTN08577602' target='_blank'><div>ISRCTN08577602</div></a></td>
      <td>Vorinostat in combination with bortezomib and dexamethasone in patients wit...</td>
      <td>Cancer</td>
      <td>Adult</td>
      <td>68</td>
    </tr>
    <tr>
      <td><a href='https://www.isrctn.com/ISRCTN44149443' target='_blank'><div>ISRCTN44149443</div></a></td>
      <td>Fibroblast growth factor receptors (FGFR) Inhibition for Epithelial Solid T...</td>
      <td>Cancer</td>
      <td>Adult</td>
      <td>44</td>
    </tr>
    <tr>
      <td><a href='https://www.isrctn.com/ISRCTN24989786' target='_blank'><div>ISRCTN24989786</div></a></td>
      <td>Study of CHR-3996 in combination with tosedostat in subjects with multiple ...</td>
      <td>Cancer</td>
      <td>Adult</td>
      <td>60</td>
    </tr>
    <tr>
      <td><a href='https://www.isrctn.com/ISRCTN14884558' target='_blank'><div>ISRCTN14884558</div></a></td>
      <td>Targeting systemic inflammation to improve endothelial function in obesity</td>
      <td>Nutritional, Metabolic, Endocrine</td>
      <td>Adult</td>
      <td>50</td>
    </tr>
    <tr>
      <td><a href='https://www.isrctn.com/ISRCTN81151751' target='_blank'><div>ISRCTN81151751</div></a></td>
      <td>Carfilzomib in combination with doxorubicin and dexamethasone (CAD) therapy...</td>
      <td>Cancer</td>
      <td>Adult</td>
      <td>48</td>
    </tr>
    <tr>
      <td><a href='https://www.isrctn.com/ISRCTN99697616' target='_blank'><div>ISRCTN99697616</div></a></td>
      <td>A short course of low dose steroid tablets as a treatment for painful hand ...</td>
      <td>Musculoskeletal Diseases</td>
      <td>Adult</td>
      <td>70</td>
    </tr>
    <tr>
      <td><a href='https://www.isrctn.com/ISRCTN66676866' target='_blank'><div>ISRCTN66676866</div></a></td>
      <td>Pain Reduction in Osteoarthritis of the knee using oral Methotrexate</td>
      <td>Musculoskeletal Diseases</td>
      <td>Adult</td>
      <td>30</td>
    </tr>
    <tr>
      <td><a href='https://www.isrctn.com/ISRCTN89222125' target='_blank'><div>ISRCTN89222125</div></a></td>
      <td>Switching to alternative tumour-necrosis factor (TNF)-blocking drugs or aba...</td>
      <td>Musculoskeletal Diseases</td>
      <td>Adult</td>
      <td>477</td>
    </tr>
    <tr>
      <td><a href='https://www.isrctn.com/ISRCTN90889843' target='_blank'><div>ISRCTN90889843</div></a></td>
      <td>Bendamustine, thalidomide, dexamethasone dose escalation study in relapsed/...</td>
      <td>Cancer</td>
      <td>Adult</td>
      <td>92</td>
    </tr>
    <tr>
      <td><a href='https://www.isrctn.com/ISRCTN65360827' target='_blank'><div>ISRCTN65360827</div></a></td>
      <td>Rituximab in patients with primary Sjögren's syndrome</td>
      <td>Musculoskeletal Diseases</td>
      <td>Adult</td>
      <td>110</td>
    </tr>
    <tr>
      <td><a href='https://www.isrctn.com/ISRCTN79817966' target='_blank'><div>ISRCTN79817966</div></a></td>
      <td>Antiplatelet Treatment in Diabetes</td>
      <td>Nutritional, Metabolic, Endocrine</td>
      <td>Adult</td>
      <td>56</td>
    </tr>
    <tr>
      <td><a href='https://www.isrctn.com/ISRCTN21216199' target='_blank'><div>ISRCTN21216199</div></a></td>
      <td>Efficacy of tocilizumab in patients with rheumatoid arthritis</td>
      <td>Musculoskeletal Diseases</td>
      <td>Not Specified</td>
      <td>30</td>
    </tr>
    <tr>
      <td><a href='https://www.isrctn.com/ISRCTN99643613' target='_blank'><div>ISRCTN99643613</div></a></td>
      <td>Dopamine Augmented Rehabilitation in Stroke</td>
      <td>Circulatory System</td>
      <td>Adult</td>
      <td>572</td>
    </tr>
    <tr>
      <td><a href='https://www.isrctn.com/ISRCTN49407852' target='_blank'><div>ISRCTN49407852</div></a></td>
      <td>A randomised comparison of thalidomide and lenalidomide combinations in mye...</td>
      <td>Cancer</td>
      <td>Adult</td>
      <td>4400</td>
    </tr>
    <tr>
      <td><a href='https://www.isrctn.com/ISRCTN31487459' target='_blank'><div>ISRCTN31487459</div></a></td>
      <td>The efficacy of treatment with St Johns Wort for premenstrual syndrome (PM...</td>
      <td>Urological and Genital Diseases</td>
      <td>Adult</td>
      <td>41</td>
    </tr>
    <tr>
      <td><a href='https://www.isrctn.com/ISRCTN33934807' target='_blank'><div>ISRCTN33934807</div></a></td>
      <td>321GO: Three, two or one-drug chemotherapy for advanced gastroesophageal ca...</td>
      <td>Cancer</td>
      <td>Adult</td>
      <td>50</td>
    </tr>
    <tr>
      <td><a href='https://www.isrctn.com/ISRCTN23348591' target='_blank'><div>ISRCTN23348591</div></a></td>
      <td>A placebo controlled study of the effect of EXTended treatment with Rituxim...</td>
      <td>Musculoskeletal Diseases</td>
      <td>Adult</td>
      <td>60</td>
    </tr>
    <tr>
      <td><a href='https://www.isrctn.com/ISRCTN48638981' target='_blank'><div>ISRCTN48638981</div></a></td>
      <td>A multicentre randomised double-blind placebo-controlled study comparing tw...</td>
      <td>Musculoskeletal Diseases</td>
      <td>Adult</td>
      <td>112</td>
    </tr>
    <tr>
      <td><a href='https://www.isrctn.com/ISRCTN55428162' target='_blank'><div>ISRCTN55428162</div></a></td>
      <td>A multicentre randomised trial of etanercept and methotrexate to induce rem...</td>
      <td>Musculoskeletal Diseases</td>
      <td>Adult</td>
      <td>110</td>
    </tr>
    <tr>
      <td><a href='https://www.isrctn.com/ISRCTN74427627' target='_blank'><div>ISRCTN74427627</div></a></td>
      <td>Multi-centre randomised placebo-controlled trial of corticosteroids in the ...</td>
      <td>Musculoskeletal Diseases</td>
      <td>Child</td>
      <td>1306</td>
    </tr>
    <tr>
      <td><a href='https://www.isrctn.com/ISRCTN58467151' target='_blank'><div>ISRCTN58467151</div></a></td>
      <td>The effectiveness of an internet based computer database for data collectio...</td>
      <td>Oral Health</td>
      <td>Adult</td>
      <td>200</td>
    </tr>
    <tr>
      <td><a href='https://www.isrctn.com/ISRCTN58823759' target='_blank'><div>ISRCTN58823759</div></a></td>
      <td>The Leeds Evaluation of Efficacy of Detoxification Study (LEEDS) Prisons Pr...</td>
      <td>Mental and Behavioural Disorders</td>
      <td>Adult</td>
      <td>340</td>
    </tr>
    <tr>
      <td><a href='https://www.isrctn.com/ISRCTN89508434' target='_blank'><div>ISRCTN89508434</div></a></td>
      <td>Secondary Prevention of Acute Coronary Events. Reduction Of Cholesterol to ...</td>
      <td>Circulatory System</td>
      <td>Adult</td>
      <td>2072</td>
    </tr>
    <tr>
      <td><a href='https://www.isrctn.com/ISRCTN35708246' target='_blank'><div>ISRCTN35708246</div></a></td>
      <td>PACT (Patient Preferences in Adjuvant Colorectal Cancer Therapy): a randomi...</td>
      <td>Cancer</td>
      <td>Adult</td>
      <td>74</td>
    </tr>
    <tr>
      <td><a href='https://www.isrctn.com/ISRCTN93248876' target='_blank'><div>ISRCTN93248876</div></a></td>
      <td>PICCOLO Trial: Panitumumab, Irinotecan & Ciclosporin in COLOrectal cancer t...</td>
      <td>Cancer</td>
      <td>Adult</td>
      <td>1324</td>
    </tr>
  </tbody>
</table>"
10,-125193.51722956625,6913224.121171489,University of Leicester,52.6211393,-1.1246325,10.0,15.306765580733934,"<table border=""1"" class=""dataframe"">
  <thead>
    <tr style=""text-align: left;"">
      <th>ISRCTN link</th>
      <th>Title</th>
      <th>Condition category</th>
      <th>Age group</th>
      <th>Target number of participants</th>
    </tr>
  </thead>
  <tbody>
    <tr>
      <td><a href='https://www.isrctn.com/ISRCTN11459997' target='_blank'><div>ISRCTN11459997</div></a></td>
      <td>Impact of exercise training in combination with dapagliflozin on physical f...</td>
      <td>Nutritional, Metabolic, Endocrine</td>
      <td>Adult</td>
      <td>140</td>
    </tr>
    <tr>
      <td><a href='https://www.isrctn.com/ISRCTN11342830' target='_blank'><div>ISRCTN11342830</div></a></td>
      <td>The effect of canagliflozin on the blood sugar levels of people without dia...</td>
      <td>Surgery</td>
      <td>Adult</td>
      <td>24</td>
    </tr>
    <tr>
      <td><a href='https://www.isrctn.com/ISRCTN57935812' target='_blank'><div>ISRCTN57935812</div></a></td>
      <td>Beat severe asthma</td>
      <td>Respiratory</td>
      <td>Adult</td>
      <td>234</td>
    </tr>
    <tr>
      <td><a href='https://www.isrctn.com/ISRCTN16404006' target='_blank'><div>ISRCTN16404006</div></a></td>
      <td>Glucose absorption inhibitors given during insulin withdrawal in type 1 and...</td>
      <td>Nutritional, Metabolic, Endocrine</td>
      <td>Adult</td>
      <td>12</td>
    </tr>
    <tr>
      <td><a href='https://www.isrctn.com/ISRCTN39816629' target='_blank'><div>ISRCTN39816629</div></a></td>
      <td>Mesothelioma Stratified Therapy (MiST): A multi-drug phase II trial in mali...</td>
      <td>Cancer</td>
      <td>Adult</td>
      <td>120</td>
    </tr>
    <tr>
      <td><a href='https://www.isrctn.com/ISRCTN10853487' target='_blank'><div>ISRCTN10853487</div></a></td>
      <td>Antihypertensives to reduce blood pressure variability after stroke</td>
      <td>Circulatory System</td>
      <td>Adult</td>
      <td>150</td>
    </tr>
    <tr>
      <td><a href='https://www.isrctn.com/ISRCTN18386427' target='_blank'><div>ISRCTN18386427</div></a></td>
      <td>The effect of sildenafil (REVATIO®) on post cardiac surgery acute kidney in...</td>
      <td>Urological and Genital Diseases</td>
      <td>Adult</td>
      <td>126</td>
    </tr>
    <tr>
      <td><a href='https://www.isrctn.com/ISRCTN37719011' target='_blank'><div>ISRCTN37719011</div></a></td>
      <td>Pharmacokinetic profile, safety and tolerability of Sildenafil (REVATIO®) i...</td>
      <td>Urological and Genital Diseases</td>
      <td>Adult</td>
      <td>36</td>
    </tr>
    <tr>
      <td><a href='https://www.isrctn.com/ISRCTN06134609' target='_blank'><div>ISRCTN06134609</div></a></td>
      <td>Study to determine the pharmacokinetic profile, safety and tolerability of ...</td>
      <td>Circulatory System</td>
      <td>Adult</td>
      <td>36</td>
    </tr>
    <tr>
      <td><a href='https://www.isrctn.com/ISRCTN58705307' target='_blank'><div>ISRCTN58705307</div></a></td>
      <td>A phase I/IIa study combining curcumin (Curcumin C3 Complex, Sabinsa) with ...</td>
      <td>Cancer</td>
      <td>Adult</td>
      <td>51</td>
    </tr>
  </tbody>
</table>"
11,-214903.77978954036,6882052.998582191,University of Birmingham,52.4508168,-1.9305135,95.0,29.29482800435151,"<table border=""1"" class=""dataframe"">
  <thead>
    <tr style=""text-align: left;"">
      <th>ISRCTN link</th>
      <th>Title</th>
      <th>Condition category</th>
      <th>Age group</th>
      <th>Target number of participants</th>
    </tr>
  </thead>
  <tbody>
    <tr>
      <td><a href='https://www.isrctn.com/ISRCTN50290131' target='_blank'><div>ISRCTN50290131</div></a></td>
      <td>Comparing interventions for the prevention of graft-versus-host disease aft...</td>
      <td>Cancer</td>
      <td>Adult</td>
      <td>400</td>
    </tr>
    <tr>
      <td><a href='https://www.isrctn.com/ISRCTN40735896' target='_blank'><div>ISRCTN40735896</div></a></td>
      <td>A randomised trial of daratumumab to remove myeloma cells from blood stem c...</td>
      <td>Cancer</td>
      <td>Adult</td>
      <td>338</td>
    </tr>
    <tr>
      <td><a href='https://www.isrctn.com/ISRCTN89158144' target='_blank'><div>ISRCTN89158144</div></a></td>
      <td>A study to see if a drug called gemtuzumab ozogamicin is a useful treatment...</td>
      <td>Cancer</td>
      <td>Mixed</td>
      <td>20</td>
    </tr>
    <tr>
      <td><a href='https://www.isrctn.com/ISRCTN15567173' target='_blank'><div>ISRCTN15567173</div></a></td>
      <td>A trial comparing the effectiveness and safety of venetoclax to standard ch...</td>
      <td>Cancer</td>
      <td>Adult</td>
      <td>186</td>
    </tr>
    <tr>
      <td><a href='https://www.isrctn.com/ISRCTN12682719' target='_blank'><div>ISRCTN12682719</div></a></td>
      <td>Antidepressant for the prevention of depression following first-episode psy...</td>
      <td>Mental and Behavioural Disorders</td>
      <td>Adult</td>
      <td>508</td>
    </tr>
    <tr>
      <td><a href='https://www.isrctn.com/ISRCTN12792616' target='_blank'><div>ISRCTN12792616</div></a></td>
      <td>The Giant PANDA study: which blood pressure medication is best for pregnant...</td>
      <td>Pregnancy and Childbirth</td>
      <td>Adult</td>
      <td>2300</td>
    </tr>
    <tr>
      <td><a href='https://www.isrctn.com/ISRCTN12451433' target='_blank'><div>ISRCTN12451433</div></a></td>
      <td>A phase I trial for patients with a type of myelofibrosis, which aims to de...</td>
      <td>Cancer</td>
      <td>Adult</td>
      <td>60</td>
    </tr>
    <tr>
      <td><a href='https://www.isrctn.com/ISRCTN15645679' target='_blank'><div>ISRCTN15645679</div></a></td>
      <td>A trial to determine if withholding anticoagulation is not worse than stand...</td>
      <td>Circulatory System</td>
      <td>Adult</td>
      <td>1466</td>
    </tr>
    <tr>
      <td><a href='https://www.isrctn.com/ISRCTN40580903' target='_blank'><div>ISRCTN40580903</div></a></td>
      <td>Which treatment could lessen the severity of a coronavirus infection when c...</td>
      <td>Respiratory</td>
      <td>Mixed</td>
      <td>588</td>
    </tr>
    <tr>
      <td><a href='https://www.isrctn.com/ISRCTN11828358' target='_blank'><div>ISRCTN11828358</div></a></td>
      <td>Comparison of Letrozole or clomifene for ovulation induction in women with ...</td>
      <td>Nutritional, Metabolic, Endocrine</td>
      <td>Adult</td>
      <td>2100</td>
    </tr>
    <tr>
      <td><a href='https://www.isrctn.com/ISRCTN91556363' target='_blank'><div>ISRCTN91556363</div></a></td>
      <td>Pilot antioxidant therapy of men in unexplained miscarriage: the pAToMiUM t...</td>
      <td>Pregnancy and Childbirth</td>
      <td>Adult</td>
      <td>30</td>
    </tr>
    <tr>
      <td><a href='https://www.isrctn.com/ISRCTN12885480' target='_blank'><div>ISRCTN12885480</div></a></td>
      <td>Ruxolitinib versus hydroxycarbamide or interferon as first-line therapy in ...</td>
      <td>Cancer</td>
      <td>Adult</td>
      <td>586</td>
    </tr>
    <tr>
      <td><a href='https://www.isrctn.com/ISRCTN40245896' target='_blank'><div>ISRCTN40245896</div></a></td>
      <td>A phase II trial to find the durable clinical benefit of nivolumab in class...</td>
      <td>Cancer</td>
      <td>Adult</td>
      <td>36</td>
    </tr>
    <tr>
      <td><a href='https://www.isrctn.com/ISRCTN12434060' target='_blank'><div>ISRCTN12434060</div></a></td>
      <td>An international randomised clinical trial of therapeutic interventions wit...</td>
      <td>Cancer</td>
      <td>Adult</td>
      <td>869</td>
    </tr>
    <tr>
      <td><a href='https://www.isrctn.com/ISRCTN52839057' target='_blank'><div>ISRCTN52839057</div></a></td>
      <td>A trial of CHOP-R therapy, with or without acalabrutinib, in patients with ...</td>
      <td>Cancer</td>
      <td>Adult</td>
      <td>84</td>
    </tr>
    <tr>
      <td><a href='https://www.isrctn.com/ISRCTN55111436' target='_blank'><div>ISRCTN55111436</div></a></td>
      <td>A double-blind randomised trial to compare oral azacitidine (CC-486) with p...</td>
      <td>Cancer</td>
      <td>Adult</td>
      <td>324</td>
    </tr>
    <tr>
      <td><a href='https://www.isrctn.com/ISRCTN99927695' target='_blank'><div>ISRCTN99927695</div></a></td>
      <td>A comparison of two low-intensity transplant regimens for the treatment of ...</td>
      <td>Cancer</td>
      <td>Adult</td>
      <td>242</td>
    </tr>
    <tr>
      <td><a href='https://www.isrctn.com/ISRCTN73887615' target='_blank'><div>ISRCTN73887615</div></a></td>
      <td>Carvedilol versus variceal band ligation in primary prevention of variceal ...</td>
      <td>Digestive System</td>
      <td>Adult</td>
      <td>2630</td>
    </tr>
    <tr>
      <td><a href='https://www.isrctn.com/ISRCTN92323261' target='_blank'><div>ISRCTN92323261</div></a></td>
      <td>SeluDex: an international trial of selumetinib in combination with dexameth...</td>
      <td>Cancer</td>
      <td>Adult</td>
      <td>31</td>
    </tr>
    <tr>
      <td><a href='https://www.isrctn.com/ISRCTN10176118' target='_blank'><div>ISRCTN10176118</div></a></td>
      <td>A pivotal, international, randomised, double-blind, efficacy and safety tri...</td>
      <td>Genetic Diseases</td>
      <td>Mixed</td>
      <td>70</td>
    </tr>
    <tr>
      <td><a href='https://www.isrctn.com/ISRCTN21727048' target='_blank'><div>ISRCTN21727048</div></a></td>
      <td>A phase I/II study evaluating the safety and activity of pegylated recombin...</td>
      <td>Cancer</td>
      <td>Adult</td>
      <td>64</td>
    </tr>
    <tr>
      <td><a href='https://www.isrctn.com/ISRCTN17405024' target='_blank'><div>ISRCTN17405024</div></a></td>
      <td>A trial to test if using a combination of drugs (mifepristone followed by m...</td>
      <td>Pregnancy and Childbirth</td>
      <td>Adult</td>
      <td>710</td>
    </tr>
    <tr>
      <td><a href='https://www.isrctn.com/ISRCTN10047797' target='_blank'><div>ISRCTN10047797</div></a></td>
      <td>A phase II trial of pembrolizumab in NSCLC PS2 patients</td>
      <td>Cancer</td>
      <td>Adult</td>
      <td>60</td>
    </tr>
    <tr>
      <td><a href='https://www.isrctn.com/ISRCTN65011803' target='_blank'><div>ISRCTN65011803</div></a></td>
      <td>Effects of tamoxifen in patients with myeloproliferratIve disorders</td>
      <td>Cancer</td>
      <td>Adult</td>
      <td>42</td>
    </tr>
    <tr>
      <td><a href='https://www.isrctn.com/ISRCTN52057158' target='_blank'><div>ISRCTN52057158</div></a></td>
      <td>CALiBRe: Assessment of the Mechanism of Action of idelalisib (CAL101) in B-...</td>
      <td>Cancer</td>
      <td>Adult</td>
      <td>40</td>
    </tr>
    <tr>
      <td><a href='https://www.isrctn.com/ISRCTN10760016' target='_blank'><div>ISRCTN10760016</div></a></td>
      <td>A study of the drugs AZD2014 and rituximab in relapsed or refractory diffus...</td>
      <td>Cancer</td>
      <td>Adult</td>
      <td>36</td>
    </tr>
    <tr>
      <td><a href='https://www.isrctn.com/ISRCTN38344105' target='_blank'><div>ISRCTN38344105</div></a></td>
      <td>National Lung Matrix Trial: multi-drug phase II trial in non-small cell (NS...</td>
      <td>Cancer</td>
      <td>Adult</td>
      <td>610</td>
    </tr>
    <tr>
      <td><a href='https://www.isrctn.com/ISRCTN15094808' target='_blank'><div>ISRCTN15094808</div></a></td>
      <td>Response to optimal selection of neo-adjuvant chemotherapy in operable brea...</td>
      <td>Cancer</td>
      <td>Adult</td>
      <td>1050</td>
    </tr>
    <tr>
      <td><a href='https://www.isrctn.com/ISRCTN41478539' target='_blank'><div>ISRCTN41478539</div></a></td>
      <td>Comparing alternative regimens for escalating treatment of intermediate and...</td>
      <td>Cancer</td>
      <td>Adult</td>
      <td>650</td>
    </tr>
    <tr>
      <td><a href='https://www.isrctn.com/ISRCTN22287432' target='_blank'><div>ISRCTN22287432</div></a></td>
      <td>BUBBLE: Buparlisib with bortezomib in relapsed or refractory multiple myelo...</td>
      <td>Cancer</td>
      <td>Adult</td>
      <td>60</td>
    </tr>
    <tr>
      <td><a href='https://www.isrctn.com/ISRCTN16783472' target='_blank'><div>ISRCTN16783472</div></a></td>
      <td>Assessing the safety and tolerability of oral Ruxolitinib in combination wi...</td>
      <td>Cancer</td>
      <td>Adult</td>
      <td>64</td>
    </tr>
    <tr>
      <td><a href='https://www.isrctn.com/ISRCTN11233255' target='_blank'><div>ISRCTN11233255</div></a></td>
      <td>BUTEO: a clinical trial of BTT1023 in patients with primary sclerosing chol...</td>
      <td>Digestive System</td>
      <td>Adult</td>
      <td>59</td>
    </tr>
    <tr>
      <td><a href='https://www.isrctn.com/ISRCTN14163439' target='_blank'><div>ISRCTN14163439</div></a></td>
      <td>PRISM: Progesterone in spontaneous miscarriage</td>
      <td>Pregnancy and Childbirth</td>
      <td>Adult</td>
      <td>4150</td>
    </tr>
    <tr>
      <td><a href='https://www.isrctn.com/ISRCTN10259346' target='_blank'><div>ISRCTN10259346</div></a></td>
      <td>IMPRESS-AF: Improved exercise tolerance in heart failure with preserved eje...</td>
      <td>Circulatory System</td>
      <td>Adult</td>
      <td>250</td>
    </tr>
    <tr>
      <td><a href='https://www.isrctn.com/ISRCTN12857473' target='_blank'><div>ISRCTN12857473</div></a></td>
      <td>Investigating the most appropriate dose and effectiveness of thiotepa in co...</td>
      <td>Cancer</td>
      <td>Adult</td>
      <td>40</td>
    </tr>
    <tr>
      <td><a href='https://www.isrctn.com/ISRCTN61297219' target='_blank'><div>ISRCTN61297219</div></a></td>
      <td>A phase II trial of Cyclosporin A in early adverse risk Chronic Lymphocytic...</td>
      <td>Cancer</td>
      <td>Adult</td>
      <td>10</td>
    </tr>
    <tr>
      <td><a href='https://www.isrctn.com/ISRCTN98986889' target='_blank'><div>ISRCTN98986889</div></a></td>
      <td>Management of Transformed Chronic myeloid leukaemia: Ponatinib and Intensiv...</td>
      <td>Cancer</td>
      <td>Adult</td>
      <td>30</td>
    </tr>
    <tr>
      <td><a href='https://www.isrctn.com/ISRCTN98163167' target='_blank'><div>ISRCTN98163167</div></a></td>
      <td>A trial of combined azacitidine and lenalidomide salvage therapy in patient...</td>
      <td>Cancer</td>
      <td>Adult</td>
      <td>30</td>
    </tr>
    <tr>
      <td><a href='https://www.isrctn.com/ISRCTN36453794' target='_blank'><div>ISRCTN36453794</div></a></td>
      <td>Chemotherapy for the treatment of recurrent and primary refractory Ewing sa...</td>
      <td>Cancer</td>
      <td>Mixed</td>
      <td>675</td>
    </tr>
    <tr>
      <td><a href='https://www.isrctn.com/ISRCTN94696478' target='_blank'><div>ISRCTN94696478</div></a></td>
      <td>A randomised multicentre open label blinded end point trial to compare the ...</td>
      <td>Circulatory System</td>
      <td>Adult</td>
      <td>350</td>
    </tr>
    <tr>
      <td><a href='https://www.isrctn.com/ISRCTN98918118' target='_blank'><div>ISRCTN98918118</div></a></td>
      <td>A study of 177 lutetium dotatate in children with primary refractory or rel...</td>
      <td>Cancer</td>
      <td>Child</td>
      <td>24</td>
    </tr>
    <tr>
      <td><a href='https://www.isrctn.com/ISRCTN98495886' target='_blank'><div>ISRCTN98495886</div></a></td>
      <td>A trial investigating the use of Veregen (EPIgallocatechin-3-gallate) in th...</td>
      <td>Cancer</td>
      <td>Adult</td>
      <td>56</td>
    </tr>
    <tr>
      <td><a href='https://www.isrctn.com/ISRCTN11889464' target='_blank'><div>ISRCTN11889464</div></a></td>
      <td>ImmunoTACE</td>
      <td>Cancer</td>
      <td>Adult</td>
      <td>48</td>
    </tr>
    <tr>
      <td><a href='https://www.isrctn.com/ISRCTN42054893' target='_blank'><div>ISRCTN42054893</div></a></td>
      <td>A study to determine the maximum tolerated dose and activity of the combina...</td>
      <td>Cancer</td>
      <td>Adult</td>
      <td>58</td>
    </tr>
    <tr>
      <td><a href='https://www.isrctn.com/ISRCTN92192408' target='_blank'><div>ISRCTN92192408</div></a></td>
      <td>Euro Ewing 2012</td>
      <td>Cancer</td>
      <td>Mixed</td>
      <td>600</td>
    </tr>
    <tr>
      <td><a href='https://www.isrctn.com/ISRCTN77650947' target='_blank'><div>ISRCTN77650947</div></a></td>
      <td>Brentuximab vedotin In patients with Hodgkin lymphoma</td>
      <td>Cancer</td>
      <td>Adult</td>
      <td>30</td>
    </tr>
    <tr>
      <td><a href='https://www.isrctn.com/ISRCTN50855000' target='_blank'><div>ISRCTN50855000</div></a></td>
      <td>FLAMSA-BU conditioning regimen in patients with acute myeloid leukaemia and...</td>
      <td>Cancer</td>
      <td>Adult</td>
      <td>170</td>
    </tr>
    <tr>
      <td><a href='https://www.isrctn.com/ISRCTN69211255' target='_blank'><div>ISRCTN69211255</div></a></td>
      <td>ROMAZA: Phase I study of romidespin and azacitidine in acute myeloid leukae...</td>
      <td>Cancer</td>
      <td>Adult</td>
      <td>30</td>
    </tr>
    <tr>
      <td><a href='https://www.isrctn.com/ISRCTN29654603' target='_blank'><div>ISRCTN29654603</div></a></td>
      <td>Remifentanil intravenous patient controlled analgesia (PCA) versus intramus...</td>
      <td>Pregnancy and Childbirth</td>
      <td>Adult</td>
      <td>400</td>
    </tr>
    <tr>
      <td><a href='https://www.isrctn.com/ISRCTN62162141' target='_blank'><div>ISRCTN62162141</div></a></td>
      <td>A phase 2 study of the efficacy and safety of Deferasirox administered at e...</td>
      <td>Cancer</td>
      <td>Adult</td>
      <td>54</td>
    </tr>
    <tr>
      <td><a href='https://www.isrctn.com/ISRCTN05858391' target='_blank'><div>ISRCTN05858391</div></a></td>
      <td>A Phase Ib study of eltrombopag and azacitidine in patients with high risk ...</td>
      <td>Cancer</td>
      <td>Adult</td>
      <td>37</td>
    </tr>
    <tr>
      <td><a href='https://www.isrctn.com/ISRCTN40708286' target='_blank'><div>ISRCTN40708286</div></a></td>
      <td>A trial of BEvACizumab added to temozolomide +/- irinOtecan for children wi...</td>
      <td>Cancer</td>
      <td>Child</td>
      <td>224</td>
    </tr>
    <tr>
      <td><a href='https://www.isrctn.com/ISRCTN80658312' target='_blank'><div>ISRCTN80658312</div></a></td>
      <td>Spironolactone TO Prevent cardiovascular events in early stage Chronic Kidn...</td>
      <td>Urological and Genital Diseases</td>
      <td>Adult</td>
      <td>500</td>
    </tr>
    <tr>
      <td><a href='https://www.isrctn.com/ISRCTN16465571' target='_blank'><div>ISRCTN16465571</div></a></td>
      <td>A trial evaluating cabazitaxel versus docetaxel rechallenge for the treatme...</td>
      <td>Cancer</td>
      <td>Adult</td>
      <td>138</td>
    </tr>
    <tr>
      <td><a href='https://www.isrctn.com/ISRCTN10125877' target='_blank'><div>ISRCTN10125877</div></a></td>
      <td>A study of pazopanib in metastatic merkel cell carcinoma</td>
      <td>Cancer</td>
      <td>Adult</td>
      <td>25</td>
    </tr>
    <tr>
      <td><a href='https://www.isrctn.com/ISRCTN06254734' target='_blank'><div>ISRCTN06254734</div></a></td>
      <td>AdUP: AdNRGM; VDEPT + GMCSF in locally recurrent prostate cancer</td>
      <td>Cancer</td>
      <td>Adult</td>
      <td>15</td>
    </tr>
    <tr>
      <td><a href='https://www.isrctn.com/ISRCTN62019087' target='_blank'><div>ISRCTN62019087</div></a></td>
      <td>Rapid Primary care Initiation of Drug treatment for TIA (RAPID−TIA)</td>
      <td>Circulatory System</td>
      <td>Adult</td>
      <td>170</td>
    </tr>
    <tr>
      <td><a href='https://www.isrctn.com/ISRCTN10900733' target='_blank'><div>ISRCTN10900733</div></a></td>
      <td>Short course daily prednisolone therapy at the time of upper respiratory tr...</td>
      <td>Urological and Genital Diseases</td>
      <td>Child</td>
      <td>300</td>
    </tr>
    <tr>
      <td><a href='https://www.isrctn.com/ISRCTN68224706' target='_blank'><div>ISRCTN68224706</div></a></td>
      <td>5-Azacitidine versus 5-Azacitidine in combination with Vorinostat in patien...</td>
      <td>Cancer</td>
      <td>Adult</td>
      <td>160</td>
    </tr>
    <tr>
      <td><a href='https://www.isrctn.com/ISRCTN61925716' target='_blank'><div>ISRCTN61925716</div></a></td>
      <td>Best available therapy versus JAK Inhibition in patients with high risk pol...</td>
      <td>Cancer</td>
      <td>Adult</td>
      <td>290</td>
    </tr>
    <tr>
      <td><a href='https://www.isrctn.com/ISRCTN38957238' target='_blank'><div>ISRCTN38957238</div></a></td>
      <td>A study of pazopanib efficacy and safety in patients with advanced clear-ce...</td>
      <td>Cancer</td>
      <td>Adult</td>
      <td>75</td>
    </tr>
    <tr>
      <td><a href='https://www.isrctn.com/ISRCTN64515327' target='_blank'><div>ISRCTN64515327</div></a></td>
      <td>United Kingdom Trial for children and young adults with Acute lymphoblastic...</td>
      <td>Cancer</td>
      <td>Mixed</td>
      <td>2640</td>
    </tr>
    <tr>
      <td><a href='https://www.isrctn.com/ISRCTN15948785' target='_blank'><div>ISRCTN15948785</div></a></td>
      <td>Thyroid AntiBodies and LEvoThyroxine study (TABLET)</td>
      <td>Pregnancy and Childbirth</td>
      <td>Adult</td>
      <td>900</td>
    </tr>
    <tr>
      <td><a href='https://www.isrctn.com/ISRCTN99131400' target='_blank'><div>ISRCTN99131400</div></a></td>
      <td>Safety, compliance with and activity of Bezafibrate and medroxyProgesterone...</td>
      <td>Cancer</td>
      <td>Adult</td>
      <td>60</td>
    </tr>
    <tr>
      <td><a href='https://www.isrctn.com/ISRCTN24967173' target='_blank'><div>ISRCTN24967173</div></a></td>
      <td>Enhancing immunity to influenza in elderly individuals through reversal of ...</td>
      <td>Respiratory</td>
      <td>Senior</td>
      <td>700</td>
    </tr>
    <tr>
      <td><a href='https://www.isrctn.com/ISRCTN80733590' target='_blank'><div>ISRCTN80733590</div></a></td>
      <td>Phase I/II feasibility study of cetuximab with 5-fluorouracil (5FU) and mit...</td>
      <td>Cancer</td>
      <td>Adult</td>
      <td>60</td>
    </tr>
    <tr>
      <td><a href='https://www.isrctn.com/ISRCTN51731976' target='_blank'><div>ISRCTN51731976</div></a></td>
      <td>Tackling EArly Morbidity and Mortality in myeloma (TEAMM)</td>
      <td>Cancer</td>
      <td>Adult</td>
      <td>1000</td>
    </tr>
    <tr>
      <td><a href='https://www.isrctn.com/ISRCTN39911673' target='_blank'><div>ISRCTN39911673</div></a></td>
      <td>NOURISH: Phase II Trial</td>
      <td>Musculoskeletal Diseases</td>
      <td>Adult</td>
      <td>96</td>
    </tr>
    <tr>
      <td><a href='https://www.isrctn.com/ISRCTN23847193' target='_blank'><div>ISRCTN23847193</div></a></td>
      <td>High or Low Dose Syntocinon (Oxytocin) for delay in labour</td>
      <td>Pregnancy and Childbirth</td>
      <td>Adult</td>
      <td>100</td>
    </tr>
    <tr>
      <td><a href='https://www.isrctn.com/ISRCTN73819751' target='_blank'><div>ISRCTN73819751</div></a></td>
      <td>Extended AntiCoagulation Treatment for venous thromboembolism (VTE)</td>
      <td>Circulatory System</td>
      <td>Adult</td>
      <td>352</td>
    </tr>
    <tr>
      <td><a href='https://www.isrctn.com/ISRCTN12655440' target='_blank'><div>ISRCTN12655440</div></a></td>
      <td>A phase I trial of figitumumab in children with relapsed/refractory solid t...</td>
      <td>Cancer</td>
      <td>Child</td>
      <td>48</td>
    </tr>
    <tr>
      <td><a href='https://www.isrctn.com/ISRCTN85774727' target='_blank'><div>ISRCTN85774727</div></a></td>
      <td>Liraglutide Efficacy and Action in Non-Alcoholic Steatohepatitis</td>
      <td>Digestive System</td>
      <td>Adult</td>
      <td>50</td>
    </tr>
    <tr>
      <td><a href='https://www.isrctn.com/ISRCTN34386131' target='_blank'><div>ISRCTN34386131</div></a></td>
      <td>Efficacy and safety of olaparib in relapsed and refractory chronic lymphocy...</td>
      <td>Cancer</td>
      <td>Adult</td>
      <td>76</td>
    </tr>
    <tr>
      <td><a href='https://www.isrctn.com/ISRCTN29644734' target='_blank'><div>ISRCTN29644734</div></a></td>
      <td>CLOfarabine (Clolar®) Used with DaunoXome® in acute myeloid leukaemia</td>
      <td>Cancer</td>
      <td>Child</td>
      <td>18</td>
    </tr>
    <tr>
      <td><a href='https://www.isrctn.com/ISRCTN22526020' target='_blank'><div>ISRCTN22526020</div></a></td>
      <td>Rapid reduction versus abrupt quitting for smokers who want to stop soon</td>
      <td>Mental and Behavioural Disorders</td>
      <td>Adult</td>
      <td>686</td>
    </tr>
    <tr>
      <td><a href='https://www.isrctn.com/ISRCTN12974558' target='_blank'><div>ISRCTN12974558</div></a></td>
      <td>Adjunctive use of nilotinib in patient with imatinib resistant or intoleran...</td>
      <td>Cancer</td>
      <td>Adult</td>
      <td>15</td>
    </tr>
    <tr>
      <td><a href='https://www.isrctn.com/ISRCTN36825171' target='_blank'><div>ISRCTN36825171</div></a></td>
      <td>Adjunctive use of azacitidine in patients with acute myeloid leukaemia (AML...</td>
      <td>Cancer</td>
      <td>Adult</td>
      <td>40</td>
    </tr>
    <tr>
      <td><a href='https://www.isrctn.com/ISRCTN49416618' target='_blank'><div>ISRCTN49416618</div></a></td>
      <td>Taurine and painful diabetic neuropathy</td>
      <td>Nervous System Diseases</td>
      <td>Adult</td>
      <td>180</td>
    </tr>
    <tr>
      <td><a href='https://www.isrctn.com/ISRCTN87163246' target='_blank'><div>ISRCTN87163246</div></a></td>
      <td>Fluoropyrimidine, oxaliplatin and targeted receptor pre-operative therapy: ...</td>
      <td>Cancer</td>
      <td>Adult</td>
      <td>1050</td>
    </tr>
    <tr>
      <td><a href='https://www.isrctn.com/ISRCTN68418952' target='_blank'><div>ISRCTN68418952</div></a></td>
      <td>Phase II study of the tolerability and efficacy of the histone deacetylase ...</td>
      <td>Cancer</td>
      <td>Adult</td>
      <td>20</td>
    </tr>
    <tr>
      <td><a href='https://www.isrctn.com/ISRCTN18467252' target='_blank'><div>ISRCTN18467252</div></a></td>
      <td>A prospective randomised phase III trial of early hospital discharge versus...</td>
      <td>Infections and Infestations</td>
      <td>Adult</td>
      <td>400</td>
    </tr>
    <tr>
      <td><a href='https://www.isrctn.com/ISRCTN07812773' target='_blank'><div>ISRCTN07812773</div></a></td>
      <td>A multicentre phase II feasibility study of accelerated chemotherapy - sequ...</td>
      <td>Cancer</td>
      <td>Adult</td>
      <td>80</td>
    </tr>
    <tr>
      <td><a href='https://www.isrctn.com/ISRCTN80153848' target='_blank'><div>ISRCTN80153848</div></a></td>
      <td>A British Thoracic Oncology Group phase III trial of Gemcitabine plus Cispl...</td>
      <td>Cancer</td>
      <td>Adult</td>
      <td>1350</td>
    </tr>
    <tr>
      <td><a href='https://www.isrctn.com/ISRCTN12808747' target='_blank'><div>ISRCTN12808747</div></a></td>
      <td>A randomised phase III trial of docetaxel plus prednisolone vs docetaxel wi...</td>
      <td>Cancer</td>
      <td>Adult</td>
      <td>618</td>
    </tr>
    <tr>
      <td><a href='https://www.isrctn.com/ISRCTN57852484' target='_blank'><div>ISRCTN57852484</div></a></td>
      <td>A pragmatic randomised controlled trial to test the efficacy of nortriptyli...</td>
      <td>Mental and Behavioural Disorders</td>
      <td>Adult</td>
      <td>900</td>
    </tr>
    <tr>
      <td><a href='https://www.isrctn.com/ISRCTN86566246' target='_blank'><div>ISRCTN86566246</div></a></td>
      <td>Effectiveness and Cost-effectiveness of Levonorgestrel containing Intrauter...</td>
      <td>Urological and Genital Diseases</td>
      <td>Adult</td>
      <td>570</td>
    </tr>
    <tr>
      <td><a href='https://www.isrctn.com/ISRCTN38534743' target='_blank'><div>ISRCTN38534743</div></a></td>
      <td>Selenium supplementation for the prevention of hepatocellular carcinomas in...</td>
      <td>Cancer</td>
      <td>Adult</td>
      <td>0</td>
    </tr>
    <tr>
      <td><a href='https://www.isrctn.com/ISRCTN69812316' target='_blank'><div>ISRCTN69812316</div></a></td>
      <td>An assessment of the relative cost-effectiveness of different classes of dr...</td>
      <td>Nervous System Diseases</td>
      <td>Senior</td>
      <td>1500</td>
    </tr>
    <tr>
      <td><a href='https://www.isrctn.com/ISRCTN61438620' target='_blank'><div>ISRCTN61438620</div></a></td>
      <td>EURO-EWING 99: European ewing tumour working initiative of national groups</td>
      <td>Cancer</td>
      <td>Not Specified</td>
      <td>1200</td>
    </tr>
    <tr>
      <td><a href='https://www.isrctn.com/ISRCTN42625759' target='_blank'><div>ISRCTN42625759</div></a></td>
      <td>National breast cancer study of Epirubicin plus CMF versus classical CMF Ad...</td>
      <td>Cancer</td>
      <td>Adult</td>
      <td>2028</td>
    </tr>
    <tr>
      <td><a href='https://www.isrctn.com/ISRCTN51146252' target='_blank'><div>ISRCTN51146252</div></a></td>
      <td>A randomised phase III trial of gemcitabine in paclitaxel-containing, epiru...</td>
      <td>Cancer</td>
      <td>Adult</td>
      <td>3152</td>
    </tr>
    <tr>
      <td><a href='https://www.isrctn.com/ISRCTN87644265' target='_blank'><div>ISRCTN87644265</div></a></td>
      <td>A multicentre randomised controlled trial of C13-Urea Breath testing and He...</td>
      <td>Digestive System</td>
      <td>Adult</td>
      <td>2000</td>
    </tr>
    <tr>
      <td><a href='https://www.isrctn.com/ISRCTN17222211' target='_blank'><div>ISRCTN17222211</div></a></td>
      <td>Adjuvant Tamoxifen Treatment - offer more? To assess reliably the balance o...</td>
      <td>Cancer</td>
      <td>Adult</td>
      <td>8000</td>
    </tr>
    <tr>
      <td><a href='https://www.isrctn.com/ISRCTN89345269' target='_blank'><div>ISRCTN89345269</div></a></td>
      <td>A randomised controlled trial of warfarin vs aspirin for atrial fibrillatio...</td>
      <td>Circulatory System</td>
      <td>Senior</td>
      <td>973</td>
    </tr>
    <tr>
      <td><a href='https://www.isrctn.com/ISRCTN16645249' target='_blank'><div>ISRCTN16645249</div></a></td>
      <td>Prednisolone in nephrotic syndrome</td>
      <td>Urological and Genital Diseases</td>
      <td>Child</td>
      <td>224</td>
    </tr>
  </tbody>
</table>"
12,-132804.10798857908,6971867.107989617,University of Nottingham,52.93978269999999,-1.1929996,36.0,23.26565505118757,"<table border=""1"" class=""dataframe"">
  <thead>
    <tr style=""text-align: left;"">
      <th>ISRCTN link</th>
      <th>Title</th>
      <th>Condition category</th>
      <th>Age group</th>
      <th>Target number of participants</th>
    </tr>
  </thead>
  <tbody>
    <tr>
      <td><a href='https://www.isrctn.com/ISRCTN12059648' target='_blank'><div>ISRCTN12059648</div></a></td>
      <td>Treat to target in gout</td>
      <td>Musculoskeletal Diseases</td>
      <td>Adult</td>
      <td>466</td>
    </tr>
    <tr>
      <td><a href='https://www.isrctn.com/ISRCTN67038373' target='_blank'><div>ISRCTN67038373</div></a></td>
      <td>Desmopressin for treatment of stroke patients on antiplatelet therapy</td>
      <td>Circulatory System</td>
      <td>Adult</td>
      <td>50</td>
    </tr>
    <tr>
      <td><a href='https://www.isrctn.com/ISRCTN26986053' target='_blank'><div>ISRCTN26986053</div></a></td>
      <td>Rapid intervention with glyceryl trinitrate in hypertensive stroke trial-2</td>
      <td>Circulatory System</td>
      <td>Adult</td>
      <td>850</td>
    </tr>
    <tr>
      <td><a href='https://www.isrctn.com/ISRCTN81883379' target='_blank'><div>ISRCTN81883379</div></a></td>
      <td>Systemic therapy for vulval erosive lichen planus</td>
      <td>Skin and Connective Tissue Diseases</td>
      <td>Adult</td>
      <td>96</td>
    </tr>
    <tr>
      <td><a href='https://www.isrctn.com/ISRCTN15441965' target='_blank'><div>ISRCTN15441965</div></a></td>
      <td>FAST - four-fold asthma study: the clinical and cost effectiveness of tempo...</td>
      <td>Respiratory</td>
      <td>Adult</td>
      <td>1774</td>
    </tr>
    <tr>
      <td><a href='https://www.isrctn.com/ISRCTN93732214' target='_blank'><div>ISRCTN93732214</div></a></td>
      <td>Tranexamic acid for IntraCerebral Haemorrhage (TICH-2)</td>
      <td>Circulatory System</td>
      <td>Adult</td>
      <td>2000</td>
    </tr>
    <tr>
      <td><a href='https://www.isrctn.com/ISRCTN10134725' target='_blank'><div>ISRCTN10134725</div></a></td>
      <td>Helicobacter Eradication Aspirin Trial (HEAT)</td>
      <td>Digestive System</td>
      <td>Senior</td>
      <td>33000</td>
    </tr>
    <tr>
      <td><a href='https://www.isrctn.com/ISRCTN16714730' target='_blank'><div>ISRCTN16714730</div></a></td>
      <td>Stem cell trial of recovery enhancement after stroke 3</td>
      <td>Circulatory System</td>
      <td>Adult</td>
      <td>60</td>
    </tr>
    <tr>
      <td><a href='https://www.isrctn.com/ISRCTN50867461' target='_blank'><div>ISRCTN50867461</div></a></td>
      <td>Tranexamic acid in IntraCerebral Haemorrhage</td>
      <td>Circulatory System</td>
      <td>Adult</td>
      <td>24</td>
    </tr>
    <tr>
      <td><a href='https://www.isrctn.com/ISRCTN76612274' target='_blank'><div>ISRCTN76612274</div></a></td>
      <td>Mesalazine for the treatment of diarrhoea-predominant irritable bowel syndr...</td>
      <td>Digestive System</td>
      <td>Adult</td>
      <td>108</td>
    </tr>
    <tr>
      <td><a href='https://www.isrctn.com/ISRCTN81956288' target='_blank'><div>ISRCTN81956288</div></a></td>
      <td>The effect of omega-3 in non-alcoholic fatty liver disease</td>
      <td>Digestive System</td>
      <td>Adult</td>
      <td>58</td>
    </tr>
    <tr>
      <td><a href='https://www.isrctn.com/ISRCTN10958581' target='_blank'><div>ISRCTN10958581</div></a></td>
      <td>Randomised controlled trial of mesalazine in symptomatic diverticular disea...</td>
      <td>Digestive System</td>
      <td>Adult</td>
      <td>40</td>
    </tr>
    <tr>
      <td><a href='https://www.isrctn.com/ISRCTN80109258' target='_blank'><div>ISRCTN80109258</div></a></td>
      <td>Peroxisome proliferator-activated receptor gamma (PPAR-gamma): a novel ther...</td>
      <td>Respiratory</td>
      <td>Adult</td>
      <td>100</td>
    </tr>
    <tr>
      <td><a href='https://www.isrctn.com/ISRCTN22664524' target='_blank'><div>ISRCTN22664524</div></a></td>
      <td>Ondansetron for the treatment of irritable bowel syndrome (IBS) with diarrh...</td>
      <td>Digestive System</td>
      <td>Adult</td>
      <td>150</td>
    </tr>
    <tr>
      <td><a href='https://www.isrctn.com/ISRCTN48755084' target='_blank'><div>ISRCTN48755084</div></a></td>
      <td>A randomised controlled trial of excisional surgery versus imiquimod 5% cre...</td>
      <td>Cancer</td>
      <td>Other</td>
      <td>501</td>
    </tr>
    <tr>
      <td><a href='https://www.isrctn.com/ISRCTN75749391' target='_blank'><div>ISRCTN75749391</div></a></td>
      <td>Are macrolide antibiotics effective in chronic idiopathic cough?</td>
      <td>Signs and Symptoms</td>
      <td>Adult</td>
      <td>60</td>
    </tr>
    <tr>
      <td><a href='https://www.isrctn.com/ISRCTN93221282' target='_blank'><div>ISRCTN93221282</div></a></td>
      <td>Macrolides in refractory asthma</td>
      <td>Respiratory</td>
      <td>Adult</td>
      <td>20</td>
    </tr>
    <tr>
      <td><a href='https://www.isrctn.com/ISRCTN47823388' target='_blank'><div>ISRCTN47823388</div></a></td>
      <td>Triple Antiplatelets for Reducing Dependency after Ischaemic Stroke</td>
      <td>Circulatory System</td>
      <td>Adult</td>
      <td>5000</td>
    </tr>
    <tr>
      <td><a href='https://www.isrctn.com/ISRCTN82461750' target='_blank'><div>ISRCTN82461750</div></a></td>
      <td>A trial comparing two commonly used doses of fertility drugs (gonadotrophin...</td>
      <td>Urological and Genital Diseases</td>
      <td>Adult</td>
      <td>128</td>
    </tr>
    <tr>
      <td><a href='https://www.isrctn.com/ISRCTN13704604' target='_blank'><div>ISRCTN13704604</div></a></td>
      <td>The Bullous Pemphigoid Steroids and Tetracyclines Study</td>
      <td>Skin and Connective Tissue Diseases</td>
      <td>Adult</td>
      <td>256</td>
    </tr>
    <tr>
      <td><a href='https://www.isrctn.com/ISRCTN97360154' target='_blank'><div>ISRCTN97360154</div></a></td>
      <td>Preventing migraine in children and young people</td>
      <td>Nervous System Diseases</td>
      <td>Child</td>
      <td>600</td>
    </tr>
    <tr>
      <td><a href='https://www.isrctn.com/ISRCTN41456162' target='_blank'><div>ISRCTN41456162</div></a></td>
      <td>Effect of an angiotensin receptor antagonist on cerebral blood flow, cerebr...</td>
      <td>Circulatory System</td>
      <td>Adult</td>
      <td>34</td>
    </tr>
    <tr>
      <td><a href='https://www.isrctn.com/ISRCTN37730443' target='_blank'><div>ISRCTN37730443</div></a></td>
      <td>Pilot study for obstetric cholestasis trial</td>
      <td>Pregnancy and Childbirth</td>
      <td>Adult</td>
      <td>125</td>
    </tr>
    <tr>
      <td><a href='https://www.isrctn.com/ISRCTN66434824' target='_blank'><div>ISRCTN66434824</div></a></td>
      <td>The RIGHT Trial: Rapid Intervention with Glyceryl trinitrate (GTN) in Hyper...</td>
      <td>Circulatory System</td>
      <td>Adult</td>
      <td>41</td>
    </tr>
    <tr>
      <td><a href='https://www.isrctn.com/ISRCTN10740230' target='_blank'><div>ISRCTN10740230</div></a></td>
      <td>Evaluation of H. pylori infection in aspirin users - pilot study</td>
      <td>Digestive System</td>
      <td>Adult</td>
      <td>905</td>
    </tr>
    <tr>
      <td><a href='https://www.isrctn.com/ISRCTN99666810' target='_blank'><div>ISRCTN99666810</div></a></td>
      <td>Controlled Assessment of Salicylate and Azathioprine</td>
      <td>Digestive System</td>
      <td>Adult</td>
      <td>410</td>
    </tr>
    <tr>
      <td><a href='https://www.isrctn.com/ISRCTN03813200' target='_blank'><div>ISRCTN03813200</div></a></td>
      <td>Randomised controlled trial to investigate whether prophylactic antibiotics...</td>
      <td>Skin and Connective Tissue Diseases</td>
      <td>Adult</td>
      <td>400</td>
    </tr>
    <tr>
      <td><a href='https://www.isrctn.com/ISRCTN21133397' target='_blank'><div>ISRCTN21133397</div></a></td>
      <td>A randomised controlled trial (pilot study) of the use of macerated garlic ...</td>
      <td>Nutritional, Metabolic, Endocrine</td>
      <td>Other</td>
      <td>30</td>
    </tr>
    <tr>
      <td><a href='https://www.isrctn.com/ISRCTN63336619' target='_blank'><div>ISRCTN63336619</div></a></td>
      <td>'Stem cell Trial of recovery EnhanceMent after Stroke 2' (STEMS2): pilot ra...</td>
      <td>Circulatory System</td>
      <td>Not Specified</td>
      <td>60</td>
    </tr>
    <tr>
      <td><a href='https://www.isrctn.com/ISRCTN34716921' target='_blank'><div>ISRCTN34716921</div></a></td>
      <td>Prophylactic Antibiotics for the Treatment of Cellulitis at Home I</td>
      <td>Skin and Connective Tissue Diseases</td>
      <td>Adult</td>
      <td>260</td>
    </tr>
    <tr>
      <td><a href='https://www.isrctn.com/ISRCTN19958964' target='_blank'><div>ISRCTN19958964</div></a></td>
      <td>An assessment of the effects of altering blood pressure on cerebral and sys...</td>
      <td>Circulatory System</td>
      <td>Adult</td>
      <td>24</td>
    </tr>
    <tr>
      <td><a href='https://www.isrctn.com/ISRCTN36285333' target='_blank'><div>ISRCTN36285333</div></a></td>
      <td>To assess the safety and feasibility of administering Dexamphetamine after ...</td>
      <td>Circulatory System</td>
      <td>Adult</td>
      <td>42</td>
    </tr>
    <tr>
      <td><a href='https://www.isrctn.com/ISRCTN83673558' target='_blank'><div>ISRCTN83673558</div></a></td>
      <td>Combined aspirin, clopidogrel and dipyridamole versus aspirin alone in stro...</td>
      <td>Circulatory System</td>
      <td>Adult</td>
      <td>51</td>
    </tr>
    <tr>
      <td><a href='https://www.isrctn.com/ISRCTN80771653' target='_blank'><div>ISRCTN80771653</div></a></td>
      <td>A randomised controlled study of the effect of dietary sodium modification ...</td>
      <td>Respiratory</td>
      <td>Adult</td>
      <td>220</td>
    </tr>
    <tr>
      <td><a href='https://www.isrctn.com/ISRCTN56331683' target='_blank'><div>ISRCTN56331683</div></a></td>
      <td>Ciclosporin and azathioprine treatment in severe ulcerative colitis: a doub...</td>
      <td>Digestive System</td>
      <td>Adult</td>
      <td>280</td>
    </tr>
    <tr>
      <td><a href='https://www.isrctn.com/ISRCTN99414122' target='_blank'><div>ISRCTN99414122</div></a></td>
      <td>Efficacy of nitric oxide in stroke</td>
      <td>Circulatory System</td>
      <td>Adult</td>
      <td>3500</td>
    </tr>
  </tbody>
</table>"
14,-331970.6179688271,7650185.350090201,University of Dundee,56.45824469999999,-2.9821428,29.0,21.922185341675,"<table border=""1"" class=""dataframe"">
  <thead>
    <tr style=""text-align: left;"">
      <th>ISRCTN link</th>
      <th>Title</th>
      <th>Condition category</th>
      <th>Age group</th>
      <th>Target number of participants</th>
    </tr>
  </thead>
  <tbody>
    <tr>
      <td><a href='https://www.isrctn.com/ISRCTN32017426' target='_blank'><div>ISRCTN32017426</div></a></td>
      <td>Allopurinol and cardiovascular outcomes in patients with ischaemic heart di...</td>
      <td>Circulatory System</td>
      <td>Senior</td>
      <td>5215</td>
    </tr>
    <tr>
      <td><a href='https://www.isrctn.com/ISRCTN72443728' target='_blank'><div>ISRCTN72443728</div></a></td>
      <td>Febuxostat versus allopurinol streamlined trial</td>
      <td>Musculoskeletal Diseases</td>
      <td>Adult</td>
      <td>5706</td>
    </tr>
    <tr>
      <td><a href='https://www.isrctn.com/ISRCTN01772998' target='_blank'><div>ISRCTN01772998</div></a></td>
      <td>Allopurinol as a possible oxygen sparing agent during exercise in periphera...</td>
      <td>Circulatory System</td>
      <td>Adult</td>
      <td>50</td>
    </tr>
    <tr>
      <td><a href='https://www.isrctn.com/ISRCTN67166885' target='_blank'><div>ISRCTN67166885</div></a></td>
      <td>Maximising physical function in later life: angiotensin converting enzyme i...</td>
      <td>Not Applicable</td>
      <td>Senior</td>
      <td>186</td>
    </tr>
    <tr>
      <td><a href='https://www.isrctn.com/ISRCTN73579730' target='_blank'><div>ISRCTN73579730</div></a></td>
      <td>Does a drug allopurinol reduce heart muscle mass and improve blood vessel f...</td>
      <td>Circulatory System</td>
      <td>Adult</td>
      <td>66</td>
    </tr>
    <tr>
      <td><a href='https://www.isrctn.com/ISRCTN96755104' target='_blank'><div>ISRCTN96755104</div></a></td>
      <td>Do xanthine oxidase inhibitors regress left ventricular hypertrophy in diab...</td>
      <td>Circulatory System</td>
      <td>Other</td>
      <td>66</td>
    </tr>
    <tr>
      <td><a href='https://www.isrctn.com/ISRCTN03869290' target='_blank'><div>ISRCTN03869290</div></a></td>
      <td>Spironolactone and exercise capacity in older people</td>
      <td>Not Applicable</td>
      <td>Senior</td>
      <td>120</td>
    </tr>
    <tr>
      <td><a href='https://www.isrctn.com/ISRCTN49849003' target='_blank'><div>ISRCTN49849003</div></a></td>
      <td>Add-on salmeterol versus montelukast in Arg/Arg-16 asthmatics</td>
      <td>Respiratory</td>
      <td>Child</td>
      <td>120</td>
    </tr>
    <tr>
      <td><a href='https://www.isrctn.com/ISRCTN45773760' target='_blank'><div>ISRCTN45773760</div></a></td>
      <td>Do xanthine oxidase inhibitors reduce both left ventricular hypertrophy and...</td>
      <td>Circulatory System</td>
      <td>Adult</td>
      <td>60</td>
    </tr>
    <tr>
      <td><a href='https://www.isrctn.com/ISRCTN22788282' target='_blank'><div>ISRCTN22788282</div></a></td>
      <td>Effect of folic acid supplementation and allopurinol on blood vessel health...</td>
      <td>Musculoskeletal Diseases</td>
      <td>Adult</td>
      <td>80</td>
    </tr>
    <tr>
      <td><a href='https://www.isrctn.com/ISRCTN18986715' target='_blank'><div>ISRCTN18986715</div></a></td>
      <td>Effects of ultraviolet A1 (UVA1) phototherapy in patients with systemic scl...</td>
      <td>Musculoskeletal Diseases</td>
      <td>Adult</td>
      <td>20</td>
    </tr>
    <tr>
      <td><a href='https://www.isrctn.com/ISRCTN82040078' target='_blank'><div>ISRCTN82040078</div></a></td>
      <td>Do Xanthine Oxidase Inhibitors (XOI) have clinically useful anti-ischaemic ...</td>
      <td>Circulatory System</td>
      <td>Adult</td>
      <td>60</td>
    </tr>
    <tr>
      <td><a href='https://www.isrctn.com/ISRCTN46806801' target='_blank'><div>ISRCTN46806801</div></a></td>
      <td>Discovery of novel biomarkers in peripheral arterial disease/metabolic synd...</td>
      <td>Nutritional, Metabolic, Endocrine</td>
      <td>Not Specified</td>
      <td>80</td>
    </tr>
    <tr>
      <td><a href='https://www.isrctn.com/ISRCTN38976321' target='_blank'><div>ISRCTN38976321</div></a></td>
      <td>The TASCFORCE Project: Tayside Screening For risk of Cardiac Events</td>
      <td>Circulatory System</td>
      <td>Adult</td>
      <td>5000</td>
    </tr>
    <tr>
      <td><a href='https://www.isrctn.com/ISRCTN98638368' target='_blank'><div>ISRCTN98638368</div></a></td>
      <td>Does allopurinol/urate lowering by xanthine oxidase inhibition have an impa...</td>
      <td>Circulatory System</td>
      <td>Not Specified</td>
      <td>120</td>
    </tr>
    <tr>
      <td><a href='https://www.isrctn.com/ISRCTN80031108' target='_blank'><div>ISRCTN80031108</div></a></td>
      <td>Cranberry product versus low dose trimethoprim in the prevention of recurre...</td>
      <td>Urological and Genital Diseases</td>
      <td>Adult</td>
      <td>120</td>
    </tr>
    <tr>
      <td><a href='https://www.isrctn.com/ISRCTN15253766' target='_blank'><div>ISRCTN15253766</div></a></td>
      <td>Exploring the therapeutic potential of xanthine oxidase inhibitor allopurin...</td>
      <td>Circulatory System</td>
      <td>Adult</td>
      <td>88</td>
    </tr>
    <tr>
      <td><a href='https://www.isrctn.com/ISRCTN57354520' target='_blank'><div>ISRCTN57354520</div></a></td>
      <td>Does allopurinol prevent adverse left ventricular remodelling post-myocardi...</td>
      <td>Circulatory System</td>
      <td>Adult</td>
      <td>36</td>
    </tr>
    <tr>
      <td><a href='https://www.isrctn.com/ISRCTN70010120' target='_blank'><div>ISRCTN70010120</div></a></td>
      <td>Does aldosterone blockade improve endothelial dysfunction in patients with ...</td>
      <td>Circulatory System</td>
      <td>Adult</td>
      <td>88</td>
    </tr>
    <tr>
      <td><a href='https://www.isrctn.com/ISRCTN48331653' target='_blank'><div>ISRCTN48331653</div></a></td>
      <td>Left ventricular hypertrophy: reduction of blood pressure already in the no...</td>
      <td>Circulatory System</td>
      <td>Adult</td>
      <td>48</td>
    </tr>
    <tr>
      <td><a href='https://www.isrctn.com/ISRCTN44536106' target='_blank'><div>ISRCTN44536106</div></a></td>
      <td>GEO 001: What is the dose-response curve between allopurinol and its effect...</td>
      <td>Circulatory System</td>
      <td>Adult</td>
      <td>30</td>
    </tr>
    <tr>
      <td><a href='https://www.isrctn.com/ISRCTN32422978' target='_blank'><div>ISRCTN32422978</div></a></td>
      <td>GEO 002: Is a reduction in urate levels the mechanism by which allopurinol ...</td>
      <td>Circulatory System</td>
      <td>Adult</td>
      <td>30</td>
    </tr>
    <tr>
      <td><a href='https://www.isrctn.com/ISRCTN67541323' target='_blank'><div>ISRCTN67541323</div></a></td>
      <td>Cardiovascular events and mortality in systemic sclerosis (SSc): a study of...</td>
      <td>Musculoskeletal Diseases</td>
      <td>Adult</td>
      <td>215</td>
    </tr>
    <tr>
      <td><a href='https://www.isrctn.com/ISRCTN51372896' target='_blank'><div>ISRCTN51372896</div></a></td>
      <td>Is vitamin D supplementation associated with an improvement in functional c...</td>
      <td>Circulatory System</td>
      <td>Senior</td>
      <td>136</td>
    </tr>
    <tr>
      <td><a href='https://www.isrctn.com/ISRCTN71548196' target='_blank'><div>ISRCTN71548196</div></a></td>
      <td>Bell's palsy: Early aciclovir and/or prednisolone in Scotland</td>
      <td>Nervous System Diseases</td>
      <td>Adult</td>
      <td>720</td>
    </tr>
    <tr>
      <td><a href='https://www.isrctn.com/ISRCTN53295293' target='_blank'><div>ISRCTN53295293</div></a></td>
      <td>The Prevention Of Progression of Asymptomatic Diabetic Arterial Disease (a ...</td>
      <td>Nutritional, Metabolic, Endocrine</td>
      <td>Adult</td>
      <td>1276</td>
    </tr>
    <tr>
      <td><a href='https://www.isrctn.com/ISRCTN30564012' target='_blank'><div>ISRCTN30564012</div></a></td>
      <td>STOP-COVID19: Superiority Trial Of Protease inhibition in COVID-19 (coronav...</td>
      <td>Infections and Infestations</td>
      <td>Adult</td>
      <td>400</td>
    </tr>
    <tr>
      <td><a href='https://www.isrctn.com/ISRCTN11081180' target='_blank'><div>ISRCTN11081180</div></a></td>
      <td>Does allopurinol reduce the size of the right side of the heart in patients...</td>
      <td>Circulatory System</td>
      <td>Adult</td>
      <td>72</td>
    </tr>
    <tr>
      <td><a href='https://www.isrctn.com/ISRCTN58995463' target='_blank'><div>ISRCTN58995463</div></a></td>
      <td>PreFACE Study: Preventing Falls with ACE (angiotensin-converting-enzyme) in...</td>
      <td>Signs and Symptoms</td>
      <td>Senior</td>
      <td>80</td>
    </tr>
  </tbody>
</table>"
15,-288495.2695133245,6709912.247835172,North Bristol NHS Trust,51.4982841,-2.5915971,11.0,15.898961024049783,"<table border=""1"" class=""dataframe"">
  <thead>
    <tr style=""text-align: left;"">
      <th>ISRCTN link</th>
      <th>Title</th>
      <th>Condition category</th>
      <th>Age group</th>
      <th>Target number of participants</th>
    </tr>
  </thead>
  <tbody>
    <tr>
      <td><a href='https://www.isrctn.com/ISRCTN11038397' target='_blank'><div>ISRCTN11038397</div></a></td>
      <td>Early beta-blockade in severe traumatic brain injury (EBB-TBI)</td>
      <td>Nervous System Diseases</td>
      <td>Adult</td>
      <td>24</td>
    </tr>
    <tr>
      <td><a href='https://www.isrctn.com/ISRCTN10232550' target='_blank'><div>ISRCTN10232550</div></a></td>
      <td>A study comparing three medicines used for the active management of the thi...</td>
      <td>Pregnancy and Childbirth</td>
      <td>Adult</td>
      <td>5712</td>
    </tr>
    <tr>
      <td><a href='https://www.isrctn.com/ISRCTN78129879' target='_blank'><div>ISRCTN78129879</div></a></td>
      <td>Assessing the effect of caffeine on attention in patients with and without ...</td>
      <td>Mental and Behavioural Disorders</td>
      <td>Adult</td>
      <td>40</td>
    </tr>
    <tr>
      <td><a href='https://www.isrctn.com/ISRCTN93682878' target='_blank'><div>ISRCTN93682878</div></a></td>
      <td>Reducing pathology in Alzheimer's disease through angiotensin targeting</td>
      <td>Nervous System Diseases</td>
      <td>Adult</td>
      <td>228</td>
    </tr>
    <tr>
      <td><a href='https://www.isrctn.com/ISRCTN38687869' target='_blank'><div>ISRCTN38687869</div></a></td>
      <td>Melatonin for nocturia in multiple sclerosis (MS)</td>
      <td>Urological and Genital Diseases</td>
      <td>Adult</td>
      <td>50</td>
    </tr>
    <tr>
      <td><a href='https://www.isrctn.com/ISRCTN17030426' target='_blank'><div>ISRCTN17030426</div></a></td>
      <td>Examining the effect of intravenous zoledronic acid on pleural fluid produc...</td>
      <td>Cancer</td>
      <td>Adult</td>
      <td>30</td>
    </tr>
    <tr>
      <td><a href='https://www.isrctn.com/ISRCTN03362357' target='_blank'><div>ISRCTN03362357</div></a></td>
      <td>Parathyroid hormone in the recovery from hip fractures: a pilot study</td>
      <td>Injury, Occupational Diseases, Poisoning</td>
      <td>Senior</td>
      <td>40</td>
    </tr>
    <tr>
      <td><a href='https://www.isrctn.com/ISRCTN87039596' target='_blank'><div>ISRCTN87039596</div></a></td>
      <td>Zoledronate to prevent bone loss in acute multiple sclerosis</td>
      <td>Nervous System Diseases</td>
      <td>Adult</td>
      <td>40</td>
    </tr>
    <tr>
      <td><a href='https://www.isrctn.com/ISRCTN11248599' target='_blank'><div>ISRCTN11248599</div></a></td>
      <td>Comparing oral and intravenous paracetamol plasma levels when given as pre-...</td>
      <td>Surgery</td>
      <td>Adult</td>
      <td>104</td>
    </tr>
    <tr>
      <td><a href='https://www.isrctn.com/ISRCTN04939619' target='_blank'><div>ISRCTN04939619</div></a></td>
      <td>Are topical antibiotics required for the treatment of otitis externa?</td>
      <td>Ear, Nose and Throat</td>
      <td>Adult</td>
      <td>55</td>
    </tr>
    <tr>
      <td><a href='https://www.isrctn.com/ISRCTN10432197' target='_blank'><div>ISRCTN10432197</div></a></td>
      <td>A trial of OK-432 administered into the chest cavity via an indwelling pleu...</td>
      <td>Cancer</td>
      <td>Adult</td>
      <td>24</td>
    </tr>
  </tbody>
</table>"
17,-173822.0898167692,6868991.812706135,University of Warwick,52.3792525,-1.5614704,6.0,12.132827525593784,"<table border=""1"" class=""dataframe"">
  <thead>
    <tr style=""text-align: left;"">
      <th>ISRCTN link</th>
      <th>Title</th>
      <th>Condition category</th>
      <th>Age group</th>
      <th>Target number of participants</th>
    </tr>
  </thead>
  <tbody>
    <tr>
      <td><a href='https://www.isrctn.com/ISRCTN73485024' target='_blank'><div>ISRCTN73485024</div></a></td>
      <td>PARAMEDIC 2: The Adrenaline Trial</td>
      <td>Circulatory System</td>
      <td>Adult</td>
      <td>8000</td>
    </tr>
    <tr>
      <td><a href='https://www.isrctn.com/ISRCTN86712308' target='_blank'><div>ISRCTN86712308</div></a></td>
      <td>SELECT-D: Anticoagulation therapy in SELECTeD cancer patients at risk of re...</td>
      <td>Cancer</td>
      <td>Adult</td>
      <td>530</td>
    </tr>
    <tr>
      <td><a href='https://www.isrctn.com/ISRCTN33522080' target='_blank'><div>ISRCTN33522080</div></a></td>
      <td>De-ESCALaTE HPV: Determination of Epidermal growth factor receptor-inhibito...</td>
      <td>Cancer</td>
      <td>Adult</td>
      <td>304</td>
    </tr>
    <tr>
      <td><a href='https://www.isrctn.com/ISRCTN29107680' target='_blank'><div>ISRCTN29107680</div></a></td>
      <td>Perioperative Analgesia for Knee Arthroplasty (PAKA) - a pilot randomised t...</td>
      <td>Musculoskeletal Diseases</td>
      <td>Adult</td>
      <td>46</td>
    </tr>
    <tr>
      <td><a href='https://www.isrctn.com/ISRCTN24742183' target='_blank'><div>ISRCTN24742183</div></a></td>
      <td>Sequential schedule of platinum then paclitaxel-based chemotherapy for wome...</td>
      <td>Cancer</td>
      <td>Adult</td>
      <td>88</td>
    </tr>
    <tr>
      <td><a href='https://www.isrctn.com/ISRCTN16075091' target='_blank'><div>ISRCTN16075091</div></a></td>
      <td>Sugar or Salt (SOS) Trial: comparing two current treatments for patients wi...</td>
      <td>Injury, Occupational Diseases, Poisoning</td>
      <td>Adult</td>
      <td>638</td>
    </tr>
  </tbody>
</table>"
18,-330095.57472980337,7058225.529810573,University of Liverpool,53.40478239999999,-2.965299,23.0,20.481920934663798,"<table border=""1"" class=""dataframe"">
  <thead>
    <tr style=""text-align: left;"">
      <th>ISRCTN link</th>
      <th>Title</th>
      <th>Condition category</th>
      <th>Age group</th>
      <th>Target number of participants</th>
    </tr>
  </thead>
  <tbody>
    <tr>
      <td><a href='https://www.isrctn.com/ISRCTN27106947' target='_blank'><div>ISRCTN27106947</div></a></td>
      <td>A study to assess several different treatments that may be useful for patie...</td>
      <td>Infections and Infestations</td>
      <td>Adult</td>
      <td>180</td>
    </tr>
    <tr>
      <td><a href='https://www.isrctn.com/ISRCTN11264442' target='_blank'><div>ISRCTN11264442</div></a></td>
      <td>NEO21-RS: A prospective study of the outcomes following 21-gene recurrence ...</td>
      <td>Cancer</td>
      <td>Adult</td>
      <td>188</td>
    </tr>
    <tr>
      <td><a href='https://www.isrctn.com/ISRCTN11746266' target='_blank'><div>ISRCTN11746266</div></a></td>
      <td>The bronchiolitis endotracheal surfactant study</td>
      <td>Respiratory</td>
      <td>Neonate</td>
      <td>284</td>
    </tr>
    <tr>
      <td><a href='https://www.isrctn.com/ISRCTN16935761' target='_blank'><div>ISRCTN16935761</div></a></td>
      <td>RAPID-I</td>
      <td>Digestive System</td>
      <td>Adult</td>
      <td>290</td>
    </tr>
    <tr>
      <td><a href='https://www.isrctn.com/ISRCTN12448611' target='_blank'><div>ISRCTN12448611</div></a></td>
      <td>Sodium valproate for epigenetic reprogramming in the management of high ris...</td>
      <td>Oral Health</td>
      <td>Adult</td>
      <td>110</td>
    </tr>
    <tr>
      <td><a href='https://www.isrctn.com/ISRCTN52028580' target='_blank'><div>ISRCTN52028580</div></a></td>
      <td>RESILIENT</td>
      <td>Nutritional, Metabolic, Endocrine</td>
      <td>Adult</td>
      <td>120</td>
    </tr>
    <tr>
      <td><a href='https://www.isrctn.com/ISRCTN38635575' target='_blank'><div>ISRCTN38635575</div></a></td>
      <td>A trial looking at buparlisib for HER2 positive breast cancer that has spre...</td>
      <td>Cancer</td>
      <td>Adult</td>
      <td>24</td>
    </tr>
    <tr>
      <td><a href='https://www.isrctn.com/ISRCTN81191607' target='_blank'><div>ISRCTN81191607</div></a></td>
      <td>A study looking at how effective and safe a very low dose of dexamethasone ...</td>
      <td>Respiratory</td>
      <td>Neonate</td>
      <td>94</td>
    </tr>
    <tr>
      <td><a href='https://www.isrctn.com/ISRCTN16488621' target='_blank'><div>ISRCTN16488621</div></a></td>
      <td>SATURN: Effect of secukinumab in the treatment of psoriatic arthritis</td>
      <td>Musculoskeletal Diseases</td>
      <td>Adult</td>
      <td>30</td>
    </tr>
    <tr>
      <td><a href='https://www.isrctn.com/ISRCTN11774734' target='_blank'><div>ISRCTN11774734</div></a></td>
      <td>Does dexamethasone improve outcomes in adults with HSV encephalitis?</td>
      <td>Infections and Infestations</td>
      <td>Adult</td>
      <td>180</td>
    </tr>
    <tr>
      <td><a href='https://www.isrctn.com/ISRCTN16250774' target='_blank'><div>ISRCTN16250774</div></a></td>
      <td>A trial of 26 weeks of subcutaneous liraglutide (a GLP1 receptor agonist), ...</td>
      <td>Respiratory</td>
      <td>Adult</td>
      <td>152</td>
    </tr>
    <tr>
      <td><a href='https://www.isrctn.com/ISRCTN14818531' target='_blank'><div>ISRCTN14818531</div></a></td>
      <td>Dapagliflozin energy balance in type 2 diabetes</td>
      <td>Nutritional, Metabolic, Endocrine</td>
      <td>Adult</td>
      <td>52</td>
    </tr>
    <tr>
      <td><a href='https://www.isrctn.com/ISRCTN70800019' target='_blank'><div>ISRCTN70800019</div></a></td>
      <td>Effects on tocilizumab drug therapy on fat tissue proteins in rheumatoid ar...</td>
      <td>Musculoskeletal Diseases</td>
      <td>Adult</td>
      <td>19</td>
    </tr>
    <tr>
      <td><a href='https://www.isrctn.com/ISRCTN62125126' target='_blank'><div>ISRCTN62125126</div></a></td>
      <td>The formation of carbamazepine metabolites and carbamazepine-protein conjug...</td>
      <td>Nervous System Diseases</td>
      <td>Adult</td>
      <td>158</td>
    </tr>
    <tr>
      <td><a href='https://www.isrctn.com/ISRCTN83902726' target='_blank'><div>ISRCTN83902726</div></a></td>
      <td>An adaptive pharmacological approach for the individualisation of voriconaz...</td>
      <td>Infections and Infestations</td>
      <td>Adult</td>
      <td>33</td>
    </tr>
    <tr>
      <td><a href='https://www.isrctn.com/ISRCTN30294119' target='_blank'><div>ISRCTN30294119</div></a></td>
      <td>Trial comparing the effectiveness and cost effectiveness of levetiracetam a...</td>
      <td>Nervous System Diseases</td>
      <td>Child</td>
      <td>1510</td>
    </tr>
    <tr>
      <td><a href='https://www.isrctn.com/ISRCTN74555382' target='_blank'><div>ISRCTN74555382</div></a></td>
      <td>Comparing a combination gemcitabine and Vandetanib therapy with gemcitabine...</td>
      <td>Cancer</td>
      <td>Adult</td>
      <td>120</td>
    </tr>
    <tr>
      <td><a href='https://www.isrctn.com/ISRCTN40303610' target='_blank'><div>ISRCTN40303610</div></a></td>
      <td>Phase II trial of alemtuzumab, dexamethasone and lenalidomide followed by r...</td>
      <td>Cancer</td>
      <td>Adult</td>
      <td>85</td>
    </tr>
    <tr>
      <td><a href='https://www.isrctn.com/ISRCTN38006233' target='_blank'><div>ISRCTN38006233</div></a></td>
      <td>Single-arm phase II to evaluate the safety and efficacy of Campath in combi...</td>
      <td>Cancer</td>
      <td>Adult</td>
      <td>40</td>
    </tr>
    <tr>
      <td><a href='https://www.isrctn.com/ISRCTN33113202' target='_blank'><div>ISRCTN33113202</div></a></td>
      <td>The effectiveness of simvastatin compared to atorvastatin - a feasibility s...</td>
      <td>Circulatory System</td>
      <td>Adult</td>
      <td>300</td>
    </tr>
    <tr>
      <td><a href='https://www.isrctn.com/ISRCTN99217456' target='_blank'><div>ISRCTN99217456</div></a></td>
      <td>Purine-Alkylator Combination In Follicular lymphoma Immuno-Chemotherapy for...</td>
      <td>Cancer</td>
      <td>Senior</td>
      <td>680</td>
    </tr>
    <tr>
      <td><a href='https://www.isrctn.com/ISRCTN43482138' target='_blank'><div>ISRCTN43482138</div></a></td>
      <td>A prospective, phase III, controlled, multicentre, randomised clinical tria...</td>
      <td>Cancer</td>
      <td>Adult</td>
      <td>1100</td>
    </tr>
    <tr>
      <td><a href='https://www.isrctn.com/ISRCTN74084226' target='_blank'><div>ISRCTN74084226</div></a></td>
      <td>De-escalation and stopping treatment of imatinib, nilotinib or sprycel in c...</td>
      <td>Cancer</td>
      <td>Adult</td>
      <td>168</td>
    </tr>
  </tbody>
</table>"
19,-247990.80449616374,7068684.4314735355,Manchester University NHS Foundation Trust,53.4607569,-2.2277393,8.0,13.920296742201792,"<table border=""1"" class=""dataframe"">
  <thead>
    <tr style=""text-align: left;"">
      <th>ISRCTN link</th>
      <th>Title</th>
      <th>Condition category</th>
      <th>Age group</th>
      <th>Target number of participants</th>
    </tr>
  </thead>
  <tbody>
    <tr>
      <td><a href='https://www.isrctn.com/ISRCTN57145331' target='_blank'><div>ISRCTN57145331</div></a></td>
      <td>The efficacy and mechanism of trientine in patients with hypertrophic cardi...</td>
      <td>Circulatory System</td>
      <td>Adult</td>
      <td>172</td>
    </tr>
    <tr>
      <td><a href='https://www.isrctn.com/ISRCTN85620156' target='_blank'><div>ISRCTN85620156</div></a></td>
      <td>A controlled clinical trial to evaluate a personalised treatment approach f...</td>
      <td>Respiratory</td>
      <td>Adult</td>
      <td>135</td>
    </tr>
    <tr>
      <td><a href='https://www.isrctn.com/ISRCTN11992428' target='_blank'><div>ISRCTN11992428</div></a></td>
      <td>A randomised controlled trial to evaluate the cost effectiveness of prescri...</td>
      <td>Oral Health</td>
      <td>Senior</td>
      <td>1174</td>
    </tr>
    <tr>
      <td><a href='https://www.isrctn.com/ISRCTN14785273' target='_blank'><div>ISRCTN14785273</div></a></td>
      <td>Thrombin inhibition preoperatively in early breast cancer</td>
      <td>Cancer</td>
      <td>Adult</td>
      <td>88</td>
    </tr>
    <tr>
      <td><a href='https://www.isrctn.com/ISRCTN88589234' target='_blank'><div>ISRCTN88589234</div></a></td>
      <td>PREMIUM (PRE-Surgical Metformin In Uterine Malignancies) study \n</td>
      <td>Cancer</td>
      <td>Adult</td>
      <td>90</td>
    </tr>
    <tr>
      <td><a href='https://www.isrctn.com/ISRCTN86503951' target='_blank'><div>ISRCTN86503951</div></a></td>
      <td>Management of Mild Gestational Diabetes Mellitus (GDM)</td>
      <td>Pregnancy and Childbirth</td>
      <td>Adult</td>
      <td>60</td>
    </tr>
    <tr>
      <td><a href='https://www.isrctn.com/ISRCTN65890744' target='_blank'><div>ISRCTN65890744</div></a></td>
      <td>Measurement of the blood levels of the painkiller diclofenac in children fo...</td>
      <td>Surgery</td>
      <td>Child</td>
      <td>25</td>
    </tr>
    <tr>
      <td><a href='https://www.isrctn.com/ISRCTN85447324' target='_blank'><div>ISRCTN85447324</div></a></td>
      <td>Erythopoietin and delayed graft function in renal allografts from extended ...</td>
      <td>Surgery</td>
      <td>Adult</td>
      <td>40</td>
    </tr>
  </tbody>
</table>"
20,-155375.22567792505,6609823.30843706,University of Southampton,50.9351092,-1.3957594,15.0,17.826061944859852,"<table border=""1"" class=""dataframe"">
  <thead>
    <tr style=""text-align: left;"">
      <th>ISRCTN link</th>
      <th>Title</th>
      <th>Condition category</th>
      <th>Age group</th>
      <th>Target number of participants</th>
    </tr>
  </thead>
  <tbody>
    <tr>
      <td><a href='https://www.isrctn.com/ISRCTN12892056' target='_blank'><div>ISRCTN12892056</div></a></td>
      <td>Spironolactone for adult female acne</td>
      <td>Skin and Connective Tissue Diseases</td>
      <td>Adult</td>
      <td>434</td>
    </tr>
    <tr>
      <td><a href='https://www.isrctn.com/ISRCTN40920200' target='_blank'><div>ISRCTN40920200</div></a></td>
      <td>ATTACK: Aspirin to prevent a first heart attack or stroke in people with ch...</td>
      <td>Urological and Genital Diseases</td>
      <td>Adult</td>
      <td>25210</td>
    </tr>
    <tr>
      <td><a href='https://www.isrctn.com/ISRCTN79814141' target='_blank'><div>ISRCTN79814141</div></a></td>
      <td>A trial to assess whether nivolumab improves survival in relapsed mesotheli...</td>
      <td>Cancer</td>
      <td>Adult</td>
      <td>336</td>
    </tr>
    <tr>
      <td><a href='https://www.isrctn.com/ISRCTN79914298' target='_blank'><div>ISRCTN79914298</div></a></td>
      <td>Do young children need antibiotics when they have a mild or moderate chest ...</td>
      <td>Respiratory</td>
      <td>Child</td>
      <td>503</td>
    </tr>
    <tr>
      <td><a href='https://www.isrctn.com/ISRCTN12472821' target='_blank'><div>ISRCTN12472821</div></a></td>
      <td>A study examining the effect of etanercept on inflammation in the brain</td>
      <td>Nervous System Diseases</td>
      <td>Adult</td>
      <td>46</td>
    </tr>
    <tr>
      <td><a href='https://www.isrctn.com/ISRCTN43397016' target='_blank'><div>ISRCTN43397016</div></a></td>
      <td>Alternative treatments of adult female urinary tract infection</td>
      <td>Infections and Infestations</td>
      <td>Adult</td>
      <td>376</td>
    </tr>
    <tr>
      <td><a href='https://www.isrctn.com/ISRCTN43889760' target='_blank'><div>ISRCTN43889760</div></a></td>
      <td>A study examining the effect of Cimzia on inflammation in the brain</td>
      <td>Mental and Behavioural Disorders</td>
      <td>Senior</td>
      <td>46</td>
    </tr>
    <tr>
      <td><a href='https://www.isrctn.com/ISRCTN03482154' target='_blank'><div>ISRCTN03482154</div></a></td>
      <td>Drug treatment of Laryngopharyngeal Reflux (LPR)</td>
      <td>Digestive System</td>
      <td>Adult</td>
      <td>1500</td>
    </tr>
    <tr>
      <td><a href='https://www.isrctn.com/ISRCTN38551726' target='_blank'><div>ISRCTN38551726</div></a></td>
      <td>A Pragmatic trial of Ibuprofen, Paracetamol and Steam</td>
      <td>Respiratory</td>
      <td>Other</td>
      <td>504</td>
    </tr>
    <tr>
      <td><a href='https://www.isrctn.com/ISRCTN52261229' target='_blank'><div>ISRCTN52261229</div></a></td>
      <td>Genomics to combat resistance against antibiotics for community-acquired lo...</td>
      <td>Respiratory</td>
      <td>Adult</td>
      <td>3000</td>
    </tr>
    <tr>
      <td><a href='https://www.isrctn.com/ISRCTN57843703' target='_blank'><div>ISRCTN57843703</div></a></td>
      <td>A randomised, double-blind, placebo-controlled, dose-ranging two-centre stu...</td>
      <td>Musculoskeletal Diseases</td>
      <td>Adult</td>
      <td>264</td>
    </tr>
    <tr>
      <td><a href='https://www.isrctn.com/ISRCTN72785446' target='_blank'><div>ISRCTN72785446</div></a></td>
      <td>BILCAP: A research trial evaluating chemotherapy in patients following surg...</td>
      <td>Cancer</td>
      <td>Adult</td>
      <td>360</td>
    </tr>
    <tr>
      <td><a href='https://www.isrctn.com/ISRCTN74481308' target='_blank'><div>ISRCTN74481308</div></a></td>
      <td>Chronic and Acute Effects of Artificial Colourings and Preservatives on Chi...</td>
      <td>Mental and Behavioural Disorders</td>
      <td>Child</td>
      <td>297</td>
    </tr>
    <tr>
      <td><a href='https://www.isrctn.com/ISRCTN38988331' target='_blank'><div>ISRCTN38988331</div></a></td>
      <td>A double-blind randomised placebo-controlled trial of topical nasal steroid...</td>
      <td>Ear, Nose and Throat</td>
      <td>Child</td>
      <td>0</td>
    </tr>
    <tr>
      <td><a href='https://www.isrctn.com/ISRCTN84854789' target='_blank'><div>ISRCTN84854789</div></a></td>
      <td>A randomised controlled trial to determine the cost-effectiveness of fluoxe...</td>
      <td>Mental and Behavioural Disorders</td>
      <td>Adult</td>
      <td>300</td>
    </tr>
  </tbody>
</table>"
21,-248674.7959753939,7069823.728924356,University of Manchester,53.4668498,-2.2338837,10.0,15.306765580733934,"<table border=""1"" class=""dataframe"">
  <thead>
    <tr style=""text-align: left;"">
      <th>ISRCTN link</th>
      <th>Title</th>
      <th>Condition category</th>
      <th>Age group</th>
      <th>Target number of participants</th>
    </tr>
  </thead>
  <tbody>
    <tr>
      <td><a href='https://www.isrctn.com/ISRCTN40592528' target='_blank'><div>ISRCTN40592528</div></a></td>
      <td>Patient and family experience of the clinical-care pathway for teduglutide ...</td>
      <td>Digestive System</td>
      <td>Adult</td>
      <td>8</td>
    </tr>
    <tr>
      <td><a href='https://www.isrctn.com/ISRCTN16551998' target='_blank'><div>ISRCTN16551998</div></a></td>
      <td>How Does an Over the Counter Topical called MEBO Scar™ Cosmetically Improve...</td>
      <td>Skin and Connective Tissue Diseases</td>
      <td>Adult</td>
      <td>40</td>
    </tr>
    <tr>
      <td><a href='https://www.isrctn.com/ISRCTN38690336' target='_blank'><div>ISRCTN38690336</div></a></td>
      <td>Is it safe to add cediranib to weekly paclitaxel chemotherapy in women with...</td>
      <td>Cancer</td>
      <td>Adult</td>
      <td>30</td>
    </tr>
    <tr>
      <td><a href='https://www.isrctn.com/ISRCTN16320634' target='_blank'><div>ISRCTN16320634</div></a></td>
      <td>Does cediranib together with paclitaxel chemotherapy, or cediranib and olap...</td>
      <td>Cancer</td>
      <td>Adult</td>
      <td>129</td>
    </tr>
    <tr>
      <td><a href='https://www.isrctn.com/ISRCTN02466810' target='_blank'><div>ISRCTN02466810</div></a></td>
      <td>Pre-operative oral supplementation in colorectal cancer patients</td>
      <td>Cancer</td>
      <td>Adult</td>
      <td>126</td>
    </tr>
    <tr>
      <td><a href='https://www.isrctn.com/ISRCTN72589426' target='_blank'><div>ISRCTN72589426</div></a></td>
      <td>To measure the benefit of fluoride varnish in preventing dental decay when ...</td>
      <td>Oral Health</td>
      <td>Child</td>
      <td>2080</td>
    </tr>
    <tr>
      <td><a href='https://www.isrctn.com/ISRCTN89615545' target='_blank'><div>ISRCTN89615545</div></a></td>
      <td>REmission MEchanisms in Depression</td>
      <td>Mental and Behavioural Disorders</td>
      <td>Adult</td>
      <td>72</td>
    </tr>
    <tr>
      <td><a href='https://www.isrctn.com/ISRCTN15004993' target='_blank'><div>ISRCTN15004993</div></a></td>
      <td>Effect of Peri-operative anti-HER2 therapy On early breast cancer Study - B...</td>
      <td>Cancer</td>
      <td>Adult</td>
      <td>250</td>
    </tr>
    <tr>
      <td><a href='https://www.isrctn.com/ISRCTN58196433' target='_blank'><div>ISRCTN58196433</div></a></td>
      <td>Protection Against Nephropathy in Diabetes with Atorvastatin</td>
      <td>Nutritional, Metabolic, Endocrine</td>
      <td>Adult</td>
      <td>200</td>
    </tr>
    <tr>
      <td><a href='https://www.isrctn.com/ISRCTN41829447' target='_blank'><div>ISRCTN41829447</div></a></td>
      <td>TRial of Atorvastatin for the primary prevention of Cardiovascular Events i...</td>
      <td>Musculoskeletal Diseases</td>
      <td>Adult</td>
      <td>3700</td>
    </tr>
  </tbody>
</table>"
23,-12912.726973547356,6712273.366431493,King's College London,51.5114864,-0.115997,51.0,25.429806222085734,"<table border=""1"" class=""dataframe"">
  <thead>
    <tr style=""text-align: left;"">
      <th>ISRCTN link</th>
      <th>Title</th>
      <th>Condition category</th>
      <th>Age group</th>
      <th>Target number of participants</th>
    </tr>
  </thead>
  <tbody>
    <tr>
      <td><a href='https://www.isrctn.com/ISRCTN97163562' target='_blank'><div>ISRCTN97163562</div></a></td>
      <td>STAND Trial: exploring the feasibility of a cannabinoid oral spray for the ...</td>
      <td>Mental and Behavioural Disorders</td>
      <td>Adult</td>
      <td>60</td>
    </tr>
    <tr>
      <td><a href='https://www.isrctn.com/ISRCTN12424734' target='_blank'><div>ISRCTN12424734</div></a></td>
      <td>A study of the safety and effect of food on absorption of KCL-286 in health...</td>
      <td>Nervous System Diseases</td>
      <td>Adult</td>
      <td>88</td>
    </tr>
    <tr>
      <td><a href='https://www.isrctn.com/ISRCTN46322781' target='_blank'><div>ISRCTN46322781</div></a></td>
      <td>Effect of experimental endocannabinoid modulation on brain function in indi...</td>
      <td>Mental and Behavioural Disorders</td>
      <td>Adult</td>
      <td>40</td>
    </tr>
    <tr>
      <td><a href='https://www.isrctn.com/ISRCTN15837754' target='_blank'><div>ISRCTN15837754</div></a></td>
      <td>The treatment of severe atopic eczema trial (TREAT)</td>
      <td>Skin and Connective Tissue Diseases</td>
      <td>Child</td>
      <td>98</td>
    </tr>
    <tr>
      <td><a href='https://www.isrctn.com/ISRCTN75827286' target='_blank'><div>ISRCTN75827286</div></a></td>
      <td>[18F]-tetrafluoroborate in patients with primary thyroid cancer or salivary...</td>
      <td>Cancer</td>
      <td>Adult</td>
      <td>20</td>
    </tr>
    <tr>
      <td><a href='https://www.isrctn.com/ISRCTN91918806' target='_blank'><div>ISRCTN91918806</div></a></td>
      <td>A trial investigating pregnancy and infant outcomes in women with intrahepa...</td>
      <td>Pregnancy and Childbirth</td>
      <td>Adult</td>
      <td>580</td>
    </tr>
    <tr>
      <td><a href='https://www.isrctn.com/ISRCTN12424842' target='_blank'><div>ISRCTN12424842</div></a></td>
      <td>Vitamin D supplementation compared to placebo in people presenting with the...</td>
      <td>Mental and Behavioural Disorders</td>
      <td>Adult</td>
      <td>240</td>
    </tr>
    <tr>
      <td><a href='https://www.isrctn.com/ISRCTN76638113' target='_blank'><div>ISRCTN76638113</div></a></td>
      <td>Optimising Individualised prescribing with therapeutic drug Monitoring for ...</td>
      <td>Mental and Behavioural Disorders</td>
      <td>Adult</td>
      <td>35</td>
    </tr>
    <tr>
      <td><a href='https://www.isrctn.com/ISRCTN11082858' target='_blank'><div>ISRCTN11082858</div></a></td>
      <td>The effect of Cannabidiol (CBD) on paranoid cognitions in humans</td>
      <td>Mental and Behavioural Disorders</td>
      <td>Adult</td>
      <td>20</td>
    </tr>
    <tr>
      <td><a href='https://www.isrctn.com/ISRCTN16105064' target='_blank'><div>ISRCTN16105064</div></a></td>
      <td>Minocycline in Alzheimer's disease</td>
      <td>Nervous System Diseases</td>
      <td>Senior</td>
      <td>480</td>
    </tr>
    <tr>
      <td><a href='https://www.isrctn.com/ISRCTN46157828' target='_blank'><div>ISRCTN46157828</div></a></td>
      <td>Optimized TacrolimuS and MMF for HLA Antibodies after Renal Transplantation</td>
      <td>Injury, Occupational Diseases, Poisoning</td>
      <td>Adult</td>
      <td>3000</td>
    </tr>
    <tr>
      <td><a href='https://www.isrctn.com/ISRCTN93423464' target='_blank'><div>ISRCTN93423464</div></a></td>
      <td>The effect of delta-9-tetrahydrocannabivarin (THCV) on delta-9-tetrahydroca...</td>
      <td>Mental and Behavioural Disorders</td>
      <td>Adult</td>
      <td>10</td>
    </tr>
    <tr>
      <td><a href='https://www.isrctn.com/ISRCTN35827879' target='_blank'><div>ISRCTN35827879</div></a></td>
      <td>SentiMAG multicentre trial</td>
      <td>Cancer</td>
      <td>Adult</td>
      <td>160</td>
    </tr>
    <tr>
      <td><a href='https://www.isrctn.com/ISRCTN25003627' target='_blank'><div>ISRCTN25003627</div></a></td>
      <td>A study to test whether spironolactone and dietary nitrate (as beetroot jui...</td>
      <td>Nutritional, Metabolic, Endocrine</td>
      <td>Adult</td>
      <td>120</td>
    </tr>
    <tr>
      <td><a href='https://www.isrctn.com/ISRCTN77185302' target='_blank'><div>ISRCTN77185302</div></a></td>
      <td>The effects of cognitive training and modafinil on cognition and functionin...</td>
      <td>Signs and Symptoms</td>
      <td>Adult</td>
      <td>24</td>
    </tr>
    <tr>
      <td><a href='https://www.isrctn.com/ISRCTN54001953' target='_blank'><div>ISRCTN54001953</div></a></td>
      <td>Effect of MIFepristone on COGnitive impairment in alcoholics</td>
      <td>Mental and Behavioural Disorders</td>
      <td>Adult</td>
      <td>120</td>
    </tr>
    <tr>
      <td><a href='https://www.isrctn.com/ISRCTN24299618' target='_blank'><div>ISRCTN24299618</div></a></td>
      <td>A prospective cohort study of laparoscopic sleeve gastrectomy for weight lo...</td>
      <td>Urological and Genital Diseases</td>
      <td>Adult</td>
      <td>30</td>
    </tr>
    <tr>
      <td><a href='https://www.isrctn.com/ISRCTN28955701' target='_blank'><div>ISRCTN28955701</div></a></td>
      <td>OPtimising Treatment with Tumour necrosis factor (TNF) Inhibitors in Rheuma...</td>
      <td>Musculoskeletal Diseases</td>
      <td>Adult</td>
      <td>99</td>
    </tr>
    <tr>
      <td><a href='https://www.isrctn.com/ISRCTN06023644' target='_blank'><div>ISRCTN06023644</div></a></td>
      <td>Genetics of aspirin resistance</td>
      <td>Circulatory System</td>
      <td>Adult</td>
      <td>100</td>
    </tr>
    <tr>
      <td><a href='https://www.isrctn.com/ISRCTN53688797' target='_blank'><div>ISRCTN53688797</div></a></td>
      <td>Myocardial perfusion with an intravascular contrast agent</td>
      <td>Circulatory System</td>
      <td>Adult</td>
      <td>156</td>
    </tr>
    <tr>
      <td><a href='https://www.isrctn.com/ISRCTN25691213' target='_blank'><div>ISRCTN25691213</div></a></td>
      <td>Atomoxetine for attention deficit hyperactivity disorder (ADHD) in children...</td>
      <td>Mental and Behavioural Disorders</td>
      <td>Child</td>
      <td>40</td>
    </tr>
    <tr>
      <td><a href='https://www.isrctn.com/ISRCTN03784241' target='_blank'><div>ISRCTN03784241</div></a></td>
      <td>Genetically determined brain abnormalities in Down's syndrome - towards a t...</td>
      <td>Not Applicable</td>
      <td>Adult</td>
      <td>34</td>
    </tr>
    <tr>
      <td><a href='https://www.isrctn.com/ISRCTN83178718' target='_blank'><div>ISRCTN83178718</div></a></td>
      <td>Lithium carbonate for patients with amyotrophic lateral sclerosis</td>
      <td>Nervous System Diseases</td>
      <td>Adult</td>
      <td>220</td>
    </tr>
    <tr>
      <td><a href='https://www.isrctn.com/ISRCTN65719588' target='_blank'><div>ISRCTN65719588</div></a></td>
      <td>Gum chewing and oral health in older people in the community</td>
      <td>Oral Health</td>
      <td>Senior</td>
      <td>200</td>
    </tr>
    <tr>
      <td><a href='https://www.isrctn.com/ISRCTN87011615' target='_blank'><div>ISRCTN87011615</div></a></td>
      <td>Treatment of premature ovarian failure with hormone replacement therapy or ...</td>
      <td>Nutritional, Metabolic, Endocrine</td>
      <td>Adult</td>
      <td>66</td>
    </tr>
    <tr>
      <td><a href='https://www.isrctn.com/ISRCTN66664610' target='_blank'><div>ISRCTN66664610</div></a></td>
      <td>Vascular effects of eicosapentaenoic acid (EPA) and docosahexaenoic acid (D...</td>
      <td>Circulatory System</td>
      <td>Adult</td>
      <td>360</td>
    </tr>
    <tr>
      <td><a href='https://www.isrctn.com/ISRCTN68407918' target='_blank'><div>ISRCTN68407918</div></a></td>
      <td>Memantine for the long term management of neuropsychiatric symptoms in Alzh...</td>
      <td>Nervous System Diseases</td>
      <td>Adult</td>
      <td>300</td>
    </tr>
    <tr>
      <td><a href='https://www.isrctn.com/ISRCTN37438295' target='_blank'><div>ISRCTN37438295</div></a></td>
      <td>Randomised controlled trial of tumour necrosis factor inhibitors against co...</td>
      <td>Musculoskeletal Diseases</td>
      <td>Adult</td>
      <td>190</td>
    </tr>
    <tr>
      <td><a href='https://www.isrctn.com/ISRCTN72727460' target='_blank'><div>ISRCTN72727460</div></a></td>
      <td>European trial of Minocycline IN Amyotrophic Lateral Sclerosis</td>
      <td>Nervous System Diseases</td>
      <td>Not Specified</td>
      <td>1000</td>
    </tr>
    <tr>
      <td><a href='https://www.isrctn.com/ISRCTN15819795' target='_blank'><div>ISRCTN15819795</div></a></td>
      <td>Effect of anakinra (soluble interleukin-1 receptor antagonist) as combinati...</td>
      <td>Musculoskeletal Diseases</td>
      <td>Adult</td>
      <td>158</td>
    </tr>
    <tr>
      <td><a href='https://www.isrctn.com/ISRCTN57167465' target='_blank'><div>ISRCTN57167465</div></a></td>
      <td>The effect of long-term iron treatment on plasma isoprostanes in anaemic wo...</td>
      <td>Haematological Disorders</td>
      <td>Adult</td>
      <td>16</td>
    </tr>
    <tr>
      <td><a href='https://www.isrctn.com/ISRCTN10982081' target='_blank'><div>ISRCTN10982081</div></a></td>
      <td>The effect of Milk Thistle extract versus tea on serum iron increase after ...</td>
      <td>Nutritional, Metabolic, Endocrine</td>
      <td>Adult</td>
      <td>10</td>
    </tr>
    <tr>
      <td><a href='https://www.isrctn.com/ISRCTN14352545' target='_blank'><div>ISRCTN14352545</div></a></td>
      <td>Using genotype to tailor prescribing of Nicotine Replacement Therapy (NRT):...</td>
      <td>Mental and Behavioural Disorders</td>
      <td>Adult</td>
      <td>630</td>
    </tr>
    <tr>
      <td><a href='https://www.isrctn.com/ISRCTN68384912' target='_blank'><div>ISRCTN68384912</div></a></td>
      <td>A double-blind, placebo-controlled trial of methylphenidate in children wit...</td>
      <td>Mental and Behavioural Disorders</td>
      <td>Child</td>
      <td>180</td>
    </tr>
    <tr>
      <td><a href='https://www.isrctn.com/ISRCTN52748737' target='_blank'><div>ISRCTN52748737</div></a></td>
      <td>Comparison of the influence of low-dose supplementation with potassium citr...</td>
      <td>Circulatory System</td>
      <td>Adult</td>
      <td>120</td>
    </tr>
    <tr>
      <td><a href='https://www.isrctn.com/ISRCTN88882979' target='_blank'><div>ISRCTN88882979</div></a></td>
      <td>HTA Study of Antidepressants for Depression in Dementia: A definitive multi...</td>
      <td>Mental and Behavioural Disorders</td>
      <td>Senior</td>
      <td>507</td>
    </tr>
    <tr>
      <td><a href='https://www.isrctn.com/ISRCTN87161129' target='_blank'><div>ISRCTN87161129</div></a></td>
      <td>Warning Time and Patient Centred Goals with Transdermal Oxybutynin</td>
      <td>Urological and Genital Diseases</td>
      <td>Adult</td>
      <td>96</td>
    </tr>
    <tr>
      <td><a href='https://www.isrctn.com/ISRCTN74681449' target='_blank'><div>ISRCTN74681449</div></a></td>
      <td>Efficacy of Quetiapine in Parkinson's Psychosis</td>
      <td>Nervous System Diseases</td>
      <td>Adult</td>
      <td>60</td>
    </tr>
    <tr>
      <td><a href='https://www.isrctn.com/ISRCTN47562898' target='_blank'><div>ISRCTN47562898</div></a></td>
      <td>Efficacy and Safety of Memantine Hydrochloride, a low affinity antagonist t...</td>
      <td>Nervous System Diseases</td>
      <td>Adult</td>
      <td>180</td>
    </tr>
    <tr>
      <td><a href='https://www.isrctn.com/ISRCTN91464711' target='_blank'><div>ISRCTN91464711</div></a></td>
      <td>Randomised comparison of nicotine replacement therapy and bupropion in the ...</td>
      <td>Injury, Occupational Diseases, Poisoning</td>
      <td>Adult</td>
      <td>1800</td>
    </tr>
    <tr>
      <td><a href='https://www.isrctn.com/ISRCTN62185868' target='_blank'><div>ISRCTN62185868</div></a></td>
      <td>A Randomised Placebo Controlled Trial of a Cholinesterase Inhibitor in the ...</td>
      <td>Nervous System Diseases</td>
      <td>Not Specified</td>
      <td>285</td>
    </tr>
    <tr>
      <td><a href='https://www.isrctn.com/ISRCTN97547683' target='_blank'><div>ISRCTN97547683</div></a></td>
      <td>Treg Immunotherapy in Crohn’s Disease</td>
      <td>Digestive System</td>
      <td>Adult</td>
      <td>24</td>
    </tr>
    <tr>
      <td><a href='https://www.isrctn.com/ISRCTN48328178' target='_blank'><div>ISRCTN48328178</div></a></td>
      <td>Inhibiting white blood cell function as a new way to treat coronary heart d...</td>
      <td>Circulatory System</td>
      <td>Adult</td>
      <td>90</td>
    </tr>
    <tr>
      <td><a href='https://www.isrctn.com/ISRCTN90016959' target='_blank'><div>ISRCTN90016959</div></a></td>
      <td>Omalizumab in non-atopic asthma</td>
      <td>Respiratory</td>
      <td>Adult</td>
      <td>40</td>
    </tr>
    <tr>
      <td><a href='https://www.isrctn.com/ISRCTN66760879' target='_blank'><div>ISRCTN66760879</div></a></td>
      <td>Phase 1b study of proinsulin (PI) peptide immunotherapy in new onset type 1...</td>
      <td>Nutritional, Metabolic, Endocrine</td>
      <td>Adult</td>
      <td>24</td>
    </tr>
    <tr>
      <td><a href='https://www.isrctn.com/ISRCTN10487976' target='_blank'><div>ISRCTN10487976</div></a></td>
      <td>BETTER-B: Better treatments for Refractory breathlessness</td>
      <td>Respiratory</td>
      <td>Adult</td>
      <td>324</td>
    </tr>
    <tr>
      <td><a href='https://www.isrctn.com/ISRCTN46017566' target='_blank'><div>ISRCTN46017566</div></a></td>
      <td>Arthritis Prevention In the Pre-clinical Phase of Rheumatoid Arthritis with...</td>
      <td>Musculoskeletal Diseases</td>
      <td>Adult</td>
      <td>226</td>
    </tr>
    <tr>
      <td><a href='https://www.isrctn.com/ISRCTN15090567' target='_blank'><div>ISRCTN15090567</div></a></td>
      <td>Atopic dermatitis anti-IgE paediatric trial</td>
      <td>Infections and Infestations</td>
      <td>Adult</td>
      <td>62</td>
    </tr>
    <tr>
      <td><a href='https://www.isrctn.com/ISRCTN40973936' target='_blank'><div>ISRCTN40973936</div></a></td>
      <td>Pregnancy and chronic hypertension; nifedipine or labetalol as anti-hyperte...</td>
      <td>Circulatory System</td>
      <td>Adult</td>
      <td>114</td>
    </tr>
    <tr>
      <td><a href='https://www.isrctn.com/ISRCTN16387615' target='_blank'><div>ISRCTN16387615</div></a></td>
      <td>Lithium versus quetiapine in treatment resistant depression</td>
      <td>Mental and Behavioural Disorders</td>
      <td>Adult</td>
      <td>276</td>
    </tr>
    <tr>
      <td><a href='https://www.isrctn.com/ISRCTN10551314' target='_blank'><div>ISRCTN10551314</div></a></td>
      <td>GLIDE: Gastric band and Liraglutide Intervention in Diabetes Evolution</td>
      <td>Nutritional, Metabolic, Endocrine</td>
      <td>Adult</td>
      <td>152</td>
    </tr>
  </tbody>
</table>"
24,15764.29818165693,6831813.114718777,Cambridge University Hospitals NHS Foundation Trust,52.1749083,0.1416131,53.0,25.668810662894636,"<table border=""1"" class=""dataframe"">
  <thead>
    <tr style=""text-align: left;"">
      <th>ISRCTN link</th>
      <th>Title</th>
      <th>Condition category</th>
      <th>Age group</th>
      <th>Target number of participants</th>
    </tr>
  </thead>
  <tbody>
    <tr>
      <td><a href='https://www.isrctn.com/ISRCTN40310490' target='_blank'><div>ISRCTN40310490</div></a></td>
      <td>A paediatric intensive care study comparing the use of non-absorbable antib...</td>
      <td>Infections and Infestations</td>
      <td>Mixed</td>
      <td>324</td>
    </tr>
    <tr>
      <td><a href='https://www.isrctn.com/ISRCTN46299660' target='_blank'><div>ISRCTN46299660</div></a></td>
      <td>Understanding how increasing some of the brain's chemicals can help thinkin...</td>
      <td>Nervous System Diseases</td>
      <td>Mixed</td>
      <td>20</td>
    </tr>
    <tr>
      <td><a href='https://www.isrctn.com/ISRCTN16502655' target='_blank'><div>ISRCTN16502655</div></a></td>
      <td>Biologics in refractory vasculitis</td>
      <td>Circulatory System</td>
      <td>Mixed</td>
      <td>140</td>
    </tr>
    <tr>
      <td><a href='https://www.isrctn.com/ISRCTN11188345' target='_blank'><div>ISRCTN11188345</div></a></td>
      <td>A therapeutic study in pre-ICU patients admitted with coronavirus using rep...</td>
      <td>Infections and Infestations</td>
      <td>Adult</td>
      <td>375</td>
    </tr>
    <tr>
      <td><a href='https://www.isrctn.com/ISRCTN14616801' target='_blank'><div>ISRCTN14616801</div></a></td>
      <td>A trial investigating whether suppressing the immune system with azathiopri...</td>
      <td>Nervous System Diseases</td>
      <td>Adult</td>
      <td>60</td>
    </tr>
    <tr>
      <td><a href='https://www.isrctn.com/ISRCTN16948923' target='_blank'><div>ISRCTN16948923</div></a></td>
      <td>The use of rituximab in the treatment of nephrotic glomerulonephritis (TURI...</td>
      <td>Urological and Genital Diseases</td>
      <td>Adult</td>
      <td>112</td>
    </tr>
    <tr>
      <td><a href='https://www.isrctn.com/ISRCTN58892741' target='_blank'><div>ISRCTN58892741</div></a></td>
      <td>PARTNER: Platinum and PARP inhibitor for neoadjuvant treatment of triple-ne...</td>
      <td>Cancer</td>
      <td>Adult</td>
      <td>395</td>
    </tr>
    <tr>
      <td><a href='https://www.isrctn.com/ISRCTN15483452' target='_blank'><div>ISRCTN15483452</div></a></td>
      <td>Switching off leakage and inflammation in small brain blood vessels</td>
      <td>Circulatory System</td>
      <td>Adult</td>
      <td>44</td>
    </tr>
    <tr>
      <td><a href='https://www.isrctn.com/ISRCTN15621797' target='_blank'><div>ISRCTN15621797</div></a></td>
      <td>A pre-surgery trial looking at the effect of combining Megestrol Acetate wi...</td>
      <td>Cancer</td>
      <td>Adult</td>
      <td>189</td>
    </tr>
    <tr>
      <td><a href='https://www.isrctn.com/ISRCTN15087616' target='_blank'><div>ISRCTN15087616</div></a></td>
      <td>Natural vitamin D (cholecalciferol) versus standard care in patients receiv...</td>
      <td>Urological and Genital Diseases</td>
      <td>Adult</td>
      <td>4200</td>
    </tr>
    <tr>
      <td><a href='https://www.isrctn.com/ISRCTN58452386' target='_blank'><div>ISRCTN58452386</div></a></td>
      <td>PROPS - Preventative Role of a fixed dose combination Pill in Stroke: a mul...</td>
      <td>Circulatory System</td>
      <td>Senior</td>
      <td>1222</td>
    </tr>
    <tr>
      <td><a href='https://www.isrctn.com/ISRCTN71070888' target='_blank'><div>ISRCTN71070888</div></a></td>
      <td>Scheduling nabpaclItaxel with gemcitabine (SIEGE)</td>
      <td>Cancer</td>
      <td>Adult</td>
      <td>120</td>
    </tr>
    <tr>
      <td><a href='https://www.isrctn.com/ISRCTN61646154' target='_blank'><div>ISRCTN61646154</div></a></td>
      <td>A study investigating the effects of sitagliptin on heart muscle performanc...</td>
      <td>Circulatory System</td>
      <td>Adult</td>
      <td>20</td>
    </tr>
    <tr>
      <td><a href='https://www.isrctn.com/ISRCTN15366107' target='_blank'><div>ISRCTN15366107</div></a></td>
      <td>A randomised clinical trial of mycophenolate mofetil versus cyclophosphamid...</td>
      <td>Circulatory System</td>
      <td>Other</td>
      <td>140</td>
    </tr>
    <tr>
      <td><a href='https://www.isrctn.com/ISRCTN69686930' target='_blank'><div>ISRCTN69686930</div></a></td>
      <td>Investigation of the effect of GLP-1 and left ventricular function during m...</td>
      <td>Circulatory System</td>
      <td>Not Specified</td>
      <td>30</td>
    </tr>
    <tr>
      <td><a href='https://www.isrctn.com/ISRCTN26350966' target='_blank'><div>ISRCTN26350966</div></a></td>
      <td>A multi-centre prospective controlled trial comparing calcineurin inhibitor...</td>
      <td>Digestive System</td>
      <td>Not Specified</td>
      <td>120</td>
    </tr>
    <tr>
      <td><a href='https://www.isrctn.com/ISRCTN28589999' target='_blank'><div>ISRCTN28589999</div></a></td>
      <td>Double Blind Crossover Comparison of Diuretics in the Young</td>
      <td>Circulatory System</td>
      <td>Adult</td>
      <td>30</td>
    </tr>
    <tr>
      <td><a href='https://www.isrctn.com/ISRCTN56916002' target='_blank'><div>ISRCTN56916002</div></a></td>
      <td>Does the underlying haemodynamic abnormality determine response to antihype...</td>
      <td>Circulatory System</td>
      <td>Adult</td>
      <td>60</td>
    </tr>
    <tr>
      <td><a href='https://www.isrctn.com/ISRCTN49492872' target='_blank'><div>ISRCTN49492872</div></a></td>
      <td>Determir versus Glargine for weight gain in adolescents with type 1 diabete...</td>
      <td>Nutritional, Metabolic, Endocrine</td>
      <td>Adult</td>
      <td>112</td>
    </tr>
    <tr>
      <td><a href='https://www.isrctn.com/ISRCTN88098646' target='_blank'><div>ISRCTN88098646</div></a></td>
      <td>Pharmacokinetic study of adjuvant capecitabine after resection of pancreati...</td>
      <td>Cancer</td>
      <td>Adult</td>
      <td>12</td>
    </tr>
    <tr>
      <td><a href='https://www.isrctn.com/ISRCTN15898585' target='_blank'><div>ISRCTN15898585</div></a></td>
      <td>Pharmacokinetic study of capecitabine after total gastrectomy for stomach a...</td>
      <td>Cancer</td>
      <td>Adult</td>
      <td>12</td>
    </tr>
    <tr>
      <td><a href='https://www.isrctn.com/ISRCTN68502941' target='_blank'><div>ISRCTN68502941</div></a></td>
      <td>Avastin® Randomised Trial with neo-adjuvant chemotherapy for patients with ...</td>
      <td>Cancer</td>
      <td>Adult</td>
      <td>800</td>
    </tr>
    <tr>
      <td><a href='https://www.isrctn.com/ISRCTN11277575' target='_blank'><div>ISRCTN11277575</div></a></td>
      <td>Aromasin® randomised trial +/- Sutent® as neoadjuvant therapy for post-meno...</td>
      <td>Cancer</td>
      <td>Senior</td>
      <td>96</td>
    </tr>
    <tr>
      <td><a href='https://www.isrctn.com/ISRCTN88597330' target='_blank'><div>ISRCTN88597330</div></a></td>
      <td>Interleukin-1 receptor antagonist in severe traumatic brain injury</td>
      <td>Injury, Occupational Diseases, Poisoning</td>
      <td>Adult</td>
      <td>26</td>
    </tr>
    <tr>
      <td><a href='https://www.isrctn.com/ISRCTN78649100' target='_blank'><div>ISRCTN78649100</div></a></td>
      <td>A study investigating the effects of sitagliptin on heart muscle performanc...</td>
      <td>Circulatory System</td>
      <td>Adult</td>
      <td>20</td>
    </tr>
    <tr>
      <td><a href='https://www.isrctn.com/ISRCTN18505589' target='_blank'><div>ISRCTN18505589</div></a></td>
      <td>Accelerated Bleomycin, Etoposide, Platinum (BEP) chemotherapy for intermedi...</td>
      <td>Cancer</td>
      <td>Adult</td>
      <td>20</td>
    </tr>
    <tr>
      <td><a href='https://www.isrctn.com/ISRCTN13366390' target='_blank'><div>ISRCTN13366390</div></a></td>
      <td>Randomised phase III study of docetaxel versus active symptom control in pa...</td>
      <td>Cancer</td>
      <td>Adult</td>
      <td>180</td>
    </tr>
    <tr>
      <td><a href='https://www.isrctn.com/ISRCTN35882618' target='_blank'><div>ISRCTN35882618</div></a></td>
      <td>Does prophylactic N-AcetylCysteine decrease incidence of contrast nephropat...</td>
      <td>Urological and Genital Diseases</td>
      <td>Adult</td>
      <td>40</td>
    </tr>
    <tr>
      <td><a href='https://www.isrctn.com/ISRCTN81261306' target='_blank'><div>ISRCTN81261306</div></a></td>
      <td>A randomised trial evaluating the vascular endothelial growth factor inhibi...</td>
      <td>Cancer</td>
      <td>Adult</td>
      <td>1320</td>
    </tr>
    <tr>
      <td><a href='https://www.isrctn.com/ISRCTN89059431' target='_blank'><div>ISRCTN89059431</div></a></td>
      <td>A randomised controlled study of Epidural Fentanyl Analgesia following Lumb...</td>
      <td>Musculoskeletal Diseases</td>
      <td>Adult</td>
      <td>100</td>
    </tr>
    <tr>
      <td><a href='https://www.isrctn.com/ISRCTN99817649' target='_blank'><div>ISRCTN99817649</div></a></td>
      <td>A trial of Helium-Oxygen mixtures in the immediate Post Extubation period i...</td>
      <td>Respiratory</td>
      <td>Adult</td>
      <td>100</td>
    </tr>
    <tr>
      <td><a href='https://www.isrctn.com/ISRCTN82265570' target='_blank'><div>ISRCTN82265570</div></a></td>
      <td>Modafinil for the treatment of fatigue in lung cancer: a pilot study</td>
      <td>Cancer</td>
      <td>Not Specified</td>
      <td>20</td>
    </tr>
    <tr>
      <td><a href='https://www.isrctn.com/ISRCTN30714266' target='_blank'><div>ISRCTN30714266</div></a></td>
      <td>Trial in Rheumatoid Arthritis of Lisinopril</td>
      <td>Musculoskeletal Diseases</td>
      <td>Adult</td>
      <td>200</td>
    </tr>
    <tr>
      <td><a href='https://www.isrctn.com/ISRCTN00191981' target='_blank'><div>ISRCTN00191981</div></a></td>
      <td>A Phase II study to evaluate the efficacy and safety of PTK787 in patients ...</td>
      <td>Cancer</td>
      <td>Adult</td>
      <td>34</td>
    </tr>
    <tr>
      <td><a href='https://www.isrctn.com/ISRCTN75948817' target='_blank'><div>ISRCTN75948817</div></a></td>
      <td>Simvastatin in aneurysmal subarachnoid haemorrhage: a multicentre, randomis...</td>
      <td>Circulatory System</td>
      <td>Adult</td>
      <td>800</td>
    </tr>
    <tr>
      <td><a href='https://www.isrctn.com/ISRCTN83027184' target='_blank'><div>ISRCTN83027184</div></a></td>
      <td>A randomised trial of Myfortic® versus mycophenolate in the treatment of mu...</td>
      <td>Musculoskeletal Diseases</td>
      <td>Adult</td>
      <td>40</td>
    </tr>
    <tr>
      <td><a href='https://www.isrctn.com/ISRCTN28528813' target='_blank'><div>ISRCTN28528813</div></a></td>
      <td>An international, randomised, open label trial comparing a rituximab-based ...</td>
      <td>Circulatory System</td>
      <td>Adult</td>
      <td>40</td>
    </tr>
    <tr>
      <td><a href='https://www.isrctn.com/ISRCTN03001669' target='_blank'><div>ISRCTN03001669</div></a></td>
      <td>European Community SYStemic VASculitis TRIALs group</td>
      <td>Circulatory System</td>
      <td>Adult</td>
      <td>150</td>
    </tr>
    <tr>
      <td><a href='https://www.isrctn.com/ISRCTN35124268' target='_blank'><div>ISRCTN35124268</div></a></td>
      <td>A randomised phase II study comparing capecitabine plus streptozocin with o...</td>
      <td>Cancer</td>
      <td>Adult</td>
      <td>84</td>
    </tr>
    <tr>
      <td><a href='https://www.isrctn.com/ISRCTN82842634' target='_blank'><div>ISRCTN82842634</div></a></td>
      <td>A randomised placebo-controlled study evaluating the role of pyridoxine in ...</td>
      <td>Cancer</td>
      <td>Adult</td>
      <td>270</td>
    </tr>
    <tr>
      <td><a href='https://www.isrctn.com/ISRCTN25537214' target='_blank'><div>ISRCTN25537214</div></a></td>
      <td>Sevoflurane-remifentanyl versus propofol-remifentanyl in surgery exceeding ...</td>
      <td>Surgery</td>
      <td>Adult</td>
      <td>100</td>
    </tr>
    <tr>
      <td><a href='https://www.isrctn.com/ISRCTN57438091' target='_blank'><div>ISRCTN57438091</div></a></td>
      <td>Intravenous bisphosphonates in the prevention of osteoporosis associated wi...</td>
      <td>Circulatory System</td>
      <td>Adult</td>
      <td>30</td>
    </tr>
    <tr>
      <td><a href='https://www.isrctn.com/ISRCTN07963178' target='_blank'><div>ISRCTN07963178</div></a></td>
      <td>A single centre, randomised controlled, open label study of rituximab as in...</td>
      <td>Surgery</td>
      <td>Adult</td>
      <td>120</td>
    </tr>
    <tr>
      <td><a href='https://www.isrctn.com/ISRCTN78428828' target='_blank'><div>ISRCTN78428828</div></a></td>
      <td>Neonatal Insulin Replacement Therapy in Europe</td>
      <td>Nutritional, Metabolic, Endocrine</td>
      <td>Neonate</td>
      <td>500</td>
    </tr>
    <tr>
      <td><a href='https://www.isrctn.com/ISRCTN13200656' target='_blank'><div>ISRCTN13200656</div></a></td>
      <td>Comparing anti-epileptic treatments for seizures following traumatic brain ...</td>
      <td>Nervous System Diseases</td>
      <td>Mixed</td>
      <td>1649</td>
    </tr>
    <tr>
      <td><a href='https://www.isrctn.com/ISRCTN88057279' target='_blank'><div>ISRCTN88057279</div></a></td>
      <td>Preventative treatment for patients at risk of COVID-19 infection (PROTECT)</td>
      <td>Infections and Infestations</td>
      <td>Adult</td>
      <td>500</td>
    </tr>
    <tr>
      <td><a href='https://www.isrctn.com/ISRCTN40319192' target='_blank'><div>ISRCTN40319192</div></a></td>
      <td>Adaptive study of IL-2 dose frequency on regulatory T cells in type 1 diabe...</td>
      <td>Nutritional, Metabolic, Endocrine</td>
      <td>Adult</td>
      <td>36</td>
    </tr>
    <tr>
      <td><a href='https://www.isrctn.com/ISRCTN97420179' target='_blank'><div>ISRCTN97420179</div></a></td>
      <td>The influence of ivabradine in a healthy volunteer pain model</td>
      <td>Signs and Symptoms</td>
      <td>Adult</td>
      <td>24</td>
    </tr>
    <tr>
      <td><a href='https://www.isrctn.com/ISRCTN27852285' target='_blank'><div>ISRCTN27852285</div></a></td>
      <td>Regulatory T cells in Type 1 diabetes patients treated with IL-2</td>
      <td>Nutritional, Metabolic, Endocrine</td>
      <td>Adult</td>
      <td>40</td>
    </tr>
    <tr>
      <td><a href='https://www.isrctn.com/ISRCTN14265371' target='_blank'><div>ISRCTN14265371</div></a></td>
      <td>A trial to determine bexarotene's safety and tolerability and its ability t...</td>
      <td>Nervous System Diseases</td>
      <td>Adult</td>
      <td>50</td>
    </tr>
    <tr>
      <td><a href='https://www.isrctn.com/ISRCTN20365485' target='_blank'><div>ISRCTN20365485</div></a></td>
      <td>Assessment of the efficacy of Lanreotide Autogel® in the reversal of sleep ...</td>
      <td>Nutritional, Metabolic, Endocrine</td>
      <td>Adult</td>
      <td>40</td>
    </tr>
    <tr>
      <td><a href='https://www.isrctn.com/ISRCTN91419926' target='_blank'><div>ISRCTN91419926</div></a></td>
      <td>Adolescent type 1 diabetes cardio-renal intervention trial</td>
      <td>Nutritional, Metabolic, Endocrine</td>
      <td>Child</td>
      <td>500</td>
    </tr>
    <tr>
      <td><a href='https://www.isrctn.com/ISRCTN91419926' target='_blank'><div>ISRCTN91419926</div></a></td>
      <td>Adolescent type 1 diabetes cardio-renal intervention trial</td>
      <td>Nutritional, Metabolic, Endocrine</td>
      <td>Child</td>
      <td>500</td>
    </tr>
  </tbody>
</table>"
25,-169496.79326589472,7133925.454259742,Leeds Teaching Hospitals NHS Trust,53.8082553,-1.5226156,13.0,16.936926411670825,"<table border=""1"" class=""dataframe"">
  <thead>
    <tr style=""text-align: left;"">
      <th>ISRCTN link</th>
      <th>Title</th>
      <th>Condition category</th>
      <th>Age group</th>
      <th>Target number of participants</th>
    </tr>
  </thead>
  <tbody>
    <tr>
      <td><a href='https://www.isrctn.com/ISRCTN91800263' target='_blank'><div>ISRCTN91800263</div></a></td>
      <td>Dequalinium versus usual care antibiotics for the treatment of bacterial va...</td>
      <td>Urological and Genital Diseases</td>
      <td>Mixed</td>
      <td>904</td>
    </tr>
    <tr>
      <td><a href='https://www.isrctn.com/ISRCTN24271997' target='_blank'><div>ISRCTN24271997</div></a></td>
      <td>A comparison of the need for opiate pain relief medication after elective h...</td>
      <td>Musculoskeletal Diseases</td>
      <td>Adult</td>
      <td>70</td>
    </tr>
    <tr>
      <td><a href='https://www.isrctn.com/ISRCTN51382468' target='_blank'><div>ISRCTN51382468</div></a></td>
      <td>Combination fludarabine and cyclophosphamide (FC) plus Ofatumumab at Standa...</td>
      <td>Cancer</td>
      <td>Adult</td>
      <td>82</td>
    </tr>
    <tr>
      <td><a href='https://www.isrctn.com/ISRCTN58771616' target='_blank'><div>ISRCTN58771616</div></a></td>
      <td>Lapatinib plus capecitabine versus continued trastuzumab plus capecitabine ...</td>
      <td>Cancer</td>
      <td>Adult</td>
      <td>130</td>
    </tr>
    <tr>
      <td><a href='https://www.isrctn.com/ISRCTN21199799' target='_blank'><div>ISRCTN21199799</div></a></td>
      <td>Metformin and gonadotrophin-releasing hormone (GnRH) antagonist co-treatmen...</td>
      <td>Nutritional, Metabolic, Endocrine</td>
      <td>Adult</td>
      <td>200</td>
    </tr>
    <tr>
      <td><a href='https://www.isrctn.com/ISRCTN21428905' target='_blank'><div>ISRCTN21428905</div></a></td>
      <td>A phase II study of 5-azacitidine in chronic myelomonocytic leukaemia (CMML...</td>
      <td>Cancer</td>
      <td>Adult</td>
      <td>30</td>
    </tr>
    <tr>
      <td><a href='https://www.isrctn.com/ISRCTN42165735' target='_blank'><div>ISRCTN42165735</div></a></td>
      <td>CLL6 (Roche): a randomised, phase II trial of fludarabine, cyclophosphamide...</td>
      <td>Cancer</td>
      <td>Adult</td>
      <td>218</td>
    </tr>
    <tr>
      <td><a href='https://www.isrctn.com/ISRCTN16544962' target='_blank'><div>ISRCTN16544962</div></a></td>
      <td>Attenuated dose rituximab with chemotherapy in chronic lymphocytic leukaemi...</td>
      <td>Cancer</td>
      <td>Adult</td>
      <td>206</td>
    </tr>
    <tr>
      <td><a href='https://www.isrctn.com/ISRCTN58492795' target='_blank'><div>ISRCTN58492795</div></a></td>
      <td>Pilot safety/tolerability study of Lenalidomide administered as monotherapy...</td>
      <td>Cancer</td>
      <td>Adult</td>
      <td>39</td>
    </tr>
    <tr>
      <td><a href='https://www.isrctn.com/ISRCTN63375144' target='_blank'><div>ISRCTN63375144</div></a></td>
      <td>CLL8: a randomised, phase III study to assess alemtuzumab consolidation the...</td>
      <td>Cancer</td>
      <td>Adult</td>
      <td>288</td>
    </tr>
    <tr>
      <td><a href='https://www.isrctn.com/ISRCTN60123120' target='_blank'><div>ISRCTN60123120</div></a></td>
      <td>A phase III study to determine the role of a second autologous stem cell tr...</td>
      <td>Cancer</td>
      <td>Adult</td>
      <td>320</td>
    </tr>
    <tr>
      <td><a href='https://www.isrctn.com/ISRCTN94424606' target='_blank'><div>ISRCTN94424606</div></a></td>
      <td>Steroid Avoidance in Leeds with Alemtuzumab or Mycophenolate Mofetil (MMF) ...</td>
      <td>Urological and Genital Diseases</td>
      <td>Adult</td>
      <td>120</td>
    </tr>
    <tr>
      <td><a href='https://www.isrctn.com/ISRCTN23153249' target='_blank'><div>ISRCTN23153249</div></a></td>
      <td>Eradication of minimal residual disease (MRD) in chronic lymphocytic leukae...</td>
      <td>Cancer</td>
      <td>Adult</td>
      <td>54</td>
    </tr>
  </tbody>
</table>"
26,-136281.6843531646,6755938.296665334,Oxford Brookes University,51.7549518,-1.2242392,1.0,1.0,"<table border=""1"" class=""dataframe"">
  <thead>
    <tr style=""text-align: left;"">
      <th>ISRCTN link</th>
      <th>Title</th>
      <th>Condition category</th>
      <th>Age group</th>
      <th>Target number of participants</th>
    </tr>
  </thead>
  <tbody>
    <tr>
      <td><a href='https://www.isrctn.com/ISRCTN31302738' target='_blank'><div>ISRCTN31302738</div></a></td>
      <td>A 2 x 2 phase II randomised controlled trial to investigate the efficacy of...</td>
      <td>Mental and Behavioural Disorders</td>
      <td>Adult</td>
      <td>144</td>
    </tr>
  </tbody>
</table>"
27,-289762.31908948265,6702786.54140238,University of Bristol,51.4584172,-2.6029792,13.0,16.936926411670825,"<table border=""1"" class=""dataframe"">
  <thead>
    <tr style=""text-align: left;"">
      <th>ISRCTN link</th>
      <th>Title</th>
      <th>Condition category</th>
      <th>Age group</th>
      <th>Target number of participants</th>
    </tr>
  </thead>
  <tbody>
    <tr>
      <td><a href='https://www.isrctn.com/ISRCTN41639809' target='_blank'><div>ISRCTN41639809</div></a></td>
      <td>A trial of rivastigmine to prevent falls in Parkinson's</td>
      <td>Nervous System Diseases</td>
      <td>Adult</td>
      <td>600</td>
    </tr>
    <tr>
      <td><a href='https://www.isrctn.com/ISRCTN15255199' target='_blank'><div>ISRCTN15255199</div></a></td>
      <td>Propofol in cardiac surgery: ProMPT-2</td>
      <td>Circulatory System</td>
      <td>Adult</td>
      <td>240</td>
    </tr>
    <tr>
      <td><a href='https://www.isrctn.com/ISRCTN12873692' target='_blank'><div>ISRCTN12873692</div></a></td>
      <td>The Runny Ear STudy (REST)</td>
      <td>Ear, Nose and Throat</td>
      <td>Child</td>
      <td>399</td>
    </tr>
    <tr>
      <td><a href='https://www.isrctn.com/ISRCTN76607611' target='_blank'><div>ISRCTN76607611</div></a></td>
      <td>Risk of bleeding after dual antiplatelet therapy (DAPT) in patients treated...</td>
      <td>Circulatory System</td>
      <td>Adult</td>
      <td>21961</td>
    </tr>
    <tr>
      <td><a href='https://www.isrctn.com/ISRCTN90897064' target='_blank'><div>ISRCTN90897064</div></a></td>
      <td>Dopamine and memory consolidation</td>
      <td>Mental and Behavioural Disorders</td>
      <td>Senior</td>
      <td>90</td>
    </tr>
    <tr>
      <td><a href='https://www.isrctn.com/ISRCTN09599764' target='_blank'><div>ISRCTN09599764</div></a></td>
      <td>Children's drops for ear pain in acute otitis media: the CEDAR randomised c...</td>
      <td>Ear, Nose and Throat</td>
      <td>Child</td>
      <td>1002</td>
    </tr>
    <tr>
      <td><a href='https://www.isrctn.com/ISRCTN65690030' target='_blank'><div>ISRCTN65690030</div></a></td>
      <td>Effects of varenicline and cognitive bias modification on responses to smok...</td>
      <td>Mental and Behavioural Disorders</td>
      <td>Adult</td>
      <td>72</td>
    </tr>
    <tr>
      <td><a href='https://www.isrctn.com/ISRCTN57309858' target='_blank'><div>ISRCTN57309858</div></a></td>
      <td>The Oral Steroids for Acute Cough (OSAC) Trial</td>
      <td>Respiratory</td>
      <td>Adult</td>
      <td>436</td>
    </tr>
    <tr>
      <td><a href='https://www.isrctn.com/ISRCTN06653773' target='_blank'><div>ISRCTN06653773</div></a></td>
      <td>Mirtazapine for treatment resistant depression</td>
      <td>Mental and Behavioural Disorders</td>
      <td>Adult</td>
      <td>400</td>
    </tr>
    <tr>
      <td><a href='https://www.isrctn.com/ISRCTN66730162' target='_blank'><div>ISRCTN66730162</div></a></td>
      <td>Sleep disturbance and learning in children with Benign Epilepsy of Childhoo...</td>
      <td>Nervous System Diseases</td>
      <td>Child</td>
      <td>20</td>
    </tr>
    <tr>
      <td><a href='https://www.isrctn.com/ISRCTN22471573' target='_blank'><div>ISRCTN22471573</div></a></td>
      <td>Combined Immunosuppression and Radiotherapy in Thyroid Eye Disease</td>
      <td>Eye Diseases</td>
      <td>Adult</td>
      <td>100</td>
    </tr>
    <tr>
      <td><a href='https://www.isrctn.com/ISRCTN99732966' target='_blank'><div>ISRCTN99732966</div></a></td>
      <td>The effectiveness and acceptability of using a topically applied local anae...</td>
      <td>Pregnancy and Childbirth</td>
      <td>Adult</td>
      <td>170</td>
    </tr>
    <tr>
      <td><a href='https://www.isrctn.com/ISRCTN99959692' target='_blank'><div>ISRCTN99959692</div></a></td>
      <td>Immunosuppression for progressive membranous nephropathy</td>
      <td>Urological and Genital Diseases</td>
      <td>Adult</td>
      <td>120</td>
    </tr>
  </tbody>
</table>"
31,-19466.828973237527,6710008.469052965,Imperial College London,51.49882220000001,-0.1748735,48.0,25.053124267795578,"<table border=""1"" class=""dataframe"">
  <thead>
    <tr style=""text-align: left;"">
      <th>ISRCTN link</th>
      <th>Title</th>
      <th>Condition category</th>
      <th>Age group</th>
      <th>Target number of participants</th>
    </tr>
  </thead>
  <tbody>
    <tr>
      <td><a href='https://www.isrctn.com/ISRCTN67889041' target='_blank'><div>ISRCTN67889041</div></a></td>
      <td>Testing the safety and effects of a new drug (G3215) in adult subjects</td>
      <td>Nutritional, Metabolic, Endocrine</td>
      <td>Adult</td>
      <td>24</td>
    </tr>
    <tr>
      <td><a href='https://www.isrctn.com/ISRCTN26265036' target='_blank'><div>ISRCTN26265036</div></a></td>
      <td>Does an infusion of alpha-melanocyte stimulating hormone reduce blood sugar...</td>
      <td>Nutritional, Metabolic, Endocrine</td>
      <td>Adult</td>
      <td>15</td>
    </tr>
    <tr>
      <td><a href='https://www.isrctn.com/ISRCTN12109108' target='_blank'><div>ISRCTN12109108</div></a></td>
      <td>Treating severe paediatric asthma: the TREAT trial</td>
      <td>Respiratory</td>
      <td>Child</td>
      <td>500</td>
    </tr>
    <tr>
      <td><a href='https://www.isrctn.com/ISRCTN18179652' target='_blank'><div>ISRCTN18179652</div></a></td>
      <td>Does rituximab added to usual treatment reduce kidney transplant failure fo...</td>
      <td>Injury, Occupational Diseases, Poisoning</td>
      <td>Mixed</td>
      <td>170</td>
    </tr>
    <tr>
      <td><a href='https://www.isrctn.com/ISRCTN14254122' target='_blank'><div>ISRCTN14254122</div></a></td>
      <td>The Capsaicin 8% patch for pain relief in diabetic peripheral neuropathy</td>
      <td>Nervous System Diseases</td>
      <td>Adult</td>
      <td>50</td>
    </tr>
    <tr>
      <td><a href='https://www.isrctn.com/ISRCTN10584863' target='_blank'><div>ISRCTN10584863</div></a></td>
      <td>Psilocybin vs escitalopram for depression</td>
      <td>Mental and Behavioural Disorders</td>
      <td>Adult</td>
      <td>50</td>
    </tr>
    <tr>
      <td><a href='https://www.isrctn.com/ISRCTN10994757' target='_blank'><div>ISRCTN10994757</div></a></td>
      <td>Rifaximin to reduce infection in decompensated cirrhosis</td>
      <td>Digestive System</td>
      <td>Adult</td>
      <td>268</td>
    </tr>
    <tr>
      <td><a href='https://www.isrctn.com/ISRCTN17462005' target='_blank'><div>ISRCTN17462005</div></a></td>
      <td>Trial comparing two diabetes medications (Gliclazide versus Linagliptin) on...</td>
      <td>Urological and Genital Diseases</td>
      <td>Adult</td>
      <td>50</td>
    </tr>
    <tr>
      <td><a href='https://www.isrctn.com/ISRCTN18166185' target='_blank'><div>ISRCTN18166185</div></a></td>
      <td>The AVICCI study: a feasibility study to assess the effects of AntiretroVir...</td>
      <td>Infections and Infestations</td>
      <td>Adult</td>
      <td>10</td>
    </tr>
    <tr>
      <td><a href='https://www.isrctn.com/ISRCTN14426797' target='_blank'><div>ISRCTN14426797</div></a></td>
      <td>Psilocybin for depression</td>
      <td>Mental and Behavioural Disorders</td>
      <td>Adult</td>
      <td>12</td>
    </tr>
    <tr>
      <td><a href='https://www.isrctn.com/ISRCTN75305839' target='_blank'><div>ISRCTN75305839</div></a></td>
      <td>Methylnaltrexone for the treatment of opioid induced constipation</td>
      <td>Digestive System</td>
      <td>Adult</td>
      <td>84</td>
    </tr>
    <tr>
      <td><a href='https://www.isrctn.com/ISRCTN89747147' target='_blank'><div>ISRCTN89747147</div></a></td>
      <td>C34-PEG-4-Chol - a new fusion inhibitor for the treatment of HIV</td>
      <td>Infections and Infestations</td>
      <td>Adult</td>
      <td>42</td>
    </tr>
    <tr>
      <td><a href='https://www.isrctn.com/ISRCTN84054592' target='_blank'><div>ISRCTN84054592</div></a></td>
      <td>RITUXILUP - A study to assess if the combination of Rituximab, mycophenolat...</td>
      <td>Skin and Connective Tissue Diseases</td>
      <td>Mixed</td>
      <td>25</td>
    </tr>
    <tr>
      <td><a href='https://www.isrctn.com/ISRCTN20769191' target='_blank'><div>ISRCTN20769191</div></a></td>
      <td>VAsopressin vs Noradrenaline as Initial therapy in Septic sHock</td>
      <td>Signs and Symptoms</td>
      <td>Adult</td>
      <td>412</td>
    </tr>
    <tr>
      <td><a href='https://www.isrctn.com/ISRCTN90916365' target='_blank'><div>ISRCTN90916365</div></a></td>
      <td>Lamotrigine And Borderline personality disorder: Investigating Long term Ef...</td>
      <td>Mental and Behavioural Disorders</td>
      <td>Adult</td>
      <td>252</td>
    </tr>
    <tr>
      <td><a href='https://www.isrctn.com/ISRCTN71164341' target='_blank'><div>ISRCTN71164341</div></a></td>
      <td>Repeated application of gene therapy in cystic fibrosis patients</td>
      <td>Nutritional, Metabolic, Endocrine</td>
      <td>Mixed</td>
      <td>130</td>
    </tr>
    <tr>
      <td><a href='https://www.isrctn.com/ISRCTN80307982' target='_blank'><div>ISRCTN80307982</div></a></td>
      <td>Safety of AZD4547 in breast cancer patients</td>
      <td>Cancer</td>
      <td>Adult</td>
      <td>50</td>
    </tr>
    <tr>
      <td><a href='https://www.isrctn.com/ISRCTN15119574' target='_blank'><div>ISRCTN15119574</div></a></td>
      <td>Melatonin as a novel neuroprotectant in preterm infants - trial study</td>
      <td>Neonatal Diseases</td>
      <td>Neonate</td>
      <td>60</td>
    </tr>
    <tr>
      <td><a href='https://www.isrctn.com/ISRCTN44899331' target='_blank'><div>ISRCTN44899331</div></a></td>
      <td>Reversing the Effects of Sleep Deprivation (RESD)</td>
      <td>Mental and Behavioural Disorders</td>
      <td>Adult</td>
      <td>40</td>
    </tr>
    <tr>
      <td><a href='https://www.isrctn.com/ISRCTN38286161' target='_blank'><div>ISRCTN38286161</div></a></td>
      <td>Study of a marker of angiogenic response to combination therapy with pazopa...</td>
      <td>Cancer</td>
      <td>Adult</td>
      <td>17</td>
    </tr>
    <tr>
      <td><a href='https://www.isrctn.com/ISRCTN51383267' target='_blank'><div>ISRCTN51383267</div></a></td>
      <td>An evaluation of the effect of an angiotensin-converting enzyme (ACE) inhib...</td>
      <td>Circulatory System</td>
      <td>Senior</td>
      <td>225</td>
    </tr>
    <tr>
      <td><a href='https://www.isrctn.com/ISRCTN66727957' target='_blank'><div>ISRCTN66727957</div></a></td>
      <td>Vasopressin and Corticosteroids in septic Shock</td>
      <td>Signs and Symptoms</td>
      <td>Adult</td>
      <td>60</td>
    </tr>
    <tr>
      <td><a href='https://www.isrctn.com/ISRCTN59071456' target='_blank'><div>ISRCTN59071456</div></a></td>
      <td>NO BLEeding excess with antiplatelet treatment with thromboserin during cor...</td>
      <td>Circulatory System</td>
      <td>Not Specified</td>
      <td>120</td>
    </tr>
    <tr>
      <td><a href='https://www.isrctn.com/ISRCTN01115788' target='_blank'><div>ISRCTN01115788</div></a></td>
      <td>MIND: Melatonin Neuroprotection Dosage Study</td>
      <td>Injury, Occupational Diseases, Poisoning</td>
      <td>Neonate</td>
      <td>24</td>
    </tr>
    <tr>
      <td><a href='https://www.isrctn.com/ISRCTN68824876' target='_blank'><div>ISRCTN68824876</div></a></td>
      <td>Amisulpride augmentation in clozapine-unresponsive schizophrenia</td>
      <td>Mental and Behavioural Disorders</td>
      <td>Adult</td>
      <td>230</td>
    </tr>
    <tr>
      <td><a href='https://www.isrctn.com/ISRCTN42305247' target='_blank'><div>ISRCTN42305247</div></a></td>
      <td>Antidepressant Controlled Trial for Negative Symptoms in schizophrenia</td>
      <td>Mental and Behavioural Disorders</td>
      <td>Adult</td>
      <td>360</td>
    </tr>
    <tr>
      <td><a href='https://www.isrctn.com/ISRCTN22073647' target='_blank'><div>ISRCTN22073647</div></a></td>
      <td>EUROACTION PLUS intensive smoking intervention (varenicline)</td>
      <td>Mental and Behavioural Disorders</td>
      <td>Adult</td>
      <td>1060</td>
    </tr>
    <tr>
      <td><a href='https://www.isrctn.com/ISRCTN08886155' target='_blank'><div>ISRCTN08886155</div></a></td>
      <td>Neuroprotective effects of hypothermia combined with inhaled xenon followin...</td>
      <td>Pregnancy and Childbirth</td>
      <td>Neonate</td>
      <td>92</td>
    </tr>
    <tr>
      <td><a href='https://www.isrctn.com/ISRCTN92644181' target='_blank'><div>ISRCTN92644181</div></a></td>
      <td>Progesterone in recurrent miscarriages (PROMISE) study</td>
      <td>Pregnancy and Childbirth</td>
      <td>Adult</td>
      <td>790</td>
    </tr>
    <tr>
      <td><a href='https://www.isrctn.com/ISRCTN12504151' target='_blank'><div>ISRCTN12504151</div></a></td>
      <td>Warfarin anticoagulation for liver fibrosis in patients transplanted for he...</td>
      <td>Infections and Infestations</td>
      <td>Adult</td>
      <td>90</td>
    </tr>
    <tr>
      <td><a href='https://www.isrctn.com/ISRCTN05581879' target='_blank'><div>ISRCTN05581879</div></a></td>
      <td>Angiotensin converting enzyme (ACE) inhibition and mechanisms of skeletal m...</td>
      <td>Respiratory</td>
      <td>Adult</td>
      <td>80</td>
    </tr>
    <tr>
      <td><a href='https://www.isrctn.com/ISRCTN55655483' target='_blank'><div>ISRCTN55655483</div></a></td>
      <td>A phase III, seven-day randomised, double-blind, placebo-controlled, parall...</td>
      <td>Surgery</td>
      <td>Senior</td>
      <td>300</td>
    </tr>
    <tr>
      <td><a href='https://www.isrctn.com/ISRCTN77234840' target='_blank'><div>ISRCTN77234840</div></a></td>
      <td>Neoadjuvant study of Chemotherapy versus EndocriNe Therapy in postmenopausa...</td>
      <td>Cancer</td>
      <td>Adult</td>
      <td>716</td>
    </tr>
    <tr>
      <td><a href='https://www.isrctn.com/ISRCTN71165034' target='_blank'><div>ISRCTN71165034</div></a></td>
      <td>Lapatinib Pre-surgical Phase II Study in Patients with Primary Breast Cance...</td>
      <td>Cancer</td>
      <td>Adult</td>
      <td>150</td>
    </tr>
    <tr>
      <td><a href='https://www.isrctn.com/ISRCTN45605573' target='_blank'><div>ISRCTN45605573</div></a></td>
      <td>A multicentre phase III randomised double-blind placebo-controlled trial of...</td>
      <td>Cancer</td>
      <td>Adult</td>
      <td>1270</td>
    </tr>
    <tr>
      <td><a href='https://www.isrctn.com/ISRCTN18238432' target='_blank'><div>ISRCTN18238432</div></a></td>
      <td>Bronchiolitis randomised controlled trial (RCT): Emergency Assisted Therapy...</td>
      <td>Respiratory</td>
      <td>Child</td>
      <td>298</td>
    </tr>
    <tr>
      <td><a href='https://www.isrctn.com/ISRCTN70406718' target='_blank'><div>ISRCTN70406718</div></a></td>
      <td>Prostate Adenocarcinoma: TransCutaneous Hormones versus luteinising hormone...</td>
      <td>Cancer</td>
      <td>Mixed</td>
      <td>2150</td>
    </tr>
    <tr>
      <td><a href='https://www.isrctn.com/ISRCTN51254253' target='_blank'><div>ISRCTN51254253</div></a></td>
      <td>A 6 Month Randomised, Double-Blind, Placebo-Controlled, Magnetic Resonance ...</td>
      <td>Nutritional, Metabolic, Endocrine</td>
      <td>Adult</td>
      <td>20</td>
    </tr>
    <tr>
      <td><a href='https://www.isrctn.com/ISRCTN33638415' target='_blank'><div>ISRCTN33638415</div></a></td>
      <td>Subcutaneous oxyntomodulin reduces body-weight in overweight subjects</td>
      <td>Nutritional, Metabolic, Endocrine</td>
      <td>Adult</td>
      <td>26</td>
    </tr>
    <tr>
      <td><a href='https://www.isrctn.com/ISRCTN76742797' target='_blank'><div>ISRCTN76742797</div></a></td>
      <td>The SPARTAC trial: a multicentre randomised trial of therapeutic interventi...</td>
      <td>Infections and Infestations</td>
      <td>Adult</td>
      <td>360</td>
    </tr>
    <tr>
      <td><a href='https://www.isrctn.com/ISRCTN11736448' target='_blank'><div>ISRCTN11736448</div></a></td>
      <td>Neuroleptics in adults with Aggressive CHallenging Behaviour and Intellectu...</td>
      <td>Mental and Behavioural Disorders</td>
      <td>Adult</td>
      <td>86</td>
    </tr>
    <tr>
      <td><a href='https://www.isrctn.com/ISRCTN42553489' target='_blank'><div>ISRCTN42553489</div></a></td>
      <td>Prophylactic granulocyte-macrophage colony-stimulating factor (GM-CSF) to r...</td>
      <td>Infections and Infestations</td>
      <td>Neonate</td>
      <td>320</td>
    </tr>
    <tr>
      <td><a href='https://www.isrctn.com/ISRCTN18352058' target='_blank'><div>ISRCTN18352058</div></a></td>
      <td>Clozapine in the treatment of borderline personality disorder. The CALMED s...</td>
      <td>Mental and Behavioural Disorders</td>
      <td>Adult</td>
      <td>222</td>
    </tr>
    <tr>
      <td><a href='https://www.isrctn.com/ISRCTN48254013' target='_blank'><div>ISRCTN48254013</div></a></td>
      <td>A phase III multicentre double blind randomised trial of celecoxib versus p...</td>
      <td>Cancer</td>
      <td>Adult</td>
      <td>2590</td>
    </tr>
    <tr>
      <td><a href='https://www.isrctn.com/ISRCTN22893535' target='_blank'><div>ISRCTN22893535</div></a></td>
      <td>Study to see if GSK2110183 with chemotherapy can treat ovarian cancer</td>
      <td>Cancer</td>
      <td>Adult</td>
      <td>24</td>
    </tr>
    <tr>
      <td><a href='https://www.isrctn.com/ISRCTN89711766' target='_blank'><div>ISRCTN89711766</div></a></td>
      <td>Evaluating the effects of the novel GLP1 analogue, Liraglutide, in patients...</td>
      <td>Mental and Behavioural Disorders</td>
      <td>Mixed</td>
      <td>206</td>
    </tr>
    <tr>
      <td><a href='https://www.isrctn.com/ISRCTN70833965' target='_blank'><div>ISRCTN70833965</div></a></td>
      <td>A phase II double-blind, randomised controlled trial of VEGF inhibitor axit...</td>
      <td>Cancer</td>
      <td>Adult</td>
      <td>51</td>
    </tr>
    <tr>
      <td><a href='https://www.isrctn.com/ISRCTN12776039' target='_blank'><div>ISRCTN12776039</div></a></td>
      <td>An efficacy and mechanism evaluation study of levosimendan for the preventi...</td>
      <td>Signs and Symptoms</td>
      <td>Adult</td>
      <td>516</td>
    </tr>
  </tbody>
</table>"
32,-353869.5329130179,6707828.061418129,Cardiff University,51.48662710000001,-3.1788641,29.0,21.922185341675,"<table border=""1"" class=""dataframe"">
  <thead>
    <tr style=""text-align: left;"">
      <th>ISRCTN link</th>
      <th>Title</th>
      <th>Condition category</th>
      <th>Age group</th>
      <th>Target number of participants</th>
    </tr>
  </thead>
  <tbody>
    <tr>
      <td><a href='https://www.isrctn.com/ISRCTN14274380' target='_blank'><div>ISRCTN14274380</div></a></td>
      <td>Ustekinumab in adolescents with recent-onset type 1 diabetes</td>
      <td>Nutritional, Metabolic, Endocrine</td>
      <td>Child</td>
      <td>72</td>
    </tr>
    <tr>
      <td><a href='https://www.isrctn.com/ISRCTN11650227' target='_blank'><div>ISRCTN11650227</div></a></td>
      <td>Azithromycin therapy for chronic lung disease of prematurity</td>
      <td>Respiratory</td>
      <td>Neonate</td>
      <td>796</td>
    </tr>
    <tr>
      <td><a href='https://www.isrctn.com/ISRCTN16067611' target='_blank'><div>ISRCTN16067611</div></a></td>
      <td>Enhanced epidermal antigen specific immunotherapy trial - Type 1 Diabetes</td>
      <td>Nutritional, Metabolic, Endocrine</td>
      <td>Adult</td>
      <td>8</td>
    </tr>
    <tr>
      <td><a href='https://www.isrctn.com/ISRCTN14767962' target='_blank'><div>ISRCTN14767962</div></a></td>
      <td>Born early, breathe easy</td>
      <td>Neonatal Diseases</td>
      <td>Child</td>
      <td>200</td>
    </tr>
    <tr>
      <td><a href='https://www.isrctn.com/ISRCTN17394489' target='_blank'><div>ISRCTN17394489</div></a></td>
      <td>Phase 2 study of tefinostat in chronic myelomonocytic leukaemia (CMML)</td>
      <td>Cancer</td>
      <td>Adult</td>
      <td>40</td>
    </tr>
    <tr>
      <td><a href='https://www.isrctn.com/ISRCTN78449203' target='_blank'><div>ISRCTN78449203</div></a></td>
      <td>Adults with Acute Myeloid Leukaemia or High-Risk Myelodysplastic Syndrome (...</td>
      <td>Cancer</td>
      <td>Adult</td>
      <td>3000</td>
    </tr>
    <tr>
      <td><a href='https://www.isrctn.com/ISRCTN46696624' target='_blank'><div>ISRCTN46696624</div></a></td>
      <td>BIMAtoprost eye drops in thyroid eye disease</td>
      <td>Nutritional, Metabolic, Endocrine</td>
      <td>Adult</td>
      <td>31</td>
    </tr>
    <tr>
      <td><a href='https://www.isrctn.com/ISRCTN31682779' target='_blank'><div>ISRCTN31682779</div></a></td>
      <td>A trial for older patients with acute myeloid leukaemia and high risk myelo...</td>
      <td>Cancer</td>
      <td>Adult</td>
      <td>1600</td>
    </tr>
    <tr>
      <td><a href='https://www.isrctn.com/ISRCTN38126962' target='_blank'><div>ISRCTN38126962</div></a></td>
      <td>Anti-psychotic drug reduction in primary care for adults with learning disa...</td>
      <td>Mental and Behavioural Disorders</td>
      <td>Adult</td>
      <td>310</td>
    </tr>
    <tr>
      <td><a href='https://www.isrctn.com/ISRCTN49798431' target='_blank'><div>ISRCTN49798431</div></a></td>
      <td>Oral steroids for resolution of otitis media with effusion in children</td>
      <td>Ear, Nose and Throat</td>
      <td>Child</td>
      <td>380</td>
    </tr>
    <tr>
      <td><a href='https://www.isrctn.com/ISRCTN96705420' target='_blank'><div>ISRCTN96705420</div></a></td>
      <td>Children with eczema, antibiotic management study</td>
      <td>Skin and Connective Tissue Diseases</td>
      <td>Child</td>
      <td>510</td>
    </tr>
    <tr>
      <td><a href='https://www.isrctn.com/ISRCTN10052456' target='_blank'><div>ISRCTN10052456</div></a></td>
      <td>A Phase II study of chemotherapy given before radiotherapy as treatment for...</td>
      <td>Cancer</td>
      <td>Adult</td>
      <td>62</td>
    </tr>
    <tr>
      <td><a href='https://www.isrctn.com/ISRCTN09739757' target='_blank'><div>ISRCTN09739757</div></a></td>
      <td>A randomised, double blind, placebo-controlled study of RAD001 (Everolimus)...</td>
      <td>Nervous System Diseases</td>
      <td>Adult</td>
      <td>48</td>
    </tr>
    <tr>
      <td><a href='https://www.isrctn.com/ISRCTN54669986' target='_blank'><div>ISRCTN54669986</div></a></td>
      <td>TroVax® and cyclophosphamide treatment in colorectal cancer</td>
      <td>Cancer</td>
      <td>Adult</td>
      <td>54</td>
    </tr>
    <tr>
      <td><a href='https://www.isrctn.com/ISRCTN40571019' target='_blank'><div>ISRCTN40571019</div></a></td>
      <td>Leukaemia Lymphoma Research and NCRI Working Group Pick a Winner Programme ...</td>
      <td>Cancer</td>
      <td>Senior</td>
      <td>1000</td>
    </tr>
    <tr>
      <td><a href='https://www.isrctn.com/ISRCTN73466214' target='_blank'><div>ISRCTN73466214</div></a></td>
      <td>Carboplatin with or without ZD4054 in patients with metastatic breast cance...</td>
      <td>Cancer</td>
      <td>Adult</td>
      <td>138</td>
    </tr>
    <tr>
      <td><a href='https://www.isrctn.com/ISRCTN73199181' target='_blank'><div>ISRCTN73199181</div></a></td>
      <td>Fluorouracil and folinic acid (FOLFIRI) plus an endothelin receptor antagon...</td>
      <td>Cancer</td>
      <td>Adult</td>
      <td>122</td>
    </tr>
    <tr>
      <td><a href='https://www.isrctn.com/ISRCTN68146831' target='_blank'><div>ISRCTN68146831</div></a></td>
      <td>Vandetanib in non-cisplatin fit patients with urothelial cancers</td>
      <td>Cancer</td>
      <td>Adult</td>
      <td>102</td>
    </tr>
    <tr>
      <td><a href='https://www.isrctn.com/ISRCTN61785174' target='_blank'><div>ISRCTN61785174</div></a></td>
      <td>Metformin improves arterial stiffness in polycystic ovary syndrome (PCOS)</td>
      <td>Nutritional, Metabolic, Endocrine</td>
      <td>Adult</td>
      <td>32</td>
    </tr>
    <tr>
      <td><a href='https://www.isrctn.com/ISRCTN52474223' target='_blank'><div>ISRCTN52474223</div></a></td>
      <td>A comparison of the clinical efficacies of Intense Pulsed Light (IPL), Phot...</td>
      <td>Skin and Connective Tissue Diseases</td>
      <td>Adult</td>
      <td>120</td>
    </tr>
    <tr>
      <td><a href='https://www.isrctn.com/ISRCTN96169987' target='_blank'><div>ISRCTN96169987</div></a></td>
      <td>Selective Chemoradiation in Advanced LOcalised Pancreatic cancer</td>
      <td>Cancer</td>
      <td>Adult</td>
      <td>100</td>
    </tr>
    <tr>
      <td><a href='https://www.isrctn.com/ISRCTN54607216' target='_blank'><div>ISRCTN54607216</div></a></td>
      <td>Sunitinib in advanced urothelial cancer in combination with standard cispla...</td>
      <td>Cancer</td>
      <td>Adult</td>
      <td>63</td>
    </tr>
    <tr>
      <td><a href='https://www.isrctn.com/ISRCTN31546330' target='_blank'><div>ISRCTN31546330</div></a></td>
      <td>Trial of temsirolimus for advanced urothelial cancer</td>
      <td>Cancer</td>
      <td>Adult</td>
      <td>78</td>
    </tr>
    <tr>
      <td><a href='https://www.isrctn.com/ISRCTN81456894' target='_blank'><div>ISRCTN81456894</div></a></td>
      <td>A randomised, placebo-controlled study of nebulised magnesium in acute seve...</td>
      <td>Respiratory</td>
      <td>Child</td>
      <td>500</td>
    </tr>
    <tr>
      <td><a href='https://www.isrctn.com/ISRCTN55675535' target='_blank'><div>ISRCTN55675535</div></a></td>
      <td>AML17: a programme of treatment development in younger patients with Acute ...</td>
      <td>Cancer</td>
      <td>Adult</td>
      <td>2700</td>
    </tr>
    <tr>
      <td><a href='https://www.isrctn.com/ISRCTN63355948' target='_blank'><div>ISRCTN63355948</div></a></td>
      <td>Stemming the Tide of Antibiotic Resistance: a trial of an intervention addr...</td>
      <td>Infections and Infestations</td>
      <td>Adult</td>
      <td>180</td>
    </tr>
    <tr>
      <td><a href='https://www.isrctn.com/ISRCTN11036523' target='_blank'><div>ISRCTN11036523</div></a></td>
      <td>National Cancer Research Institute acute myeloid leukaemia and high risk MD...</td>
      <td>Cancer</td>
      <td>Senior</td>
      <td>2500</td>
    </tr>
    <tr>
      <td><a href='https://www.isrctn.com/ISRCTN46268487' target='_blank'><div>ISRCTN46268487</div></a></td>
      <td>A randomised, double blind, placebo-controlled study of the effects of Dehy...</td>
      <td>Nutritional, Metabolic, Endocrine</td>
      <td>Adult</td>
      <td>40</td>
    </tr>
    <tr>
      <td><a href='https://www.isrctn.com/ISRCTN66760879' target='_blank'><div>ISRCTN66760879</div></a></td>
      <td>Phase 1b study of proinsulin (PI) peptide immunotherapy in new onset type 1...</td>
      <td>Nutritional, Metabolic, Endocrine</td>
      <td>Adult</td>
      <td>24</td>
    </tr>
  </tbody>
</table>"
35,-166122.46572901995,7053444.597670693,Sheffield Teaching Hospitals NHS Foundation Trust,53.379171,-1.4923035,14.0,17.397385131955605,"<table border=""1"" class=""dataframe"">
  <thead>
    <tr style=""text-align: left;"">
      <th>ISRCTN link</th>
      <th>Title</th>
      <th>Condition category</th>
      <th>Age group</th>
      <th>Target number of participants</th>
    </tr>
  </thead>
  <tbody>
    <tr>
      <td><a href='https://www.isrctn.com/ISRCTN55804223' target='_blank'><div>ISRCTN55804223</div></a></td>
      <td>NEPTUNE: Determining the safety and assessing the effectiveness of combinin...</td>
      <td>Cancer</td>
      <td>Adult</td>
      <td>42</td>
    </tr>
    <tr>
      <td><a href='https://www.isrctn.com/ISRCTN18296119' target='_blank'><div>ISRCTN18296119</div></a></td>
      <td>Melatonin for Anxiety prior to General anaesthesia In Children (MAGIC)</td>
      <td>Surgery</td>
      <td>Child</td>
      <td>1650</td>
    </tr>
    <tr>
      <td><a href='https://www.isrctn.com/ISRCTN73371260' target='_blank'><div>ISRCTN73371260</div></a></td>
      <td>Trial of ursodeoxycholic acid for Parkinson’s disease</td>
      <td>Nervous System Diseases</td>
      <td>Adult</td>
      <td>30</td>
    </tr>
    <tr>
      <td><a href='https://www.isrctn.com/ISRCTN17545443' target='_blank'><div>ISRCTN17545443</div></a></td>
      <td>Optimal pathway for treatIng neuropathic pain in diabetes mellitus (OPTION-...</td>
      <td>Nervous System Diseases</td>
      <td>Adult</td>
      <td>392</td>
    </tr>
    <tr>
      <td><a href='https://www.isrctn.com/ISRCTN17468602' target='_blank'><div>ISRCTN17468602</div></a></td>
      <td>Can Selumetinib make advanced thyroid cancer sensitive to radioactive iodin...</td>
      <td>Cancer</td>
      <td>Adult</td>
      <td>60</td>
    </tr>
    <tr>
      <td><a href='https://www.isrctn.com/ISRCTN12219184' target='_blank'><div>ISRCTN12219184</div></a></td>
      <td>Two different drug regimens in patients undergoing elective percutaneous co...</td>
      <td>Circulatory System</td>
      <td>Adult</td>
      <td>180</td>
    </tr>
    <tr>
      <td><a href='https://www.isrctn.com/ISRCTN60942134' target='_blank'><div>ISRCTN60942134</div></a></td>
      <td>SarCaBon: a randomised phase II trial of saracatinib versus placebo for can...</td>
      <td>Cancer</td>
      <td>Adult</td>
      <td>62</td>
    </tr>
    <tr>
      <td><a href='https://www.isrctn.com/ISRCTN24921472' target='_blank'><div>ISRCTN24921472</div></a></td>
      <td>Study of oral MEK inhibitor Selumetinib (AZD6244 Hyd-Sulphate) in Combinati...</td>
      <td>Cancer</td>
      <td>Adult</td>
      <td>37</td>
    </tr>
    <tr>
      <td><a href='https://www.isrctn.com/ISRCTN61215213' target='_blank'><div>ISRCTN61215213</div></a></td>
      <td>The REPOSE (Relative Effectiveness of Pumps Over MDI and Structured Educati...</td>
      <td>Nutritional, Metabolic, Endocrine</td>
      <td>Adult</td>
      <td>280</td>
    </tr>
    <tr>
      <td><a href='https://www.isrctn.com/ISRCTN73164486' target='_blank'><div>ISRCTN73164486</div></a></td>
      <td>STOMP: Small cell lung cancer Trial of Olaparib (AZD2281) as Maintenance Pr...</td>
      <td>Cancer</td>
      <td>Adult</td>
      <td>128</td>
    </tr>
    <tr>
      <td><a href='https://www.isrctn.com/ISRCTN19040577' target='_blank'><div>ISRCTN19040577</div></a></td>
      <td>A prospective single-centre single-arm open-label study of the long-term us...</td>
      <td>Signs and Symptoms</td>
      <td>Adult</td>
      <td>40</td>
    </tr>
    <tr>
      <td><a href='https://www.isrctn.com/ISRCTN60791336' target='_blank'><div>ISRCTN60791336</div></a></td>
      <td>A phase II study of axitinib in patients with advanced angiosarcoma and oth...</td>
      <td>Cancer</td>
      <td>Adult</td>
      <td>164</td>
    </tr>
    <tr>
      <td><a href='https://www.isrctn.com/ISRCTN40332511' target='_blank'><div>ISRCTN40332511</div></a></td>
      <td>A pilot study to evaluate the use of pregabalin in the management of burnin...</td>
      <td>Signs and Symptoms</td>
      <td>Adult</td>
      <td>20</td>
    </tr>
    <tr>
      <td><a href='https://www.isrctn.com/ISRCTN04417063' target='_blank'><div>ISRCTN04417063</div></a></td>
      <td>Magnesium sulphate for treatment of severe acute asthma</td>
      <td>Respiratory</td>
      <td>Adult</td>
      <td>1200</td>
    </tr>
  </tbody>
</table>"
36,-337117.4300978578,7044624.334715648,The Clatterbridge Cancer Centre NHS Foundation Trust,53.3318805,-3.0283774,7.0,13.090619551221675,"<table border=""1"" class=""dataframe"">
  <thead>
    <tr style=""text-align: left;"">
      <th>ISRCTN link</th>
      <th>Title</th>
      <th>Condition category</th>
      <th>Age group</th>
      <th>Target number of participants</th>
    </tr>
  </thead>
  <tbody>
    <tr>
      <td><a href='https://www.isrctn.com/ISRCTN11542980' target='_blank'><div>ISRCTN11542980</div></a></td>
      <td>Evaluating alternative treatment regimens for patients who have diffuse lar...</td>
      <td>Cancer</td>
      <td>Adult</td>
      <td>56</td>
    </tr>
    <tr>
      <td><a href='https://www.isrctn.com/ISRCTN12053408' target='_blank'><div>ISRCTN12053408</div></a></td>
      <td>A study to test whether adding nivolumab to TACE treatment is effective and...</td>
      <td>Cancer</td>
      <td>Adult</td>
      <td>522</td>
    </tr>
    <tr>
      <td><a href='https://www.isrctn.com/ISRCTN16765355' target='_blank'><div>ISRCTN16765355</div></a></td>
      <td>A clinical study comparing Acelarin with gemcitabine in patients with metas...</td>
      <td>Cancer</td>
      <td>Adult</td>
      <td>328</td>
    </tr>
    <tr>
      <td><a href='https://www.isrctn.com/ISRCTN56349930' target='_blank'><div>ISRCTN56349930</div></a></td>
      <td>NEOadjuvant chemotherapy study of Nintedanib with Gemcitabine and Cisplatin...</td>
      <td>Cancer</td>
      <td>Adult</td>
      <td>132</td>
    </tr>
    <tr>
      <td><a href='https://www.isrctn.com/ISRCTN79877830' target='_blank'><div>ISRCTN79877830</div></a></td>
      <td>Efficacy of cabazitaxel in patients with HER2-negative metastatic breast ca...</td>
      <td>Cancer</td>
      <td>Adult</td>
      <td>62</td>
    </tr>
    <tr>
      <td><a href='https://www.isrctn.com/ISRCTN75033520' target='_blank'><div>ISRCTN75033520</div></a></td>
      <td>Sunitinib versus dacarbazine in the treatment of patients with metastatic u...</td>
      <td>Cancer</td>
      <td>Adult</td>
      <td>124</td>
    </tr>
    <tr>
      <td><a href='https://www.isrctn.com/ISRCTN91548930' target='_blank'><div>ISRCTN91548930</div></a></td>
      <td>ITEM - a phase II study of imatinib in the treatment of patients with metas...</td>
      <td>Cancer</td>
      <td>Adult</td>
      <td>25</td>
    </tr>
  </tbody>
</table>"
38,-119174.39443873038,6594754.863302128,Portsmouth Hospitals NHS Trust,50.8497257,-1.0705618,4.0,9.613531161467861,"<table border=""1"" class=""dataframe"">
  <thead>
    <tr style=""text-align: left;"">
      <th>ISRCTN link</th>
      <th>Title</th>
      <th>Condition category</th>
      <th>Age group</th>
      <th>Target number of participants</th>
    </tr>
  </thead>
  <tbody>
    <tr>
      <td><a href='https://www.isrctn.com/ISRCTN14889127' target='_blank'><div>ISRCTN14889127</div></a></td>
      <td>Pancreatic replacement therapy and glycaemic control in diabetes</td>
      <td>Nutritional, Metabolic, Endocrine</td>
      <td>Adult</td>
      <td>20</td>
    </tr>
    <tr>
      <td><a href='https://www.isrctn.com/ISRCTN13971661' target='_blank'><div>ISRCTN13971661</div></a></td>
      <td>Balneum Plus cream for the treatment of itchy skin in renal patients</td>
      <td>Skin and Connective Tissue Diseases</td>
      <td>Adult</td>
      <td>58</td>
    </tr>
    <tr>
      <td><a href='https://www.isrctn.com/ISRCTN30703970' target='_blank'><div>ISRCTN30703970</div></a></td>
      <td>Thiamine supplementation in type 2 diabetes</td>
      <td>Nutritional, Metabolic, Endocrine</td>
      <td>Adult</td>
      <td>34</td>
    </tr>
    <tr>
      <td><a href='https://www.isrctn.com/ISRCTN51456701' target='_blank'><div>ISRCTN51456701</div></a></td>
      <td>The use of thalidomide as a treatment for cancer cachexia</td>
      <td>Cancer</td>
      <td>Adult</td>
      <td>180</td>
    </tr>
  </tbody>
</table>"
39,-129447.76968141648,6981081.701203768,Nottingham University Hospitals NHS Trust,52.9896393,-1.1628491,8.0,13.920296742201792,"<table border=""1"" class=""dataframe"">
  <thead>
    <tr style=""text-align: left;"">
      <th>ISRCTN link</th>
      <th>Title</th>
      <th>Condition category</th>
      <th>Age group</th>
      <th>Target number of participants</th>
    </tr>
  </thead>
  <tbody>
    <tr>
      <td><a href='https://www.isrctn.com/ISRCTN79392964' target='_blank'><div>ISRCTN79392964</div></a></td>
      <td>Omega–3 fatty acids for preventing acute attacks of gout - a feasibility st...</td>
      <td>Musculoskeletal Diseases</td>
      <td>Adult</td>
      <td>60</td>
    </tr>
    <tr>
      <td><a href='https://www.isrctn.com/ISRCTN13370767' target='_blank'><div>ISRCTN13370767</div></a></td>
      <td>Intravenous iron for cancer-related anaemia symptoms</td>
      <td>Haematological Disorders</td>
      <td>Adult</td>
      <td>40</td>
    </tr>
    <tr>
      <td><a href='https://www.isrctn.com/ISRCTN29129799' target='_blank'><div>ISRCTN29129799</div></a></td>
      <td>Anaesthetist-Controlled Compared with Effect-site Patient-maintained Target...</td>
      <td>Surgery</td>
      <td>Adult</td>
      <td>80</td>
    </tr>
    <tr>
      <td><a href='https://www.isrctn.com/ISRCTN72331452' target='_blank'><div>ISRCTN72331452</div></a></td>
      <td>Adjuvant Steroids in Adults with Pandemic influenza</td>
      <td>Respiratory</td>
      <td>Adult</td>
      <td>2200</td>
    </tr>
    <tr>
      <td><a href='https://www.isrctn.com/ISRCTN84854178' target='_blank'><div>ISRCTN84854178</div></a></td>
      <td>Feasibility study of Barrier Enhancement for Eczema Prevention</td>
      <td>Skin and Connective Tissue Diseases</td>
      <td>Child</td>
      <td>200</td>
    </tr>
    <tr>
      <td><a href='https://www.isrctn.com/ISRCTN95654194' target='_blank'><div>ISRCTN95654194</div></a></td>
      <td>Comparing different dosing regimens of Avastin® in the treatment of wet age...</td>
      <td>Eye Diseases</td>
      <td>Adult</td>
      <td>811</td>
    </tr>
    <tr>
      <td><a href='https://www.isrctn.com/ISRCTN35898459' target='_blank'><div>ISRCTN35898459</div></a></td>
      <td>Study of treatments for pyoderma gangrenosum</td>
      <td>Skin and Connective Tissue Diseases</td>
      <td>Adult</td>
      <td>140</td>
    </tr>
    <tr>
      <td><a href='https://www.isrctn.com/ISRCTN07292674' target='_blank'><div>ISRCTN07292674</div></a></td>
      <td>Vaccination with Adjuvants, Peptides and Elimination of Regulatory Cells: E...</td>
      <td>Cancer</td>
      <td>Adult</td>
      <td>30</td>
    </tr>
  </tbody>
</table>"
40,-27641.675967183288,6757107.276128035,University of Hertfordshire,51.7614518,-0.2483094,1.0,1.0,"<table border=""1"" class=""dataframe"">
  <thead>
    <tr style=""text-align: left;"">
      <th>ISRCTN link</th>
      <th>Title</th>
      <th>Condition category</th>
      <th>Age group</th>
      <th>Target number of participants</th>
    </tr>
  </thead>
  <tbody>
    <tr>
      <td><a href='https://www.isrctn.com/ISRCTN66772971' target='_blank'><div>ISRCTN66772971</div></a></td>
      <td>Erectile dysfunction and statins: a randomised controlled trial (RCT)</td>
      <td>Urological and Genital Diseases</td>
      <td>Adult</td>
      <td>170</td>
    </tr>
  </tbody>
</table>"
43,-659946.2020520652,7285291.2192702135,University of Ulster,54.6035026,-5.928397599999999,2.0,5.306765580733931,"<table border=""1"" class=""dataframe"">
  <thead>
    <tr style=""text-align: left;"">
      <th>ISRCTN link</th>
      <th>Title</th>
      <th>Condition category</th>
      <th>Age group</th>
      <th>Target number of participants</th>
    </tr>
  </thead>
  <tbody>
    <tr>
      <td><a href='https://www.isrctn.com/ISRCTN82708510' target='_blank'><div>ISRCTN82708510</div></a></td>
      <td>Choline and bone health</td>
      <td>Circulatory System</td>
      <td>Adult</td>
      <td>44</td>
    </tr>
    <tr>
      <td><a href='https://www.isrctn.com/ISRCTN45296887' target='_blank'><div>ISRCTN45296887</div></a></td>
      <td>Plasma homocysteine response to folic acid intervention</td>
      <td>Circulatory System</td>
      <td>Adult</td>
      <td>200</td>
    </tr>
  </tbody>
</table>"
46,12791.555707818878,6837144.079148998,University of Cambridge,52.2042666,0.1149085,6.0,12.132827525593784,"<table border=""1"" class=""dataframe"">
  <thead>
    <tr style=""text-align: left;"">
      <th>ISRCTN link</th>
      <th>Title</th>
      <th>Condition category</th>
      <th>Age group</th>
      <th>Target number of participants</th>
    </tr>
  </thead>
  <tbody>
    <tr>
      <td><a href='https://www.isrctn.com/ISRCTN13200656' target='_blank'><div>ISRCTN13200656</div></a></td>
      <td>Comparing anti-epileptic treatments for seizures following traumatic brain ...</td>
      <td>Nervous System Diseases</td>
      <td>Mixed</td>
      <td>1649</td>
    </tr>
    <tr>
      <td><a href='https://www.isrctn.com/ISRCTN88057279' target='_blank'><div>ISRCTN88057279</div></a></td>
      <td>Preventative treatment for patients at risk of COVID-19 infection (PROTECT)</td>
      <td>Infections and Infestations</td>
      <td>Adult</td>
      <td>500</td>
    </tr>
    <tr>
      <td><a href='https://www.isrctn.com/ISRCTN40319192' target='_blank'><div>ISRCTN40319192</div></a></td>
      <td>Adaptive study of IL-2 dose frequency on regulatory T cells in type 1 diabe...</td>
      <td>Nutritional, Metabolic, Endocrine</td>
      <td>Adult</td>
      <td>36</td>
    </tr>
    <tr>
      <td><a href='https://www.isrctn.com/ISRCTN97420179' target='_blank'><div>ISRCTN97420179</div></a></td>
      <td>The influence of ivabradine in a healthy volunteer pain model</td>
      <td>Signs and Symptoms</td>
      <td>Adult</td>
      <td>24</td>
    </tr>
    <tr>
      <td><a href='https://www.isrctn.com/ISRCTN27852285' target='_blank'><div>ISRCTN27852285</div></a></td>
      <td>Regulatory T cells in Type 1 diabetes patients treated with IL-2</td>
      <td>Nutritional, Metabolic, Endocrine</td>
      <td>Adult</td>
      <td>40</td>
    </tr>
    <tr>
      <td><a href='https://www.isrctn.com/ISRCTN14265371' target='_blank'><div>ISRCTN14265371</div></a></td>
      <td>A trial to determine bexarotene's safety and tolerability and its ability t...</td>
      <td>Nervous System Diseases</td>
      <td>Adult</td>
      <td>50</td>
    </tr>
  </tbody>
</table>"
49,120964.14468390832,6668518.098329724,East Kent Hospitals University NHS Foundation Trust,51.2662051,1.0866394,1.0,1.0,"<table border=""1"" class=""dataframe"">
  <thead>
    <tr style=""text-align: left;"">
      <th>ISRCTN link</th>
      <th>Title</th>
      <th>Condition category</th>
      <th>Age group</th>
      <th>Target number of participants</th>
    </tr>
  </thead>
  <tbody>
    <tr>
      <td><a href='https://www.isrctn.com/ISRCTN24953404' target='_blank'><div>ISRCTN24953404</div></a></td>
      <td>Memantine for AGitation in Dementia</td>
      <td>Nervous System Diseases</td>
      <td>Senior</td>
      <td>164</td>
    </tr>
  </tbody>
</table>"
50,-13612329.09666606,4518431.267212365,Gilead Sciences (United States),37.5669611,-122.2816328,2.0,5.306765580733931,"<table border=""1"" class=""dataframe"">
  <thead>
    <tr style=""text-align: left;"">
      <th>ISRCTN link</th>
      <th>Title</th>
      <th>Condition category</th>
      <th>Age group</th>
      <th>Target number of participants</th>
    </tr>
  </thead>
  <tbody>
    <tr>
      <td><a href='https://www.isrctn.com/ISRCTN15874265' target='_blank'><div>ISRCTN15874265</div></a></td>
      <td>Study to assess the safety and effectiveness of remdesivir in people with s...</td>
      <td>Infections and Infestations</td>
      <td>Other</td>
      <td>6000</td>
    </tr>
    <tr>
      <td><a href='https://www.isrctn.com/ISRCTN85762140' target='_blank'><div>ISRCTN85762140</div></a></td>
      <td>Study to assess the safety and effectiveness of remdesivir in people with m...</td>
      <td>Infections and Infestations</td>
      <td>Mixed</td>
      <td>1600</td>
    </tr>
  </tbody>
</table>"
53,-199888.09405151912,7133518.919763908,Bradford Teaching Hospitals NHS Foundation Trust,53.8060988,-1.7956253,1.0,1.0,"<table border=""1"" class=""dataframe"">
  <thead>
    <tr style=""text-align: left;"">
      <th>ISRCTN link</th>
      <th>Title</th>
      <th>Condition category</th>
      <th>Age group</th>
      <th>Target number of participants</th>
    </tr>
  </thead>
  <tbody>
    <tr>
      <td><a href='https://www.isrctn.com/ISRCTN03712770' target='_blank'><div>ISRCTN03712770</div></a></td>
      <td>Lugols Iodine in Head and Neck Cancer Surgery</td>
      <td>Cancer</td>
      <td>Adult</td>
      <td>300</td>
    </tr>
  </tbody>
</table>"
54,-168073.3732010193,7365882.694883192,Northumbria Healthcare NHS Foundation Trust,55.0206902,-1.5098288,2.0,5.306765580733931,"<table border=""1"" class=""dataframe"">
  <thead>
    <tr style=""text-align: left;"">
      <th>ISRCTN link</th>
      <th>Title</th>
      <th>Condition category</th>
      <th>Age group</th>
      <th>Target number of participants</th>
    </tr>
  </thead>
  <tbody>
    <tr>
      <td><a href='https://www.isrctn.com/ISRCTN17807356' target='_blank'><div>ISRCTN17807356</div></a></td>
      <td>Northumbria Arthroplasty Suture Study (NASS) - A randomised trial comparing...</td>
      <td>Injury, Occupational Diseases, Poisoning</td>
      <td>Adult</td>
      <td>2600</td>
    </tr>
    <tr>
      <td><a href='https://www.isrctn.com/ISRCTN68960543' target='_blank'><div>ISRCTN68960543</div></a></td>
      <td>Additional pain control using Surgically Placed Wound Catheters (SPWC) and ...</td>
      <td>Cancer</td>
      <td>Adult</td>
      <td>100</td>
    </tr>
  </tbody>
</table>"
55,137944.45245519464,6913367.5528388275,University of East Anglia,52.6219215,1.2391761,2.0,5.306765580733931,"<table border=""1"" class=""dataframe"">
  <thead>
    <tr style=""text-align: left;"">
      <th>ISRCTN link</th>
      <th>Title</th>
      <th>Condition category</th>
      <th>Age group</th>
      <th>Target number of participants</th>
    </tr>
  </thead>
  <tbody>
    <tr>
      <td><a href='https://www.isrctn.com/ISRCTN76996992' target='_blank'><div>ISRCTN76996992</div></a></td>
      <td>Does montelukast affect the structural proteins in the sputum of patients w...</td>
      <td>Respiratory</td>
      <td>Adult</td>
      <td>10</td>
    </tr>
    <tr>
      <td><a href='https://www.isrctn.com/ISRCTN22201583' target='_blank'><div>ISRCTN22201583</div></a></td>
      <td>Treating interstitial pneumonia with the addition of co-trimoxazole</td>
      <td>Respiratory</td>
      <td>Adult</td>
      <td>140</td>
    </tr>
  </tbody>
</table>"
61,-13441.40549922277,6714129.541447256,Great Ormond Street Hospital for Children NHS Foundation Trust,51.5218626,-0.1207462,2.0,5.306765580733931,"<table border=""1"" class=""dataframe"">
  <thead>
    <tr style=""text-align: left;"">
      <th>ISRCTN link</th>
      <th>Title</th>
      <th>Condition category</th>
      <th>Age group</th>
      <th>Target number of participants</th>
    </tr>
  </thead>
  <tbody>
    <tr>
      <td><a href='https://www.isrctn.com/ISRCTN16586164' target='_blank'><div>ISRCTN16586164</div></a></td>
      <td>PLUTO: A randomised clinical trial comparing PlasmaLyte fluid to standard c...</td>
      <td>Injury, Occupational Diseases, Poisoning</td>
      <td>Adult</td>
      <td>144</td>
    </tr>
    <tr>
      <td><a href='https://www.isrctn.com/ISRCTN54742344' target='_blank'><div>ISRCTN54742344</div></a></td>
      <td>Microbial invasion during parenteral nutrition in surgical infants receivin...</td>
      <td>Infections and Infestations</td>
      <td>Not Specified</td>
      <td>60</td>
    </tr>
  </tbody>
</table>"
62,-301886.18049152347,7092980.874647756,Wrightington Hospital,53.5905035,-2.7118897,1.0,1.0,"<table border=""1"" class=""dataframe"">
  <thead>
    <tr style=""text-align: left;"">
      <th>ISRCTN link</th>
      <th>Title</th>
      <th>Condition category</th>
      <th>Age group</th>
      <th>Target number of participants</th>
    </tr>
  </thead>
  <tbody>
    <tr>
      <td><a href='https://www.isrctn.com/ISRCTN19604441' target='_blank'><div>ISRCTN19604441</div></a></td>
      <td>Probiotics for the prevention of antibiotic-associated diarrhoea and Clostr...</td>
      <td>Digestive System</td>
      <td>Adult</td>
      <td>445</td>
    </tr>
  </tbody>
</table>"
66,-330515.80580754793,7058929.899845879,Liverpool School of Tropical Medicine,53.40855440000001,-2.969074,1.0,1.0,"<table border=""1"" class=""dataframe"">
  <thead>
    <tr style=""text-align: left;"">
      <th>ISRCTN link</th>
      <th>Title</th>
      <th>Condition category</th>
      <th>Age group</th>
      <th>Target number of participants</th>
    </tr>
  </thead>
  <tbody>
    <tr>
      <td><a href='https://www.isrctn.com/ISRCTN82733574' target='_blank'><div>ISRCTN82733574</div></a></td>
      <td>Towards an inhaled vaccine against pneumonia - trial of inhaled low-dose in...</td>
      <td>Respiratory</td>
      <td>Adult</td>
      <td>100</td>
    </tr>
  </tbody>
</table>"
68,-159707.9806346827,6609566.652367846,Southampton University Hospitals NHS Trust,50.93365619999999,-1.4346812,24.0,20.746358687061647,"<table border=""1"" class=""dataframe"">
  <thead>
    <tr style=""text-align: left;"">
      <th>ISRCTN link</th>
      <th>Title</th>
      <th>Condition category</th>
      <th>Age group</th>
      <th>Target number of participants</th>
    </tr>
  </thead>
  <tbody>
    <tr>
      <td><a href='https://www.isrctn.com/ISRCTN57085639' target='_blank'><div>ISRCTN57085639</div></a></td>
      <td>A platform to investigate the safety and effectiveness of several new medic...</td>
      <td>Infections and Infestations</td>
      <td>Adult</td>
      <td>1800</td>
    </tr>
    <tr>
      <td><a href='https://www.isrctn.com/ISRCTN11094929' target='_blank'><div>ISRCTN11094929</div></a></td>
      <td>Patient experience of transitioning between two brands of adalimumab (Humir...</td>
      <td>Digestive System</td>
      <td>Adult</td>
      <td>150</td>
    </tr>
    <tr>
      <td><a href='https://www.isrctn.com/ISRCTN15025004' target='_blank'><div>ISRCTN15025004</div></a></td>
      <td>A phase IIa study of rituximab and varlilumab in relapsed or refractory B-c...</td>
      <td>Cancer</td>
      <td>Adult</td>
      <td>40</td>
    </tr>
    <tr>
      <td><a href='https://www.isrctn.com/ISRCTN13626902' target='_blank'><div>ISRCTN13626902</div></a></td>
      <td>The ACCEPT study</td>
      <td>Cancer</td>
      <td>Adult</td>
      <td>40</td>
    </tr>
    <tr>
      <td><a href='https://www.isrctn.com/ISRCTN13400668' target='_blank'><div>ISRCTN13400668</div></a></td>
      <td>Targeted radiotherapy for AL-Amyloidosis – TRALA</td>
      <td>Nutritional, Metabolic, Endocrine</td>
      <td>Adult</td>
      <td>18</td>
    </tr>
    <tr>
      <td><a href='https://www.isrctn.com/ISRCTN16332228' target='_blank'><div>ISRCTN16332228</div></a></td>
      <td>SGI-110 with cisplatin and gemcitabine chemotherapy in patients with bladde...</td>
      <td>Cancer</td>
      <td>Adult</td>
      <td>56</td>
    </tr>
    <tr>
      <td><a href='https://www.isrctn.com/ISRCTN69139368' target='_blank'><div>ISRCTN69139368</div></a></td>
      <td>An open label phase I/randomised, double-blind phase II study in metastatic...</td>
      <td>Cancer</td>
      <td>Adult</td>
      <td>150</td>
    </tr>
    <tr>
      <td><a href='https://www.isrctn.com/ISRCTN83689269' target='_blank'><div>ISRCTN83689269</div></a></td>
      <td>Cisplatin Ototoxicity attenuated by ASpirin Trial (COAST)</td>
      <td>Cancer</td>
      <td>Adult</td>
      <td>88</td>
    </tr>
    <tr>
      <td><a href='https://www.isrctn.com/ISRCTN13858956' target='_blank'><div>ISRCTN13858956</div></a></td>
      <td>Drinking a solution prior to gastroscopy improves the view</td>
      <td>Digestive System</td>
      <td>Adult</td>
      <td>75</td>
    </tr>
    <tr>
      <td><a href='https://www.isrctn.com/ISRCTN49014661' target='_blank'><div>ISRCTN49014661</div></a></td>
      <td>Chemotherapy with methotrexate and cytarabine with or without thiotepa, and...</td>
      <td>Cancer</td>
      <td>Adult</td>
      <td>126</td>
    </tr>
    <tr>
      <td><a href='https://www.isrctn.com/ISRCTN14095893' target='_blank'><div>ISRCTN14095893</div></a></td>
      <td>Addition of Ipilumimab to Carboplatin and Etoposide chemotherapy for the fi...</td>
      <td>Cancer</td>
      <td>Adult</td>
      <td>40</td>
    </tr>
    <tr>
      <td><a href='https://www.isrctn.com/ISRCTN51837425' target='_blank'><div>ISRCTN51837425</div></a></td>
      <td>An evaluation of therapy for B-cell lymphoma with Bortezomib</td>
      <td>Cancer</td>
      <td>Adult</td>
      <td>940</td>
    </tr>
    <tr>
      <td><a href='https://www.isrctn.com/ISRCTN62678383' target='_blank'><div>ISRCTN62678383</div></a></td>
      <td>WT1 immunity via DNA vaccination in haematological malignancies by intramus...</td>
      <td>Cancer</td>
      <td>Adult</td>
      <td>184</td>
    </tr>
    <tr>
      <td><a href='https://www.isrctn.com/ISRCTN99656583' target='_blank'><div>ISRCTN99656583</div></a></td>
      <td>Prebiotics and immunity trial</td>
      <td>Haematological Disorders</td>
      <td>Senior</td>
      <td>105</td>
    </tr>
    <tr>
      <td><a href='https://www.isrctn.com/ISRCTN11144129' target='_blank'><div>ISRCTN11144129</div></a></td>
      <td>Chlorambucil versus chlorambucil plus rituximab versus rituximab alone in m...</td>
      <td>Cancer</td>
      <td>Adult</td>
      <td>450</td>
    </tr>
    <tr>
      <td><a href='https://www.isrctn.com/ISRCTN19620809' target='_blank'><div>ISRCTN19620809</div></a></td>
      <td>Prevent Pseudomonas Aeruginosa Colonisation</td>
      <td>Nutritional, Metabolic, Endocrine</td>
      <td>Child</td>
      <td>45</td>
    </tr>
    <tr>
      <td><a href='https://www.isrctn.com/ISRCTN37453564' target='_blank'><div>ISRCTN37453564</div></a></td>
      <td>Phase I/II multicentre trial of salvage chemotherapy with Gem-TIP for relap...</td>
      <td>Cancer</td>
      <td>Adult</td>
      <td>14</td>
    </tr>
    <tr>
      <td><a href='https://www.isrctn.com/ISRCTN02767559' target='_blank'><div>ISRCTN02767559</div></a></td>
      <td>A study to assess the safety and the effects of using a growth factor, kera...</td>
      <td>Respiratory</td>
      <td>Adult</td>
      <td>20</td>
    </tr>
    <tr>
      <td><a href='https://www.isrctn.com/ISRCTN88782125' target='_blank'><div>ISRCTN88782125</div></a></td>
      <td>STOPAH: Steroids or pentoxifyline for alcoholic hepatitis</td>
      <td>Digestive System</td>
      <td>Adult</td>
      <td>1200</td>
    </tr>
    <tr>
      <td><a href='https://www.isrctn.com/ISRCTN44808098' target='_blank'><div>ISRCTN44808098</div></a></td>
      <td>Short Chemo Radio Immunotherapy in Follicular Lymphoma Trial of Y-90 ibritu...</td>
      <td>Cancer</td>
      <td>Adult</td>
      <td>80</td>
    </tr>
    <tr>
      <td><a href='https://www.isrctn.com/ISRCTN11933044' target='_blank'><div>ISRCTN11933044</div></a></td>
      <td>Targeted radiotherapy delivered by an yttrium-90 radio-labelled Anti-CD66 m...</td>
      <td>Cancer</td>
      <td>Adult</td>
      <td>80</td>
    </tr>
    <tr>
      <td><a href='https://www.isrctn.com/ISRCTN22944367' target='_blank'><div>ISRCTN22944367</div></a></td>
      <td>A prospective randomised open label trial of oxaliplatin/fluoropyrimidine v...</td>
      <td>Cancer</td>
      <td>Adult</td>
      <td>288</td>
    </tr>
    <tr>
      <td><a href='https://www.isrctn.com/ISRCTN88008850' target='_blank'><div>ISRCTN88008850</div></a></td>
      <td>A phase III, randomised, multicentre, dose escalation, efficacy and safety ...</td>
      <td>Digestive System</td>
      <td>Adult</td>
      <td>100</td>
    </tr>
    <tr>
      <td><a href='https://www.isrctn.com/ISRCTN65058008' target='_blank'><div>ISRCTN65058008</div></a></td>
      <td>A Phase II trial looking at trimodality therapy with or without durvalumab ...</td>
      <td>Cancer</td>
      <td>Adult</td>
      <td>238</td>
    </tr>
  </tbody>
</table>"
69,-19408.40850446922,6713404.673761457,Imperial College Healthcare NHS Trust,51.5178108,-0.1743487,1.0,1.0,"<table border=""1"" class=""dataframe"">
  <thead>
    <tr style=""text-align: left;"">
      <th>ISRCTN link</th>
      <th>Title</th>
      <th>Condition category</th>
      <th>Age group</th>
      <th>Target number of participants</th>
    </tr>
  </thead>
  <tbody>
    <tr>
      <td><a href='https://www.isrctn.com/ISRCTN92263269' target='_blank'><div>ISRCTN92263269</div></a></td>
      <td>A phase I/II randomised study of Tarceva® (erlotonib), used concurrently wi...</td>
      <td>Cancer</td>
      <td>Adult</td>
      <td>98</td>
    </tr>
  </tbody>
</table>"
71,-117082.70120672479,7159956.564079147,University of York,53.9461089,-1.0517718,2.0,5.306765580733931,"<table border=""1"" class=""dataframe"">
  <thead>
    <tr style=""text-align: left;"">
      <th>ISRCTN link</th>
      <th>Title</th>
      <th>Condition category</th>
      <th>Age group</th>
      <th>Target number of participants</th>
    </tr>
  </thead>
  <tbody>
    <tr>
      <td><a href='https://www.isrctn.com/ISRCTN88319802' target='_blank'><div>ISRCTN88319802</div></a></td>
      <td>Magnetic Resonance Imaging (MRI) scan of the vagina to measure how well the...</td>
      <td>Infections and Infestations</td>
      <td>Adult</td>
      <td>20</td>
    </tr>
    <tr>
      <td><a href='https://www.isrctn.com/ISRCTN16521161' target='_blank'><div>ISRCTN16521161</div></a></td>
      <td>The efficacy of homoeopathic potassium phosphate for mental fatigue</td>
      <td>Signs and Symptoms</td>
      <td>Adult</td>
      <td>86</td>
    </tr>
  </tbody>
</table>"
73,-393530.8195791141,6574927.341954702,University of Exeter,50.7371369,-3.5351475,1.0,1.0,"<table border=""1"" class=""dataframe"">
  <thead>
    <tr style=""text-align: left;"">
      <th>ISRCTN link</th>
      <th>Title</th>
      <th>Condition category</th>
      <th>Age group</th>
      <th>Target number of participants</th>
    </tr>
  </thead>
  <tbody>
    <tr>
      <td><a href='https://www.isrctn.com/ISRCTN99038914' target='_blank'><div>ISRCTN99038914</div></a></td>
      <td>A randomised controlled trial of an intervention to promote the effects of ...</td>
      <td>Respiratory</td>
      <td>Adult</td>
      <td>100</td>
    </tr>
  </tbody>
</table>"
76,-4494.468781033024,6714523.953950477,Queen Mary University of London,51.5240671,-0.0403745,20.0,19.61353116146786,"<table border=""1"" class=""dataframe"">
  <thead>
    <tr style=""text-align: left;"">
      <th>ISRCTN link</th>
      <th>Title</th>
      <th>Condition category</th>
      <th>Age group</th>
      <th>Target number of participants</th>
    </tr>
  </thead>
  <tbody>
    <tr>
      <td><a href='https://www.isrctn.com/ISRCTN20930880' target='_blank'><div>ISRCTN20930880</div></a></td>
      <td>Preventing type 2 diabetes with metformin</td>
      <td>Pregnancy and Childbirth</td>
      <td>Adult</td>
      <td>200</td>
    </tr>
    <tr>
      <td><a href='https://www.isrctn.com/ISRCTN17365679' target='_blank'><div>ISRCTN17365679</div></a></td>
      <td>Prevention of aortic stenosis pilot trial</td>
      <td>Circulatory System</td>
      <td>Adult</td>
      <td>54</td>
    </tr>
    <tr>
      <td><a href='https://www.isrctn.com/ISRCTN17251494' target='_blank'><div>ISRCTN17251494</div></a></td>
      <td>Stopping perioperative angiotensin II converting enzyme inhibitors and/or a...</td>
      <td>Surgery</td>
      <td>Adult</td>
      <td>260</td>
    </tr>
    <tr>
      <td><a href='https://www.isrctn.com/ISRCTN14998314' target='_blank'><div>ISRCTN14998314</div></a></td>
      <td>Early cryoprecipitate in major trauma haemorrhage: CRYOSTAT-2</td>
      <td>Injury, Occupational Diseases, Poisoning</td>
      <td>Adult</td>
      <td>1544</td>
    </tr>
    <tr>
      <td><a href='https://www.isrctn.com/ISRCTN16857338' target='_blank'><div>ISRCTN16857338</div></a></td>
      <td>Selecting treatment duration based on early response to Epclusa in patients...</td>
      <td>Infections and Infestations</td>
      <td>Adult</td>
      <td>60</td>
    </tr>
    <tr>
      <td><a href='https://www.isrctn.com/ISRCTN10618686' target='_blank'><div>ISRCTN10618686</div></a></td>
      <td>Stratification of biologic therapies for rheumatoid arthritis by pathobiolo...</td>
      <td>Musculoskeletal Diseases</td>
      <td>Adult</td>
      <td>207</td>
    </tr>
    <tr>
      <td><a href='https://www.isrctn.com/ISRCTN15731357' target='_blank'><div>ISRCTN15731357</div></a></td>
      <td>The TOP-ART Study: Trauma Organ Protection - Artesunate</td>
      <td>Injury, Occupational Diseases, Poisoning</td>
      <td>Adult</td>
      <td>105</td>
    </tr>
    <tr>
      <td><a href='https://www.isrctn.com/ISRCTN93764730' target='_blank'><div>ISRCTN93764730</div></a></td>
      <td>FEASIBILITY of IBIS 3. An International Breast Intervention Study investiga...</td>
      <td>Cancer</td>
      <td>Adult</td>
      <td>300</td>
    </tr>
    <tr>
      <td><a href='https://www.isrctn.com/ISRCTN26398197' target='_blank'><div>ISRCTN26398197</div></a></td>
      <td>Squamous cell carcinoma prevention in organ transplant recipients using top...</td>
      <td>Cancer</td>
      <td>Adult</td>
      <td>120</td>
    </tr>
    <tr>
      <td><a href='https://www.isrctn.com/ISRCTN23639415' target='_blank'><div>ISRCTN23639415</div></a></td>
      <td>A Phase II, Open Label, Multicenter Randomised Controlled Trial Comparing H...</td>
      <td>Cancer</td>
      <td>Adult</td>
      <td>191</td>
    </tr>
    <tr>
      <td><a href='https://www.isrctn.com/ISRCTN82487767' target='_blank'><div>ISRCTN82487767</div></a></td>
      <td>A phase II baseline versus treatment study to determine the efficacy of ral...</td>
      <td>Nervous System Diseases</td>
      <td>Adult</td>
      <td>24</td>
    </tr>
    <tr>
      <td><a href='https://www.isrctn.com/ISRCTN97443826' target='_blank'><div>ISRCTN97443826</div></a></td>
      <td>Ultrasound Guided Synovial Biopsy to determine treatment response to Rituxu...</td>
      <td>Musculoskeletal Diseases</td>
      <td>Adult</td>
      <td>160</td>
    </tr>
    <tr>
      <td><a href='https://www.isrctn.com/ISRCTN36672232' target='_blank'><div>ISRCTN36672232</div></a></td>
      <td>Polypill Prevention Trial 1</td>
      <td>Circulatory System</td>
      <td>Senior</td>
      <td>100</td>
    </tr>
    <tr>
      <td><a href='https://www.isrctn.com/ISRCTN15257573' target='_blank'><div>ISRCTN15257573</div></a></td>
      <td>Safety and tolerability of the combination of veltuzumab and epratuzumab wi...</td>
      <td>Cancer</td>
      <td>Adult</td>
      <td>55</td>
    </tr>
    <tr>
      <td><a href='https://www.isrctn.com/ISRCTN00049084' target='_blank'><div>ISRCTN00049084</div></a></td>
      <td>Cross-over randomised trial of adult hypothyroidism screening</td>
      <td>Nutritional, Metabolic, Endocrine</td>
      <td>Adult</td>
      <td>60</td>
    </tr>
    <tr>
      <td><a href='https://www.isrctn.com/ISRCTN91879928' target='_blank'><div>ISRCTN91879928</div></a></td>
      <td>An international multicentre study of tamoxifen versus placebo in women at ...</td>
      <td>Cancer</td>
      <td>Adult</td>
      <td>7000</td>
    </tr>
    <tr>
      <td><a href='https://www.isrctn.com/ISRCTN31488319' target='_blank'><div>ISRCTN31488319</div></a></td>
      <td>Anastrozole versus placebo in post-menopausal women at increased risk of br...</td>
      <td>Cancer</td>
      <td>Adult</td>
      <td>3500</td>
    </tr>
    <tr>
      <td><a href='https://www.isrctn.com/ISRCTN37546358' target='_blank'><div>ISRCTN37546358</div></a></td>
      <td>An international multi-centre trial of tamoxifen versus anastrozole in post...</td>
      <td>Cancer</td>
      <td>Adult</td>
      <td>4000</td>
    </tr>
    <tr>
      <td><a href='https://www.isrctn.com/ISRCTN35418671' target='_blank'><div>ISRCTN35418671</div></a></td>
      <td>LaMB - maintenance lapatinib versus placebo after first-line chemotherapy i...</td>
      <td>Cancer</td>
      <td>Adult</td>
      <td>204</td>
    </tr>
    <tr>
      <td><a href='https://www.isrctn.com/ISRCTN67277406' target='_blank'><div>ISRCTN67277406</div></a></td>
      <td>Management of idiopathic anal fistula using collagen</td>
      <td>Digestive System</td>
      <td>Adult</td>
      <td>40</td>
    </tr>
  </tbody>
</table>"
80,-477560.7156906854,7533061.006069123,University of Glasgow,55.8724256,-4.2900009,16.0,18.227062322935723,"<table border=""1"" class=""dataframe"">
  <thead>
    <tr style=""text-align: left;"">
      <th>ISRCTN link</th>
      <th>Title</th>
      <th>Condition category</th>
      <th>Age group</th>
      <th>Target number of participants</th>
    </tr>
  </thead>
  <tbody>
    <tr>
      <td><a href='https://www.isrctn.com/ISRCTN32863375' target='_blank'><div>ISRCTN32863375</div></a></td>
      <td>Symptomatic response to proton pump inhibitor (PPI) in patients with non-ul...</td>
      <td>Digestive System</td>
      <td>Adult</td>
      <td>105</td>
    </tr>
    <tr>
      <td><a href='https://www.isrctn.com/ISRCTN00098907' target='_blank'><div>ISRCTN00098907</div></a></td>
      <td>Evaluation of propofol target-controlled infusion (TCI) anaesthesia in infa...</td>
      <td>Surgery</td>
      <td>Child</td>
      <td>50</td>
    </tr>
    <tr>
      <td><a href='https://www.isrctn.com/ISRCTN77942127' target='_blank'><div>ISRCTN77942127</div></a></td>
      <td>Reversibility of impaired cerebrovascular reactivity in patients with hyper...</td>
      <td>Circulatory System</td>
      <td>Adult</td>
      <td>13</td>
    </tr>
    <tr>
      <td><a href='https://www.isrctn.com/ISRCTN15728912' target='_blank'><div>ISRCTN15728912</div></a></td>
      <td>Reversibility of cerebrovascular endothelial dysfunction in patients with d...</td>
      <td>Nutritional, Metabolic, Endocrine</td>
      <td>Adult</td>
      <td>18</td>
    </tr>
    <tr>
      <td><a href='https://www.isrctn.com/ISRCTN68270067' target='_blank'><div>ISRCTN68270067</div></a></td>
      <td>Clinical trial for patients with TKI resistant chronic myeloid leukaemia  i...</td>
      <td>Cancer</td>
      <td>Adult</td>
      <td>102</td>
    </tr>
    <tr>
      <td><a href='https://www.isrctn.com/ISRCTN10490346' target='_blank'><div>ISRCTN10490346</div></a></td>
      <td>An investigation of whether rucaparib is safe and more effective when combi...</td>
      <td>Cancer</td>
      <td>Adult</td>
      <td>234</td>
    </tr>
    <tr>
      <td><a href='https://www.isrctn.com/ISRCTN10978180' target='_blank'><div>ISRCTN10978180</div></a></td>
      <td>A Phase 1b/IIa trial to explore the combination of a new drug, PLX-7486, wi...</td>
      <td>Cancer</td>
      <td>Adult</td>
      <td>30</td>
    </tr>
    <tr>
      <td><a href='https://www.isrctn.com/ISRCTN25859465' target='_blank'><div>ISRCTN25859465</div></a></td>
      <td>An adaptive multi-arm phase II trial of maintenance targeted therapy after ...</td>
      <td>Cancer</td>
      <td>Adult</td>
      <td>140</td>
    </tr>
    <tr>
      <td><a href='https://www.isrctn.com/ISRCTN16951765' target='_blank'><div>ISRCTN16951765</div></a></td>
      <td>SPECTRE - Combined suppression of cholesterol bioavailability and androgen ...</td>
      <td>Cancer</td>
      <td>Adult</td>
      <td>40</td>
    </tr>
    <tr>
      <td><a href='https://www.isrctn.com/ISRCTN16004234' target='_blank'><div>ISRCTN16004234</div></a></td>
      <td>A multi-arm non-comparative platform trial of new second-line treatments fo...</td>
      <td>Cancer</td>
      <td>Adult</td>
      <td>40</td>
    </tr>
    <tr>
      <td><a href='https://www.isrctn.com/ISRCTN16426935' target='_blank'><div>ISRCTN16426935</div></a></td>
      <td>OCTOPUS - ovarian cancer trials of weekly paclitaxel</td>
      <td>Cancer</td>
      <td>Adult</td>
      <td>140</td>
    </tr>
    <tr>
      <td><a href='https://www.isrctn.com/ISRCTN10361292' target='_blank'><div>ISRCTN10361292</div></a></td>
      <td>A study for patients with advanced pancreatic cancer looking at adding olap...</td>
      <td>Cancer</td>
      <td>Adult</td>
      <td>42</td>
    </tr>
    <tr>
      <td><a href='https://www.isrctn.com/ISRCTN06452574' target='_blank'><div>ISRCTN06452574</div></a></td>
      <td>New therapeutic targets in stroke prevention: the effects of allopurinol on...</td>
      <td>Circulatory System</td>
      <td>Adult</td>
      <td>80</td>
    </tr>
    <tr>
      <td><a href='https://www.isrctn.com/ISRCTN68849312' target='_blank'><div>ISRCTN68849312</div></a></td>
      <td>Reversal of cerebrovascular endothelial dysfunction in diabetes: the effect...</td>
      <td>Nutritional, Metabolic, Endocrine</td>
      <td>Adult</td>
      <td>24</td>
    </tr>
    <tr>
      <td><a href='https://www.isrctn.com/ISRCTN49116945' target='_blank'><div>ISRCTN49116945</div></a></td>
      <td>A randomised double-blind controlled trial of s-ketamine versus placebo in ...</td>
      <td>Cancer</td>
      <td>Adult</td>
      <td>214</td>
    </tr>
    <tr>
      <td><a href='https://www.isrctn.com/ISRCTN33376683' target='_blank'><div>ISRCTN33376683</div></a></td>
      <td>Randomised clinical trial of the effects of Total Intravenous Anaesthesia (...</td>
      <td>Oral Health</td>
      <td>Child</td>
      <td>360</td>
    </tr>
  </tbody>
</table>"
81,930124.7510432319,6453511.254108253,Abbott (Germany),50.041761,8.3554528,1.0,1.0,"<table border=""1"" class=""dataframe"">
  <thead>
    <tr style=""text-align: left;"">
      <th>ISRCTN link</th>
      <th>Title</th>
      <th>Condition category</th>
      <th>Age group</th>
      <th>Target number of participants</th>
    </tr>
  </thead>
  <tbody>
    <tr>
      <td><a href='https://www.isrctn.com/ISRCTN35563487' target='_blank'><div>ISRCTN35563487</div></a></td>
      <td>Comparison of the effect of anti-hypertensive treatment with verapamil and ...</td>
      <td>Circulatory System</td>
      <td>Adult</td>
      <td>50</td>
    </tr>
  </tbody>
</table>"
82,-258694.8637167799,7073682.91178754,Salford Royal NHS Foundation Trust,53.487482,-2.3238955,9.0,14.652123889719707,"<table border=""1"" class=""dataframe"">
  <thead>
    <tr style=""text-align: left;"">
      <th>ISRCTN link</th>
      <th>Title</th>
      <th>Condition category</th>
      <th>Age group</th>
      <th>Target number of participants</th>
    </tr>
  </thead>
  <tbody>
    <tr>
      <td><a href='https://www.isrctn.com/ISRCTN74236229' target='_blank'><div>ISRCTN74236229</div></a></td>
      <td>Subcutaneous interleukin-1 receptor antagonist (SC IL-1RA) in Stroke Study</td>
      <td>Nervous System Diseases</td>
      <td>Adult</td>
      <td>120</td>
    </tr>
    <tr>
      <td><a href='https://www.isrctn.com/ISRCTN25048895' target='_blank'><div>ISRCTN25048895</div></a></td>
      <td>Can an interleukin-1 receptor antagonist reduce inflammation following suba...</td>
      <td>Circulatory System</td>
      <td>Adult</td>
      <td>140</td>
    </tr>
    <tr>
      <td><a href='https://www.isrctn.com/ISRCTN07329370' target='_blank'><div>ISRCTN07329370</div></a></td>
      <td>Targeting synovitis in knee osteoarthritis</td>
      <td>Musculoskeletal Diseases</td>
      <td>Adult</td>
      <td>120</td>
    </tr>
    <tr>
      <td><a href='https://www.isrctn.com/ISRCTN46365506' target='_blank'><div>ISRCTN46365506</div></a></td>
      <td>The effect of Kineret® on brain biomarkers in patients with subarachnoid ha...</td>
      <td>Circulatory System</td>
      <td>Adult</td>
      <td>32</td>
    </tr>
    <tr>
      <td><a href='https://www.isrctn.com/ISRCTN81718275' target='_blank'><div>ISRCTN81718275</div></a></td>
      <td>Cinacalcet, effects on cardiovascular and bone health in chronic kidney dis...</td>
      <td>Nutritional, Metabolic, Endocrine</td>
      <td>Adult</td>
      <td>40</td>
    </tr>
    <tr>
      <td><a href='https://www.isrctn.com/ISRCTN95151471' target='_blank'><div>ISRCTN95151471</div></a></td>
      <td>Antidyskinetic properties of topiramate: a double-blind, placebo-controlled...</td>
      <td>Nervous System Diseases</td>
      <td>Other</td>
      <td>30</td>
    </tr>
    <tr>
      <td><a href='https://www.isrctn.com/ISRCTN84921696' target='_blank'><div>ISRCTN84921696</div></a></td>
      <td>Studies of insulin action in patients at increased vascular risk: modulatio...</td>
      <td>Nutritional, Metabolic, Endocrine</td>
      <td>Adult</td>
      <td>45</td>
    </tr>
    <tr>
      <td><a href='https://www.isrctn.com/ISRCTN45931429' target='_blank'><div>ISRCTN45931429</div></a></td>
      <td>An open-label study of the cerebrospinal fluid pharmacokinetics of intraven...</td>
      <td>Circulatory System</td>
      <td>Adult</td>
      <td>100</td>
    </tr>
    <tr>
      <td><a href='https://www.isrctn.com/ISRCTN70127774' target='_blank'><div>ISRCTN70127774</div></a></td>
      <td>Hydroxymethylglutaryl-CoA reductase inhibition with simvastatin in Acute lu...</td>
      <td>Respiratory</td>
      <td>Adult</td>
      <td>60</td>
    </tr>
  </tbody>
</table>"
84,-252923.78301532974,6983633.7531679515,Keele University,53.00343729999999,-2.272053000000001,5.0,11.0,"<table border=""1"" class=""dataframe"">
  <thead>
    <tr style=""text-align: left;"">
      <th>ISRCTN link</th>
      <th>Title</th>
      <th>Condition category</th>
      <th>Age group</th>
      <th>Target number of participants</th>
    </tr>
  </thead>
  <tbody>
    <tr>
      <td><a href='https://www.isrctn.com/ISRCTN44644781' target='_blank'><div>ISRCTN44644781</div></a></td>
      <td>Chondroitin sulphate for hand osteoarthritis: a randomised, placebo-control...</td>
      <td>Musculoskeletal Diseases</td>
      <td>Adult</td>
      <td>380</td>
    </tr>
    <tr>
      <td><a href='https://www.isrctn.com/ISRCTN18034911' target='_blank'><div>ISRCTN18034911</div></a></td>
      <td>Does metoclopramide reduce aspiration, pneumonia and hypoxia in acute strok...</td>
      <td>Circulatory System</td>
      <td>Adult</td>
      <td>60</td>
    </tr>
    <tr>
      <td><a href='https://www.isrctn.com/ISRCTN09392969' target='_blank'><div>ISRCTN09392969</div></a></td>
      <td>The clinical and cost effectiveness of of a steroid injection versus a nigh...</td>
      <td>Nervous System Diseases</td>
      <td>Adult</td>
      <td>240</td>
    </tr>
    <tr>
      <td><a href='https://www.isrctn.com/ISRCTN69836939' target='_blank'><div>ISRCTN69836939</div></a></td>
      <td>Colchicine or naproxen treatment for acute gout</td>
      <td>Musculoskeletal Diseases</td>
      <td>Adult</td>
      <td>400</td>
    </tr>
    <tr>
      <td><a href='https://www.isrctn.com/ISRCTN57435427' target='_blank'><div>ISRCTN57435427</div></a></td>
      <td>Is it clinically effective to treat arm flexor spasticity, with Botulinum t...</td>
      <td>Circulatory System</td>
      <td>Adult</td>
      <td>150</td>
    </tr>
  </tbody>
</table>"
85,-443046.2745494671,6729773.218704072,Swansea University,51.6092184,-3.9799524,3.0,7.826061944859854,"<table border=""1"" class=""dataframe"">
  <thead>
    <tr style=""text-align: left;"">
      <th>ISRCTN link</th>
      <th>Title</th>
      <th>Condition category</th>
      <th>Age group</th>
      <th>Target number of participants</th>
    </tr>
  </thead>
  <tbody>
    <tr>
      <td><a href='https://www.isrctn.com/ISRCTN22663589' target='_blank'><div>ISRCTN22663589</div></a></td>
      <td>Comparison of infliximab and ciclosporin in steroid resistant ulcerative co...</td>
      <td>Digestive System</td>
      <td>Adult</td>
      <td>250</td>
    </tr>
    <tr>
      <td><a href='https://www.isrctn.com/ISRCTN26287422' target='_blank'><div>ISRCTN26287422</div></a></td>
      <td>Probiotics in the prevention of atopy in infants and children</td>
      <td>Signs and Symptoms</td>
      <td>Adult</td>
      <td>600</td>
    </tr>
    <tr>
      <td><a href='https://www.isrctn.com/ISRCTN36133252' target='_blank'><div>ISRCTN36133252</div></a></td>
      <td>Randomised double blind placebo controlled internet trial of probiotics and...</td>
      <td>Musculoskeletal Diseases</td>
      <td>Adult</td>
      <td>140</td>
    </tr>
  </tbody>
</table>"
87,-10378063.264433559,5617427.673025302,University of Minnesota,44.97399,-93.2277285,1.0,1.0,"<table border=""1"" class=""dataframe"">
  <thead>
    <tr style=""text-align: left;"">
      <th>ISRCTN link</th>
      <th>Title</th>
      <th>Condition category</th>
      <th>Age group</th>
      <th>Target number of participants</th>
    </tr>
  </thead>
  <tbody>
    <tr>
      <td><a href='https://www.isrctn.com/ISRCTN13035264' target='_blank'><div>ISRCTN13035264</div></a></td>
      <td>Adaptive COVID-19 treatment trial in the EU & UK</td>
      <td>Infections and Infestations</td>
      <td>Adult</td>
      <td>400</td>
    </tr>
  </tbody>
</table>"
88,-159559.1464754921,6609066.893764963,Synairgen Research Ltd,50.9308268,-1.4333442,2.0,5.306765580733931,"<table border=""1"" class=""dataframe"">
  <thead>
    <tr style=""text-align: left;"">
      <th>ISRCTN link</th>
      <th>Title</th>
      <th>Condition category</th>
      <th>Age group</th>
      <th>Target number of participants</th>
    </tr>
  </thead>
  <tbody>
    <tr>
      <td><a href='https://www.isrctn.com/ISRCTN14241621' target='_blank'><div>ISRCTN14241621</div></a></td>
      <td>Trial of inhaled anti-viral (SNG001) for SARS-CoV-2 (COVID-19) infection</td>
      <td>Infections and Infestations</td>
      <td>Adult</td>
      <td>220</td>
    </tr>
    <tr>
      <td><a href='https://www.isrctn.com/ISRCTN83107787' target='_blank'><div>ISRCTN83107787</div></a></td>
      <td>Phase I study to assess the safety and tolerability of inhaled interferon-b...</td>
      <td>Respiratory</td>
      <td>Adult</td>
      <td>40</td>
    </tr>
  </tbody>
</table>"
89,576625.2886454072,6815792.603583772,University Medical Center Utrecht,52.0865646,5.179913099999999,3.0,7.826061944859854,"<table border=""1"" class=""dataframe"">
  <thead>
    <tr style=""text-align: left;"">
      <th>ISRCTN link</th>
      <th>Title</th>
      <th>Condition category</th>
      <th>Age group</th>
      <th>Target number of participants</th>
    </tr>
  </thead>
  <tbody>
    <tr>
      <td><a href='https://www.isrctn.com/ISRCTN67000769' target='_blank'><div>ISRCTN67000769</div></a></td>
      <td>An international platform trial for severely ill patients with community-ac...</td>
      <td>Infections and Infestations</td>
      <td>Adult</td>
      <td>1000</td>
    </tr>
    <tr>
      <td><a href='https://www.isrctn.com/ISRCTN82217627' target='_blank'><div>ISRCTN82217627</div></a></td>
      <td>Prevention of complications to Improve outcome in elderly patients with acu...</td>
      <td>Circulatory System</td>
      <td>Senior</td>
      <td>3800</td>
    </tr>
    <tr>
      <td><a href='https://www.isrctn.com/ISRCTN88423240' target='_blank'><div>ISRCTN88423240</div></a></td>
      <td>Time to Stop (TTS) Trial: a trial to investigate early antiepileptic drug w...</td>
      <td>Nervous System Diseases</td>
      <td>Child</td>
      <td>180</td>
    </tr>
  </tbody>
</table>"
92,-288970.57034316455,6702900.955636583,University Hospitals Bristol NHS Foundation Trust,51.45905759999999,-2.5958668,17.0,18.603744277225882,"<table border=""1"" class=""dataframe"">
  <thead>
    <tr style=""text-align: left;"">
      <th>ISRCTN link</th>
      <th>Title</th>
      <th>Condition category</th>
      <th>Age group</th>
      <th>Target number of participants</th>
    </tr>
  </thead>
  <tbody>
    <tr>
      <td><a href='https://www.isrctn.com/ISRCTN31474800' target='_blank'><div>ISRCTN31474800</div></a></td>
      <td>Treatment of inflammation inside the eye caused by an overactive immune sys...</td>
      <td>Eye Diseases</td>
      <td>Adult</td>
      <td>400</td>
    </tr>
    <tr>
      <td><a href='https://www.isrctn.com/ISRCTN58006579' target='_blank'><div>ISRCTN58006579</div></a></td>
      <td>Investigating bezafibrate as a treatment for Barth syndrome</td>
      <td>Nutritional, Metabolic, Endocrine</td>
      <td>Mixed</td>
      <td>15</td>
    </tr>
    <tr>
      <td><a href='https://www.isrctn.com/ISRCTN63614165' target='_blank'><div>ISRCTN63614165</div></a></td>
      <td>Gabapentin in post-surgery pain</td>
      <td>Surgery</td>
      <td>Adult</td>
      <td>1180</td>
    </tr>
    <tr>
      <td><a href='https://www.isrctn.com/ISRCTN95363507' target='_blank'><div>ISRCTN95363507</div></a></td>
      <td>Tocilizumab in anti-TNF refractory patients with juvenile idiopathic arthri...</td>
      <td>Musculoskeletal Diseases</td>
      <td>Child</td>
      <td>22</td>
    </tr>
    <tr>
      <td><a href='https://www.isrctn.com/ISRCTN67193733' target='_blank'><div>ISRCTN67193733</div></a></td>
      <td>The Pulses Study</td>
      <td>Nutritional, Metabolic, Endocrine</td>
      <td>Adult</td>
      <td>20</td>
    </tr>
    <tr>
      <td><a href='https://www.isrctn.com/ISRCTN84335288' target='_blank'><div>ISRCTN84335288</div></a></td>
      <td>The effect of ticagrelor monotherapy on platelet reactivity</td>
      <td>Circulatory System</td>
      <td>Adult</td>
      <td>110</td>
    </tr>
    <tr>
      <td><a href='https://www.isrctn.com/ISRCTN86329346' target='_blank'><div>ISRCTN86329346</div></a></td>
      <td>Adjunctive Clindamycin For Cellulitis clinical trial (C4C)</td>
      <td>Skin and Connective Tissue Diseases</td>
      <td>Adult</td>
      <td>450</td>
    </tr>
    <tr>
      <td><a href='https://www.isrctn.com/ISRCTN10065623' target='_blank'><div>ISRCTN10065623</div></a></td>
      <td>The clinical effectiveness, safety and cost effectiveness of adalimumab in ...</td>
      <td>Eye Diseases</td>
      <td>Child</td>
      <td>154</td>
    </tr>
    <tr>
      <td><a href='https://www.isrctn.com/ISRCTN92545532' target='_blank'><div>ISRCTN92545532</div></a></td>
      <td>Metformin in Tuberous Sclerosis Complex</td>
      <td>Genetic Diseases</td>
      <td>Adult</td>
      <td>100</td>
    </tr>
    <tr>
      <td><a href='https://www.isrctn.com/ISRCTN72793878' target='_blank'><div>ISRCTN72793878</div></a></td>
      <td>Effect of Decapeptyl® on prostate Volume pre-RadioTherapy</td>
      <td>Cancer</td>
      <td>Adult</td>
      <td>72</td>
    </tr>
    <tr>
      <td><a href='https://www.isrctn.com/ISRCTN75602528' target='_blank'><div>ISRCTN75602528</div></a></td>
      <td>The CoolXenon Study</td>
      <td>Injury, Occupational Diseases, Poisoning</td>
      <td>Adult</td>
      <td>14</td>
    </tr>
    <tr>
      <td><a href='https://www.isrctn.com/ISRCTN02365168' target='_blank'><div>ISRCTN02365168</div></a></td>
      <td>Efficacy and safety of Decapeptyl® SR by subcutaneous injection in patients...</td>
      <td>Cancer</td>
      <td>Adult</td>
      <td>50</td>
    </tr>
    <tr>
      <td><a href='https://www.isrctn.com/ISRCTN84968882' target='_blank'><div>ISRCTN84968882</div></a></td>
      <td>Propofol cardioplegia for Myocardial Protection Trial: ProMPT</td>
      <td>Circulatory System</td>
      <td>Adult</td>
      <td>96</td>
    </tr>
    <tr>
      <td><a href='https://www.isrctn.com/ISRCTN02734162' target='_blank'><div>ISRCTN02734162</div></a></td>
      <td>Trial of Optimal Therapy for Pseudomonas Eradication in Cystic Fibrosis</td>
      <td>Nutritional, Metabolic, Endocrine</td>
      <td>Mixed</td>
      <td>280</td>
    </tr>
    <tr>
      <td><a href='https://www.isrctn.com/ISRCTN42639823' target='_blank'><div>ISRCTN42639823</div></a></td>
      <td>Combination photodynamic treatment and intravitreal ranibizumab versus intr...</td>
      <td>Eye Diseases</td>
      <td>Adult</td>
      <td>18</td>
    </tr>
    <tr>
      <td><a href='https://www.isrctn.com/ISRCTN93280043' target='_blank'><div>ISRCTN93280043</div></a></td>
      <td>Risedronate for the prevention of bone loss after steroid therapy for a fla...</td>
      <td>Digestive System</td>
      <td>Adult</td>
      <td>100</td>
    </tr>
    <tr>
      <td><a href='https://www.isrctn.com/ISRCTN57305201' target='_blank'><div>ISRCTN57305201</div></a></td>
      <td>Clostridium difficile - adjuvant therapy with high dose VSL#3® will shorten...</td>
      <td>Digestive System</td>
      <td>Adult</td>
      <td>114</td>
    </tr>
  </tbody>
</table>"
93,-355024.71753287787,7547378.240693045,University of Edinburgh,55.9445158,-3.1892413,23.0,20.481920934663798,"<table border=""1"" class=""dataframe"">
  <thead>
    <tr style=""text-align: left;"">
      <th>ISRCTN link</th>
      <th>Title</th>
      <th>Condition category</th>
      <th>Age group</th>
      <th>Target number of participants</th>
    </tr>
  </thead>
  <tbody>
    <tr>
      <td><a href='https://www.isrctn.com/ISRCTN15313991' target='_blank'><div>ISRCTN15313991</div></a></td>
      <td>Treatment of osteogenesis imperfecta with parathyroid hormone and zoledroni...</td>
      <td>Musculoskeletal Diseases</td>
      <td>Adult</td>
      <td>380</td>
    </tr>
    <tr>
      <td><a href='https://www.isrctn.com/ISRCTN77451762' target='_blank'><div>ISRCTN77451762</div></a></td>
      <td>The effectiveness of gabapentin in the treatment of chronic pelvic pain in ...</td>
      <td>Signs and Symptoms</td>
      <td>Adult</td>
      <td>300</td>
    </tr>
    <tr>
      <td><a href='https://www.isrctn.com/ISRCTN88609453' target='_blank'><div>ISRCTN88609453</div></a></td>
      <td>Glycerine Trinitrate for Retained Placenta (GOT-IT Trial)</td>
      <td>Pregnancy and Childbirth</td>
      <td>Adult</td>
      <td>75</td>
    </tr>
    <tr>
      <td><a href='https://www.isrctn.com/ISRCTN97018444' target='_blank'><div>ISRCTN97018444</div></a></td>
      <td>The effects of tumour necrosis factor antagonism (Etanercept) in patients w...</td>
      <td>Circulatory System</td>
      <td>Adult</td>
      <td>26</td>
    </tr>
    <tr>
      <td><a href='https://www.isrctn.com/ISRCTN70960777' target='_blank'><div>ISRCTN70960777</div></a></td>
      <td>The action of gabapentin for the management of chronic pelvic pain in women...</td>
      <td>Musculoskeletal Diseases</td>
      <td>Adult</td>
      <td>60</td>
    </tr>
    <tr>
      <td><a href='https://www.isrctn.com/ISRCTN62133820' target='_blank'><div>ISRCTN62133820</div></a></td>
      <td>Fractures and Bisphosphonates: does osteoporosis treatment affect fracture ...</td>
      <td>Musculoskeletal Diseases</td>
      <td>Adult</td>
      <td>500</td>
    </tr>
    <tr>
      <td><a href='https://www.isrctn.com/ISRCTN94278797' target='_blank'><div>ISRCTN94278797</div></a></td>
      <td>Heme Oxygenase-1 in Liver Surgery</td>
      <td>Surgery</td>
      <td>Adult</td>
      <td>42</td>
    </tr>
    <tr>
      <td><a href='https://www.isrctn.com/ISRCTN14568373' target='_blank'><div>ISRCTN14568373</div></a></td>
      <td>Does progesterone prophylaxis to prevent preterm labour improve outcome?: a...</td>
      <td>Pregnancy and Childbirth</td>
      <td>Adult</td>
      <td>1125</td>
    </tr>
    <tr>
      <td><a href='https://www.isrctn.com/ISRCTN26269039' target='_blank'><div>ISRCTN26269039</div></a></td>
      <td>Randomised controlled trial of carvedilol versus variceal band ligation in ...</td>
      <td>Digestive System</td>
      <td>Adult</td>
      <td>152</td>
    </tr>
    <tr>
      <td><a href='https://www.isrctn.com/ISRCTN25765518' target='_blank'><div>ISRCTN25765518</div></a></td>
      <td>Imaging perfusion deficits and thrombolysis safety and efficacy in acute is...</td>
      <td>Circulatory System</td>
      <td>Adult</td>
      <td>6000</td>
    </tr>
    <tr>
      <td><a href='https://www.isrctn.com/ISRCTN23968812' target='_blank'><div>ISRCTN23968812</div></a></td>
      <td>The effect of a single dose of mifepristone given midcycle on the pattern o...</td>
      <td>Urological and Genital Diseases</td>
      <td>Not Specified</td>
      <td>400</td>
    </tr>
    <tr>
      <td><a href='https://www.isrctn.com/ISRCTN61727489' target='_blank'><div>ISRCTN61727489</div></a></td>
      <td>A Phase III study of radical radiotherapy with or without gemcitabine in pa...</td>
      <td>Cancer</td>
      <td>Adult</td>
      <td>0</td>
    </tr>
    <tr>
      <td><a href='https://www.isrctn.com/ISRCTN66587262' target='_blank'><div>ISRCTN66587262</div></a></td>
      <td>Tackling heart disease: the Scottish aspirin trial</td>
      <td>Circulatory System</td>
      <td>Senior</td>
      <td>3350</td>
    </tr>
    <tr>
      <td><a href='https://www.isrctn.com/ISRCTN11616770' target='_blank'><div>ISRCTN11616770</div></a></td>
      <td>Zoledronate in the Prevention of Paget's: the ZiPP study</td>
      <td>Musculoskeletal Diseases</td>
      <td>Adult</td>
      <td>510</td>
    </tr>
    <tr>
      <td><a href='https://www.isrctn.com/ISRCTN14212905' target='_blank'><div>ISRCTN14212905</div></a></td>
      <td>Understanding how COVID-19 leads to respiratory failure in COVID-19 positiv...</td>
      <td>Respiratory</td>
      <td>Adult</td>
      <td>100</td>
    </tr>
    <tr>
      <td><a href='https://www.isrctn.com/ISRCTN28026496' target='_blank'><div>ISRCTN28026496</div></a></td>
      <td>LASER: assisted staphylococcal eradication</td>
      <td>Infections and Infestations</td>
      <td>Mixed</td>
      <td>100</td>
    </tr>
    <tr>
      <td><a href='https://www.isrctn.com/ISRCTN12580546' target='_blank'><div>ISRCTN12580546</div></a></td>
      <td>Preventing cognitive decline and dementia from cerebral small vessel diseas...</td>
      <td>Mental and Behavioural Disorders</td>
      <td>Adult</td>
      <td>57</td>
    </tr>
    <tr>
      <td><a href='https://www.isrctn.com/ISRCTN89489788' target='_blank'><div>ISRCTN89489788</div></a></td>
      <td>Randomised controlled trial of 6-Mercaptopurine (6MP) versus placebo to pre...</td>
      <td>Digestive System</td>
      <td>Adult</td>
      <td>234</td>
    </tr>
    <tr>
      <td><a href='https://www.isrctn.com/ISRCTN14911850' target='_blank'><div>ISRCTN14911850</div></a></td>
      <td>In patients with a ""small vessel"" stroke, can the risk of further strokes a...</td>
      <td>Circulatory System</td>
      <td>Adult</td>
      <td>400</td>
    </tr>
    <tr>
      <td><a href='https://www.isrctn.com/ISRCTN14911850' target='_blank'><div>ISRCTN14911850</div></a></td>
      <td>In patients with a ""small vessel"" stroke, can the risk of further strokes a...</td>
      <td>Circulatory System</td>
      <td>Adult</td>
      <td>400</td>
    </tr>
    <tr>
      <td><a href='https://www.isrctn.com/ISRCTN82984919' target='_blank'><div>ISRCTN82984919</div></a></td>
      <td>A feasibility study investigating pravastatin for the prevention of preterm...</td>
      <td>Pregnancy and Childbirth</td>
      <td>Adult</td>
      <td>40</td>
    </tr>
    <tr>
      <td><a href='https://www.isrctn.com/ISRCTN78345798' target='_blank'><div>ISRCTN78345798</div></a></td>
      <td>A randomised clinical trial evaluating the benefits of doxorubicin chemoemb...</td>
      <td>Cancer</td>
      <td>Adult</td>
      <td>280</td>
    </tr>
    <tr>
      <td><a href='https://www.isrctn.com/ISRCTN78345798' target='_blank'><div>ISRCTN78345798</div></a></td>
      <td>A randomised clinical trial evaluating the benefits of doxorubicin chemoemb...</td>
      <td>Cancer</td>
      <td>Adult</td>
      <td>280</td>
    </tr>
  </tbody>
</table>"
96,-233940.7708129778,7793869.012440783,University of Aberdeen,57.16475999999999,-2.1015257,9.0,14.652123889719707,"<table border=""1"" class=""dataframe"">
  <thead>
    <tr style=""text-align: left;"">
      <th>ISRCTN link</th>
      <th>Title</th>
      <th>Condition category</th>
      <th>Age group</th>
      <th>Target number of participants</th>
    </tr>
  </thead>
  <tbody>
    <tr>
      <td><a href='https://www.isrctn.com/ISRCTN10497306' target='_blank'><div>ISRCTN10497306</div></a></td>
      <td>Bisoprolol in COPD study</td>
      <td>Respiratory</td>
      <td>Adult</td>
      <td>1574</td>
    </tr>
    <tr>
      <td><a href='https://www.isrctn.com/ISRCTN27066620' target='_blank'><div>ISRCTN27066620</div></a></td>
      <td>Theophylline With Inhaled CorticoSteroid (ICS)</td>
      <td>Respiratory</td>
      <td>Adult</td>
      <td>1424</td>
    </tr>
    <tr>
      <td><a href='https://www.isrctn.com/ISRCTN69423238' target='_blank'><div>ISRCTN69423238</div></a></td>
      <td>Spontaneous Urinary Stone Passage ENabled by Drugs</td>
      <td>Urological and Genital Diseases</td>
      <td>Adult</td>
      <td>1200</td>
    </tr>
    <tr>
      <td><a href='https://www.isrctn.com/ISRCTN54802970' target='_blank'><div>ISRCTN54802970</div></a></td>
      <td>Omega-3 fatty acids on platelet and endothelial function in patients with p...</td>
      <td>Circulatory System</td>
      <td>Adult</td>
      <td>150</td>
    </tr>
    <tr>
      <td><a href='https://www.isrctn.com/ISRCTN34203810' target='_blank'><div>ISRCTN34203810</div></a></td>
      <td>Effects of tomato-based foods on cardiovascular disease risk</td>
      <td>Circulatory System</td>
      <td>Adult</td>
      <td>180</td>
    </tr>
    <tr>
      <td><a href='https://www.isrctn.com/ISRCTN37909269' target='_blank'><div>ISRCTN37909269</div></a></td>
      <td>Understanding the mechanism of the acute phase response following intraveno...</td>
      <td>Musculoskeletal Diseases</td>
      <td>Adult</td>
      <td>60</td>
    </tr>
    <tr>
      <td><a href='https://www.isrctn.com/ISRCTN15529655' target='_blank'><div>ISRCTN15529655</div></a></td>
      <td>Melatonin in doctors and nurses working nightshifts</td>
      <td>Not Applicable</td>
      <td>Adult</td>
      <td>32</td>
    </tr>
    <tr>
      <td><a href='https://www.isrctn.com/ISRCTN12861060' target='_blank'><div>ISRCTN12861060</div></a></td>
      <td>Melatonin in patients with sleep disturbance due to chronic pain</td>
      <td>Signs and Symptoms</td>
      <td>Adult</td>
      <td>60</td>
    </tr>
    <tr>
      <td><a href='https://www.isrctn.com/ISRCTN12861060' target='_blank'><div>ISRCTN12861060</div></a></td>
      <td>Melatonin in patients with sleep disturbance due to chronic pain</td>
      <td>Signs and Symptoms</td>
      <td>Adult</td>
      <td>60</td>
    </tr>
  </tbody>
</table>"
99,-15299.205349122634,6714813.893758078,University College London Hospitals NHS Foundation Trust,51.5256876,-0.1374351,2.0,5.306765580733931,"<table border=""1"" class=""dataframe"">
  <thead>
    <tr style=""text-align: left;"">
      <th>ISRCTN link</th>
      <th>Title</th>
      <th>Condition category</th>
      <th>Age group</th>
      <th>Target number of participants</th>
    </tr>
  </thead>
  <tbody>
    <tr>
      <td><a href='https://www.isrctn.com/ISRCTN78390996' target='_blank'><div>ISRCTN78390996</div></a></td>
      <td>A clinical study investigating sucrose as a pain reliever in infants</td>
      <td>Signs and Symptoms</td>
      <td>Neonate</td>
      <td>60</td>
    </tr>
    <tr>
      <td><a href='https://www.isrctn.com/ISRCTN23410175' target='_blank'><div>ISRCTN23410175</div></a></td>
      <td>Statins to Ameliorate early onset Pre-eclampsia</td>
      <td>Pregnancy and Childbirth</td>
      <td>Adult</td>
      <td>64</td>
    </tr>
  </tbody>
</table>"
100,-9745.932363358466,6597926.835537341,University of Sussex,50.8677123,-0.0875492,5.0,11.0,"<table border=""1"" class=""dataframe"">
  <thead>
    <tr style=""text-align: left;"">
      <th>ISRCTN link</th>
      <th>Title</th>
      <th>Condition category</th>
      <th>Age group</th>
      <th>Target number of participants</th>
    </tr>
  </thead>
  <tbody>
    <tr>
      <td><a href='https://www.isrctn.com/ISRCTN17281696' target='_blank'><div>ISRCTN17281696</div></a></td>
      <td>Impact of abemaciclib on patients' roles and responsibilities</td>
      <td>Cancer</td>
      <td>Adult</td>
      <td>150</td>
    </tr>
    <tr>
      <td><a href='https://www.isrctn.com/ISRCTN17508886' target='_blank'><div>ISRCTN17508886</div></a></td>
      <td>A study looking at the effects of switching anti-HIV therapy in people with...</td>
      <td>Infections and Infestations</td>
      <td>Adult</td>
      <td>46</td>
    </tr>
    <tr>
      <td><a href='https://www.isrctn.com/ISRCTN44453201' target='_blank'><div>ISRCTN44453201</div></a></td>
      <td>Will HIV-positive individuals who have drug resistance and have suppressed ...</td>
      <td>Infections and Infestations</td>
      <td>Adult</td>
      <td>100</td>
    </tr>
    <tr>
      <td><a href='https://www.isrctn.com/ISRCTN13127656' target='_blank'><div>ISRCTN13127656</div></a></td>
      <td>HYVET 2: treatment of white coat hypertension in the very elderly</td>
      <td>Circulatory System</td>
      <td>Senior</td>
      <td>100</td>
    </tr>
    <tr>
      <td><a href='https://www.isrctn.com/ISRCTN17411897' target='_blank'><div>ISRCTN17411897</div></a></td>
      <td>Study of mirtazapine for agitation in dementia</td>
      <td>Mental and Behavioural Disorders</td>
      <td>Adult</td>
      <td>262</td>
    </tr>
  </tbody>
</table>"
101,633023.3271688832,6594303.44882034,Maastricht University,50.84716539999999,5.6865453,1.0,1.0,"<table border=""1"" class=""dataframe"">
  <thead>
    <tr style=""text-align: left;"">
      <th>ISRCTN link</th>
      <th>Title</th>
      <th>Condition category</th>
      <th>Age group</th>
      <th>Target number of participants</th>
    </tr>
  </thead>
  <tbody>
    <tr>
      <td><a href='https://www.isrctn.com/ISRCTN49817477' target='_blank'><div>ISRCTN49817477</div></a></td>
      <td>Radiotherapy combined with immunotherapy in metastatic non-small cell lung ...</td>
      <td>Cancer</td>
      <td>Adult</td>
      <td>126</td>
    </tr>
  </tbody>
</table>"
103,-135684.81150742923,6757635.9259120105,Oxford Radcliffe Hospitals NHS Trust,51.764391,-1.2188774,8.0,13.920296742201792,"<table border=""1"" class=""dataframe"">
  <thead>
    <tr style=""text-align: left;"">
      <th>ISRCTN link</th>
      <th>Title</th>
      <th>Condition category</th>
      <th>Age group</th>
      <th>Target number of participants</th>
    </tr>
  </thead>
  <tbody>
    <tr>
      <td><a href='https://www.isrctn.com/ISRCTN19698897' target='_blank'><div>ISRCTN19698897</div></a></td>
      <td>Intra-articular hyaluronic acid for haemophilic ankle arthropathy</td>
      <td>Musculoskeletal Diseases</td>
      <td>Adult</td>
      <td>20</td>
    </tr>
    <tr>
      <td><a href='https://www.isrctn.com/ISRCTN32505664' target='_blank'><div>ISRCTN32505664</div></a></td>
      <td>OPTIMAL: OPTimising renal outcome in Myeloma renal failure</td>
      <td>Cancer</td>
      <td>Adult</td>
      <td>120</td>
    </tr>
    <tr>
      <td><a href='https://www.isrctn.com/ISRCTN91566927' target='_blank'><div>ISRCTN91566927</div></a></td>
      <td>Oral vs Intravenous Antibiotics (OVIVA) for Bone and Joint Infection</td>
      <td>Musculoskeletal Diseases</td>
      <td>Adult</td>
      <td>1050</td>
    </tr>
    <tr>
      <td><a href='https://www.isrctn.com/ISRCTN39264076' target='_blank'><div>ISRCTN39264076</div></a></td>
      <td>Optimising nutrition to improve growth and reduce neurodisabilities in neon...</td>
      <td>Nervous System Diseases</td>
      <td>Neonate</td>
      <td>60</td>
    </tr>
    <tr>
      <td><a href='https://www.isrctn.com/ISRCTN21841117' target='_blank'><div>ISRCTN21841117</div></a></td>
      <td>Broader Protection Against Pneumococcal Disease</td>
      <td>Infections and Infestations</td>
      <td>Child</td>
      <td>100</td>
    </tr>
    <tr>
      <td><a href='https://www.isrctn.com/ISRCTN92093279' target='_blank'><div>ISRCTN92093279</div></a></td>
      <td>Simvastatin and severe sepsis</td>
      <td>Infections and Infestations</td>
      <td>Adult</td>
      <td>104</td>
    </tr>
    <tr>
      <td><a href='https://www.isrctn.com/ISRCTN00550641' target='_blank'><div>ISRCTN00550641</div></a></td>
      <td>Pilot effectiveness of randomised mandatory insulin therapy</td>
      <td>Nutritional, Metabolic, Endocrine</td>
      <td>Adult</td>
      <td>120</td>
    </tr>
    <tr>
      <td><a href='https://www.isrctn.com/ISRCTN37562266' target='_blank'><div>ISRCTN37562266</div></a></td>
      <td>The effects of Modafinil on functional magnetic resonance imaging (fMRI) br...</td>
      <td>Nervous System Diseases</td>
      <td>Adult</td>
      <td>30</td>
    </tr>
  </tbody>
</table>"
105,15126.059013142776,6831543.32168535,Papworth Hospital NHS Foundation Trust,52.173422,0.1358797,2.0,5.306765580733931,"<table border=""1"" class=""dataframe"">
  <thead>
    <tr style=""text-align: left;"">
      <th>ISRCTN link</th>
      <th>Title</th>
      <th>Condition category</th>
      <th>Age group</th>
      <th>Target number of participants</th>
    </tr>
  </thead>
  <tbody>
    <tr>
      <td><a href='https://www.isrctn.com/ISRCTN77442023' target='_blank'><div>ISRCTN77442023</div></a></td>
      <td>Effect of glucagon-like-peptide-1 (GLP-1) on left ventricular function duri...</td>
      <td>Circulatory System</td>
      <td>Adult</td>
      <td>40</td>
    </tr>
    <tr>
      <td><a href='https://www.isrctn.com/ISRCTN36453336' target='_blank'><div>ISRCTN36453336</div></a></td>
      <td>A randomised double blind placebo controlled trial assessing the effect of ...</td>
      <td>Nutritional, Metabolic, Endocrine</td>
      <td>Adult</td>
      <td>80</td>
    </tr>
  </tbody>
</table>"
107,-65619.09948774411,6664416.1057942845,University of Surrey,51.2431429,-0.5894664,4.0,9.613531161467861,"<table border=""1"" class=""dataframe"">
  <thead>
    <tr style=""text-align: left;"">
      <th>ISRCTN link</th>
      <th>Title</th>
      <th>Condition category</th>
      <th>Age group</th>
      <th>Target number of participants</th>
    </tr>
  </thead>
  <tbody>
    <tr>
      <td><a href='https://www.isrctn.com/ISRCTN72730583' target='_blank'><div>ISRCTN72730583</div></a></td>
      <td>The effect of insulin detemir on energy balance, postprandial nutrient hand...</td>
      <td>Nutritional, Metabolic, Endocrine</td>
      <td>Adult</td>
      <td>30</td>
    </tr>
    <tr>
      <td><a href='https://www.isrctn.com/ISRCTN56997186' target='_blank'><div>ISRCTN56997186</div></a></td>
      <td>The role of resistant starch in the treatment of insulin resistance</td>
      <td>Nutritional, Metabolic, Endocrine</td>
      <td>Adult</td>
      <td>15</td>
    </tr>
    <tr>
      <td><a href='https://www.isrctn.com/ISRCTN52104724' target='_blank'><div>ISRCTN52104724</div></a></td>
      <td>Investigation to explore whether there is a synergistic effect between nico...</td>
      <td>Mental and Behavioural Disorders</td>
      <td>Adult</td>
      <td>72</td>
    </tr>
    <tr>
      <td><a href='https://www.isrctn.com/ISRCTN35312139' target='_blank'><div>ISRCTN35312139</div></a></td>
      <td>Fermentation and cardiovascular risk factors</td>
      <td>Nutritional, Metabolic, Endocrine</td>
      <td>Adult</td>
      <td>45</td>
    </tr>
  </tbody>
</table>"
109,1327924.094232916,5683892.568842579,PENTA Foundation (Italy),45.3948144,11.9289451,7.0,13.090619551221675,"<table border=""1"" class=""dataframe"">
  <thead>
    <tr style=""text-align: left;"">
      <th>ISRCTN link</th>
      <th>Title</th>
      <th>Condition category</th>
      <th>Age group</th>
      <th>Target number of participants</th>
    </tr>
  </thead>
  <tbody>
    <tr>
      <td><a href='https://www.isrctn.com/ISRCTN17157458' target='_blank'><div>ISRCTN17157458</div></a></td>
      <td>Comparing a two-drug fixed dose combination containing dolutegravir and lam...</td>
      <td>Infections and Infestations</td>
      <td>Child</td>
      <td>370</td>
    </tr>
    <tr>
      <td><a href='https://www.isrctn.com/ISRCTN11193709' target='_blank'><div>ISRCTN11193709</div></a></td>
      <td>SMILE: Strategy for Maintenance of HIV suppression with dolutegravir + daru...</td>
      <td>Infections and Infestations</td>
      <td>Child</td>
      <td>300</td>
    </tr>
    <tr>
      <td><a href='https://www.isrctn.com/ISRCTN97755073' target='_blank'><div>ISRCTN97755073</div></a></td>
      <td>PENTA 16 Trial: short-cycle therapy (SCT) (5 days on/2 days off) in young p...</td>
      <td>Infections and Infestations</td>
      <td>Other</td>
      <td>160</td>
    </tr>
    <tr>
      <td><a href='https://www.isrctn.com/ISRCTN02452400' target='_blank'><div>ISRCTN02452400</div></a></td>
      <td>PENTA18: Pharmacokinetics, safety and efficacy of lopinavir/ritonavir table...</td>
      <td>Infections and Infestations</td>
      <td>Child</td>
      <td>160</td>
    </tr>
    <tr>
      <td><a href='https://www.isrctn.com/ISRCTN38147516' target='_blank'><div>ISRCTN38147516</div></a></td>
      <td>Plasma pharmacokinetic study of once versus twice daily abacavir as part of...</td>
      <td>Infections and Infestations</td>
      <td>Child</td>
      <td>18</td>
    </tr>
    <tr>
      <td><a href='https://www.isrctn.com/ISRCTN36694210' target='_blank'><div>ISRCTN36694210</div></a></td>
      <td>Treatment Interruption in Children with Chronic Human immunodeficiency viru...</td>
      <td>Infections and Infestations</td>
      <td>Child</td>
      <td>100</td>
    </tr>
    <tr>
      <td><a href='https://www.isrctn.com/ISRCTN73318385' target='_blank'><div>ISRCTN73318385</div></a></td>
      <td>A phase II/III randomised, open-label study of combination antiretroviral r...</td>
      <td>Infections and Infestations</td>
      <td>Child</td>
      <td>263</td>
    </tr>
  </tbody>
</table>"
113,-357660.29553300125,7544532.960093776,NHS Lothian,55.9301999,-3.2129171,15.0,17.826061944859852,"<table border=""1"" class=""dataframe"">
  <thead>
    <tr style=""text-align: left;"">
      <th>ISRCTN link</th>
      <th>Title</th>
      <th>Condition category</th>
      <th>Age group</th>
      <th>Target number of participants</th>
    </tr>
  </thead>
  <tbody>
    <tr>
      <td><a href='https://www.isrctn.com/ISRCTN20426843' target='_blank'><div>ISRCTN20426843</div></a></td>
      <td>Ulipristal acetate versus conventional management of heavy menstrual bleedi...</td>
      <td>Urological and Genital Diseases</td>
      <td>Adult</td>
      <td>220</td>
    </tr>
    <tr>
      <td><a href='https://www.isrctn.com/ISRCTN14212905' target='_blank'><div>ISRCTN14212905</div></a></td>
      <td>Understanding how COVID-19 leads to respiratory failure in COVID-19 positiv...</td>
      <td>Respiratory</td>
      <td>Adult</td>
      <td>100</td>
    </tr>
    <tr>
      <td><a href='https://www.isrctn.com/ISRCTN28026496' target='_blank'><div>ISRCTN28026496</div></a></td>
      <td>LASER: assisted staphylococcal eradication</td>
      <td>Infections and Infestations</td>
      <td>Mixed</td>
      <td>100</td>
    </tr>
    <tr>
      <td><a href='https://www.isrctn.com/ISRCTN12580546' target='_blank'><div>ISRCTN12580546</div></a></td>
      <td>Preventing cognitive decline and dementia from cerebral small vessel diseas...</td>
      <td>Mental and Behavioural Disorders</td>
      <td>Adult</td>
      <td>57</td>
    </tr>
    <tr>
      <td><a href='https://www.isrctn.com/ISRCTN87144826' target='_blank'><div>ISRCTN87144826</div></a></td>
      <td>Randomised trial of glutamine and selenium supplemented parenteral nutritio...</td>
      <td>Not Applicable</td>
      <td>Adult</td>
      <td>500</td>
    </tr>
    <tr>
      <td><a href='https://www.isrctn.com/ISRCTN83290762' target='_blank'><div>ISRCTN83290762</div></a></td>
      <td>Fluoxetine Or Control Under Supervision (FOCUS) trial: to establish the eff...</td>
      <td>Circulatory System</td>
      <td>Adult</td>
      <td>3000</td>
    </tr>
    <tr>
      <td><a href='https://www.isrctn.com/ISRCTN51279843' target='_blank'><div>ISRCTN51279843</div></a></td>
      <td>Efficacy of metformin in pregnant obese women: a randomised controlled tria...</td>
      <td>Nutritional, Metabolic, Endocrine</td>
      <td>Adult</td>
      <td>400</td>
    </tr>
    <tr>
      <td><a href='https://www.isrctn.com/ISRCTN12989577' target='_blank'><div>ISRCTN12989577</div></a></td>
      <td>Multi-centre randomised controlled trial of symptomatic versus intensive bi...</td>
      <td>Musculoskeletal Diseases</td>
      <td>Adult</td>
      <td>1300</td>
    </tr>
    <tr>
      <td><a href='https://www.isrctn.com/ISRCTN83290762' target='_blank'><div>ISRCTN83290762</div></a></td>
      <td>Fluoxetine Or Control Under Supervision (FOCUS) trial: to establish the eff...</td>
      <td>Circulatory System</td>
      <td>Adult</td>
      <td>3000</td>
    </tr>
    <tr>
      <td><a href='https://www.isrctn.com/ISRCTN51279843' target='_blank'><div>ISRCTN51279843</div></a></td>
      <td>Efficacy of metformin in pregnant obese women: a randomised controlled tria...</td>
      <td>Nutritional, Metabolic, Endocrine</td>
      <td>Adult</td>
      <td>400</td>
    </tr>
    <tr>
      <td><a href='https://www.isrctn.com/ISRCTN12989577' target='_blank'><div>ISRCTN12989577</div></a></td>
      <td>Multi-centre randomised controlled trial of symptomatic versus intensive bi...</td>
      <td>Musculoskeletal Diseases</td>
      <td>Adult</td>
      <td>1300</td>
    </tr>
    <tr>
      <td><a href='https://www.isrctn.com/ISRCTN71907627' target='_blank'><div>ISRCTN71907627</div></a></td>
      <td>REstart or STop Antithrombotics Randomised Trial</td>
      <td>Circulatory System</td>
      <td>Adult</td>
      <td>720</td>
    </tr>
    <tr>
      <td><a href='https://www.isrctn.com/ISRCTN71907627' target='_blank'><div>ISRCTN71907627</div></a></td>
      <td>REstart or STop Antithrombotics Randomised Trial</td>
      <td>Circulatory System</td>
      <td>Adult</td>
      <td>720</td>
    </tr>
    <tr>
      <td><a href='https://www.isrctn.com/ISRCTN82061264' target='_blank'><div>ISRCTN82061264</div></a></td>
      <td>Elafin Myocardial Protection from Ischaemia RepErfusion injury</td>
      <td>Circulatory System</td>
      <td>Adult</td>
      <td>118</td>
    </tr>
    <tr>
      <td><a href='https://www.isrctn.com/ISRCTN82061264' target='_blank'><div>ISRCTN82061264</div></a></td>
      <td>Elafin Myocardial Protection from Ischaemia RepErfusion injury</td>
      <td>Circulatory System</td>
      <td>Adult</td>
      <td>118</td>
    </tr>
  </tbody>
</table>"
115,-40852.68351631122,7127300.3328536935,University of Hull,53.7730979,-0.3669859,1.0,1.0,"<table border=""1"" class=""dataframe"">
  <thead>
    <tr style=""text-align: left;"">
      <th>ISRCTN link</th>
      <th>Title</th>
      <th>Condition category</th>
      <th>Age group</th>
      <th>Target number of participants</th>
    </tr>
  </thead>
  <tbody>
    <tr>
      <td><a href='https://www.isrctn.com/ISRCTN75939563' target='_blank'><div>ISRCTN75939563</div></a></td>
      <td>Phytoestrogen dietary supplementation in post-menopausal women with type tw...</td>
      <td>Nutritional, Metabolic, Endocrine</td>
      <td>Adult</td>
      <td>36</td>
    </tr>
  </tbody>
</table>"
119,-9995.555189513303,6715108.585518302,Moorfields Eye Hospital NHS Foundation Trust,51.5273346,-0.0897916,9.0,14.652123889719707,"<table border=""1"" class=""dataframe"">
  <thead>
    <tr style=""text-align: left;"">
      <th>ISRCTN link</th>
      <th>Title</th>
      <th>Condition category</th>
      <th>Age group</th>
      <th>Target number of participants</th>
    </tr>
  </thead>
  <tbody>
    <tr>
      <td><a href='https://www.isrctn.com/ISRCTN13623634' target='_blank'><div>ISRCTN13623634</div></a></td>
      <td>The LEAVO study</td>
      <td>Eye Diseases</td>
      <td>Adult</td>
      <td>459</td>
    </tr>
    <tr>
      <td><a href='https://www.isrctn.com/ISRCTN30012492' target='_blank'><div>ISRCTN30012492</div></a></td>
      <td>Adjunctive steroid combination in ocular trauma study</td>
      <td>Eye Diseases</td>
      <td>Adult</td>
      <td>300</td>
    </tr>
    <tr>
      <td><a href='https://www.isrctn.com/ISRCTN35052615' target='_blank'><div>ISRCTN35052615</div></a></td>
      <td>Subconjunctival bevacizumab on eyes with recent onset of cornea neovascular...</td>
      <td>Eye Diseases</td>
      <td>Adult</td>
      <td>30</td>
    </tr>
    <tr>
      <td><a href='https://www.isrctn.com/ISRCTN79120387' target='_blank'><div>ISRCTN79120387</div></a></td>
      <td>A randomised, single-masked, phase IV pilot study of the efficacy and safet...</td>
      <td>Eye Diseases</td>
      <td>Adult</td>
      <td>30</td>
    </tr>
    <tr>
      <td><a href='https://www.isrctn.com/ISRCTN41984498' target='_blank'><div>ISRCTN41984498</div></a></td>
      <td>Diabetic Macular Oedema: a prospective randomised trial of management with ...</td>
      <td>Nutritional, Metabolic, Endocrine</td>
      <td>Adult</td>
      <td>80</td>
    </tr>
    <tr>
      <td><a href='https://www.isrctn.com/ISRCTN51714283' target='_blank'><div>ISRCTN51714283</div></a></td>
      <td>A randomised trial of pulsed intravenous methylprednisolone for severe ocul...</td>
      <td>Skin and Connective Tissue Diseases</td>
      <td>Not Specified</td>
      <td>20</td>
    </tr>
    <tr>
      <td><a href='https://www.isrctn.com/ISRCTN96423140' target='_blank'><div>ISRCTN96423140</div></a></td>
      <td>The United Kingdom Glaucoma Treatment Study</td>
      <td>Eye Diseases</td>
      <td>Adult</td>
      <td>686</td>
    </tr>
    <tr>
      <td><a href='https://www.isrctn.com/ISRCTN83325075' target='_blank'><div>ISRCTN83325075</div></a></td>
      <td>A randomised, double-masked phase III study of the efficacy and safety of A...</td>
      <td>Eye Diseases</td>
      <td>Adult</td>
      <td>130</td>
    </tr>
    <tr>
      <td><a href='https://www.isrctn.com/ISRCTN36354474' target='_blank'><div>ISRCTN36354474</div></a></td>
      <td>Does addition of subcutaneous interferon alpha 2b for 6 months only to the ...</td>
      <td>Musculoskeletal Diseases</td>
      <td>Adult</td>
      <td>70</td>
    </tr>
  </tbody>
</table>"
129,-15949.099668322844,6713249.343139148,University of Westminster,51.5169425,-0.1432732,2.0,5.306765580733931,"<table border=""1"" class=""dataframe"">
  <thead>
    <tr style=""text-align: left;"">
      <th>ISRCTN link</th>
      <th>Title</th>
      <th>Condition category</th>
      <th>Age group</th>
      <th>Target number of participants</th>
    </tr>
  </thead>
  <tbody>
    <tr>
      <td><a href='https://www.isrctn.com/ISRCTN48078312' target='_blank'><div>ISRCTN48078312</div></a></td>
      <td>American skullcap (Scutellaria lateriflora): a study of its effects on mood...</td>
      <td>Mental and Behavioural Disorders</td>
      <td>Adult</td>
      <td>42</td>
    </tr>
    <tr>
      <td><a href='https://www.isrctn.com/ISRCTN11339389' target='_blank'><div>ISRCTN11339389</div></a></td>
      <td>The short term effects of coffee and caffeine on the cardiovascular and aut...</td>
      <td>Nervous System Diseases</td>
      <td>Adult</td>
      <td>105</td>
    </tr>
  </tbody>
</table>"
135,-216069.76240000725,6882322.40535961,University Hospitals Birmingham NHS Foundation Trust,52.4522917,-1.9409877,19.0,19.294828004351505,"<table border=""1"" class=""dataframe"">
  <thead>
    <tr style=""text-align: left;"">
      <th>ISRCTN link</th>
      <th>Title</th>
      <th>Condition category</th>
      <th>Age group</th>
      <th>Target number of participants</th>
    </tr>
  </thead>
  <tbody>
    <tr>
      <td><a href='https://www.isrctn.com/ISRCTN12961998' target='_blank'><div>ISRCTN12961998</div></a></td>
      <td>A Dehydroepiandrosterone and Pharmacokinetics in Trauma study (ADaPT)</td>
      <td>Injury, Occupational Diseases, Poisoning</td>
      <td>Adult</td>
      <td>270</td>
    </tr>
    <tr>
      <td><a href='https://www.isrctn.com/ISRCTN12600919' target='_blank'><div>ISRCTN12600919</div></a></td>
      <td>A randomised trial to assess whether the addition of a beta blocker infusio...</td>
      <td>Infections and Infestations</td>
      <td>Adult</td>
      <td>340</td>
    </tr>
    <tr>
      <td><a href='https://www.isrctn.com/ISRCTN14161293' target='_blank'><div>ISRCTN14161293</div></a></td>
      <td>Metronidazole versus lactic acId for treating bacterial vaginosis</td>
      <td>Urological and Genital Diseases</td>
      <td>Adult</td>
      <td>1900</td>
    </tr>
    <tr>
      <td><a href='https://www.isrctn.com/ISRCTN51783227' target='_blank'><div>ISRCTN51783227</div></a></td>
      <td>Gentamicin in the treatment of Gonorrhoea (G-TOG)</td>
      <td>Infections and Infestations</td>
      <td>Adult</td>
      <td>720</td>
    </tr>
    <tr>
      <td><a href='https://www.isrctn.com/ISRCTN76947550' target='_blank'><div>ISRCTN76947550</div></a></td>
      <td>Treatment of locally advanced or metastatic transitional cell carcinoma wit...</td>
      <td>Cancer</td>
      <td>Adult</td>
      <td>96</td>
    </tr>
    <tr>
      <td><a href='https://www.isrctn.com/ISRCTN44435485' target='_blank'><div>ISRCTN44435485</div></a></td>
      <td>Accelerated hypofractionation, Chemotherapy, Intensity Modulation and Evalu...</td>
      <td>Cancer</td>
      <td>Adult</td>
      <td>15</td>
    </tr>
    <tr>
      <td><a href='https://www.isrctn.com/ISRCTN16228367' target='_blank'><div>ISRCTN16228367</div></a></td>
      <td>Phase II study of the adjuvant use of lenalidomide in patients undergoing r...</td>
      <td>Cancer</td>
      <td>Adult</td>
      <td>40</td>
    </tr>
    <tr>
      <td><a href='https://www.isrctn.com/ISRCTN11937028' target='_blank'><div>ISRCTN11937028</div></a></td>
      <td>Proteinuria in Glomerulonephritis: Myfortic® (GloMY)</td>
      <td>Urological and Genital Diseases</td>
      <td>Adult</td>
      <td>100</td>
    </tr>
    <tr>
      <td><a href='https://www.isrctn.com/ISRCTN25678870' target='_blank'><div>ISRCTN25678870</div></a></td>
      <td>Randomised double-blind controlled trial of Perhexiline in heart failure wi...</td>
      <td>Circulatory System</td>
      <td>Not Specified</td>
      <td>50</td>
    </tr>
    <tr>
      <td><a href='https://www.isrctn.com/ISRCTN35254279' target='_blank'><div>ISRCTN35254279</div></a></td>
      <td>Phosphate binding with sevelamer in stage 3 chronic kidney disease</td>
      <td>Urological and Genital Diseases</td>
      <td>Adult</td>
      <td>120</td>
    </tr>
    <tr>
      <td><a href='https://www.isrctn.com/ISRCTN91288089' target='_blank'><div>ISRCTN91288089</div></a></td>
      <td>Repeated autologous infusions of stem cells in cirrhosis</td>
      <td>Digestive System</td>
      <td>Adult</td>
      <td>81</td>
    </tr>
    <tr>
      <td><a href='https://www.isrctn.com/ISRCTN80875207' target='_blank'><div>ISRCTN80875207</div></a></td>
      <td>Evaluation and control of lung inflammation assessed with positron emission...</td>
      <td>Respiratory</td>
      <td>Adult</td>
      <td>30</td>
    </tr>
    <tr>
      <td><a href='https://www.isrctn.com/ISRCTN50635541' target='_blank'><div>ISRCTN50635541</div></a></td>
      <td>Non-randomised trial of a lipid lowering drug and a steroid for the treatme...</td>
      <td>Cancer</td>
      <td>Adult</td>
      <td>20</td>
    </tr>
    <tr>
      <td><a href='https://www.isrctn.com/ISRCTN45967602' target='_blank'><div>ISRCTN45967602</div></a></td>
      <td>European trial of free light chain removal by extended haemodialysis in cas...</td>
      <td>Cancer</td>
      <td>Adult</td>
      <td>90</td>
    </tr>
    <tr>
      <td><a href='https://www.isrctn.com/ISRCTN95861172' target='_blank'><div>ISRCTN95861172</div></a></td>
      <td>Randomised Efficacy and Discontinuation Study of Etanercept and Adalimumab ...</td>
      <td>Musculoskeletal Diseases</td>
      <td>Adult</td>
      <td>124</td>
    </tr>
    <tr>
      <td><a href='https://www.isrctn.com/ISRCTN60081949' target='_blank'><div>ISRCTN60081949</div></a></td>
      <td>Calcineurin Inhibitor Minimisation in Renal Transplant recipients with Stab...</td>
      <td>Injury, Occupational Diseases, Poisoning</td>
      <td>Adult</td>
      <td>90</td>
    </tr>
    <tr>
      <td><a href='https://www.isrctn.com/ISRCTN09768535' target='_blank'><div>ISRCTN09768535</div></a></td>
      <td>Neoadjuvant trial of pre-operative exemestane or letrozole +/- celecoxib in...</td>
      <td>Cancer</td>
      <td>Adult</td>
      <td>256</td>
    </tr>
    <tr>
      <td><a href='https://www.isrctn.com/ISRCTN86213744' target='_blank'><div>ISRCTN86213744</div></a></td>
      <td>A placebo controlled, flexible dose, randomised controlled trial to assess ...</td>
      <td>Urological and Genital Diseases</td>
      <td>Adult</td>
      <td>100</td>
    </tr>
    <tr>
      <td><a href='https://www.isrctn.com/ISRCTN16075091' target='_blank'><div>ISRCTN16075091</div></a></td>
      <td>Sugar or Salt (SOS) Trial: comparing two current treatments for patients wi...</td>
      <td>Injury, Occupational Diseases, Poisoning</td>
      <td>Adult</td>
      <td>638</td>
    </tr>
  </tbody>
</table>"
136,-35927.02981963953,6723721.029958438,North West London Hospitals NHS Trust,51.57544230000001,-0.322738,1.0,1.0,"<table border=""1"" class=""dataframe"">
  <thead>
    <tr style=""text-align: left;"">
      <th>ISRCTN link</th>
      <th>Title</th>
      <th>Condition category</th>
      <th>Age group</th>
      <th>Target number of participants</th>
    </tr>
  </thead>
  <tbody>
    <tr>
      <td><a href='https://www.isrctn.com/ISRCTN97241637' target='_blank'><div>ISRCTN97241637</div></a></td>
      <td>Ibuprofen and morphine for acute pain in sickle cell disease</td>
      <td>Haematological Disorders</td>
      <td>Adult</td>
      <td>320</td>
    </tr>
  </tbody>
</table>"
137,-459748.0832186868,7025566.362075045,Bangor University,53.2295205,-4.1299873,1.0,1.0,"<table border=""1"" class=""dataframe"">
  <thead>
    <tr style=""text-align: left;"">
      <th>ISRCTN link</th>
      <th>Title</th>
      <th>Condition category</th>
      <th>Age group</th>
      <th>Target number of participants</th>
    </tr>
  </thead>
  <tbody>
    <tr>
      <td><a href='https://www.isrctn.com/ISRCTN37558313' target='_blank'><div>ISRCTN37558313</div></a></td>
      <td>Creatine supplementation to treat ""muscle wasting"" in rheumatoid arthritis ...</td>
      <td>Musculoskeletal Diseases</td>
      <td>Adult</td>
      <td>50</td>
    </tr>
  </tbody>
</table>"
138,-248038.19320339445,7062854.470165027,Christie Hospital NHS Foundation Trust,53.4295649,-2.228165,10.0,15.306765580733934,"<table border=""1"" class=""dataframe"">
  <thead>
    <tr style=""text-align: left;"">
      <th>ISRCTN link</th>
      <th>Title</th>
      <th>Condition category</th>
      <th>Age group</th>
      <th>Target number of participants</th>
    </tr>
  </thead>
  <tbody>
    <tr>
      <td><a href='https://www.isrctn.com/ISRCTN95900287' target='_blank'><div>ISRCTN95900287</div></a></td>
      <td>A trial to see the effect of cyclophosphamide and pembrolizumab on cancer i...</td>
      <td>Cancer</td>
      <td>Adult</td>
      <td>21</td>
    </tr>
    <tr>
      <td><a href='https://www.isrctn.com/ISRCTN89314418' target='_blank'><div>ISRCTN89314418</div></a></td>
      <td>Cetuximab immunotherapy combination in head and neck cancer</td>
      <td>Cancer</td>
      <td>Adult</td>
      <td>36</td>
    </tr>
    <tr>
      <td><a href='https://www.isrctn.com/ISRCTN10996604' target='_blank'><div>ISRCTN10996604</div></a></td>
      <td>Second-line therapy for patients with progressive poorly differentiated ext...</td>
      <td>Cancer</td>
      <td>Adult</td>
      <td>102</td>
    </tr>
    <tr>
      <td><a href='https://www.isrctn.com/ISRCTN30090285' target='_blank'><div>ISRCTN30090285</div></a></td>
      <td>Trial of PAZOpanib with or without FOSbretabulin in advanced recurrent ovar...</td>
      <td>Cancer</td>
      <td>Adult</td>
      <td>128</td>
    </tr>
    <tr>
      <td><a href='https://www.isrctn.com/ISRCTN16200035' target='_blank'><div>ISRCTN16200035</div></a></td>
      <td>CALC trial: Aprepitant for the treatment of cough in lung cancer</td>
      <td>Cancer</td>
      <td>Adult</td>
      <td>20</td>
    </tr>
    <tr>
      <td><a href='https://www.isrctn.com/ISRCTN97323814' target='_blank'><div>ISRCTN97323814</div></a></td>
      <td>Identifying biomarkers to predict clinical benefit in patients with colorec...</td>
      <td>Cancer</td>
      <td>Adult</td>
      <td>70</td>
    </tr>
    <tr>
      <td><a href='https://www.isrctn.com/ISRCTN64153246' target='_blank'><div>ISRCTN64153246</div></a></td>
      <td>Radiotherapy with weekly gemcitabine (GEM)</td>
      <td>Cancer</td>
      <td>Adult</td>
      <td>50</td>
    </tr>
    <tr>
      <td><a href='https://www.isrctn.com/ISRCTN96194255' target='_blank'><div>ISRCTN96194255</div></a></td>
      <td>Gemcitabine, alone or in combination with cisplatin, in patients with advan...</td>
      <td>Cancer</td>
      <td>Adult</td>
      <td>86</td>
    </tr>
    <tr>
      <td><a href='https://www.isrctn.com/ISRCTN84606869' target='_blank'><div>ISRCTN84606869</div></a></td>
      <td>Revlimid® Early Stage Poor prognosis Chronic lymphocytic leukaemia (CLL) Tr...</td>
      <td>Cancer</td>
      <td>Adult</td>
      <td>40</td>
    </tr>
    <tr>
      <td><a href='https://www.isrctn.com/ISRCTN91927162' target='_blank'><div>ISRCTN91927162</div></a></td>
      <td>A two-arm randomised controlled trial of concurrent chemo-radiotherapy comp...</td>
      <td>Cancer</td>
      <td>Adult</td>
      <td>532</td>
    </tr>
  </tbody>
</table>"
140,-349417.3989343336,7542951.3872058885,ACCORD,55.92224,-3.1388699,6.0,12.132827525593784,"<table border=""1"" class=""dataframe"">
  <thead>
    <tr style=""text-align: left;"">
      <th>ISRCTN link</th>
      <th>Title</th>
      <th>Condition category</th>
      <th>Age group</th>
      <th>Target number of participants</th>
    </tr>
  </thead>
  <tbody>
    <tr>
      <td><a href='https://www.isrctn.com/ISRCTN52352431' target='_blank'><div>ISRCTN52352431</div></a></td>
      <td>Does intravenous lidocaine speed up gut recovery after large bowel surgery?</td>
      <td>Digestive System</td>
      <td>Adult</td>
      <td>562</td>
    </tr>
    <tr>
      <td><a href='https://www.isrctn.com/ISRCTN24439460' target='_blank'><div>ISRCTN24439460</div></a></td>
      <td>The Cardiac CARE Trial – can heart muscle injury related to chemotherapy be...</td>
      <td>Circulatory System</td>
      <td>Adult</td>
      <td>168</td>
    </tr>
    <tr>
      <td><a href='https://www.isrctn.com/ISRCTN18035454' target='_blank'><div>ISRCTN18035454</div></a></td>
      <td>A2B – a study investigating the effect of different types of sedation on th...</td>
      <td>Not Applicable</td>
      <td>Adult</td>
      <td>1737</td>
    </tr>
    <tr>
      <td><a href='https://www.isrctn.com/ISRCTN67795930' target='_blank'><div>ISRCTN67795930</div></a></td>
      <td>A trial designed to treat women with a diagnosis of ectopic pregnancy with ...</td>
      <td>Pregnancy and Childbirth</td>
      <td>Adult</td>
      <td>338</td>
    </tr>
    <tr>
      <td><a href='https://www.isrctn.com/ISRCTN67795930' target='_blank'><div>ISRCTN67795930</div></a></td>
      <td>A trial designed to treat women with a diagnosis of ectopic pregnancy with ...</td>
      <td>Pregnancy and Childbirth</td>
      <td>Adult</td>
      <td>338</td>
    </tr>
    <tr>
      <td><a href='https://www.isrctn.com/ISRCTN69917256' target='_blank'><div>ISRCTN69917256</div></a></td>
      <td>Using functional magnetic resonance imaging to investigate the efficacy of ...</td>
      <td>Cancer</td>
      <td>Adult</td>
      <td>32</td>
    </tr>
  </tbody>
</table>"
144,-10435.022275266989,6704483.374082789,King's College Hospital NHS Foundation Trust,51.4679138,-0.0937394,16.0,18.227062322935723,"<table border=""1"" class=""dataframe"">
  <thead>
    <tr style=""text-align: left;"">
      <th>ISRCTN link</th>
      <th>Title</th>
      <th>Condition category</th>
      <th>Age group</th>
      <th>Target number of participants</th>
    </tr>
  </thead>
  <tbody>
    <tr>
      <td><a href='https://www.isrctn.com/ISRCTN10324656' target='_blank'><div>ISRCTN10324656</div></a></td>
      <td>Beta-blockers or placebo for primary prophylaxis of oesophageal varices tri...</td>
      <td>Circulatory System</td>
      <td>Adult</td>
      <td>1200</td>
    </tr>
    <tr>
      <td><a href='https://www.isrctn.com/ISRCTN32236160' target='_blank'><div>ISRCTN32236160</div></a></td>
      <td>Better treatments for refractory breathlessness</td>
      <td>Respiratory</td>
      <td>Adult</td>
      <td>60</td>
    </tr>
    <tr>
      <td><a href='https://www.isrctn.com/ISRCTN50896492' target='_blank'><div>ISRCTN50896492</div></a></td>
      <td>Erythropoeitin to facilitate stroke recovery</td>
      <td>Circulatory System</td>
      <td>Adult</td>
      <td>90</td>
    </tr>
    <tr>
      <td><a href='https://www.isrctn.com/ISRCTN40720691' target='_blank'><div>ISRCTN40720691</div></a></td>
      <td>The effect of fesoterodine flexible dosing regimen on the sexual function o...</td>
      <td>Urological and Genital Diseases</td>
      <td>Adult</td>
      <td>130</td>
    </tr>
    <tr>
      <td><a href='https://www.isrctn.com/ISRCTN31320381' target='_blank'><div>ISRCTN31320381</div></a></td>
      <td>Assessment of a multistrain probiotic in inflammatory bowel disease (IBD)</td>
      <td>Digestive System</td>
      <td>Adult</td>
      <td>160</td>
    </tr>
    <tr>
      <td><a href='https://www.isrctn.com/ISRCTN36658311' target='_blank'><div>ISRCTN36658311</div></a></td>
      <td>A multicentre study of the safety and efficacy of N-acetylcysteine in the t...</td>
      <td>Digestive System</td>
      <td>Child</td>
      <td>28</td>
    </tr>
    <tr>
      <td><a href='https://www.isrctn.com/ISRCTN77512412' target='_blank'><div>ISRCTN77512412</div></a></td>
      <td>Assessment of the probiotic symprove as a dietary supplement in patients wi...</td>
      <td>Digestive System</td>
      <td>Adult</td>
      <td>186</td>
    </tr>
    <tr>
      <td><a href='https://www.isrctn.com/ISRCTN34410935' target='_blank'><div>ISRCTN34410935</div></a></td>
      <td>Combination therapy of Visudyne, Minocycline, Dexamethasone and Ranibizumab...</td>
      <td>Eye Diseases</td>
      <td>Adult</td>
      <td>20</td>
    </tr>
    <tr>
      <td><a href='https://www.isrctn.com/ISRCTN81349394' target='_blank'><div>ISRCTN81349394</div></a></td>
      <td>Randomised trial of N-acetylcysteine in laparoscopic bariatric surgery</td>
      <td>Nutritional, Metabolic, Endocrine</td>
      <td>Adult</td>
      <td>80</td>
    </tr>
    <tr>
      <td><a href='https://www.isrctn.com/ISRCTN33957677' target='_blank'><div>ISRCTN33957677</div></a></td>
      <td>A pilot study to examine the safety and efficacy of posterior juxta-scleral...</td>
      <td>Eye Diseases</td>
      <td>Adult</td>
      <td>80</td>
    </tr>
    <tr>
      <td><a href='https://www.isrctn.com/ISRCTN37118456' target='_blank'><div>ISRCTN37118456</div></a></td>
      <td>Antibiotics to Prevent Infections in Stroke</td>
      <td>Circulatory System</td>
      <td>Not Specified</td>
      <td>1200</td>
    </tr>
    <tr>
      <td><a href='https://www.isrctn.com/ISRCTN75436772' target='_blank'><div>ISRCTN75436772</div></a></td>
      <td>A placebo controlled trial of medical treatment of submucous fibroids with ...</td>
      <td>Urological and Genital Diseases</td>
      <td>Adult</td>
      <td>120</td>
    </tr>
    <tr>
      <td><a href='https://www.isrctn.com/ISRCTN95698259' target='_blank'><div>ISRCTN95698259</div></a></td>
      <td>Randomised double blind controlled trial of single dose methotrexate versus...</td>
      <td>Pregnancy and Childbirth</td>
      <td>Adult</td>
      <td>70</td>
    </tr>
    <tr>
      <td><a href='https://www.isrctn.com/ISRCTN16123934' target='_blank'><div>ISRCTN16123934</div></a></td>
      <td>Randomised controlled trial with pravastatin versus placebo for prevention ...</td>
      <td>Pregnancy and Childbirth</td>
      <td>Adult</td>
      <td>1120</td>
    </tr>
    <tr>
      <td><a href='https://www.isrctn.com/ISRCTN12680338' target='_blank'><div>ISRCTN12680338</div></a></td>
      <td>Rheumatoid arthritis prevention with abatacept - long-term outcome study</td>
      <td>Musculoskeletal Diseases</td>
      <td>Adult</td>
      <td>206</td>
    </tr>
    <tr>
      <td><a href='https://www.isrctn.com/ISRCTN12680338' target='_blank'><div>ISRCTN12680338</div></a></td>
      <td>Rheumatoid arthritis prevention with abatacept - long-term outcome study</td>
      <td>Musculoskeletal Diseases</td>
      <td>Adult</td>
      <td>206</td>
    </tr>
  </tbody>
</table>"
146,-21018.266452525222,6682449.373414582,Institute of Cancer Research,51.3444431,-0.1888103,29.0,21.922185341675,"<table border=""1"" class=""dataframe"">
  <thead>
    <tr style=""text-align: left;"">
      <th>ISRCTN link</th>
      <th>Title</th>
      <th>Condition category</th>
      <th>Age group</th>
      <th>Target number of participants</th>
    </tr>
  </thead>
  <tbody>
    <tr>
      <td><a href='https://www.isrctn.com/ISRCTN47127434' target='_blank'><div>ISRCTN47127434</div></a></td>
      <td>A trial to look for markers in the tumour cells and blood which signal that...</td>
      <td>Cancer</td>
      <td>Adult</td>
      <td>81</td>
    </tr>
    <tr>
      <td><a href='https://www.isrctn.com/ISRCTN24855462' target='_blank'><div>ISRCTN24855462</div></a></td>
      <td>A phase II randomised feasibility study of chemoresection or surgical manag...</td>
      <td>Cancer</td>
      <td>Adult</td>
      <td>174</td>
    </tr>
    <tr>
      <td><a href='https://www.isrctn.com/ISRCTN31243262' target='_blank'><div>ISRCTN31243262</div></a></td>
      <td>Evaluating the biological and clinical effects of the combination of palboc...</td>
      <td>Cancer</td>
      <td>Adult</td>
      <td>306</td>
    </tr>
    <tr>
      <td><a href='https://www.isrctn.com/ISRCTN63407050' target='_blank'><div>ISRCTN63407050</div></a></td>
      <td>CORAL: Cancer of the OvaRy Abiraterone triaL</td>
      <td>Cancer</td>
      <td>Adult</td>
      <td>47</td>
    </tr>
    <tr>
      <td><a href='https://www.isrctn.com/ISRCTN72679844' target='_blank'><div>ISRCTN72679844</div></a></td>
      <td>A Phase II study of axitinib in patients with metastatic renal cell cancer ...</td>
      <td>Cancer</td>
      <td>Adult</td>
      <td>99</td>
    </tr>
    <tr>
      <td><a href='https://www.isrctn.com/ISRCTN98387754' target='_blank'><div>ISRCTN98387754</div></a></td>
      <td>A Phase III randomised trial of perioperative chemotherapy versus surveilla...</td>
      <td>Cancer</td>
      <td>Adult</td>
      <td>345</td>
    </tr>
    <tr>
      <td><a href='https://www.isrctn.com/ISRCTN37875250' target='_blank'><div>ISRCTN37875250</div></a></td>
      <td>One cycle of adjuvant bleomycin, etoposide, cisplatin (BEP) chemotherapy in...</td>
      <td>Cancer</td>
      <td>Adult</td>
      <td>236</td>
    </tr>
    <tr>
      <td><a href='https://www.isrctn.com/ISRCTN63882543' target='_blank'><div>ISRCTN63882543</div></a></td>
      <td>Trial of PeriOperative Endocrine Therapy - Individualising Care</td>
      <td>Cancer</td>
      <td>Adult</td>
      <td>4000</td>
    </tr>
    <tr>
      <td><a href='https://www.isrctn.com/ISRCTN84681538' target='_blank'><div>ISRCTN84681538</div></a></td>
      <td>A randomised phase III placebo-controlled trial evaluating the addition of ...</td>
      <td>Cancer</td>
      <td>Adult</td>
      <td>475</td>
    </tr>
    <tr>
      <td><a href='https://www.isrctn.com/ISRCTN68068041' target='_blank'><div>ISRCTN68068041</div></a></td>
      <td>Trial of accelerated adjuvant chemotherapy with capecitabine in early breas...</td>
      <td>Cancer</td>
      <td>Adult</td>
      <td>4400</td>
    </tr>
    <tr>
      <td><a href='https://www.isrctn.com/ISRCTN48397858' target='_blank'><div>ISRCTN48397858</div></a></td>
      <td>A randomised trial of maintenance weekly paclitaxel versus observation foll...</td>
      <td>Cancer</td>
      <td>Adult</td>
      <td>1200</td>
    </tr>
    <tr>
      <td><a href='https://www.isrctn.com/ISRCTN19831176' target='_blank'><div>ISRCTN19831176</div></a></td>
      <td>A Randomised Comparative Trial of Infusional ECF (Epirubicin, Cisplatin and...</td>
      <td>Cancer</td>
      <td>Adult</td>
      <td>426</td>
    </tr>
    <tr>
      <td><a href='https://www.isrctn.com/ISRCTN83324925' target='_blank'><div>ISRCTN83324925</div></a></td>
      <td>A Randomised Comparative Trial of Infusional ECF versus Conventional FEC as...</td>
      <td>Cancer</td>
      <td>Adult</td>
      <td>348</td>
    </tr>
    <tr>
      <td><a href='https://www.isrctn.com/ISRCTN72868621' target='_blank'><div>ISRCTN72868621</div></a></td>
      <td>Randomised Phase III trial of navelbine/epirubicin versus navelbine/mitozan...</td>
      <td>Cancer</td>
      <td>Adult</td>
      <td>0</td>
    </tr>
    <tr>
      <td><a href='https://www.isrctn.com/ISRCTN89772270' target='_blank'><div>ISRCTN89772270</div></a></td>
      <td>A Multicentre Randomised Trial of Sequential Epirubicin and Docetaxel versu...</td>
      <td>Cancer</td>
      <td>Not Specified</td>
      <td>0</td>
    </tr>
    <tr>
      <td><a href='https://www.isrctn.com/ISRCTN99515843' target='_blank'><div>ISRCTN99515843</div></a></td>
      <td>A randomised trial of sequential aromatase inhibitors (AI) in postmenopausa...</td>
      <td>Cancer</td>
      <td>Not Specified</td>
      <td>0</td>
    </tr>
    <tr>
      <td><a href='https://www.isrctn.com/ISRCTN58585610' target='_blank'><div>ISRCTN58585610</div></a></td>
      <td>A randomised comparison of chlorambucil, fludarabine and fludarabine plus c...</td>
      <td>Cancer</td>
      <td>Not Specified</td>
      <td>750</td>
    </tr>
    <tr>
      <td><a href='https://www.isrctn.com/ISRCTN15124653' target='_blank'><div>ISRCTN15124653</div></a></td>
      <td>Phase II trial of olaparib in patients with advanced castration resistant p...</td>
      <td>Cancer</td>
      <td>Adult</td>
      <td>89</td>
    </tr>
    <tr>
      <td><a href='https://www.isrctn.com/ISRCTN22614215' target='_blank'><div>ISRCTN22614215</div></a></td>
      <td>Randomised trial testing observation (no radiotherapy) against radiotherapy...</td>
      <td>Cancer</td>
      <td>Senior</td>
      <td>2000</td>
    </tr>
    <tr>
      <td><a href='https://www.isrctn.com/ISRCTN79718493' target='_blank'><div>ISRCTN79718493</div></a></td>
      <td>A randomised trial of standard anthracycline-based chemotherapy with fluoro...</td>
      <td>Cancer</td>
      <td>Adult</td>
      <td>3340</td>
    </tr>
    <tr>
      <td><a href='https://www.isrctn.com/ISRCTN44195747' target='_blank'><div>ISRCTN44195747</div></a></td>
      <td>A partially-blind phase III randomised trial of fulvestrant (Faslodex™) wit...</td>
      <td>Cancer</td>
      <td>Not Specified</td>
      <td>750</td>
    </tr>
    <tr>
      <td><a href='https://www.isrctn.com/ISRCTN63733470' target='_blank'><div>ISRCTN63733470</div></a></td>
      <td>A phase II trial of Cediranib in the treatment of patients with Alveolar So...</td>
      <td>Cancer</td>
      <td>Adult</td>
      <td>36</td>
    </tr>
    <tr>
      <td><a href='https://www.isrctn.com/ISRCTN39058880' target='_blank'><div>ISRCTN39058880</div></a></td>
      <td>Nilotinib in the treatment of c-KIT mutated advanced melanoma</td>
      <td>Cancer</td>
      <td>Adult</td>
      <td>24</td>
    </tr>
    <tr>
      <td><a href='https://www.isrctn.com/ISRCTN68509377' target='_blank'><div>ISRCTN68509377</div></a></td>
      <td>A double-blind short-term presurgical study to assess the molecular predict...</td>
      <td>Cancer</td>
      <td>Adult</td>
      <td>120</td>
    </tr>
    <tr>
      <td><a href='https://www.isrctn.com/ISRCTN68509377' target='_blank'><div>ISRCTN68509377</div></a></td>
      <td>A double-blind short-term presurgical study to assess the molecular predict...</td>
      <td>Cancer</td>
      <td>Adult</td>
      <td>120</td>
    </tr>
    <tr>
      <td><a href='https://www.isrctn.com/ISRCTN41708421' target='_blank'><div>ISRCTN41708421</div></a></td>
      <td>Adjuvant Cytotoxic chemoTherapy In Older womeN</td>
      <td>Cancer</td>
      <td>Senior</td>
      <td>1000</td>
    </tr>
    <tr>
      <td><a href='https://www.isrctn.com/ISRCTN41708421' target='_blank'><div>ISRCTN41708421</div></a></td>
      <td>Adjuvant Cytotoxic chemoTherapy In Older womeN</td>
      <td>Cancer</td>
      <td>Senior</td>
      <td>1000</td>
    </tr>
    <tr>
      <td><a href='https://www.isrctn.com/ISRCTN97330959' target='_blank'><div>ISRCTN97330959</div></a></td>
      <td>Triple Negative Trial: a randomised phase III trial of carboplatin compared...</td>
      <td>Cancer</td>
      <td>Adult</td>
      <td>400</td>
    </tr>
    <tr>
      <td><a href='https://www.isrctn.com/ISRCTN97330959' target='_blank'><div>ISRCTN97330959</div></a></td>
      <td>Triple Negative Trial: a randomised phase III trial of carboplatin compared...</td>
      <td>Cancer</td>
      <td>Adult</td>
      <td>400</td>
    </tr>
  </tbody>
</table>"
147,-189653.25761654568,6644539.64747324,Defence Science and Technology Laboratory (Dstl),51.1312297,-1.7036842,10.0,15.306765580733934,"<table border=""1"" class=""dataframe"">
  <thead>
    <tr style=""text-align: left;"">
      <th>ISRCTN link</th>
      <th>Title</th>
      <th>Condition category</th>
      <th>Age group</th>
      <th>Target number of participants</th>
    </tr>
  </thead>
  <tbody>
    <tr>
      <td><a href='https://www.isrctn.com/ISRCTN15358284' target='_blank'><div>ISRCTN15358284</div></a></td>
      <td>A programme to develop a skin patch containing two medicines (physostigmine...</td>
      <td>Injury, Occupational Diseases, Poisoning</td>
      <td>Adult</td>
      <td>36</td>
    </tr>
    <tr>
      <td><a href='https://www.isrctn.com/ISRCTN73285902' target='_blank'><div>ISRCTN73285902</div></a></td>
      <td>A programme to develop a skin patch containing two medicines (physostigmine...</td>
      <td>Injury, Occupational Diseases, Poisoning</td>
      <td>Adult</td>
      <td>6</td>
    </tr>
    <tr>
      <td><a href='https://www.isrctn.com/ISRCTN21827000' target='_blank'><div>ISRCTN21827000</div></a></td>
      <td>A programme to develop a skin patch containing two medicines (physostigmine...</td>
      <td>Injury, Occupational Diseases, Poisoning</td>
      <td>Adult</td>
      <td>18</td>
    </tr>
    <tr>
      <td><a href='https://www.isrctn.com/ISRCTN10362655' target='_blank'><div>ISRCTN10362655</div></a></td>
      <td>A study of a skin patch containing two medicines (physostigmine and hyoscin...</td>
      <td>Injury, Occupational Diseases, Poisoning</td>
      <td>Adult</td>
      <td>36</td>
    </tr>
    <tr>
      <td><a href='https://www.isrctn.com/ISRCTN13607674' target='_blank'><div>ISRCTN13607674</div></a></td>
      <td>A programme to develop a skin patch containing two medicines (physostigmine...</td>
      <td>Injury, Occupational Diseases, Poisoning</td>
      <td>Adult</td>
      <td>30</td>
    </tr>
    <tr>
      <td><a href='https://www.isrctn.com/ISRCTN79173829' target='_blank'><div>ISRCTN79173829</div></a></td>
      <td>A programme to develop a skin patch containing two medicines (physostigmine...</td>
      <td>Injury, Occupational Diseases, Poisoning</td>
      <td>Adult</td>
      <td>30</td>
    </tr>
    <tr>
      <td><a href='https://www.isrctn.com/ISRCTN78730348' target='_blank'><div>ISRCTN78730348</div></a></td>
      <td>A study of the blood levels of physostigmine and hyoscine and associated sy...</td>
      <td>Injury, Occupational Diseases, Poisoning</td>
      <td>Adult</td>
      <td>32</td>
    </tr>
    <tr>
      <td><a href='https://www.isrctn.com/ISRCTN16859029' target='_blank'><div>ISRCTN16859029</div></a></td>
      <td>A programme to develop a skin patch containing two medicines (physostigmine...</td>
      <td>Injury, Occupational Diseases, Poisoning</td>
      <td>Adult</td>
      <td>24</td>
    </tr>
    <tr>
      <td><a href='https://www.isrctn.com/ISRCTN29062676' target='_blank'><div>ISRCTN29062676</div></a></td>
      <td>A programme to develop a skin patch containing two medicines (physostigmine...</td>
      <td>Injury, Occupational Diseases, Poisoning</td>
      <td>Adult</td>
      <td>24</td>
    </tr>
    <tr>
      <td><a href='https://www.isrctn.com/ISRCTN20647977' target='_blank'><div>ISRCTN20647977</div></a></td>
      <td>Examining whether any interactions occur between the antibiotic Ciprofloxac...</td>
      <td>Not Applicable</td>
      <td>Adult</td>
      <td>16</td>
    </tr>
  </tbody>
</table>"
149,-177353.03274524107,7362485.32925916,The Newcastle Upon Tyne Hospitals NHS Foundation Trust,55.0031904,-1.5931894,10.0,15.306765580733934,"<table border=""1"" class=""dataframe"">
  <thead>
    <tr style=""text-align: left;"">
      <th>ISRCTN link</th>
      <th>Title</th>
      <th>Condition category</th>
      <th>Age group</th>
      <th>Target number of participants</th>
    </tr>
  </thead>
  <tbody>
    <tr>
      <td><a href='https://www.isrctn.com/ISRCTN37815869' target='_blank'><div>ISRCTN37815869</div></a></td>
      <td>Repurposing carbamazepine for treatment of skeletal dysplasia in children</td>
      <td>Musculoskeletal Diseases</td>
      <td>Child</td>
      <td>40</td>
    </tr>
    <tr>
      <td><a href='https://www.isrctn.com/ISRCTN12895613' target='_blank'><div>ISRCTN12895613</div></a></td>
      <td>Can the drug acipimox relieve muscle symptoms in patients with mitochondria...</td>
      <td>Musculoskeletal Diseases</td>
      <td>Adult</td>
      <td>120</td>
    </tr>
    <tr>
      <td><a href='https://www.isrctn.com/ISRCTN89553116' target='_blank'><div>ISRCTN89553116</div></a></td>
      <td>A study of the benefit of a medicine called eculizumab in Shiga-Toxin produ...</td>
      <td>Infections and Infestations</td>
      <td>Child</td>
      <td>134</td>
    </tr>
    <tr>
      <td><a href='https://www.isrctn.com/ISRCTN65439252' target='_blank'><div>ISRCTN65439252</div></a></td>
      <td>Influence of age on response to new generation blood-thinning medicines</td>
      <td>Circulatory System</td>
      <td>Adult</td>
      <td>60</td>
    </tr>
    <tr>
      <td><a href='https://www.isrctn.com/ISRCTN27767229' target='_blank'><div>ISRCTN27767229</div></a></td>
      <td>Ciclosporin to reduce reperfusion injury in primary percutaneous coronary i...</td>
      <td>Circulatory System</td>
      <td>Adult</td>
      <td>68</td>
    </tr>
    <tr>
      <td><a href='https://www.isrctn.com/ISRCTN60323736' target='_blank'><div>ISRCTN60323736</div></a></td>
      <td>Riociguat in patients with respiratory disease and hypoxia</td>
      <td>Respiratory</td>
      <td>Adult</td>
      <td>10</td>
    </tr>
    <tr>
      <td><a href='https://www.isrctn.com/ISRCTN13324055' target='_blank'><div>ISRCTN13324055</div></a></td>
      <td>Analgesic efficacy of interpleural and paravertebral block</td>
      <td>Surgery</td>
      <td>Adult</td>
      <td>70</td>
    </tr>
    <tr>
      <td><a href='https://www.isrctn.com/ISRCTN36667085' target='_blank'><div>ISRCTN36667085</div></a></td>
      <td>Targeting the rheumatoid arthritis synovial fibroblast via cyclin dependent...</td>
      <td>Musculoskeletal Diseases</td>
      <td>Adult</td>
      <td>39</td>
    </tr>
    <tr>
      <td><a href='https://www.isrctn.com/ISRCTN07139948' target='_blank'><div>ISRCTN07139948</div></a></td>
      <td>Pilot trial of omeprazole in idiopathic pulmonary fibrosis (PPIPF Study)</td>
      <td>Respiratory</td>
      <td>Senior</td>
      <td>40</td>
    </tr>
    <tr>
      <td><a href='https://www.isrctn.com/ISRCTN78533119' target='_blank'><div>ISRCTN78533119</div></a></td>
      <td>What is the clinical effect and cost effectiveness of treating upper limb s...</td>
      <td>Circulatory System</td>
      <td>Adult</td>
      <td>390</td>
    </tr>
  </tbody>
</table>"
151,-266136.1597941943,6690894.71626981,Royal United Hospitals Bath NHS Foundation Trust,51.3918072,-2.3907418,2.0,5.306765580733931,"<table border=""1"" class=""dataframe"">
  <thead>
    <tr style=""text-align: left;"">
      <th>ISRCTN link</th>
      <th>Title</th>
      <th>Condition category</th>
      <th>Age group</th>
      <th>Target number of participants</th>
    </tr>
  </thead>
  <tbody>
    <tr>
      <td><a href='https://www.isrctn.com/ISRCTN79884739' target='_blank'><div>ISRCTN79884739</div></a></td>
      <td>Chewing gum and orthodontic pain</td>
      <td>Oral Health</td>
      <td>Child</td>
      <td>1000</td>
    </tr>
    <tr>
      <td><a href='https://www.isrctn.com/ISRCTN54363174' target='_blank'><div>ISRCTN54363174</div></a></td>
      <td>International Collaborative Infantile Spasms Study</td>
      <td>Nervous System Diseases</td>
      <td>Neonate</td>
      <td>410</td>
    </tr>
  </tbody>
</table>"
153,801109.9028615105,5413265.148653063,Laboratoires Horus Pharma,43.6618773,7.196492699999999,1.0,1.0,"<table border=""1"" class=""dataframe"">
  <thead>
    <tr style=""text-align: left;"">
      <th>ISRCTN link</th>
      <th>Title</th>
      <th>Condition category</th>
      <th>Age group</th>
      <th>Target number of participants</th>
    </tr>
  </thead>
  <tbody>
    <tr>
      <td><a href='https://www.isrctn.com/ISRCTN17861788' target='_blank'><div>ISRCTN17861788</div></a></td>
      <td>Evaluation of 0.18% HA emulsion eyedrop for moderate to severe dry eye</td>
      <td>Eye Diseases</td>
      <td>Adult</td>
      <td>40</td>
    </tr>
  </tbody>
</table>"
155,-15570.479816236762,6722139.742367595,The Whittington Hospital NHS Trust,51.5666133,-0.139872,2.0,5.306765580733931,"<table border=""1"" class=""dataframe"">
  <thead>
    <tr style=""text-align: left;"">
      <th>ISRCTN link</th>
      <th>Title</th>
      <th>Condition category</th>
      <th>Age group</th>
      <th>Target number of participants</th>
    </tr>
  </thead>
  <tbody>
    <tr>
      <td><a href='https://www.isrctn.com/ISRCTN31004502' target='_blank'><div>ISRCTN31004502</div></a></td>
      <td>A randomised, double blind, placebo controlled, crossover trial of the adju...</td>
      <td>Urological and Genital Diseases</td>
      <td>Adult</td>
      <td>40</td>
    </tr>
    <tr>
      <td><a href='https://www.isrctn.com/ISRCTN20127069' target='_blank'><div>ISRCTN20127069</div></a></td>
      <td>A randomised, double-blind validation of the significance of occult pyuria ...</td>
      <td>Urological and Genital Diseases</td>
      <td>Adult</td>
      <td>60</td>
    </tr>
  </tbody>
</table>"
158,-15264.796494518432,6714519.337898758,Joint UCLH and UCL Biomedical Research Unit,51.5240413,-0.137126,2.0,5.306765580733931,"<table border=""1"" class=""dataframe"">
  <thead>
    <tr style=""text-align: left;"">
      <th>ISRCTN link</th>
      <th>Title</th>
      <th>Condition category</th>
      <th>Age group</th>
      <th>Target number of participants</th>
    </tr>
  </thead>
  <tbody>
    <tr>
      <td><a href='https://www.isrctn.com/ISRCTN21613721' target='_blank'><div>ISRCTN21613721</div></a></td>
      <td>Self monitoring of methotrexate by patients with arthritis</td>
      <td>Musculoskeletal Diseases</td>
      <td>Adult</td>
      <td>150</td>
    </tr>
    <tr>
      <td><a href='https://www.isrctn.com/ISRCTN21613721' target='_blank'><div>ISRCTN21613721</div></a></td>
      <td>Self monitoring of methotrexate by patients with arthritis</td>
      <td>Musculoskeletal Diseases</td>
      <td>Adult</td>
      <td>150</td>
    </tr>
  </tbody>
</table>"
159,-660575.3464181816,7281622.521041222,Queen's University Belfast,54.5844087,-5.9340493,2.0,5.306765580733931,"<table border=""1"" class=""dataframe"">
  <thead>
    <tr style=""text-align: left;"">
      <th>ISRCTN link</th>
      <th>Title</th>
      <th>Condition category</th>
      <th>Age group</th>
      <th>Target number of participants</th>
    </tr>
  </thead>
  <tbody>
    <tr>
      <td><a href='https://www.isrctn.com/ISRCTN11160072' target='_blank'><div>ISRCTN11160072</div></a></td>
      <td>A study to help understand the outcomes of pre-surgical treatment for breas...</td>
      <td>Cancer</td>
      <td>Adult</td>
      <td>1000</td>
    </tr>
    <tr>
      <td><a href='https://www.isrctn.com/ISRCTN66445141' target='_blank'><div>ISRCTN66445141</div></a></td>
      <td>Fish Oils in Lupus</td>
      <td>Musculoskeletal Diseases</td>
      <td>Adult</td>
      <td>60</td>
    </tr>
  </tbody>
</table>"
160,-120620.79084650557,7164473.235862453,York Teaching Hospital NHS Foundation Trust,53.9699817,-1.083555,8.0,13.920296742201792,"<table border=""1"" class=""dataframe"">
  <thead>
    <tr style=""text-align: left;"">
      <th>ISRCTN link</th>
      <th>Title</th>
      <th>Condition category</th>
      <th>Age group</th>
      <th>Target number of participants</th>
    </tr>
  </thead>
  <tbody>
    <tr>
      <td><a href='https://www.isrctn.com/ISRCTN95679074' target='_blank'><div>ISRCTN95679074</div></a></td>
      <td>Improving cardiac function in high-risk surgical patients: exercise testing...</td>
      <td>Surgery</td>
      <td>Adult</td>
      <td>44</td>
    </tr>
    <tr>
      <td><a href='https://www.isrctn.com/ISRCTN58955026' target='_blank'><div>ISRCTN58955026</div></a></td>
      <td>Treating neovascular age-related macular degeneration with aflibercept</td>
      <td>Eye Diseases</td>
      <td>Adult</td>
      <td>40</td>
    </tr>
    <tr>
      <td><a href='https://www.isrctn.com/ISRCTN23353517' target='_blank'><div>ISRCTN23353517</div></a></td>
      <td>Assessing the safety, pharmacokinetics and pharmacodynamics of single and 1...</td>
      <td>Infections and Infestations</td>
      <td>Adult</td>
      <td>24</td>
    </tr>
    <tr>
      <td><a href='https://www.isrctn.com/ISRCTN87077451' target='_blank'><div>ISRCTN87077451</div></a></td>
      <td>Does Diamox have a significant effect on intraocular pressure after a Lucen...</td>
      <td>Ear, Nose and Throat</td>
      <td>Adult</td>
      <td>24</td>
    </tr>
    <tr>
      <td><a href='https://www.isrctn.com/ISRCTN41882213' target='_blank'><div>ISRCTN41882213</div></a></td>
      <td>Colloid or crystalloid for goal directed fluid therapy in patients undergoi...</td>
      <td>Digestive System</td>
      <td>Adult</td>
      <td>202</td>
    </tr>
    <tr>
      <td><a href='https://www.isrctn.com/ISRCTN64808733' target='_blank'><div>ISRCTN64808733</div></a></td>
      <td>A randomised double-blind phase 1 study to assess the pharmacokinetics of C...</td>
      <td>Infections and Infestations</td>
      <td>Adult</td>
      <td>30</td>
    </tr>
    <tr>
      <td><a href='https://www.isrctn.com/ISRCTN80601080' target='_blank'><div>ISRCTN80601080</div></a></td>
      <td>Does bicarbonate of soda affect water balance when it is prescribed to trea...</td>
      <td>Urological and Genital Diseases</td>
      <td>Adult</td>
      <td>60</td>
    </tr>
    <tr>
      <td><a href='https://www.isrctn.com/ISRCTN33549216' target='_blank'><div>ISRCTN33549216</div></a></td>
      <td>Randomised controlled, double blinded single centre trial to assess the eff...</td>
      <td>Surgery</td>
      <td>Adult</td>
      <td>124</td>
    </tr>
  </tbody>
</table>"
164,-458162.2034889477,6518740.385367721,Plymouth Hospitals NHS Trust,50.4166098,-4.1157411,8.0,13.920296742201792,"<table border=""1"" class=""dataframe"">
  <thead>
    <tr style=""text-align: left;"">
      <th>ISRCTN link</th>
      <th>Title</th>
      <th>Condition category</th>
      <th>Age group</th>
      <th>Target number of participants</th>
    </tr>
  </thead>
  <tbody>
    <tr>
      <td><a href='https://www.isrctn.com/ISRCTN16108482' target='_blank'><div>ISRCTN16108482</div></a></td>
      <td>Simvastatin as a neuroprotective treatment for moderate Parkinson's disease</td>
      <td>Nervous System Diseases</td>
      <td>Adult</td>
      <td>198</td>
    </tr>
    <tr>
      <td><a href='https://www.isrctn.com/ISRCTN49989464' target='_blank'><div>ISRCTN49989464</div></a></td>
      <td>Activity of sorafenib in schwannomas</td>
      <td>Cancer</td>
      <td>Adult</td>
      <td>14</td>
    </tr>
    <tr>
      <td><a href='https://www.isrctn.com/ISRCTN25343280' target='_blank'><div>ISRCTN25343280</div></a></td>
      <td>Patient controlled analgesia (PCA) versus routine care in the Emergency Dep...</td>
      <td>Injury, Occupational Diseases, Poisoning</td>
      <td>Adult</td>
      <td>400</td>
    </tr>
    <tr>
      <td><a href='https://www.isrctn.com/ISRCTN57443262' target='_blank'><div>ISRCTN57443262</div></a></td>
      <td>ANTICS: Antibiotic implant in cardiac surgery</td>
      <td>Injury, Occupational Diseases, Poisoning</td>
      <td>Adult</td>
      <td>200</td>
    </tr>
    <tr>
      <td><a href='https://www.isrctn.com/ISRCTN32524443' target='_blank'><div>ISRCTN32524443</div></a></td>
      <td>Phase II trial of single agent ofatumumab in relapsed/refractory mantle cel...</td>
      <td>Cancer</td>
      <td>Adult</td>
      <td>34</td>
    </tr>
    <tr>
      <td><a href='https://www.isrctn.com/ISRCTN78243308' target='_blank'><div>ISRCTN78243308</div></a></td>
      <td>A study into the effect of mechanical bowel preparation on aerobic exercise...</td>
      <td>Surgery</td>
      <td>Adult</td>
      <td>9</td>
    </tr>
    <tr>
      <td><a href='https://www.isrctn.com/ISRCTN20159589' target='_blank'><div>ISRCTN20159589</div></a></td>
      <td>A parallel randomised phase II trial of cyclophosphamide, adriamycin, vincr...</td>
      <td>Cancer</td>
      <td>Adult</td>
      <td>90</td>
    </tr>
    <tr>
      <td><a href='https://www.isrctn.com/ISRCTN62942668' target='_blank'><div>ISRCTN62942668</div></a></td>
      <td>Cannabinoids in progressive inflammatory brain disease (CUPID)</td>
      <td>Nervous System Diseases</td>
      <td>Adult</td>
      <td>500</td>
    </tr>
  </tbody>
</table>"
165,-240641.65869322798,7790655.39373056,NHS Grampian,57.1491035,-2.1617208,1.0,1.0,"<table border=""1"" class=""dataframe"">
  <thead>
    <tr style=""text-align: left;"">
      <th>ISRCTN link</th>
      <th>Title</th>
      <th>Condition category</th>
      <th>Age group</th>
      <th>Target number of participants</th>
    </tr>
  </thead>
  <tbody>
    <tr>
      <td><a href='https://www.isrctn.com/ISRCTN15529655' target='_blank'><div>ISRCTN15529655</div></a></td>
      <td>Melatonin in doctors and nurses working nightshifts</td>
      <td>Not Applicable</td>
      <td>Adult</td>
      <td>32</td>
    </tr>
  </tbody>
</table>"
167,-165690.47931304757,7053851.281417849,University of Sheffield,53.3813502,-1.4884229,5.0,11.0,"<table border=""1"" class=""dataframe"">
  <thead>
    <tr style=""text-align: left;"">
      <th>ISRCTN link</th>
      <th>Title</th>
      <th>Condition category</th>
      <th>Age group</th>
      <th>Target number of participants</th>
    </tr>
  </thead>
  <tbody>
    <tr>
      <td><a href='https://www.isrctn.com/ISRCTN36205515' target='_blank'><div>ISRCTN36205515</div></a></td>
      <td>Zoledronate on bone mineral density in patients with cancer remission and a...</td>
      <td>Cancer</td>
      <td>Adult</td>
      <td>80</td>
    </tr>
    <tr>
      <td><a href='https://www.isrctn.com/ISRCTN35811298' target='_blank'><div>ISRCTN35811298</div></a></td>
      <td>An investigation of the functional significance of marginal riboflavin stat...</td>
      <td>Nutritional, Metabolic, Endocrine</td>
      <td>Adult</td>
      <td>120</td>
    </tr>
    <tr>
      <td><a href='https://www.isrctn.com/ISRCTN36767778' target='_blank'><div>ISRCTN36767778</div></a></td>
      <td>Endocrine +/- Surgical Therapy for Elderly women with Mammary cancer</td>
      <td>Cancer</td>
      <td>Senior</td>
      <td>1200</td>
    </tr>
    <tr>
      <td><a href='https://www.isrctn.com/ISRCTN89369318' target='_blank'><div>ISRCTN89369318</div></a></td>
      <td>Investigation of the effect of InterLeukin-1 receptor Antagonist on markers...</td>
      <td>Circulatory System</td>
      <td>Adult</td>
      <td>186</td>
    </tr>
    <tr>
      <td><a href='https://www.isrctn.com/ISRCTN83586728' target='_blank'><div>ISRCTN83586728</div></a></td>
      <td>Cost-effective use of BISphosphonates in metastatic bone disease - a compar...</td>
      <td>Cancer</td>
      <td>Adult</td>
      <td>1400</td>
    </tr>
  </tbody>
</table>"
168,-135503.29394574172,7275518.420243988,South Tees Hospitals NHS Foundation Trust,54.5526198,-1.2172468,4.0,9.613531161467861,"<table border=""1"" class=""dataframe"">
  <thead>
    <tr style=""text-align: left;"">
      <th>ISRCTN link</th>
      <th>Title</th>
      <th>Condition category</th>
      <th>Age group</th>
      <th>Target number of participants</th>
    </tr>
  </thead>
  <tbody>
    <tr>
      <td><a href='https://www.isrctn.com/ISRCTN16613292' target='_blank'><div>ISRCTN16613292</div></a></td>
      <td>Telomerase activator TA-65MD®  in patients with ACS (TACTIC)</td>
      <td>Circulatory System</td>
      <td>Adult</td>
      <td>90</td>
    </tr>
    <tr>
      <td><a href='https://www.isrctn.com/ISRCTN82317088' target='_blank'><div>ISRCTN82317088</div></a></td>
      <td>Changes in bone density and bone turnover in patients with rheumatoid arthr...</td>
      <td>Musculoskeletal Diseases</td>
      <td>Adult</td>
      <td>46</td>
    </tr>
    <tr>
      <td><a href='https://www.isrctn.com/ISRCTN85124072' target='_blank'><div>ISRCTN85124072</div></a></td>
      <td>Oral versus vaginal misoprostol for medical management of early foetal demi...</td>
      <td>Pregnancy and Childbirth</td>
      <td>Adult</td>
      <td>240</td>
    </tr>
    <tr>
      <td><a href='https://www.isrctn.com/ISRCTN05886349' target='_blank'><div>ISRCTN05886349</div></a></td>
      <td>The STARS (steroids against re-stenosis) trial: the use of peri-procedural ...</td>
      <td>Circulatory System</td>
      <td>Not Specified</td>
      <td>548</td>
    </tr>
  </tbody>
</table>"
173,-15190.167907890624,6714706.415329954,UCLH,51.5250869,-0.1364556,3.0,7.826061944859854,"<table border=""1"" class=""dataframe"">
  <thead>
    <tr style=""text-align: left;"">
      <th>ISRCTN link</th>
      <th>Title</th>
      <th>Condition category</th>
      <th>Age group</th>
      <th>Target number of participants</th>
    </tr>
  </thead>
  <tbody>
    <tr>
      <td><a href='https://www.isrctn.com/ISRCTN98093105' target='_blank'><div>ISRCTN98093105</div></a></td>
      <td>Use of analgesic for children having dental treatment under local anaesthes...</td>
      <td>Signs and Symptoms</td>
      <td>Child</td>
      <td>40</td>
    </tr>
    <tr>
      <td><a href='https://www.isrctn.com/ISRCTN61074476' target='_blank'><div>ISRCTN61074476</div></a></td>
      <td>Randomised, double blind, placebo-controlled, trial of long-term ascorbic a...</td>
      <td>Nervous System Diseases</td>
      <td>Adult</td>
      <td>50</td>
    </tr>
    <tr>
      <td><a href='https://www.isrctn.com/ISRCTN61074476' target='_blank'><div>ISRCTN61074476</div></a></td>
      <td>Randomised, double blind, placebo-controlled, trial of long-term ascorbic a...</td>
      <td>Nervous System Diseases</td>
      <td>Adult</td>
      <td>50</td>
    </tr>
  </tbody>
</table>"
174,-364850.28785994987,6722050.558944443,Velindre NHS Trust,51.5661153,-3.2775059,4.0,9.613531161467861,"<table border=""1"" class=""dataframe"">
  <thead>
    <tr style=""text-align: left;"">
      <th>ISRCTN link</th>
      <th>Title</th>
      <th>Condition category</th>
      <th>Age group</th>
      <th>Target number of participants</th>
    </tr>
  </thead>
  <tbody>
    <tr>
      <td><a href='https://www.isrctn.com/ISRCTN13663157' target='_blank'><div>ISRCTN13663157</div></a></td>
      <td>Fulvestrant and vandetanib in advanced aromatase inhibitor resistant breast...</td>
      <td>Cancer</td>
      <td>Adult</td>
      <td>160</td>
    </tr>
    <tr>
      <td><a href='https://www.isrctn.com/ISRCTN47718479' target='_blank'><div>ISRCTN47718479</div></a></td>
      <td>Cisplatin, capecitabine, and radiation therapy with or without cetuximab in...</td>
      <td>Cancer</td>
      <td>Adult</td>
      <td>420</td>
    </tr>
    <tr>
      <td><a href='https://www.isrctn.com/ISRCTN80812769' target='_blank'><div>ISRCTN80812769</div></a></td>
      <td>A randomised phase III clinical trial investigating the effect of Fragmin® ...</td>
      <td>Cancer</td>
      <td>Adult</td>
      <td>2200</td>
    </tr>
    <tr>
      <td><a href='https://www.isrctn.com/ISRCTN13914201' target='_blank'><div>ISRCTN13914201</div></a></td>
      <td>A randomised pragmatic open-label, multicentre, non-crossover clinical stud...</td>
      <td>Cancer</td>
      <td>Adult</td>
      <td>1400</td>
    </tr>
  </tbody>
</table>"
176,-126341.62192981176,6914257.025768537,University Hospitals of Leicester NHS Trust,52.62677189999999,-1.1349461,19.0,19.294828004351505,"<table border=""1"" class=""dataframe"">
  <thead>
    <tr style=""text-align: left;"">
      <th>ISRCTN link</th>
      <th>Title</th>
      <th>Condition category</th>
      <th>Age group</th>
      <th>Target number of participants</th>
    </tr>
  </thead>
  <tbody>
    <tr>
      <td><a href='https://www.isrctn.com/ISRCTN18254597' target='_blank'><div>ISRCTN18254597</div></a></td>
      <td>Dupuytren's interventions surgery vs collagenase</td>
      <td>Musculoskeletal Diseases</td>
      <td>Adult</td>
      <td>710</td>
    </tr>
    <tr>
      <td><a href='https://www.isrctn.com/ISRCTN92328241' target='_blank'><div>ISRCTN92328241</div></a></td>
      <td>Head to head study of influenza H1N1 vaccines in adults</td>
      <td>Infections and Infestations</td>
      <td>Adult</td>
      <td>360</td>
    </tr>
    <tr>
      <td><a href='https://www.isrctn.com/ISRCTN93128659' target='_blank'><div>ISRCTN93128659</div></a></td>
      <td>Colonic curcumin tissue levels in patients awaiting colorectal endoscopy or...</td>
      <td>Cancer</td>
      <td>Adult</td>
      <td>30</td>
    </tr>
    <tr>
      <td><a href='https://www.isrctn.com/ISRCTN42366088' target='_blank'><div>ISRCTN42366088</div></a></td>
      <td>Study of the effectiveness of voriconazole in the treatment of Aspergillus ...</td>
      <td>Respiratory</td>
      <td>Adult</td>
      <td>70</td>
    </tr>
    <tr>
      <td><a href='https://www.isrctn.com/ISRCTN34320210' target='_blank'><div>ISRCTN34320210</div></a></td>
      <td>The effect of acidosis correction and exercise on tissue wasting and immune...</td>
      <td>Urological and Genital Diseases</td>
      <td>Adult</td>
      <td>40</td>
    </tr>
    <tr>
      <td><a href='https://www.isrctn.com/ISRCTN45049889' target='_blank'><div>ISRCTN45049889</div></a></td>
      <td>A study to determine whether a single hormone injection a month before inse...</td>
      <td>Urological and Genital Diseases</td>
      <td>Adult</td>
      <td>90</td>
    </tr>
    <tr>
      <td><a href='https://www.isrctn.com/ISRCTN58592532' target='_blank'><div>ISRCTN58592532</div></a></td>
      <td>The pharmacological treatment of nystagmus</td>
      <td>Eye Diseases</td>
      <td>Adult</td>
      <td>180</td>
    </tr>
    <tr>
      <td><a href='https://www.isrctn.com/ISRCTN61835374' target='_blank'><div>ISRCTN61835374</div></a></td>
      <td>A study of the influence of pheromones on superosmia</td>
      <td>Ear, Nose and Throat</td>
      <td>Not Specified</td>
      <td>100</td>
    </tr>
    <tr>
      <td><a href='https://www.isrctn.com/ISRCTN50895907' target='_blank'><div>ISRCTN50895907</div></a></td>
      <td>A double-blinded randomised controlled trial of the effects of sodium citra...</td>
      <td>Ear, Nose and Throat</td>
      <td>All</td>
      <td>100</td>
    </tr>
    <tr>
      <td><a href='https://www.isrctn.com/ISRCTN75393495' target='_blank'><div>ISRCTN75393495</div></a></td>
      <td>The Effect of Long term Low dose Erythromycin on cough frequency in chronic...</td>
      <td>Signs and Symptoms</td>
      <td>Not Specified</td>
      <td>40</td>
    </tr>
    <tr>
      <td><a href='https://www.isrctn.com/ISRCTN68691928' target='_blank'><div>ISRCTN68691928</div></a></td>
      <td>Prospective, double-blind, randomised trial to assess the efficacy of conti...</td>
      <td>Surgery</td>
      <td>Not Specified</td>
      <td>62</td>
    </tr>
    <tr>
      <td><a href='https://www.isrctn.com/ISRCTN82240782' target='_blank'><div>ISRCTN82240782</div></a></td>
      <td>Children receiving Heliox Inhalation in Croup: a randomised controlled tria...</td>
      <td>Respiratory</td>
      <td>Child</td>
      <td>142</td>
    </tr>
    <tr>
      <td><a href='https://www.isrctn.com/ISRCTN98978563' target='_blank'><div>ISRCTN98978563</div></a></td>
      <td>BAIL-OUT: 'Bail-out Anticoagulation in coronary Intervention TriaL - OUTcom...</td>
      <td>Circulatory System</td>
      <td>Not Specified</td>
      <td>100</td>
    </tr>
    <tr>
      <td><a href='https://www.isrctn.com/ISRCTN48675191' target='_blank'><div>ISRCTN48675191</div></a></td>
      <td>Epidermal growth factor enema versus mesalazine enema for the treatment of ...</td>
      <td>Digestive System</td>
      <td>Adult</td>
      <td>50</td>
    </tr>
    <tr>
      <td><a href='https://www.isrctn.com/ISRCTN82923678' target='_blank'><div>ISRCTN82923678</div></a></td>
      <td>Randomised controlled trial of the effects of fish oil emulsion in total pa...</td>
      <td>Nutritional, Metabolic, Endocrine</td>
      <td>Adult</td>
      <td>20</td>
    </tr>
    <tr>
      <td><a href='https://www.isrctn.com/ISRCTN34021674' target='_blank'><div>ISRCTN34021674</div></a></td>
      <td>A randomised, placebo-controlled, rising dose, crossover study to evaluate ...</td>
      <td>Musculoskeletal Diseases</td>
      <td>Adult</td>
      <td>24</td>
    </tr>
    <tr>
      <td><a href='https://www.isrctn.com/ISRCTN75169762' target='_blank'><div>ISRCTN75169762</div></a></td>
      <td>Mepolizumab and exacerbation frequency in refractory eosinophilic asthma: a...</td>
      <td>Respiratory</td>
      <td>Adult</td>
      <td>60</td>
    </tr>
    <tr>
      <td><a href='https://www.isrctn.com/ISRCTN65414827' target='_blank'><div>ISRCTN65414827</div></a></td>
      <td>Pharmacological Treatment of Congenital Nystagmus</td>
      <td>Eye Diseases</td>
      <td>Adult</td>
      <td>48</td>
    </tr>
    <tr>
      <td><a href='https://www.isrctn.com/ISRCTN87675276' target='_blank'><div>ISRCTN87675276</div></a></td>
      <td>SIOPEL-3 Liver Tumour Studies: hepatoblastoma and hepatocellular carcinoma</td>
      <td>Cancer</td>
      <td>Child</td>
      <td>500</td>
    </tr>
  </tbody>
</table>"
177,-39883.53602946498,7121862.737414685,Hull and East Yorkshire Hospitals NHS Trust,53.74422029999999,-0.3582799,16.0,18.227062322935723,"<table border=""1"" class=""dataframe"">
  <thead>
    <tr style=""text-align: left;"">
      <th>ISRCTN link</th>
      <th>Title</th>
      <th>Condition category</th>
      <th>Age group</th>
      <th>Target number of participants</th>
    </tr>
  </thead>
  <tbody>
    <tr>
      <td><a href='https://www.isrctn.com/ISRCTN87329095' target='_blank'><div>ISRCTN87329095</div></a></td>
      <td>Morphine and BrEathLessness trial (MABEL)</td>
      <td>Respiratory</td>
      <td>Adult</td>
      <td>158</td>
    </tr>
    <tr>
      <td><a href='https://www.isrctn.com/ISRCTN37787683' target='_blank'><div>ISRCTN37787683</div></a></td>
      <td>To determine if cardiovascular risk indices including postprandial hypertri...</td>
      <td>Nutritional, Metabolic, Endocrine</td>
      <td>Adult</td>
      <td>36</td>
    </tr>
    <tr>
      <td><a href='https://www.isrctn.com/ISRCTN24474824' target='_blank'><div>ISRCTN24474824</div></a></td>
      <td>Atorvastatin in polycystic ovary syndrome (PCOS)</td>
      <td>Nutritional, Metabolic, Endocrine</td>
      <td>Adult</td>
      <td>40</td>
    </tr>
    <tr>
      <td><a href='https://www.isrctn.com/ISRCTN03090939' target='_blank'><div>ISRCTN03090939</div></a></td>
      <td>A comparison of high cocoa solid with absent cocoa solid chocolate in patie...</td>
      <td>Nervous System Diseases</td>
      <td>Adult</td>
      <td>10</td>
    </tr>
    <tr>
      <td><a href='https://www.isrctn.com/ISRCTN55827330' target='_blank'><div>ISRCTN55827330</div></a></td>
      <td>A double-blind, placebo-controlled, crossover trial of soy phytoestrogens i...</td>
      <td>Nutritional, Metabolic, Endocrine</td>
      <td>Adult</td>
      <td>134</td>
    </tr>
    <tr>
      <td><a href='https://www.isrctn.com/ISRCTN41349358' target='_blank'><div>ISRCTN41349358</div></a></td>
      <td>Morphine for the relief of breathlessness in chronic heart failure (CHF)</td>
      <td>Circulatory System</td>
      <td>Adult</td>
      <td>346</td>
    </tr>
    <tr>
      <td><a href='https://www.isrctn.com/ISRCTN62869767' target='_blank'><div>ISRCTN62869767</div></a></td>
      <td>Angiotensin converting enzyme inhibitor (ACEi)/angiotensin receptor blocker...</td>
      <td>Urological and Genital Diseases</td>
      <td>Adult</td>
      <td>410</td>
    </tr>
    <tr>
      <td><a href='https://www.isrctn.com/ISRCTN59320820' target='_blank'><div>ISRCTN59320820</div></a></td>
      <td>Effect of lowering fatty acids levels with acipimox treatment on post-meal ...</td>
      <td>Nutritional, Metabolic, Endocrine</td>
      <td>Adult</td>
      <td>30</td>
    </tr>
    <tr>
      <td><a href='https://www.isrctn.com/ISRCTN49496801' target='_blank'><div>ISRCTN49496801</div></a></td>
      <td>Modified citrus pectin as therapy in heart failure</td>
      <td>Circulatory System</td>
      <td>Adult</td>
      <td>100</td>
    </tr>
    <tr>
      <td><a href='https://www.isrctn.com/ISRCTN48560305' target='_blank'><div>ISRCTN48560305</div></a></td>
      <td>Do women with polycystic ovary syndrome have increased cardiovascular risk ...</td>
      <td>Nutritional, Metabolic, Endocrine</td>
      <td>Adult</td>
      <td>40</td>
    </tr>
    <tr>
      <td><a href='https://www.isrctn.com/ISRCTN13415258' target='_blank'><div>ISRCTN13415258</div></a></td>
      <td>Clopidogrel versus Aspirin in Chronic HEart failure</td>
      <td>Circulatory System</td>
      <td>Adult</td>
      <td>3000</td>
    </tr>
    <tr>
      <td><a href='https://www.isrctn.com/ISRCTN90604927' target='_blank'><div>ISRCTN90604927</div></a></td>
      <td>A double-blind placebo-controlled parallel trial of soy phytoestrogens in p...</td>
      <td>Nutritional, Metabolic, Endocrine</td>
      <td>Adult</td>
      <td>250</td>
    </tr>
    <tr>
      <td><a href='https://www.isrctn.com/ISRCTN25655161' target='_blank'><div>ISRCTN25655161</div></a></td>
      <td>Effect of chocolate with and without polyphenols on health in type 2 diabet...</td>
      <td>Nutritional, Metabolic, Endocrine</td>
      <td>Adult</td>
      <td>20</td>
    </tr>
    <tr>
      <td><a href='https://www.isrctn.com/ISRCTN81902209' target='_blank'><div>ISRCTN81902209</div></a></td>
      <td>Are early and late cardiovascular risk markers in women with polycystic ova...</td>
      <td>Nutritional, Metabolic, Endocrine</td>
      <td>Adult</td>
      <td>36</td>
    </tr>
    <tr>
      <td><a href='https://www.isrctn.com/ISRCTN85268059' target='_blank'><div>ISRCTN85268059</div></a></td>
      <td>Opioids in the management of breathlessness in advanced heart failure</td>
      <td>Circulatory System</td>
      <td>Adult</td>
      <td>48</td>
    </tr>
    <tr>
      <td><a href='https://www.isrctn.com/ISRCTN73479504' target='_blank'><div>ISRCTN73479504</div></a></td>
      <td>Determination of whether the biological variation of fasting lipids differs...</td>
      <td>Nutritional, Metabolic, Endocrine</td>
      <td>Not Specified</td>
      <td>20</td>
    </tr>
  </tbody>
</table>"
182,-163237.19811104724,6967189.358494778,Derby Hospitals NHS Foundation Trust,52.91445119999999,-1.4663847,4.0,9.613531161467861,"<table border=""1"" class=""dataframe"">
  <thead>
    <tr style=""text-align: left;"">
      <th>ISRCTN link</th>
      <th>Title</th>
      <th>Condition category</th>
      <th>Age group</th>
      <th>Target number of participants</th>
    </tr>
  </thead>
  <tbody>
    <tr>
      <td><a href='https://www.isrctn.com/ISRCTN14552440' target='_blank'><div>ISRCTN14552440</div></a></td>
      <td>Does salbutamol reduce the pain of kidney stones when used alongside normal...</td>
      <td>Urological and Genital Diseases</td>
      <td>Adult</td>
      <td>118</td>
    </tr>
    <tr>
      <td><a href='https://www.isrctn.com/ISRCTN37809057' target='_blank'><div>ISRCTN37809057</div></a></td>
      <td>Dialysate magnesium - a novel tool to abrogate dialysis-induced myocardial ...</td>
      <td>Surgery</td>
      <td>Adult</td>
      <td>24</td>
    </tr>
    <tr>
      <td><a href='https://www.isrctn.com/ISRCTN23944748' target='_blank'><div>ISRCTN23944748</div></a></td>
      <td>The Role of Thalidomide in Reversing Cachexia in Patients with Oesophageal ...</td>
      <td>Cancer</td>
      <td>Adult</td>
      <td>34</td>
    </tr>
    <tr>
      <td><a href='https://www.isrctn.com/ISRCTN54765244' target='_blank'><div>ISRCTN54765244</div></a></td>
      <td>A randomized trial of armpit (axilla) treatment for women with early stage ...</td>
      <td>Cancer</td>
      <td>Adult</td>
      <td>1900</td>
    </tr>
  </tbody>
</table>"
183,-133453.6126895615,6753868.392878105,Oxford Health NHS Foundation Trust,51.74344,-1.1988342,1.0,1.0,"<table border=""1"" class=""dataframe"">
  <thead>
    <tr style=""text-align: left;"">
      <th>ISRCTN link</th>
      <th>Title</th>
      <th>Condition category</th>
      <th>Age group</th>
      <th>Target number of participants</th>
    </tr>
  </thead>
  <tbody>
    <tr>
      <td><a href='https://www.isrctn.com/ISRCTN89575054' target='_blank'><div>ISRCTN89575054</div></a></td>
      <td>Resistant Depression - Ketamine Infusion Trial Evaluation</td>
      <td>Mental and Behavioural Disorders</td>
      <td>Adult</td>
      <td>24</td>
    </tr>
  </tbody>
</table>"
184,-38419.796045024224,6757310.120189646,Hertfordshire Partnership Foundation NHS Trust,51.7625796,-0.3451309,2.0,5.306765580733931,"<table border=""1"" class=""dataframe"">
  <thead>
    <tr style=""text-align: left;"">
      <th>ISRCTN link</th>
      <th>Title</th>
      <th>Condition category</th>
      <th>Age group</th>
      <th>Target number of participants</th>
    </tr>
  </thead>
  <tbody>
    <tr>
      <td><a href='https://www.isrctn.com/ISRCTN58783633' target='_blank'><div>ISRCTN58783633</div></a></td>
      <td>Psychological Intervention Alcohol Misuse Learning Disability</td>
      <td>Mental and Behavioural Disorders</td>
      <td>Adult</td>
      <td>40</td>
    </tr>
    <tr>
      <td><a href='https://www.isrctn.com/ISRCTN61294249' target='_blank'><div>ISRCTN61294249</div></a></td>
      <td>A randomised controlled trial, economic evaluation and qualitative study of...</td>
      <td>Mental and Behavioural Disorders</td>
      <td>Adult</td>
      <td>256</td>
    </tr>
  </tbody>
</table>"
187,-322481.12118446006,7060800.051357996,Alder Hey Children's NHS Foundation Trust,53.4185677,-2.8968972,1.0,1.0,"<table border=""1"" class=""dataframe"">
  <thead>
    <tr style=""text-align: left;"">
      <th>ISRCTN link</th>
      <th>Title</th>
      <th>Condition category</th>
      <th>Age group</th>
      <th>Target number of participants</th>
    </tr>
  </thead>
  <tbody>
    <tr>
      <td><a href='https://www.isrctn.com/ISRCTN05534585' target='_blank'><div>ISRCTN05534585</div></a></td>
      <td>The use of melatonin in children with neuro-developmental disorders and imp...</td>
      <td>Nervous System Diseases</td>
      <td>Child</td>
      <td>114</td>
    </tr>
  </tbody>
</table>"
188,-366740.6152650595,7544689.865449221,Common Services Agency,55.9309895,-3.294487,4.0,9.613531161467861,"<table border=""1"" class=""dataframe"">
  <thead>
    <tr style=""text-align: left;"">
      <th>ISRCTN link</th>
      <th>Title</th>
      <th>Condition category</th>
      <th>Age group</th>
      <th>Target number of participants</th>
    </tr>
  </thead>
  <tbody>
    <tr>
      <td><a href='https://www.isrctn.com/ISRCTN70051203' target='_blank'><div>ISRCTN70051203</div></a></td>
      <td>Does giving an anti-epileptic drug before surgery help prevent seizures in ...</td>
      <td>Cancer</td>
      <td>Adult</td>
      <td>804</td>
    </tr>
    <tr>
      <td><a href='https://www.isrctn.com/ISRCTN96273644' target='_blank'><div>ISRCTN96273644</div></a></td>
      <td>A study to see how effective the drug Axitinib is at preventing cancer cell...</td>
      <td>Cancer</td>
      <td>Adult</td>
      <td>20</td>
    </tr>
    <tr>
      <td><a href='https://www.isrctn.com/ISRCTN23804370' target='_blank'><div>ISRCTN23804370</div></a></td>
      <td>Comparing ARomatase Inhibition when given with or without SaracaTinib as an...</td>
      <td>Cancer</td>
      <td>Adult</td>
      <td>140</td>
    </tr>
    <tr>
      <td><a href='https://www.isrctn.com/ISRCTN56886343' target='_blank'><div>ISRCTN56886343</div></a></td>
      <td>COSAK trial: cediranib and saracatanib/placebo in relapsed clear cell renal...</td>
      <td>Cancer</td>
      <td>Adult</td>
      <td>130</td>
    </tr>
  </tbody>
</table>"
200,-6553.233707661985,6713415.407300916,Barts and The London NHS Trust,51.5178708,-0.0588687,8.0,13.920296742201792,"<table border=""1"" class=""dataframe"">
  <thead>
    <tr style=""text-align: left;"">
      <th>ISRCTN link</th>
      <th>Title</th>
      <th>Condition category</th>
      <th>Age group</th>
      <th>Target number of participants</th>
    </tr>
  </thead>
  <tbody>
    <tr>
      <td><a href='https://www.isrctn.com/ISRCTN17109689' target='_blank'><div>ISRCTN17109689</div></a></td>
      <td>Correction of acidosis in chronic kidney disease (CKD)</td>
      <td>Urological and Genital Diseases</td>
      <td>Adult</td>
      <td>134</td>
    </tr>
    <tr>
      <td><a href='https://www.isrctn.com/ISRCTN66395033' target='_blank'><div>ISRCTN66395033</div></a></td>
      <td>The effect of treating patients with anaemia in diabetic nephropathy to dif...</td>
      <td>Haematological Disorders</td>
      <td>Adult</td>
      <td>160</td>
    </tr>
    <tr>
      <td><a href='https://www.isrctn.com/ISRCTN41687085' target='_blank'><div>ISRCTN41687085</div></a></td>
      <td>A randomised, open label controlled trial of Epoetin Beta in the treatment ...</td>
      <td>Haematological Disorders</td>
      <td>Adult</td>
      <td>120</td>
    </tr>
    <tr>
      <td><a href='https://www.isrctn.com/ISRCTN98011567' target='_blank'><div>ISRCTN98011567</div></a></td>
      <td>REGiME Trial: Prolonged treatment with darbepoetin alpha (DA) in patients w...</td>
      <td>Cancer</td>
      <td>Adult</td>
      <td>360</td>
    </tr>
    <tr>
      <td><a href='https://www.isrctn.com/ISRCTN71601938' target='_blank'><div>ISRCTN71601938</div></a></td>
      <td>Single agent pegylated arginine deiminase (ADI-PEG 20) in patients with mal...</td>
      <td>Cancer</td>
      <td>Adult</td>
      <td>63</td>
    </tr>
    <tr>
      <td><a href='https://www.isrctn.com/ISRCTN65652441' target='_blank'><div>ISRCTN65652441</div></a></td>
      <td>REGiM: Prolonged treatment with darbepoetin alpha (EPO), with/without recom...</td>
      <td>Cancer</td>
      <td>Adult</td>
      <td>1200</td>
    </tr>
    <tr>
      <td><a href='https://www.isrctn.com/ISRCTN37500282' target='_blank'><div>ISRCTN37500282</div></a></td>
      <td>The cerebrospinal fluid (CSF) pharmacokinetics of a single pre-operative in...</td>
      <td>Surgery</td>
      <td>Adult</td>
      <td>20</td>
    </tr>
    <tr>
      <td><a href='https://www.isrctn.com/ISRCTN08648791' target='_blank'><div>ISRCTN08648791</div></a></td>
      <td>A randomised phase III toxicity study of day 2, 8, 15 short (30 minute) ver...</td>
      <td>Cancer</td>
      <td>Adult</td>
      <td>212</td>
    </tr>
  </tbody>
</table>"
203,-166112.8477250154,6606707.166469794,Southern Health NHS Foundation Trust,50.9174648,-1.4922171,1.0,1.0,"<table border=""1"" class=""dataframe"">
  <thead>
    <tr style=""text-align: left;"">
      <th>ISRCTN link</th>
      <th>Title</th>
      <th>Condition category</th>
      <th>Age group</th>
      <th>Target number of participants</th>
    </tr>
  </thead>
  <tbody>
    <tr>
      <td><a href='https://www.isrctn.com/ISRCTN61129760' target='_blank'><div>ISRCTN61129760</div></a></td>
      <td>Liraglutide and the management of overweight and obesity in people with sch...</td>
      <td>Mental and Behavioural Disorders</td>
      <td>Adult</td>
      <td>60</td>
    </tr>
  </tbody>
</table>"
213,-9020594.4764064,4032555.551956277,National Baromedical Services,34.0279493,-81.0333789,1.0,1.0,"<table border=""1"" class=""dataframe"">
  <thead>
    <tr style=""text-align: left;"">
      <th>ISRCTN link</th>
      <th>Title</th>
      <th>Condition category</th>
      <th>Age group</th>
      <th>Target number of participants</th>
    </tr>
  </thead>
  <tbody>
    <tr>
      <td><a href='https://www.isrctn.com/ISRCTN93840508' target='_blank'><div>ISRCTN93840508</div></a></td>
      <td>Hyperbaric radiation sensitization of head and neck cancers</td>
      <td>Cancer</td>
      <td>Adult</td>
      <td>400</td>
    </tr>
  </tbody>
</table>"
227,-220.1788208400158,6645224.208730207,Queen Victoria Hospital NHS Foundation Trust,51.1350886,-0.0019779,1.0,1.0,"<table border=""1"" class=""dataframe"">
  <thead>
    <tr style=""text-align: left;"">
      <th>ISRCTN link</th>
      <th>Title</th>
      <th>Condition category</th>
      <th>Age group</th>
      <th>Target number of participants</th>
    </tr>
  </thead>
  <tbody>
    <tr>
      <td><a href='https://www.isrctn.com/ISRCTN77607163' target='_blank'><div>ISRCTN77607163</div></a></td>
      <td>Does paracetamol given by mouth before wisdom tooth extraction give equal p...</td>
      <td>Signs and Symptoms</td>
      <td>Adult</td>
      <td>116</td>
    </tr>
  </tbody>
</table>"
228,-13365.685981585186,6714388.318265595,Institute of Child Health,51.523309,-0.120066,2.0,5.306765580733931,"<table border=""1"" class=""dataframe"">
  <thead>
    <tr style=""text-align: left;"">
      <th>ISRCTN link</th>
      <th>Title</th>
      <th>Condition category</th>
      <th>Age group</th>
      <th>Target number of participants</th>
    </tr>
  </thead>
  <tbody>
    <tr>
      <td><a href='https://www.isrctn.com/ISRCTN81030001' target='_blank'><div>ISRCTN81030001</div></a></td>
      <td>Double blind, placebo controlled crossover study of the efficacy and side e...</td>
      <td>Skin and Connective Tissue Diseases</td>
      <td>Child</td>
      <td>40</td>
    </tr>
    <tr>
      <td><a href='https://www.isrctn.com/ISRCTN86556841' target='_blank'><div>ISRCTN86556841</div></a></td>
      <td>Perioperative glutamine administration: a potential therapy for preventing ...</td>
      <td>Surgery</td>
      <td>Child</td>
      <td>96</td>
    </tr>
  </tbody>
</table>"
229,-219718.50361363654,6572151.6785112135,Poole Hospital NHS Foundation Trust,50.7213539,-1.9737649,1.0,1.0,"<table border=""1"" class=""dataframe"">
  <thead>
    <tr style=""text-align: left;"">
      <th>ISRCTN link</th>
      <th>Title</th>
      <th>Condition category</th>
      <th>Age group</th>
      <th>Target number of participants</th>
    </tr>
  </thead>
  <tbody>
    <tr>
      <td><a href='https://www.isrctn.com/ISRCTN14898678' target='_blank'><div>ISRCTN14898678</div></a></td>
      <td>Pethidine versus Diamorphine Study</td>
      <td>Pregnancy and Childbirth</td>
      <td>Adult</td>
      <td>450</td>
    </tr>
  </tbody>
</table>"
230,-424589.458448146,6730584.303541024,Abertawe Bro Morgannwg University Health Board,51.613743,-3.814152,1.0,1.0,"<table border=""1"" class=""dataframe"">
  <thead>
    <tr style=""text-align: left;"">
      <th>ISRCTN link</th>
      <th>Title</th>
      <th>Condition category</th>
      <th>Age group</th>
      <th>Target number of participants</th>
    </tr>
  </thead>
  <tbody>
    <tr>
      <td><a href='https://www.isrctn.com/ISRCTN40935649' target='_blank'><div>ISRCTN40935649</div></a></td>
      <td>Inflammatory response in major injury and recovery - erythropoietin</td>
      <td>Injury, Occupational Diseases, Poisoning</td>
      <td>Adult</td>
      <td>400</td>
    </tr>
  </tbody>
</table>"
238,-337638.20493968687,7651395.375952595,NHS Tayside,56.4642503,-3.0330556,8.0,13.920296742201792,"<table border=""1"" class=""dataframe"">
  <thead>
    <tr style=""text-align: left;"">
      <th>ISRCTN link</th>
      <th>Title</th>
      <th>Condition category</th>
      <th>Age group</th>
      <th>Target number of participants</th>
    </tr>
  </thead>
  <tbody>
    <tr>
      <td><a href='https://www.isrctn.com/ISRCTN90094835' target='_blank'><div>ISRCTN90094835</div></a></td>
      <td>Leucine and ACEi to treat sarcopenia</td>
      <td>Musculoskeletal Diseases</td>
      <td>Adult</td>
      <td>352</td>
    </tr>
    <tr>
      <td><a href='https://www.isrctn.com/ISRCTN31319378' target='_blank'><div>ISRCTN31319378</div></a></td>
      <td>A randomised, placebo controlled trial of levobupivacaine or the combinatio...</td>
      <td>Nervous System Diseases</td>
      <td>Not Specified</td>
      <td>180</td>
    </tr>
    <tr>
      <td><a href='https://www.isrctn.com/ISRCTN40302163' target='_blank'><div>ISRCTN40302163</div></a></td>
      <td>A randomised controlled trial of oxytocin 5 IU versus oxytocin 5 IU and 30 ...</td>
      <td>Pregnancy and Childbirth</td>
      <td>Adult</td>
      <td>120</td>
    </tr>
    <tr>
      <td><a href='https://www.isrctn.com/ISRCTN30564012' target='_blank'><div>ISRCTN30564012</div></a></td>
      <td>STOP-COVID19: Superiority Trial Of Protease inhibition in COVID-19 (coronav...</td>
      <td>Infections and Infestations</td>
      <td>Adult</td>
      <td>400</td>
    </tr>
    <tr>
      <td><a href='https://www.isrctn.com/ISRCTN11081180' target='_blank'><div>ISRCTN11081180</div></a></td>
      <td>Does allopurinol reduce the size of the right side of the heart in patients...</td>
      <td>Circulatory System</td>
      <td>Adult</td>
      <td>72</td>
    </tr>
    <tr>
      <td><a href='https://www.isrctn.com/ISRCTN58995463' target='_blank'><div>ISRCTN58995463</div></a></td>
      <td>PreFACE Study: Preventing Falls with ACE (angiotensin-converting-enzyme) in...</td>
      <td>Signs and Symptoms</td>
      <td>Senior</td>
      <td>80</td>
    </tr>
    <tr>
      <td><a href='https://www.isrctn.com/ISRCTN40476871' target='_blank'><div>ISRCTN40476871</div></a></td>
      <td>Does allopurinol reduce thickening of the left ventricle of the heart in pa...</td>
      <td>Circulatory System</td>
      <td>Adult</td>
      <td>66</td>
    </tr>
    <tr>
      <td><a href='https://www.isrctn.com/ISRCTN40476871' target='_blank'><div>ISRCTN40476871</div></a></td>
      <td>Does allopurinol reduce thickening of the left ventricle of the heart in pa...</td>
      <td>Circulatory System</td>
      <td>Adult</td>
      <td>66</td>
    </tr>
  </tbody>
</table>"
241,-301253.7522004287,7130511.553403362,Lancashire Teaching Hospitals NHS Trust,53.79014249999999,-2.7062085,2.0,5.306765580733931,"<table border=""1"" class=""dataframe"">
  <thead>
    <tr style=""text-align: left;"">
      <th>ISRCTN link</th>
      <th>Title</th>
      <th>Condition category</th>
      <th>Age group</th>
      <th>Target number of participants</th>
    </tr>
  </thead>
  <tbody>
    <tr>
      <td><a href='https://www.isrctn.com/ISRCTN03885092' target='_blank'><div>ISRCTN03885092</div></a></td>
      <td>A randomised, double-blind controlled trial of mometosone furoate cream ver...</td>
      <td>Signs and Symptoms</td>
      <td>Adult</td>
      <td>120</td>
    </tr>
    <tr>
      <td><a href='https://www.isrctn.com/ISRCTN51902376' target='_blank'><div>ISRCTN51902376</div></a></td>
      <td>Double-blind clinical trial of taurolidine-citrate for the prevention of in...</td>
      <td>Infections and Infestations</td>
      <td>Adult</td>
      <td>100</td>
    </tr>
  </tbody>
</table>"
253,-198659.46083163374,6722173.3028083015,Medical Research Council,51.56680069999999,-1.7845883,14.0,17.397385131955605,"<table border=""1"" class=""dataframe"">
  <thead>
    <tr style=""text-align: left;"">
      <th>ISRCTN link</th>
      <th>Title</th>
      <th>Condition category</th>
      <th>Age group</th>
      <th>Target number of participants</th>
    </tr>
  </thead>
  <tbody>
    <tr>
      <td><a href='https://www.isrctn.com/ISRCTN84356042' target='_blank'><div>ISRCTN84356042</div></a></td>
      <td>CMV chemotherapy for pure squamous cell cancer of the urinary tract</td>
      <td>Cancer</td>
      <td>Adult</td>
      <td>45</td>
    </tr>
    <tr>
      <td><a href='https://www.isrctn.com/ISRCTN34044390' target='_blank'><div>ISRCTN34044390</div></a></td>
      <td>NALoxone InVEstigation (N-ALIVE) Pilot Randomised Controlled Trial (RCT)</td>
      <td>Injury, Occupational Diseases, Poisoning</td>
      <td>Adult</td>
      <td>5600</td>
    </tr>
    <tr>
      <td><a href='https://www.isrctn.com/ISRCTN04857074' target='_blank'><div>ISRCTN04857074</div></a></td>
      <td>A randomised controlled trial of a strategy of switching to boosted proteas...</td>
      <td>Infections and Infestations</td>
      <td>Adult</td>
      <td>400</td>
    </tr>
    <tr>
      <td><a href='https://www.isrctn.com/ISRCTN38934710' target='_blank'><div>ISRCTN38934710</div></a></td>
      <td>SORCE: a phase III randomised double-blind study comparing SOrafenib with p...</td>
      <td>Cancer</td>
      <td>Adult</td>
      <td>1656</td>
    </tr>
    <tr>
      <td><a href='https://www.isrctn.com/ISRCTN68510403' target='_blank'><div>ISRCTN68510403</div></a></td>
      <td>A trial looking at cediranib for ovarian cancer that has come back (ICON6)</td>
      <td>Cancer</td>
      <td>Adult</td>
      <td>470</td>
    </tr>
    <tr>
      <td><a href='https://www.isrctn.com/ISRCTN46020948' target='_blank'><div>ISRCTN46020948</div></a></td>
      <td>A randomised phase II/III trial of peri-operative chemotherapy with or with...</td>
      <td>Cancer</td>
      <td>Adult</td>
      <td>1100</td>
    </tr>
    <tr>
      <td><a href='https://www.isrctn.com/ISRCTN91273375' target='_blank'><div>ISRCTN91273375</div></a></td>
      <td>A randomised, two-arm, multicentre Gynaecologic Cancer InterGroup trial of ...</td>
      <td>Cancer</td>
      <td>Adult</td>
      <td>1520</td>
    </tr>
    <tr>
      <td><a href='https://www.isrctn.com/ISRCTN21221452' target='_blank'><div>ISRCTN21221452</div></a></td>
      <td>FOCUS 2: Drug treatment for bowel cancer - making the best choices when a m...</td>
      <td>Cancer</td>
      <td>Adult</td>
      <td>460</td>
    </tr>
    <tr>
      <td><a href='https://www.isrctn.com/ISRCTN63027630' target='_blank'><div>ISRCTN63027630</div></a></td>
      <td>A randomised phase II/III trial of induction chemotherapy followed by Conti...</td>
      <td>Cancer</td>
      <td>Adult</td>
      <td>46</td>
    </tr>
    <tr>
      <td><a href='https://www.isrctn.com/ISRCTN34596899' target='_blank'><div>ISRCTN34596899</div></a></td>
      <td>A pilot study to investigate the effect of pioglitazone on muscle and liver...</td>
      <td>Nutritional, Metabolic, Endocrine</td>
      <td>Adult</td>
      <td>26</td>
    </tr>
    <tr>
      <td><a href='https://www.isrctn.com/ISRCTN27286448' target='_blank'><div>ISRCTN27286448</div></a></td>
      <td>A Phase III trial comparing either COntinuous chemotherapy plus cetuximab o...</td>
      <td>Cancer</td>
      <td>Not Specified</td>
      <td>2421</td>
    </tr>
    <tr>
      <td><a href='https://www.isrctn.com/ISRCTN78818544' target='_blank'><div>ISRCTN78818544</div></a></td>
      <td>Systemic therapy in advanced or metastatic prostate cancer: evaluation of d...</td>
      <td>Cancer</td>
      <td>Adult</td>
      <td>8100</td>
    </tr>
    <tr>
      <td><a href='https://www.isrctn.com/ISRCTN06722585' target='_blank'><div>ISRCTN06722585</div></a></td>
      <td>PRION-1: Quinacrine for human prion disease. A partially randomised patient...</td>
      <td>Nervous System Diseases</td>
      <td>Adult</td>
      <td>160</td>
    </tr>
    <tr>
      <td><a href='https://www.isrctn.com/ISRCTN31345163' target='_blank'><div>ISRCTN31345163</div></a></td>
      <td>GENetic and clinical Predictors Of treatment response in Depression</td>
      <td>Mental and Behavioural Disorders</td>
      <td>Adult</td>
      <td>887</td>
    </tr>
  </tbody>
</table>"
265,-255275.07329986515,7055247.716972181,University Hospital of South Manchester NHS Foundation Trust,53.38883209999999,-2.293175,13.0,16.936926411670825,"<table border=""1"" class=""dataframe"">
  <thead>
    <tr style=""text-align: left;"">
      <th>ISRCTN link</th>
      <th>Title</th>
      <th>Condition category</th>
      <th>Age group</th>
      <th>Target number of participants</th>
    </tr>
  </thead>
  <tbody>
    <tr>
      <td><a href='https://www.isrctn.com/ISRCTN91621241' target='_blank'><div>ISRCTN91621241</div></a></td>
      <td>The PIROUETTE trial</td>
      <td>Circulatory System</td>
      <td>Adult</td>
      <td>200</td>
    </tr>
    <tr>
      <td><a href='https://www.isrctn.com/ISRCTN15575894' target='_blank'><div>ISRCTN15575894</div></a></td>
      <td>Breast Cancer - anti-progestin prevention study 1</td>
      <td>Cancer</td>
      <td>Adult</td>
      <td>30</td>
    </tr>
    <tr>
      <td><a href='https://www.isrctn.com/ISRCTN13279602' target='_blank'><div>ISRCTN13279602</div></a></td>
      <td>Pharmacological modulation of the urge to cough: the effects of morphine su...</td>
      <td>Signs and Symptoms</td>
      <td>Adult</td>
      <td>60</td>
    </tr>
    <tr>
      <td><a href='https://www.isrctn.com/ISRCTN77000698' target='_blank'><div>ISRCTN77000698</div></a></td>
      <td>Double-blind randomised controlled trial of Lesogaberan in cough</td>
      <td>Respiratory</td>
      <td>Adult</td>
      <td>60</td>
    </tr>
    <tr>
      <td><a href='https://www.isrctn.com/ISRCTN18530525' target='_blank'><div>ISRCTN18530525</div></a></td>
      <td>Copper (II) chelation therapy in the treatment of hypertrophic cardiomyopat...</td>
      <td>Circulatory System</td>
      <td>Adult</td>
      <td>20</td>
    </tr>
    <tr>
      <td><a href='https://www.isrctn.com/ISRCTN82391675' target='_blank'><div>ISRCTN82391675</div></a></td>
      <td>GARMIn: The Role of GABAB Receptor Mechanisms in Cough</td>
      <td>Respiratory</td>
      <td>Adult</td>
      <td>15</td>
    </tr>
    <tr>
      <td><a href='https://www.isrctn.com/ISRCTN53844391' target='_blank'><div>ISRCTN53844391</div></a></td>
      <td>Introduction of breast cancer prevention with tamoxifen for high risk preme...</td>
      <td>Cancer</td>
      <td>Adult</td>
      <td>200</td>
    </tr>
    <tr>
      <td><a href='https://www.isrctn.com/ISRCTN99941214' target='_blank'><div>ISRCTN99941214</div></a></td>
      <td>Open-label pilot study of memantine in chronic cough patients attending a s...</td>
      <td>Signs and Symptoms</td>
      <td>Adult</td>
      <td>15</td>
    </tr>
    <tr>
      <td><a href='https://www.isrctn.com/ISRCTN35917266' target='_blank'><div>ISRCTN35917266</div></a></td>
      <td>The effect of Naltrexone, an Opiate Receptor Antagonist, on capsaicin dose-...</td>
      <td>Respiratory</td>
      <td>Not Specified</td>
      <td>20</td>
    </tr>
    <tr>
      <td><a href='https://www.isrctn.com/ISRCTN71629284' target='_blank'><div>ISRCTN71629284</div></a></td>
      <td>Does N-Acetylcysteine (Parvolex®) prophylaxis reduce the incidence of renal...</td>
      <td>Urological and Genital Diseases</td>
      <td>Not Specified</td>
      <td>224</td>
    </tr>
    <tr>
      <td><a href='https://www.isrctn.com/ISRCTN43384456' target='_blank'><div>ISRCTN43384456</div></a></td>
      <td>An evaluation of potential therapies to inhibit cerebral emboli in dementia</td>
      <td>Mental and Behavioural Disorders</td>
      <td>Senior</td>
      <td>90</td>
    </tr>
    <tr>
      <td><a href='https://www.isrctn.com/ISRCTN61552714' target='_blank'><div>ISRCTN61552714</div></a></td>
      <td>Randomised, placebo controlled trial of itraconazole in the treatment of fu...</td>
      <td>Respiratory</td>
      <td>Adult</td>
      <td>100</td>
    </tr>
    <tr>
      <td><a href='https://www.isrctn.com/ISRCTN27327721' target='_blank'><div>ISRCTN27327721</div></a></td>
      <td>A randomised placebo-controlled trial of rivastigmine in delirium in older ...</td>
      <td>Signs and Symptoms</td>
      <td>Senior</td>
      <td>50</td>
    </tr>
  </tbody>
</table>"
270,552056.6874091139,6853441.084203458,Academic Medical Centre (AMC) (Netherlands),52.2938961,4.959209599999999,1.0,1.0,"<table border=""1"" class=""dataframe"">
  <thead>
    <tr style=""text-align: left;"">
      <th>ISRCTN link</th>
      <th>Title</th>
      <th>Condition category</th>
      <th>Age group</th>
      <th>Target number of participants</th>
    </tr>
  </thead>
  <tbody>
    <tr>
      <td><a href='https://www.isrctn.com/ISRCTN15893334' target='_blank'><div>ISRCTN15893334</div></a></td>
      <td>Intravenous immunoglobulin and intravenous methylprednisolone as optimal fi...</td>
      <td>Nervous System Diseases</td>
      <td>Adult</td>
      <td>96</td>
    </tr>
  </tbody>
</table>"
274,-329470.4044695083,7057130.743059783,Liverpool Women's NHS Foundation Trust,53.398919,-2.959683,6.0,12.132827525593784,"<table border=""1"" class=""dataframe"">
  <thead>
    <tr style=""text-align: left;"">
      <th>ISRCTN link</th>
      <th>Title</th>
      <th>Condition category</th>
      <th>Age group</th>
      <th>Target number of participants</th>
    </tr>
  </thead>
  <tbody>
    <tr>
      <td><a href='https://www.isrctn.com/ISRCTN05696887' target='_blank'><div>ISRCTN05696887</div></a></td>
      <td>Duration of luteal support with progesterone pessaries to improve the succe...</td>
      <td>Pregnancy and Childbirth</td>
      <td>Adult</td>
      <td>460</td>
    </tr>
    <tr>
      <td><a href='https://www.isrctn.com/ISRCTN76597892' target='_blank'><div>ISRCTN76597892</div></a></td>
      <td>Standardised, Concentrated and Additional Macronutrients in neonatal Parent...</td>
      <td>Neonatal Diseases</td>
      <td>Neonate</td>
      <td>150</td>
    </tr>
    <tr>
      <td><a href='https://www.isrctn.com/ISRCTN89493983' target='_blank'><div>ISRCTN89493983</div></a></td>
      <td>A randomised controlled trial of thyroxine in preterm infants under 28 week...</td>
      <td>Neonatal Diseases</td>
      <td>Neonate</td>
      <td>150</td>
    </tr>
    <tr>
      <td><a href='https://www.isrctn.com/ISRCTN28090716' target='_blank'><div>ISRCTN28090716</div></a></td>
      <td>A randomised controlled trial of prednisolone for women with recurrent misc...</td>
      <td>Pregnancy and Childbirth</td>
      <td>Adult</td>
      <td>136</td>
    </tr>
    <tr>
      <td><a href='https://www.isrctn.com/ISRCTN57007037' target='_blank'><div>ISRCTN57007037</div></a></td>
      <td>A randomised trial to evaluate misoprostol for induction of labour followin...</td>
      <td>Pregnancy and Childbirth</td>
      <td>Adult</td>
      <td>1890</td>
    </tr>
    <tr>
      <td><a href='https://www.isrctn.com/ISRCTN13204258' target='_blank'><div>ISRCTN13204258</div></a></td>
      <td>The Release Trial: a randomised trial of umbilical vein oxytocin versus pla...</td>
      <td>Pregnancy and Childbirth</td>
      <td>Adult</td>
      <td>600</td>
    </tr>
  </tbody>
</table>"
275,-165153.36276997,7053569.332708539,Research Support Office,53.37983939999999,-1.4835979,1.0,1.0,"<table border=""1"" class=""dataframe"">
  <thead>
    <tr style=""text-align: left;"">
      <th>ISRCTN link</th>
      <th>Title</th>
      <th>Condition category</th>
      <th>Age group</th>
      <th>Target number of participants</th>
    </tr>
  </thead>
  <tbody>
    <tr>
      <td><a href='https://www.isrctn.com/ISRCTN13784998' target='_blank'><div>ISRCTN13784998</div></a></td>
      <td>A phase 1, partially blind, placebo-controlled, ascending single and multip...</td>
      <td>Musculoskeletal Diseases</td>
      <td>Adult</td>
      <td>32</td>
    </tr>
  </tbody>
</table>"
277,-355251.8315579943,6711485.905108917,University Hospital of Wales,51.5070837,-3.1912815,1.0,1.0,"<table border=""1"" class=""dataframe"">
  <thead>
    <tr style=""text-align: left;"">
      <th>ISRCTN link</th>
      <th>Title</th>
      <th>Condition category</th>
      <th>Age group</th>
      <th>Target number of participants</th>
    </tr>
  </thead>
  <tbody>
    <tr>
      <td><a href='https://www.isrctn.com/ISRCTN71445600' target='_blank'><div>ISRCTN71445600</div></a></td>
      <td>Study to see if steroids reduce kidney problems in Henoch Schonlein purpura</td>
      <td>Haematological Disorders</td>
      <td>Child</td>
      <td>368</td>
    </tr>
  </tbody>
</table>"
278,-183532.22183188857,7356888.979741109,Alzheimer's Society,54.97434699999999,-1.648698,2.0,5.306765580733931,"<table border=""1"" class=""dataframe"">
  <thead>
    <tr style=""text-align: left;"">
      <th>ISRCTN link</th>
      <th>Title</th>
      <th>Condition category</th>
      <th>Age group</th>
      <th>Target number of participants</th>
    </tr>
  </thead>
  <tbody>
    <tr>
      <td><a href='https://www.isrctn.com/ISRCTN98321871' target='_blank'><div>ISRCTN98321871</div></a></td>
      <td>Aromatherapy in Alzheimer's Disease</td>
      <td>Nervous System Diseases</td>
      <td>Adult</td>
      <td>150</td>
    </tr>
    <tr>
      <td><a href='https://www.isrctn.com/ISRCTN45577048' target='_blank'><div>ISRCTN45577048</div></a></td>
      <td>Randomised double-blind placebo controlled trial of effect of Ginkgo biloba...</td>
      <td>Nervous System Diseases</td>
      <td>Senior</td>
      <td>200</td>
    </tr>
  </tbody>
</table>"
287,410627.3671626868,6626785.274334036,BioQ Pharma,51.03103489999999,3.6887284,1.0,1.0,"<table border=""1"" class=""dataframe"">
  <thead>
    <tr style=""text-align: left;"">
      <th>ISRCTN link</th>
      <th>Title</th>
      <th>Condition category</th>
      <th>Age group</th>
      <th>Target number of participants</th>
    </tr>
  </thead>
  <tbody>
    <tr>
      <td><a href='https://www.isrctn.com/ISRCTN10488559' target='_blank'><div>ISRCTN10488559</div></a></td>
      <td>Readyfusor health economics study</td>
      <td>Surgery</td>
      <td>Adult</td>
      <td>20</td>
    </tr>
  </tbody>
</table>"
291,-135281.89061050297,6754935.194659659,Churchill Hospital,51.7493734,-1.2152579,1.0,1.0,"<table border=""1"" class=""dataframe"">
  <thead>
    <tr style=""text-align: left;"">
      <th>ISRCTN link</th>
      <th>Title</th>
      <th>Condition category</th>
      <th>Age group</th>
      <th>Target number of participants</th>
    </tr>
  </thead>
  <tbody>
    <tr>
      <td><a href='https://www.isrctn.com/ISRCTN18146225' target='_blank'><div>ISRCTN18146225</div></a></td>
      <td>Clinical trial to identify biomarkers to select patients with esophageal ca...</td>
      <td>Cancer</td>
      <td>Adult</td>
      <td>38</td>
    </tr>
  </tbody>
</table>"
293,-144513.2597596186,6732137.07372928,Glide Pharmaceutical Technologies Ltd,51.6224038,-1.2981847,1.0,1.0,"<table border=""1"" class=""dataframe"">
  <thead>
    <tr style=""text-align: left;"">
      <th>ISRCTN link</th>
      <th>Title</th>
      <th>Condition category</th>
      <th>Age group</th>
      <th>Target number of participants</th>
    </tr>
  </thead>
  <tbody>
    <tr>
      <td><a href='https://www.isrctn.com/ISRCTN72107545' target='_blank'><div>ISRCTN72107545</div></a></td>
      <td>A clinical study to compare the performance of a novel solid dose injection...</td>
      <td>Nutritional, Metabolic, Endocrine</td>
      <td>Adult</td>
      <td>20</td>
    </tr>
  </tbody>
</table>"
305,-135176.1259623003,7275248.972437932,James Cook University Hospital,54.551216,-1.2143078,1.0,1.0,"<table border=""1"" class=""dataframe"">
  <thead>
    <tr style=""text-align: left;"">
      <th>ISRCTN link</th>
      <th>Title</th>
      <th>Condition category</th>
      <th>Age group</th>
      <th>Target number of participants</th>
    </tr>
  </thead>
  <tbody>
    <tr>
      <td><a href='https://www.isrctn.com/ISRCTN52716583' target='_blank'><div>ISRCTN52716583</div></a></td>
      <td>The haemodynamic effect of superficial cervical plexus blockade in patients...</td>
      <td>Signs and Symptoms</td>
      <td>Adult</td>
      <td>54</td>
    </tr>
  </tbody>
</table>"
319,-69241.04609993947,6739353.738278273,Buckinghamshire Healthcare NHS Trust,51.6626341,-0.6220029,1.0,1.0,"<table border=""1"" class=""dataframe"">
  <thead>
    <tr style=""text-align: left;"">
      <th>ISRCTN link</th>
      <th>Title</th>
      <th>Condition category</th>
      <th>Age group</th>
      <th>Target number of participants</th>
    </tr>
  </thead>
  <tbody>
    <tr>
      <td><a href='https://www.isrctn.com/ISRCTN11666384' target='_blank'><div>ISRCTN11666384</div></a></td>
      <td>Prevention of recurrent symptomatic urinary tract Infections in participant...</td>
      <td>Urological and Genital Diseases</td>
      <td>Adult</td>
      <td>48</td>
    </tr>
  </tbody>
</table>"
323,548920.327547708,6864720.226688474,Audion Therapeutics BV,52.3558226,4.9310352,1.0,1.0,"<table border=""1"" class=""dataframe"">
  <thead>
    <tr style=""text-align: left;"">
      <th>ISRCTN link</th>
      <th>Title</th>
      <th>Condition category</th>
      <th>Age group</th>
      <th>Target number of participants</th>
    </tr>
  </thead>
  <tbody>
    <tr>
      <td><a href='https://www.isrctn.com/ISRCTN59733689' target='_blank'><div>ISRCTN59733689</div></a></td>
      <td>A first-in-human study of the safety and efficacy of a new drug, a gamma se...</td>
      <td>Ear, Nose and Throat</td>
      <td>Adult</td>
      <td>62</td>
    </tr>
  </tbody>
</table>"
324,-10270.803762448752,6710352.092322927,Guy's and St Thomas' NHS Foundation Trust,51.5007438,-0.09226419999999999,24.0,20.746358687061647,"<table border=""1"" class=""dataframe"">
  <thead>
    <tr style=""text-align: left;"">
      <th>ISRCTN link</th>
      <th>Title</th>
      <th>Condition category</th>
      <th>Age group</th>
      <th>Target number of participants</th>
    </tr>
  </thead>
  <tbody>
    <tr>
      <td><a href='https://www.isrctn.com/ISRCTN29665463' target='_blank'><div>ISRCTN29665463</div></a></td>
      <td>A placebo-controlled trial of anti-TNFa chimeric monoclonal antibody (infli...</td>
      <td>Musculoskeletal Diseases</td>
      <td>Adult</td>
      <td>30</td>
    </tr>
    <tr>
      <td><a href='https://www.isrctn.com/ISRCTN81045654' target='_blank'><div>ISRCTN81045654</div></a></td>
      <td>Investigating the effect of maraviroc on Microbial Translocation in HIV inf...</td>
      <td>Infections and Infestations</td>
      <td>Adult</td>
      <td>10</td>
    </tr>
    <tr>
      <td><a href='https://www.isrctn.com/ISRCTN74484952' target='_blank'><div>ISRCTN74484952</div></a></td>
      <td>A clinic feasibility study to assess whether the use of two combined medici...</td>
      <td>Cancer</td>
      <td>Adult</td>
      <td>68</td>
    </tr>
    <tr>
      <td><a href='https://www.isrctn.com/ISRCTN48328178' target='_blank'><div>ISRCTN48328178</div></a></td>
      <td>Inhibiting white blood cell function as a new way to treat coronary heart d...</td>
      <td>Circulatory System</td>
      <td>Adult</td>
      <td>90</td>
    </tr>
    <tr>
      <td><a href='https://www.isrctn.com/ISRCTN15090567' target='_blank'><div>ISRCTN15090567</div></a></td>
      <td>Atopic dermatitis anti-IgE paediatric trial</td>
      <td>Infections and Infestations</td>
      <td>Adult</td>
      <td>62</td>
    </tr>
    <tr>
      <td><a href='https://www.isrctn.com/ISRCTN57577615' target='_blank'><div>ISRCTN57577615</div></a></td>
      <td>Botulinum toxin-A in sensory urgency</td>
      <td>Urological and Genital Diseases</td>
      <td>Adult</td>
      <td>64</td>
    </tr>
    <tr>
      <td><a href='https://www.isrctn.com/ISRCTN90016959' target='_blank'><div>ISRCTN90016959</div></a></td>
      <td>Omalizumab in non-atopic asthma</td>
      <td>Respiratory</td>
      <td>Adult</td>
      <td>40</td>
    </tr>
    <tr>
      <td><a href='https://www.isrctn.com/ISRCTN50553029' target='_blank'><div>ISRCTN50553029</div></a></td>
      <td>FIBCON: FIBrinogen CONcentrate in paediatric cardiopulmonary bypass</td>
      <td>Surgery</td>
      <td>Child</td>
      <td>90</td>
    </tr>
    <tr>
      <td><a href='https://www.isrctn.com/ISRCTN72875772' target='_blank'><div>ISRCTN72875772</div></a></td>
      <td>Gaviscon Advance® versus milk of magnesia pH-impedance study</td>
      <td>Digestive System</td>
      <td>Adult</td>
      <td>20</td>
    </tr>
    <tr>
      <td><a href='https://www.isrctn.com/ISRCTN27267911' target='_blank'><div>ISRCTN27267911</div></a></td>
      <td>Gelofusine® vs Geloplasma® in major abdominal surgery</td>
      <td>Surgery</td>
      <td>Adult</td>
      <td>30</td>
    </tr>
    <tr>
      <td><a href='https://www.isrctn.com/ISRCTN90051516' target='_blank'><div>ISRCTN90051516</div></a></td>
      <td>MARVEL: Modification by Adalimumab of Rheumatoid arthritis Vascular and End...</td>
      <td>Musculoskeletal Diseases</td>
      <td>Adult</td>
      <td>24</td>
    </tr>
    <tr>
      <td><a href='https://www.isrctn.com/ISRCTN40898239' target='_blank'><div>ISRCTN40898239</div></a></td>
      <td>Improving symptoms of intermittent claudication in patients with erectile d...</td>
      <td>Circulatory System</td>
      <td>Adult</td>
      <td>20</td>
    </tr>
    <tr>
      <td><a href='https://www.isrctn.com/ISRCTN57744970' target='_blank'><div>ISRCTN57744970</div></a></td>
      <td>A prospective, randomised, double-blind, placebo-controlled trial evaluatin...</td>
      <td>Musculoskeletal Diseases</td>
      <td>Adult</td>
      <td>100</td>
    </tr>
    <tr>
      <td><a href='https://www.isrctn.com/ISRCTN16995641' target='_blank'><div>ISRCTN16995641</div></a></td>
      <td>The effects of botulinum toxin A on patients with idiopathic detrusor overa...</td>
      <td>Urological and Genital Diseases</td>
      <td>Adult</td>
      <td>32</td>
    </tr>
    <tr>
      <td><a href='https://www.isrctn.com/ISRCTN10133162' target='_blank'><div>ISRCTN10133162</div></a></td>
      <td>Safety and tolerability of Capecitabine and Aflibercept in patients with un...</td>
      <td>Cancer</td>
      <td>Adult</td>
      <td>48</td>
    </tr>
    <tr>
      <td><a href='https://www.isrctn.com/ISRCTN19920789' target='_blank'><div>ISRCTN19920789</div></a></td>
      <td>HYPATIA: A prospective randomised controlled trial of hydroxychloroquine to...</td>
      <td>Pregnancy and Childbirth</td>
      <td>Adult</td>
      <td>400</td>
    </tr>
    <tr>
      <td><a href='https://www.isrctn.com/ISRCTN34467677' target='_blank'><div>ISRCTN34467677</div></a></td>
      <td>Can restoring the balance of healthy bowel bacteria help to fight antibioti...</td>
      <td>Infections and Infestations</td>
      <td>Adult</td>
      <td>80</td>
    </tr>
    <tr>
      <td><a href='https://www.isrctn.com/ISRCTN12127581' target='_blank'><div>ISRCTN12127581</div></a></td>
      <td>Intravenous immunoglobulin (IVIg) treatment of transverse myelitis in adult...</td>
      <td>Nervous System Diseases</td>
      <td>All</td>
      <td>170</td>
    </tr>
    <tr>
      <td><a href='https://www.isrctn.com/ISRCTN46017566' target='_blank'><div>ISRCTN46017566</div></a></td>
      <td>Arthritis Prevention In the Pre-clinical Phase of Rheumatoid Arthritis with...</td>
      <td>Musculoskeletal Diseases</td>
      <td>Adult</td>
      <td>226</td>
    </tr>
    <tr>
      <td><a href='https://www.isrctn.com/ISRCTN35114412' target='_blank'><div>ISRCTN35114412</div></a></td>
      <td>Clopidogrel as prophylactic treatment for migraine</td>
      <td>Nervous System Diseases</td>
      <td>Adult</td>
      <td>286</td>
    </tr>
    <tr>
      <td><a href='https://www.isrctn.com/ISRCTN71141360' target='_blank'><div>ISRCTN71141360</div></a></td>
      <td>A randomised trial of antibiotics in laparoscopic donor nephrectomy</td>
      <td>Urological and Genital Diseases</td>
      <td>Adult</td>
      <td>284</td>
    </tr>
    <tr>
      <td><a href='https://www.isrctn.com/ISRCTN40973936' target='_blank'><div>ISRCTN40973936</div></a></td>
      <td>Pregnancy and chronic hypertension; nifedipine or labetalol as anti-hyperte...</td>
      <td>Circulatory System</td>
      <td>Adult</td>
      <td>114</td>
    </tr>
    <tr>
      <td><a href='https://www.isrctn.com/ISRCTN27044628' target='_blank'><div>ISRCTN27044628</div></a></td>
      <td>A randomised controlled trial comparing the Gonadotrophin Releasing Hormone...</td>
      <td>Pregnancy and Childbirth</td>
      <td>Adult</td>
      <td>102</td>
    </tr>
    <tr>
      <td><a href='https://www.isrctn.com/ISRCTN27044628' target='_blank'><div>ISRCTN27044628</div></a></td>
      <td>A randomised controlled trial comparing the Gonadotrophin Releasing Hormone...</td>
      <td>Pregnancy and Childbirth</td>
      <td>Adult</td>
      <td>102</td>
    </tr>
  </tbody>
</table>"
326,-342153.2566945676,7544658.329123699,Queen Margaret University,55.9308308,-3.073615,1.0,1.0,"<table border=""1"" class=""dataframe"">
  <thead>
    <tr style=""text-align: left;"">
      <th>ISRCTN link</th>
      <th>Title</th>
      <th>Condition category</th>
      <th>Age group</th>
      <th>Target number of participants</th>
    </tr>
  </thead>
  <tbody>
    <tr>
      <td><a href='https://www.isrctn.com/ISRCTN13668166' target='_blank'><div>ISRCTN13668166</div></a></td>
      <td>A double-blind multi-centre randomised controlled trial to investigate the ...</td>
      <td>Nervous System Diseases</td>
      <td>Adult</td>
      <td>150</td>
    </tr>
  </tbody>
</table>"
335,-180232.4115621508,7358025.390370238,Royal Victoria Hospital,54.98020570000001,-1.6190553,5.0,11.0,"<table border=""1"" class=""dataframe"">
  <thead>
    <tr style=""text-align: left;"">
      <th>ISRCTN link</th>
      <th>Title</th>
      <th>Condition category</th>
      <th>Age group</th>
      <th>Target number of participants</th>
    </tr>
  </thead>
  <tbody>
    <tr>
      <td><a href='https://www.isrctn.com/ISRCTN55798944' target='_blank'><div>ISRCTN55798944</div></a></td>
      <td>The renin-angiotensin-aldosterone (RAAS) axis, endothelial function and hyp...</td>
      <td>Circulatory System</td>
      <td>Adult</td>
      <td>83</td>
    </tr>
    <tr>
      <td><a href='https://www.isrctn.com/ISRCTN37245053' target='_blank'><div>ISRCTN37245053</div></a></td>
      <td>Therapeutic implications of oral hypoglycaemic agents on the enteroinsular ...</td>
      <td>Nutritional, Metabolic, Endocrine</td>
      <td>Adult</td>
      <td>40</td>
    </tr>
    <tr>
      <td><a href='https://www.isrctn.com/ISRCTN41655008' target='_blank'><div>ISRCTN41655008</div></a></td>
      <td>Comparison of effects of combined angiotensin converting enzyme inhibitor a...</td>
      <td>Nutritional, Metabolic, Endocrine</td>
      <td>Adult</td>
      <td>15</td>
    </tr>
    <tr>
      <td><a href='https://www.isrctn.com/ISRCTN75459849' target='_blank'><div>ISRCTN75459849</div></a></td>
      <td>A randomised, double-blinded, controlled trial of ultrasound guided and con...</td>
      <td>Musculoskeletal Diseases</td>
      <td>Adult</td>
      <td>240</td>
    </tr>
    <tr>
      <td><a href='https://www.isrctn.com/ISRCTN87375595' target='_blank'><div>ISRCTN87375595</div></a></td>
      <td>A phase II study of vinblastine, endoxana (cyclophosphamide), procarbazine,...</td>
      <td>Cancer</td>
      <td>Senior</td>
      <td>150</td>
    </tr>
  </tbody>
</table>"
337,-233193.76137000957,6909028.732870431,Royal Wolverhampton Hospitals NHS Trust,52.5982537,-2.0948152,2.0,5.306765580733931,"<table border=""1"" class=""dataframe"">
  <thead>
    <tr style=""text-align: left;"">
      <th>ISRCTN link</th>
      <th>Title</th>
      <th>Condition category</th>
      <th>Age group</th>
      <th>Target number of participants</th>
    </tr>
  </thead>
  <tbody>
    <tr>
      <td><a href='https://www.isrctn.com/ISRCTN22158788' target='_blank'><div>ISRCTN22158788</div></a></td>
      <td>Can administration of iron supplement injection reduce blood transfusion ra...</td>
      <td>Haematological Disorders</td>
      <td>Adult</td>
      <td>60</td>
    </tr>
    <tr>
      <td><a href='https://www.isrctn.com/ISRCTN13007439' target='_blank'><div>ISRCTN13007439</div></a></td>
      <td>Treatment of iron deficiency anaemia in pregnancy study</td>
      <td>Haematological Disorders</td>
      <td>Adult</td>
      <td>120</td>
    </tr>
  </tbody>
</table>"
344,14057.848311439602,6831872.799680899,European Vasculitis Society,52.1752371,0.1262838,1.0,1.0,"<table border=""1"" class=""dataframe"">
  <thead>
    <tr style=""text-align: left;"">
      <th>ISRCTN link</th>
      <th>Title</th>
      <th>Condition category</th>
      <th>Age group</th>
      <th>Target number of participants</th>
    </tr>
  </thead>
  <tbody>
    <tr>
      <td><a href='https://www.isrctn.com/ISRCTN13739474' target='_blank'><div>ISRCTN13739474</div></a></td>
      <td>Evaluation of the optimal duration of immunosuppressive treatment after ind...</td>
      <td>Circulatory System</td>
      <td>Adult</td>
      <td>116</td>
    </tr>
  </tbody>
</table>"
347,-566865.5192693431,6492510.50393023,Royal Cornwall Hospitals NHS Trust,50.2662301,-5.0922396,2.0,5.306765580733931,"<table border=""1"" class=""dataframe"">
  <thead>
    <tr style=""text-align: left;"">
      <th>ISRCTN link</th>
      <th>Title</th>
      <th>Condition category</th>
      <th>Age group</th>
      <th>Target number of participants</th>
    </tr>
  </thead>
  <tbody>
    <tr>
      <td><a href='https://www.isrctn.com/ISRCTN46621916' target='_blank'><div>ISRCTN46621916</div></a></td>
      <td>SUBpectoral Local anaesthetic Infusion following MastEctomy - version 1 (SU...</td>
      <td>Cancer</td>
      <td>Adult</td>
      <td>160</td>
    </tr>
    <tr>
      <td><a href='https://www.isrctn.com/ISRCTN71076101' target='_blank'><div>ISRCTN71076101</div></a></td>
      <td>A randomised double-blind placebo-controlled trial of Sub-Pectoral catheter...</td>
      <td>Signs and Symptoms</td>
      <td>Adult</td>
      <td>70</td>
    </tr>
  </tbody>
</table>"
349,-253587.2583124066,7065780.915091414,Manchester Mental Health and Social Care Trust,53.44522509999999,-2.2780131,3.0,7.826061944859854,"<table border=""1"" class=""dataframe"">
  <thead>
    <tr style=""text-align: left;"">
      <th>ISRCTN link</th>
      <th>Title</th>
      <th>Condition category</th>
      <th>Age group</th>
      <th>Target number of participants</th>
    </tr>
  </thead>
  <tbody>
    <tr>
      <td><a href='https://www.isrctn.com/ISRCTN49141214' target='_blank'><div>ISRCTN49141214</div></a></td>
      <td>The benefit of minocycline on negative symptoms in schizophrenia</td>
      <td>Mental and Behavioural Disorders</td>
      <td>Adult</td>
      <td>170</td>
    </tr>
    <tr>
      <td><a href='https://www.isrctn.com/ISRCTN14689382' target='_blank'><div>ISRCTN14689382</div></a></td>
      <td>Ketamine-ECT Study</td>
      <td>Mental and Behavioural Disorders</td>
      <td>Adult</td>
      <td>160</td>
    </tr>
    <tr>
      <td><a href='https://www.isrctn.com/ISRCTN32476322' target='_blank'><div>ISRCTN32476322</div></a></td>
      <td>Randomised controlled trial of memantine versus placebo in Parkinson's dise...</td>
      <td>Nervous System Diseases</td>
      <td>Senior</td>
      <td>50</td>
    </tr>
  </tbody>
</table>"
352,-36404.91326166598,6700756.652418542,National Institute for Health Research,51.447054,-0.3270309,1.0,1.0,"<table border=""1"" class=""dataframe"">
  <thead>
    <tr style=""text-align: left;"">
      <th>ISRCTN link</th>
      <th>Title</th>
      <th>Condition category</th>
      <th>Age group</th>
      <th>Target number of participants</th>
    </tr>
  </thead>
  <tbody>
    <tr>
      <td><a href='https://www.isrctn.com/ISRCTN73872958' target='_blank'><div>ISRCTN73872958</div></a></td>
      <td>Real world effects of medications for chronic obstructive pulmonary disease...</td>
      <td>Respiratory</td>
      <td>Adult</td>
      <td>6000</td>
    </tr>
  </tbody>
</table>"
358,-19237.08780813837,6708517.409176581,The Royal Marsden NHS Foundation Trust,51.490483,-0.1728097,28.0,21.704150712689536,"<table border=""1"" class=""dataframe"">
  <thead>
    <tr style=""text-align: left;"">
      <th>ISRCTN link</th>
      <th>Title</th>
      <th>Condition category</th>
      <th>Age group</th>
      <th>Target number of participants</th>
    </tr>
  </thead>
  <tbody>
    <tr>
      <td><a href='https://www.isrctn.com/ISRCTN18199864' target='_blank'><div>ISRCTN18199864</div></a></td>
      <td>Capecitabine and erlotinib in advanced lung cancer</td>
      <td>Cancer</td>
      <td>Adult</td>
      <td>40</td>
    </tr>
    <tr>
      <td><a href='https://www.isrctn.com/ISRCTN17415294' target='_blank'><div>ISRCTN17415294</div></a></td>
      <td>PPALM - Palm oil and Pentoxifylline Against Late Morbidity</td>
      <td>Cancer</td>
      <td>Adult</td>
      <td>117</td>
    </tr>
    <tr>
      <td><a href='https://www.isrctn.com/ISRCTN22979604' target='_blank'><div>ISRCTN22979604</div></a></td>
      <td>Study of preoperative everolimus in metastatic renal cell cancer</td>
      <td>Cancer</td>
      <td>Adult</td>
      <td>40</td>
    </tr>
    <tr>
      <td><a href='https://www.isrctn.com/ISRCTN12205188' target='_blank'><div>ISRCTN12205188</div></a></td>
      <td>ADOPT: Airways Disease-Optimisation of Pharmaco-Therapy in lung cancer</td>
      <td>Respiratory</td>
      <td>Adult</td>
      <td>72</td>
    </tr>
    <tr>
      <td><a href='https://www.isrctn.com/ISRCTN65518365' target='_blank'><div>ISRCTN65518365</div></a></td>
      <td>Uracil and ftorafur (UFT) and radiotherapy in patients with locally advance...</td>
      <td>Cancer</td>
      <td>Adult</td>
      <td>90</td>
    </tr>
    <tr>
      <td><a href='https://www.isrctn.com/ISRCTN99828560' target='_blank'><div>ISRCTN99828560</div></a></td>
      <td>A multicentre randomised phase II clinical trial comparing oxaliplatin (Elo...</td>
      <td>Cancer</td>
      <td>Adult</td>
      <td>164</td>
    </tr>
    <tr>
      <td><a href='https://www.isrctn.com/ISRCTN65155201' target='_blank'><div>ISRCTN65155201</div></a></td>
      <td>A Prospective Randomized Controlled Trial of Morphine versus Oxycodone for ...</td>
      <td>Cancer</td>
      <td>Adult</td>
      <td>200</td>
    </tr>
    <tr>
      <td><a href='https://www.isrctn.com/ISRCTN72553848' target='_blank'><div>ISRCTN72553848</div></a></td>
      <td>Double-blind, placebo-controlled, randomised phase 2 trial of IH636 grape s...</td>
      <td>Cancer</td>
      <td>Not Specified</td>
      <td>0</td>
    </tr>
    <tr>
      <td><a href='https://www.isrctn.com/ISRCTN51678883' target='_blank'><div>ISRCTN51678883</div></a></td>
      <td>A phase II/III randomised trial comparing Epirubicin, Cisplatin and Protrac...</td>
      <td>Cancer</td>
      <td>Adult</td>
      <td>1000</td>
    </tr>
    <tr>
      <td><a href='https://www.isrctn.com/ISRCTN53478221' target='_blank'><div>ISRCTN53478221</div></a></td>
      <td>A randomised study of continuous infusional 5-Fluorouracil (5FU) with or wi...</td>
      <td>Cancer</td>
      <td>Not Specified</td>
      <td>0</td>
    </tr>
    <tr>
      <td><a href='https://www.isrctn.com/ISRCTN54728875' target='_blank'><div>ISRCTN54728875</div></a></td>
      <td>A randomised trial of CF (infusional 5-fluorouracil and cisplatin) alone ve...</td>
      <td>Cancer</td>
      <td>Not Specified</td>
      <td>0</td>
    </tr>
    <tr>
      <td><a href='https://www.isrctn.com/ISRCTN61961630' target='_blank'><div>ISRCTN61961630</div></a></td>
      <td>A Randomised Study of continuous infusion 5-Fluorouracil (5FU) with or with...</td>
      <td>Cancer</td>
      <td>Not Specified</td>
      <td>208</td>
    </tr>
    <tr>
      <td><a href='https://www.isrctn.com/ISRCTN63374575' target='_blank'><div>ISRCTN63374575</div></a></td>
      <td>A randomised study of continuous infusional 5-Fluorouracil (5FU) with or wi...</td>
      <td>Cancer</td>
      <td>Not Specified</td>
      <td>88</td>
    </tr>
    <tr>
      <td><a href='https://www.isrctn.com/ISRCTN58648476' target='_blank'><div>ISRCTN58648476</div></a></td>
      <td>A randomised double-blind controlled trial of BCNU as second-line therapy i...</td>
      <td>Cancer</td>
      <td>Not Specified</td>
      <td>0</td>
    </tr>
    <tr>
      <td><a href='https://www.isrctn.com/ISRCTN21284267' target='_blank'><div>ISRCTN21284267</div></a></td>
      <td>A Pilot Randomised Trial Comparing Short Course Infusional 5-Fluourouracil ...</td>
      <td>Cancer</td>
      <td>Not Specified</td>
      <td>0</td>
    </tr>
    <tr>
      <td><a href='https://www.isrctn.com/ISRCTN27478455' target='_blank'><div>ISRCTN27478455</div></a></td>
      <td>A randomised study of continuous infusional 5-fluorouracil with or without ...</td>
      <td>Cancer</td>
      <td>Not Specified</td>
      <td>200</td>
    </tr>
    <tr>
      <td><a href='https://www.isrctn.com/ISRCTN43866427' target='_blank'><div>ISRCTN43866427</div></a></td>
      <td>A randomised study of continuous infusional 5-fluorouracil (5FU) with or wi...</td>
      <td>Cancer</td>
      <td>Adult</td>
      <td>254</td>
    </tr>
    <tr>
      <td><a href='https://www.isrctn.com/ISRCTN42493631' target='_blank'><div>ISRCTN42493631</div></a></td>
      <td>A Randomised Trial Comparing the Efficacy of Infusional 5-Fluorouracil (5-F...</td>
      <td>Cancer</td>
      <td>Not Specified</td>
      <td>0</td>
    </tr>
    <tr>
      <td><a href='https://www.isrctn.com/ISRCTN13223892' target='_blank'><div>ISRCTN13223892</div></a></td>
      <td>A randomised trial comparing the efficacy of intraperitoneal (IP) drainage ...</td>
      <td>Cancer</td>
      <td>Not Specified</td>
      <td>17</td>
    </tr>
    <tr>
      <td><a href='https://www.isrctn.com/ISRCTN49221770' target='_blank'><div>ISRCTN49221770</div></a></td>
      <td>A Randomised Study of MVP (Mitomycin-C, Vinblastine and Moderate Dose Cispl...</td>
      <td>Cancer</td>
      <td>Not Specified</td>
      <td>0</td>
    </tr>
    <tr>
      <td><a href='https://www.isrctn.com/ISRCTN73941125' target='_blank'><div>ISRCTN73941125</div></a></td>
      <td>A randomised trial comparing epirubicin, cisplatin and protracted venous in...</td>
      <td>Cancer</td>
      <td>Not Specified</td>
      <td>0</td>
    </tr>
    <tr>
      <td><a href='https://www.isrctn.com/ISRCTN81192724' target='_blank'><div>ISRCTN81192724</div></a></td>
      <td>A Randomised trial of Adjuvant Chemotherapy in Oesophago-Gastric Cancer</td>
      <td>Cancer</td>
      <td>Not Specified</td>
      <td>0</td>
    </tr>
    <tr>
      <td><a href='https://www.isrctn.com/ISRCTN92933910' target='_blank'><div>ISRCTN92933910</div></a></td>
      <td>A pilot randomised trial comparing short course infusional 5-Fluorouracil (...</td>
      <td>Cancer</td>
      <td>Not Specified</td>
      <td>0</td>
    </tr>
    <tr>
      <td><a href='https://www.isrctn.com/ISRCTN93845533' target='_blank'><div>ISRCTN93845533</div></a></td>
      <td>A randomised trial of infusional 5-fluorouracil and concomitant radiotherap...</td>
      <td>Cancer</td>
      <td>Not Specified</td>
      <td>0</td>
    </tr>
    <tr>
      <td><a href='https://www.isrctn.com/ISRCTN17168679' target='_blank'><div>ISRCTN17168679</div></a></td>
      <td>Enzalutamide (MDV3100) in combination with AZD5363 in patients with metasta...</td>
      <td>Cancer</td>
      <td>Adult</td>
      <td>136</td>
    </tr>
    <tr>
      <td><a href='https://www.isrctn.com/ISRCTN44195747' target='_blank'><div>ISRCTN44195747</div></a></td>
      <td>A partially-blind phase III randomised trial of fulvestrant (Faslodex™) wit...</td>
      <td>Cancer</td>
      <td>Not Specified</td>
      <td>750</td>
    </tr>
    <tr>
      <td><a href='https://www.isrctn.com/ISRCTN63733470' target='_blank'><div>ISRCTN63733470</div></a></td>
      <td>A phase II trial of Cediranib in the treatment of patients with Alveolar So...</td>
      <td>Cancer</td>
      <td>Adult</td>
      <td>36</td>
    </tr>
    <tr>
      <td><a href='https://www.isrctn.com/ISRCTN39058880' target='_blank'><div>ISRCTN39058880</div></a></td>
      <td>Nilotinib in the treatment of c-KIT mutated advanced melanoma</td>
      <td>Cancer</td>
      <td>Adult</td>
      <td>24</td>
    </tr>
  </tbody>
</table>"
361,-332263.6220005441,6725866.566525421,Aneurin Bevan University Health Board,51.587419,-2.9847749,1.0,1.0,"<table border=""1"" class=""dataframe"">
  <thead>
    <tr style=""text-align: left;"">
      <th>ISRCTN link</th>
      <th>Title</th>
      <th>Condition category</th>
      <th>Age group</th>
      <th>Target number of participants</th>
    </tr>
  </thead>
  <tbody>
    <tr>
      <td><a href='https://www.isrctn.com/ISRCTN85710690' target='_blank'><div>ISRCTN85710690</div></a></td>
      <td>Perineural local anaesthetic catheter after major lower limb amputation tri...</td>
      <td>Circulatory System</td>
      <td>Adult</td>
      <td>50</td>
    </tr>
  </tbody>
</table>"
365,541837.0572165828,6862467.5807865225,Shionogi Ltd,52.3434617,4.8674051,1.0,1.0,"<table border=""1"" class=""dataframe"">
  <thead>
    <tr style=""text-align: left;"">
      <th>ISRCTN link</th>
      <th>Title</th>
      <th>Condition category</th>
      <th>Age group</th>
      <th>Target number of participants</th>
    </tr>
  </thead>
  <tbody>
    <tr>
      <td><a href='https://www.isrctn.com/ISRCTN74587134' target='_blank'><div>ISRCTN74587134</div></a></td>
      <td>A study to see how [14C]-S-033188 is taken up, broken down and removed from...</td>
      <td>Respiratory</td>
      <td>Adult</td>
      <td>6</td>
    </tr>
  </tbody>
</table>"
366,-37234.78893358075,6698837.018645172,St Mary's University,51.43630539999999,-0.3344858,1.0,1.0,"<table border=""1"" class=""dataframe"">
  <thead>
    <tr style=""text-align: left;"">
      <th>ISRCTN link</th>
      <th>Title</th>
      <th>Condition category</th>
      <th>Age group</th>
      <th>Target number of participants</th>
    </tr>
  </thead>
  <tbody>
    <tr>
      <td><a href='https://www.isrctn.com/ISRCTN14032359' target='_blank'><div>ISRCTN14032359</div></a></td>
      <td>IRONWOMAN: the impact of iron deficiency in exercising women</td>
      <td>Haematological Disorders</td>
      <td>Adult</td>
      <td>35</td>
    </tr>
  </tbody>
</table>"
375,-216286.62390002166,6882505.053271695,Birmingham Women's NHS Foundation Trust,52.4532916,-1.9429358,2.0,5.306765580733931,"<table border=""1"" class=""dataframe"">
  <thead>
    <tr style=""text-align: left;"">
      <th>ISRCTN link</th>
      <th>Title</th>
      <th>Condition category</th>
      <th>Age group</th>
      <th>Target number of participants</th>
    </tr>
  </thead>
  <tbody>
    <tr>
      <td><a href='https://www.isrctn.com/ISRCTN99841044' target='_blank'><div>ISRCTN99841044</div></a></td>
      <td>High Or low dose Syntocinon® for delay in labour</td>
      <td>Pregnancy and Childbirth</td>
      <td>Adult</td>
      <td>1500</td>
    </tr>
    <tr>
      <td><a href='https://www.isrctn.com/ISRCTN10687405' target='_blank'><div>ISRCTN10687405</div></a></td>
      <td>Role of Intrauterine COrnual Block (ICOB) in combination with direct cervic...</td>
      <td>Surgery</td>
      <td>Adult</td>
      <td>90</td>
    </tr>
  </tbody>
</table>"
387,498544.74026784254,6830201.932662083,Leiden University Medical Center,52.1660315,4.4785036,1.0,1.0,"<table border=""1"" class=""dataframe"">
  <thead>
    <tr style=""text-align: left;"">
      <th>ISRCTN link</th>
      <th>Title</th>
      <th>Condition category</th>
      <th>Age group</th>
      <th>Target number of participants</th>
    </tr>
  </thead>
  <tbody>
    <tr>
      <td><a href='https://www.isrctn.com/ISRCTN14387080' target='_blank'><div>ISRCTN14387080</div></a></td>
      <td>Randomised phase III trial comparing concurrent chemoradiation and adjuvant...</td>
      <td>Cancer</td>
      <td>Not Specified</td>
      <td>500</td>
    </tr>
  </tbody>
</table>"
389,2113120.97607307,10966303.072624773,University Hospital of North Norway,69.6829614,18.9824887,1.0,1.0,"<table border=""1"" class=""dataframe"">
  <thead>
    <tr style=""text-align: left;"">
      <th>ISRCTN link</th>
      <th>Title</th>
      <th>Condition category</th>
      <th>Age group</th>
      <th>Target number of participants</th>
    </tr>
  </thead>
  <tbody>
    <tr>
      <td><a href='https://www.isrctn.com/ISRCTN10601890' target='_blank'><div>ISRCTN10601890</div></a></td>
      <td>Tenecteplase in Wake-up Ischaemic Stroke Trial</td>
      <td>Circulatory System</td>
      <td>Adult</td>
      <td>500</td>
    </tr>
  </tbody>
</table>"
392,-230505.48472294465,7074750.306494579,Tameside Hospital NHS Foundation Trust,53.4931868,-2.070666,1.0,1.0,"<table border=""1"" class=""dataframe"">
  <thead>
    <tr style=""text-align: left;"">
      <th>ISRCTN link</th>
      <th>Title</th>
      <th>Condition category</th>
      <th>Age group</th>
      <th>Target number of participants</th>
    </tr>
  </thead>
  <tbody>
    <tr>
      <td><a href='https://www.isrctn.com/ISRCTN86625608' target='_blank'><div>ISRCTN86625608</div></a></td>
      <td>Oral bisphosphonate, alendronate, for the treatment of acute Charcot neuroa...</td>
      <td>Nutritional, Metabolic, Endocrine</td>
      <td>Adult</td>
      <td>78</td>
    </tr>
  </tbody>
</table>"
397,-436065.0396636031,7586945.4496400105,medac GmbH,56.14304860000001,-3.9172389,1.0,1.0,"<table border=""1"" class=""dataframe"">
  <thead>
    <tr style=""text-align: left;"">
      <th>ISRCTN link</th>
      <th>Title</th>
      <th>Condition category</th>
      <th>Age group</th>
      <th>Target number of participants</th>
    </tr>
  </thead>
  <tbody>
    <tr>
      <td><a href='https://www.isrctn.com/ISRCTN36145549' target='_blank'><div>ISRCTN36145549</div></a></td>
      <td>Pharmacokinetics of terguride in healthy subjects with known CYP2D6 genotyp...</td>
      <td>Genetic Diseases</td>
      <td>Adult</td>
      <td>36</td>
    </tr>
  </tbody>
</table>"
400,247226.48487237713,6251278.016564732,Institut de Recherches Internationales Servier (France),48.8608179,2.2208733,19.0,19.294828004351505,"<table border=""1"" class=""dataframe"">
  <thead>
    <tr style=""text-align: left;"">
      <th>ISRCTN link</th>
      <th>Title</th>
      <th>Condition category</th>
      <th>Age group</th>
      <th>Target number of participants</th>
    </tr>
  </thead>
  <tbody>
    <tr>
      <td><a href='https://www.isrctn.com/ISRCTN15566373' target='_blank'><div>ISRCTN15566373</div></a></td>
      <td>Phase I study of S 95005 in combination with oxaliplatin in metastatic colo...</td>
      <td>Cancer</td>
      <td>Adult</td>
      <td>94</td>
    </tr>
    <tr>
      <td><a href='https://www.isrctn.com/ISRCTN04804337' target='_blank'><div>ISRCTN04804337</div></a></td>
      <td>Phase I dose-escalation study of oral administration of S55746 in patients ...</td>
      <td>Cancer</td>
      <td>Adult</td>
      <td>120</td>
    </tr>
    <tr>
      <td><a href='https://www.isrctn.com/ISRCTN60567801' target='_blank'><div>ISRCTN60567801</div></a></td>
      <td>Determination of the efficacious and safe dose of ivabradine in paediatric ...</td>
      <td>Circulatory System</td>
      <td>Child</td>
      <td>90</td>
    </tr>
    <tr>
      <td><a href='https://www.isrctn.com/ISRCTN75872983' target='_blank'><div>ISRCTN75872983</div></a></td>
      <td>Evaluation of the effect of agomelatine and escitalopram on emotions and mo...</td>
      <td>Mental and Behavioural Disorders</td>
      <td>Adult</td>
      <td>128</td>
    </tr>
    <tr>
      <td><a href='https://www.isrctn.com/ISRCTN59214686' target='_blank'><div>ISRCTN59214686</div></a></td>
      <td>S 05985 combination versus angiotensin II receptor blocker/calcium channel ...</td>
      <td>Circulatory System</td>
      <td>Adult</td>
      <td>1600</td>
    </tr>
    <tr>
      <td><a href='https://www.isrctn.com/ISRCTN14227980' target='_blank'><div>ISRCTN14227980</div></a></td>
      <td>Evaluation of the anti-arrhythmic effects of 3 dosages of S 44121 versus pl...</td>
      <td>Circulatory System</td>
      <td>Adult</td>
      <td>160</td>
    </tr>
    <tr>
      <td><a href='https://www.isrctn.com/ISRCTN37166280' target='_blank'><div>ISRCTN37166280</div></a></td>
      <td>The EUROPA study: EUropean trial on Reduction Of cardiac events with Perind...</td>
      <td>Circulatory System</td>
      <td>Adult</td>
      <td>12230</td>
    </tr>
    <tr>
      <td><a href='https://www.isrctn.com/ISRCTN96725312' target='_blank'><div>ISRCTN96725312</div></a></td>
      <td>Evaluation of efficacy and clinical benefit of agomelatine in patients with...</td>
      <td>Mental and Behavioural Disorders</td>
      <td>Adult</td>
      <td>400</td>
    </tr>
    <tr>
      <td><a href='https://www.isrctn.com/ISRCTN67252793' target='_blank'><div>ISRCTN67252793</div></a></td>
      <td>Effects of a 10 or 15 mg single intravenous bolus of ivabradine versus plac...</td>
      <td>Circulatory System</td>
      <td>Adult</td>
      <td>330</td>
    </tr>
    <tr>
      <td><a href='https://www.isrctn.com/ISRCTN19313268' target='_blank'><div>ISRCTN19313268</div></a></td>
      <td>Efficacy and safety of agomelatine (25 mg/day with potential adjustment to ...</td>
      <td>Mental and Behavioural Disorders</td>
      <td>Adult</td>
      <td>500</td>
    </tr>
    <tr>
      <td><a href='https://www.isrctn.com/ISRCTN48348637' target='_blank'><div>ISRCTN48348637</div></a></td>
      <td>SOTI and TROPOS phase III studies open-label extension. The long term effic...</td>
      <td>Musculoskeletal Diseases</td>
      <td>Adult</td>
      <td>3000</td>
    </tr>
    <tr>
      <td><a href='https://www.isrctn.com/ISRCTN61335805' target='_blank'><div>ISRCTN61335805</div></a></td>
      <td>S 05985 combination versus AT1-Receptor Blocker/thiazide: a comparison of b...</td>
      <td>Circulatory System</td>
      <td>Adult</td>
      <td>3000</td>
    </tr>
    <tr>
      <td><a href='https://www.isrctn.com/ISRCTN49960746' target='_blank'><div>ISRCTN49960746</div></a></td>
      <td>The efficacy and safety of strontium ranelate in the treatment of male oste...</td>
      <td>Musculoskeletal Diseases</td>
      <td>Senior</td>
      <td>221</td>
    </tr>
    <tr>
      <td><a href='https://www.isrctn.com/ISRCTN55250367' target='_blank'><div>ISRCTN55250367</div></a></td>
      <td>Efficacy of agomelatine given orally on improvement of subjective sleep in ...</td>
      <td>Mental and Behavioural Disorders</td>
      <td>Adult</td>
      <td>300</td>
    </tr>
    <tr>
      <td><a href='https://www.isrctn.com/ISRCTN44737909' target='_blank'><div>ISRCTN44737909</div></a></td>
      <td>Effects of agomelatine on sleep electroencephalogram parameters compared to...</td>
      <td>Mental and Behavioural Disorders</td>
      <td>Adult</td>
      <td>130</td>
    </tr>
    <tr>
      <td><a href='https://www.isrctn.com/ISRCTN53193024' target='_blank'><div>ISRCTN53193024</div></a></td>
      <td>A study to determine the maintenance of efficacy of agomelatine to prevent ...</td>
      <td>Mental and Behavioural Disorders</td>
      <td>Adult</td>
      <td>500</td>
    </tr>
    <tr>
      <td><a href='https://www.isrctn.com/ISRCTN67790431' target='_blank'><div>ISRCTN67790431</div></a></td>
      <td>Long term double blind comparison of gliclazide modified release and an ora...</td>
      <td>Nutritional, Metabolic, Endocrine</td>
      <td>Adult</td>
      <td>2500</td>
    </tr>
    <tr>
      <td><a href='https://www.isrctn.com/ISRCTN70429960' target='_blank'><div>ISRCTN70429960</div></a></td>
      <td>Effects of ivabradine on cardiovascular events in patients with moderate to...</td>
      <td>Circulatory System</td>
      <td>Adult</td>
      <td>6500</td>
    </tr>
    <tr>
      <td><a href='https://www.isrctn.com/ISRCTN41323372' target='_blank'><div>ISRCTN41323372</div></a></td>
      <td>The efficacy and safety of two doses of strontium ranelate versus placebo, ...</td>
      <td>Musculoskeletal Diseases</td>
      <td>Adult</td>
      <td>1680</td>
    </tr>
  </tbody>
</table>"
406,-477848.38751879334,7533287.522498265,Clinical Trials and Research Governance,55.8735672,-4.2925851,1.0,1.0,"<table border=""1"" class=""dataframe"">
  <thead>
    <tr style=""text-align: left;"">
      <th>ISRCTN link</th>
      <th>Title</th>
      <th>Condition category</th>
      <th>Age group</th>
      <th>Target number of participants</th>
    </tr>
  </thead>
  <tbody>
    <tr>
      <td><a href='https://www.isrctn.com/ISRCTN12389567' target='_blank'><div>ISRCTN12389567</div></a></td>
      <td>MyeChild 01: Treating children with acute myeloid leukaemia</td>
      <td>Cancer</td>
      <td>Child</td>
      <td>700</td>
    </tr>
  </tbody>
</table>"
412,-266071.91731605754,6690662.675864719,Royal National Hospital for Rheumatic Diseases,51.3905065,-2.3901647,2.0,5.306765580733931,"<table border=""1"" class=""dataframe"">
  <thead>
    <tr style=""text-align: left;"">
      <th>ISRCTN link</th>
      <th>Title</th>
      <th>Condition category</th>
      <th>Age group</th>
      <th>Target number of participants</th>
    </tr>
  </thead>
  <tbody>
    <tr>
      <td><a href='https://www.isrctn.com/ISRCTN12308164' target='_blank'><div>ISRCTN12308164</div></a></td>
      <td>Alendronate in ankylosing spondylitis trial</td>
      <td>Musculoskeletal Diseases</td>
      <td>Adult</td>
      <td>180</td>
    </tr>
    <tr>
      <td><a href='https://www.isrctn.com/ISRCTN87639321' target='_blank'><div>ISRCTN87639321</div></a></td>
      <td>The effects of bisphosphonates on disease activity and bone status in ankyl...</td>
      <td>Musculoskeletal Diseases</td>
      <td>Adult</td>
      <td>180</td>
    </tr>
  </tbody>
</table>"
413,1823066.5546397457,6130766.833206843,Octapharma Pharmazeutika Prod.Ges.m.b.H.,48.1435325,16.3768855,1.0,1.0,"<table border=""1"" class=""dataframe"">
  <thead>
    <tr style=""text-align: left;"">
      <th>ISRCTN link</th>
      <th>Title</th>
      <th>Condition category</th>
      <th>Age group</th>
      <th>Target number of participants</th>
    </tr>
  </thead>
  <tbody>
    <tr>
      <td><a href='https://www.isrctn.com/ISRCTN55938644' target='_blank'><div>ISRCTN55938644</div></a></td>
      <td>Comparison of quality of life and satisfaction in primary immunodeficient p...</td>
      <td>Haematological Disorders</td>
      <td>Adult</td>
      <td>30</td>
    </tr>
  </tbody>
</table>"
418,513836.8545654017,6563070.049190235,Université catholique de Louvain (Belgium),50.6696767,4.615875,1.0,1.0,"<table border=""1"" class=""dataframe"">
  <thead>
    <tr style=""text-align: left;"">
      <th>ISRCTN link</th>
      <th>Title</th>
      <th>Condition category</th>
      <th>Age group</th>
      <th>Target number of participants</th>
    </tr>
  </thead>
  <tbody>
    <tr>
      <td><a href='https://www.isrctn.com/ISRCTN65055502' target='_blank'><div>ISRCTN65055502</div></a></td>
      <td>Assessment of efficacy of mirabegron, a new beta3-adrenergic receptor in th...</td>
      <td>Circulatory System</td>
      <td>Adult</td>
      <td>297</td>
    </tr>
  </tbody>
</table>"
421,-337883.95384756214,7650883.162850727,Tayside Medical Science Centre,56.4617082,-3.0352632,1.0,1.0,"<table border=""1"" class=""dataframe"">
  <thead>
    <tr style=""text-align: left;"">
      <th>ISRCTN link</th>
      <th>Title</th>
      <th>Condition category</th>
      <th>Age group</th>
      <th>Target number of participants</th>
    </tr>
  </thead>
  <tbody>
    <tr>
      <td><a href='https://www.isrctn.com/ISRCTN09486651' target='_blank'><div>ISRCTN09486651</div></a></td>
      <td>Bicarbonate for Chronic Kidney Disease and Acidosis</td>
      <td>Urological and Genital Diseases</td>
      <td>Senior</td>
      <td>380</td>
    </tr>
  </tbody>
</table>"
422,-246367.07613955488,6983716.517076816,University Hospital of North Staffordshire,53.00388470000001,-2.2131531,4.0,9.613531161467861,"<table border=""1"" class=""dataframe"">
  <thead>
    <tr style=""text-align: left;"">
      <th>ISRCTN link</th>
      <th>Title</th>
      <th>Condition category</th>
      <th>Age group</th>
      <th>Target number of participants</th>
    </tr>
  </thead>
  <tbody>
    <tr>
      <td><a href='https://www.isrctn.com/ISRCTN88611534' target='_blank'><div>ISRCTN88611534</div></a></td>
      <td>STudy of Antibiotic Treatment In Children with chronic cough (STATIC)</td>
      <td>Respiratory</td>
      <td>Child</td>
      <td>80</td>
    </tr>
    <tr>
      <td><a href='https://www.isrctn.com/ISRCTN39374171' target='_blank'><div>ISRCTN39374171</div></a></td>
      <td>A phase IV acceptability and feasibility trial of the effects of medication...</td>
      <td>Nervous System Diseases</td>
      <td>Senior</td>
      <td>50</td>
    </tr>
    <tr>
      <td><a href='https://www.isrctn.com/ISRCTN03556343' target='_blank'><div>ISRCTN03556343</div></a></td>
      <td>Management of asthma in school-age children on therapy</td>
      <td>Respiratory</td>
      <td>Child</td>
      <td>900</td>
    </tr>
    <tr>
      <td><a href='https://www.isrctn.com/ISRCTN03556343' target='_blank'><div>ISRCTN03556343</div></a></td>
      <td>Management of asthma in school-age children on therapy</td>
      <td>Respiratory</td>
      <td>Child</td>
      <td>900</td>
    </tr>
  </tbody>
</table>"
431,-13140.0525056963,6713423.546911105,Medical Research Council (MRC),51.5179163,-0.1180391,73.0,27.65812336096604,"<table border=""1"" class=""dataframe"">
  <thead>
    <tr style=""text-align: left;"">
      <th>ISRCTN link</th>
      <th>Title</th>
      <th>Condition category</th>
      <th>Age group</th>
      <th>Target number of participants</th>
    </tr>
  </thead>
  <tbody>
    <tr>
      <td><a href='https://www.isrctn.com/ISRCTN94465371' target='_blank'><div>ISRCTN94465371</div></a></td>
      <td>Pre-exposure option for reducing HIV in the UK: an open-label randomisation...</td>
      <td>Infections and Infestations</td>
      <td>Adult</td>
      <td>500</td>
    </tr>
    <tr>
      <td><a href='https://www.isrctn.com/ISRCTN37666216' target='_blank'><div>ISRCTN37666216</div></a></td>
      <td>Adjunctive rifampicin to reduce early mortality from Staphylococcus aureus ...</td>
      <td>Infections and Infestations</td>
      <td>Adult</td>
      <td>770</td>
    </tr>
    <tr>
      <td><a href='https://www.isrctn.com/ISRCTN10356387' target='_blank'><div>ISRCTN10356387</div></a></td>
      <td>ICON8 Trials Programme</td>
      <td>Cancer</td>
      <td>Adult</td>
      <td>2655</td>
    </tr>
    <tr>
      <td><a href='https://www.isrctn.com/ISRCTN30019040' target='_blank'><div>ISRCTN30019040</div></a></td>
      <td>HCQ-01 Trial: evaluation of the efficacy of hydroxychloroquine in decreasin...</td>
      <td>Infections and Infestations</td>
      <td>Adult</td>
      <td>90</td>
    </tr>
    <tr>
      <td><a href='https://www.isrctn.com/ISRCTN38375681' target='_blank'><div>ISRCTN38375681</div></a></td>
      <td>A two-arm phase II randomised trial of intermittent chemotherapy plus conti...</td>
      <td>Cancer</td>
      <td>Adult</td>
      <td>169</td>
    </tr>
    <tr>
      <td><a href='https://www.isrctn.com/ISRCTN13826061' target='_blank'><div>ISRCTN13826061</div></a></td>
      <td>A phase III multi-centre randomised controlled trial to assess whether opti...</td>
      <td>Cancer</td>
      <td>Adult</td>
      <td>534</td>
    </tr>
    <tr>
      <td><a href='https://www.isrctn.com/ISRCTN64716212' target='_blank'><div>ISRCTN64716212</div></a></td>
      <td>An international multi-centre, randomised, double-blind, placebo controlled...</td>
      <td>Infections and Infestations</td>
      <td>Adult</td>
      <td>9673</td>
    </tr>
    <tr>
      <td><a href='https://www.isrctn.com/ISRCTN53643604' target='_blank'><div>ISRCTN53643604</div></a></td>
      <td>Randomised phase II trial comparing intensive induction chemotherapy (CBOP ...</td>
      <td>Cancer</td>
      <td>Not Specified</td>
      <td>88</td>
    </tr>
    <tr>
      <td><a href='https://www.isrctn.com/ISRCTN01852072' target='_blank'><div>ISRCTN01852072</div></a></td>
      <td>A randomised controlled trial comparing standard chemotherapy followed by r...</td>
      <td>Cancer</td>
      <td>Adult</td>
      <td>842</td>
    </tr>
    <tr>
      <td><a href='https://www.isrctn.com/ISRCTN11318989' target='_blank'><div>ISRCTN11318989</div></a></td>
      <td>A randomised trial to compare the effects of methotrexate and vinblastine w...</td>
      <td>Cancer</td>
      <td>Not Specified</td>
      <td>0</td>
    </tr>
    <tr>
      <td><a href='https://www.isrctn.com/ISRCTN23736115' target='_blank'><div>ISRCTN23736115</div></a></td>
      <td>Third Medical Research Council Trial in Chronic Lymphomatic Leukaemia</td>
      <td>Cancer</td>
      <td>Not Specified</td>
      <td>350</td>
    </tr>
    <tr>
      <td><a href='https://www.isrctn.com/ISRCTN36984145' target='_blank'><div>ISRCTN36984145</div></a></td>
      <td>Medical Research Council Sixth Small Cell Study: A Controlled Clinical Tria...</td>
      <td>Cancer</td>
      <td>Not Specified</td>
      <td>0</td>
    </tr>
    <tr>
      <td><a href='https://www.isrctn.com/ISRCTN46123985' target='_blank'><div>ISRCTN46123985</div></a></td>
      <td>Trial of alpha-interferon in chronic myeloid leukaemia and a comparison of ...</td>
      <td>Cancer</td>
      <td>Senior</td>
      <td>587</td>
    </tr>
    <tr>
      <td><a href='https://www.isrctn.com/ISRCTN47723344' target='_blank'><div>ISRCTN47723344</div></a></td>
      <td>Medical Research Council sixth myelomatosis trial for previously untreated ...</td>
      <td>Cancer</td>
      <td>Not Specified</td>
      <td>0</td>
    </tr>
    <tr>
      <td><a href='https://www.isrctn.com/ISRCTN11824145' target='_blank'><div>ISRCTN11824145</div></a></td>
      <td>A Randomised Trial of Two Chemotherapy Regimens in the Treatment of Operabl...</td>
      <td>Cancer</td>
      <td>Adult</td>
      <td>400</td>
    </tr>
    <tr>
      <td><a href='https://www.isrctn.com/ISRCTN71172156' target='_blank'><div>ISRCTN71172156</div></a></td>
      <td>Randomised controlled clinical trial of oral etoposide versus intravenous m...</td>
      <td>Cancer</td>
      <td>Not Specified</td>
      <td>339</td>
    </tr>
    <tr>
      <td><a href='https://www.isrctn.com/ISRCTN95638591' target='_blank'><div>ISRCTN95638591</div></a></td>
      <td>A Randomised Trial of 5-Fluorouracil (5FU) and Leucovorin (LV) versus 5-Flu...</td>
      <td>Cancer</td>
      <td>Not Specified</td>
      <td>260</td>
    </tr>
    <tr>
      <td><a href='https://www.isrctn.com/ISRCTN42791812' target='_blank'><div>ISRCTN42791812</div></a></td>
      <td>Randomised controlled trial of azathioprine in multifocal motor neuropathy</td>
      <td>Nervous System Diseases</td>
      <td>Not Specified</td>
      <td>0</td>
    </tr>
    <tr>
      <td><a href='https://www.isrctn.com/ISRCTN15921116' target='_blank'><div>ISRCTN15921116</div></a></td>
      <td>A randomised controlled dose intensification clinical trial of chemotherapy...</td>
      <td>Cancer</td>
      <td>Not Specified</td>
      <td>400</td>
    </tr>
    <tr>
      <td><a href='https://www.isrctn.com/ISRCTN82694463' target='_blank'><div>ISRCTN82694463</div></a></td>
      <td>A phase III study of primary chemotherapy in T2 (G3), T3 and T4a; N0 or NX;...</td>
      <td>Cancer</td>
      <td>Not Specified</td>
      <td>975</td>
    </tr>
    <tr>
      <td><a href='https://www.isrctn.com/ISRCTN88118697' target='_blank'><div>ISRCTN88118697</div></a></td>
      <td>A randomised trial of intravesical irrigation in superficial bladder cancer...</td>
      <td>Cancer</td>
      <td>Not Specified</td>
      <td>1000</td>
    </tr>
    <tr>
      <td><a href='https://www.isrctn.com/ISRCTN14535482' target='_blank'><div>ISRCTN14535482</div></a></td>
      <td>Treatment of poor prognosis metastatic teratoma</td>
      <td>Cancer</td>
      <td>Not Specified</td>
      <td>154</td>
    </tr>
    <tr>
      <td><a href='https://www.isrctn.com/ISRCTN27827390' target='_blank'><div>ISRCTN27827390</div></a></td>
      <td>Carboplatin versus etoposide/cisplatin for advanced metastatic seminoma</td>
      <td>Cancer</td>
      <td>Not Specified</td>
      <td>112</td>
    </tr>
    <tr>
      <td><a href='https://www.isrctn.com/ISRCTN32414363' target='_blank'><div>ISRCTN32414363</div></a></td>
      <td>Adjuvant X-ray & 5-Fluorouracil (5-FU) Infusion Study</td>
      <td>Cancer</td>
      <td>Not Specified</td>
      <td>4000</td>
    </tr>
    <tr>
      <td><a href='https://www.isrctn.com/ISRCTN35399995' target='_blank'><div>ISRCTN35399995</div></a></td>
      <td>Treatment of good prognosis germ cell cancer</td>
      <td>Cancer</td>
      <td>Not Specified</td>
      <td>800</td>
    </tr>
    <tr>
      <td><a href='https://www.isrctn.com/ISRCTN48215558' target='_blank'><div>ISRCTN48215558</div></a></td>
      <td>International Collaborative Ovarian Neoplasm studies (2): a trial of CAP ve...</td>
      <td>Cancer</td>
      <td>Not Specified</td>
      <td>2000</td>
    </tr>
    <tr>
      <td><a href='https://www.isrctn.com/ISRCTN57157825' target='_blank'><div>ISRCTN57157825</div></a></td>
      <td>International Collaborative Ovarian Neoplasm studies (3): a trial of paclit...</td>
      <td>Cancer</td>
      <td>Not Specified</td>
      <td>2000</td>
    </tr>
    <tr>
      <td><a href='https://www.isrctn.com/ISRCTN69711558' target='_blank'><div>ISRCTN69711558</div></a></td>
      <td>Study of carboplatin based combination chemotherapy for good prognosis meta...</td>
      <td>Cancer</td>
      <td>Not Specified</td>
      <td>450</td>
    </tr>
    <tr>
      <td><a href='https://www.isrctn.com/ISRCTN79658966' target='_blank'><div>ISRCTN79658966</div></a></td>
      <td>Study of chemotherapy for patients with good prognosis metastatic non-semin...</td>
      <td>Cancer</td>
      <td>Adult</td>
      <td>44</td>
    </tr>
    <tr>
      <td><a href='https://www.isrctn.com/ISRCTN81218776' target='_blank'><div>ISRCTN81218776</div></a></td>
      <td>A study of adjuvant chemotherapy for malignant glioma</td>
      <td>Cancer</td>
      <td>Adult</td>
      <td>600</td>
    </tr>
    <tr>
      <td><a href='https://www.isrctn.com/ISRCTN89397749' target='_blank'><div>ISRCTN89397749</div></a></td>
      <td>A randomised trial of alpha-interferon versus medroxyprogesterone acetate f...</td>
      <td>Cancer</td>
      <td>Not Specified</td>
      <td>600</td>
    </tr>
    <tr>
      <td><a href='https://www.isrctn.com/ISRCTN75147488' target='_blank'><div>ISRCTN75147488</div></a></td>
      <td>A randomised trial of epirubicin and cyclophosphamide versus epirubicin and...</td>
      <td>Cancer</td>
      <td>Not Specified</td>
      <td>700</td>
    </tr>
    <tr>
      <td><a href='https://www.isrctn.com/ISRCTN77275134' target='_blank'><div>ISRCTN77275134</div></a></td>
      <td>A study of radiotherapy with or without chemotherapy in primary central ner...</td>
      <td>Cancer</td>
      <td>Adult</td>
      <td>90</td>
    </tr>
    <tr>
      <td><a href='https://www.isrctn.com/ISRCTN77353795' target='_blank'><div>ISRCTN77353795</div></a></td>
      <td>A randomised trial of epirubicin versus mitomycin C at the time of first re...</td>
      <td>Cancer</td>
      <td>Not Specified</td>
      <td>800</td>
    </tr>
    <tr>
      <td><a href='https://www.isrctn.com/ISRCTN79554459' target='_blank'><div>ISRCTN79554459</div></a></td>
      <td>A study of potentially curative local therapy alone, or preceded by chemoth...</td>
      <td>Cancer</td>
      <td>Adult</td>
      <td>313</td>
    </tr>
    <tr>
      <td><a href='https://www.isrctn.com/ISRCTN86294690' target='_blank'><div>ISRCTN86294690</div></a></td>
      <td>A randomised trial of chemotherapy with or without granulocyte colony-stimu...</td>
      <td>Cancer</td>
      <td>Adult</td>
      <td>500</td>
    </tr>
    <tr>
      <td><a href='https://www.isrctn.com/ISRCTN46518965' target='_blank'><div>ISRCTN46518965</div></a></td>
      <td>A randomised controlled trial of Interferon-alpha (IFN-alpha), Interleukin-...</td>
      <td>Cancer</td>
      <td>Adult</td>
      <td>1100</td>
    </tr>
    <tr>
      <td><a href='https://www.isrctn.com/ISRCTN17821339' target='_blank'><div>ISRCTN17821339</div></a></td>
      <td>Neonatal ventilation with INhaled Nitric Oxide versus Ventilatory support w...</td>
      <td>Neonatal Diseases</td>
      <td>Neonate</td>
      <td>160</td>
    </tr>
    <tr>
      <td><a href='https://www.isrctn.com/ISRCTN32484878' target='_blank'><div>ISRCTN32484878</div></a></td>
      <td>Combination anti-rheumatic drugs in early rheumatoid arthritis</td>
      <td>Musculoskeletal Diseases</td>
      <td>Adult</td>
      <td>468</td>
    </tr>
    <tr>
      <td><a href='https://www.isrctn.com/ISRCTN52157196' target='_blank'><div>ISRCTN52157196</div></a></td>
      <td>MYELOMA VIIIth trial</td>
      <td>Cancer</td>
      <td>Senior</td>
      <td>1000</td>
    </tr>
    <tr>
      <td><a href='https://www.isrctn.com/ISRCTN58226681' target='_blank'><div>ISRCTN58226681</div></a></td>
      <td>Evaluation of the efficacy of oxybutynin and imipramine in the management o...</td>
      <td>Urological and Genital Diseases</td>
      <td>Not Specified</td>
      <td>345</td>
    </tr>
    <tr>
      <td><a href='https://www.isrctn.com/ISRCTN32846751' target='_blank'><div>ISRCTN32846751</div></a></td>
      <td>VIIIth myelomatosis trial</td>
      <td>Cancer</td>
      <td>Adult</td>
      <td>0</td>
    </tr>
    <tr>
      <td><a href='https://www.isrctn.com/ISRCTN88271422' target='_blank'><div>ISRCTN88271422</div></a></td>
      <td>The effect of daily low dose mifepristone on the endometrium - study over f...</td>
      <td>Pregnancy and Childbirth</td>
      <td>Adult</td>
      <td>40</td>
    </tr>
    <tr>
      <td><a href='https://www.isrctn.com/ISRCTN72251782' target='_blank'><div>ISRCTN72251782</div></a></td>
      <td>Randomised study to compare aspirin versus hydroxyurea/aspirin in 'intermed...</td>
      <td>Cancer</td>
      <td>Adult</td>
      <td>1600</td>
    </tr>
    <tr>
      <td><a href='https://www.isrctn.com/ISRCTN81872640' target='_blank'><div>ISRCTN81872640</div></a></td>
      <td>A trial of intraoperative 5-fluorouracil (5-FU) in primary glaucoma surgery...</td>
      <td>Eye Diseases</td>
      <td>Not Specified</td>
      <td>367</td>
    </tr>
    <tr>
      <td><a href='https://www.isrctn.com/ISRCTN19943732' target='_blank'><div>ISRCTN19943732</div></a></td>
      <td>Intravenous MAGnesium Efficacy in Stroke</td>
      <td>Circulatory System</td>
      <td>Adult</td>
      <td>2700</td>
    </tr>
    <tr>
      <td><a href='https://www.isrctn.com/ISRCTN87954265' target='_blank'><div>ISRCTN87954265</div></a></td>
      <td>Managing knee pain with simple analgesia: the efficacy, cost and adherence ...</td>
      <td>Musculoskeletal Diseases</td>
      <td>Senior</td>
      <td>244</td>
    </tr>
    <tr>
      <td><a href='https://www.isrctn.com/ISRCTN93636537' target='_blank'><div>ISRCTN93636537</div></a></td>
      <td>A multidisciplinary study of the management of neuroleptic medication in sc...</td>
      <td>Mental and Behavioural Disorders</td>
      <td>Adult</td>
      <td>228</td>
    </tr>
    <tr>
      <td><a href='https://www.isrctn.com/ISRCTN85996946' target='_blank'><div>ISRCTN85996946</div></a></td>
      <td>The TILT Study: A pilot trial of antiretroviral Therapy Interruption with a...</td>
      <td>Infections and Infestations</td>
      <td>Adult</td>
      <td>90</td>
    </tr>
    <tr>
      <td><a href='https://www.isrctn.com/ISRCTN75451837' target='_blank'><div>ISRCTN75451837</div></a></td>
      <td>UK Prospective Diabetes Study - post study monitoring (PSM) and cohort foll...</td>
      <td>Nutritional, Metabolic, Endocrine</td>
      <td>Adult</td>
      <td>5102</td>
    </tr>
    <tr>
      <td><a href='https://www.isrctn.com/ISRCTN57857428' target='_blank'><div>ISRCTN57857428</div></a></td>
      <td>Randomised placebo-controlled trial of adefovir dipivoxil in patients with ...</td>
      <td>Infections and Infestations</td>
      <td>Other</td>
      <td>307</td>
    </tr>
    <tr>
      <td><a href='https://www.isrctn.com/ISRCTN58987964' target='_blank'><div>ISRCTN58987964</div></a></td>
      <td>An open randomised trial to evaluate the activity and tolerability of combi...</td>
      <td>Infections and Infestations</td>
      <td>Adult</td>
      <td>100</td>
    </tr>
    <tr>
      <td><a href='https://www.isrctn.com/ISRCTN74775699' target='_blank'><div>ISRCTN74775699</div></a></td>
      <td>An open, randomised trial to compare desensitisation with rechallenge when ...</td>
      <td>Infections and Infestations</td>
      <td>Not Specified</td>
      <td>388</td>
    </tr>
    <tr>
      <td><a href='https://www.isrctn.com/ISRCTN77444899' target='_blank'><div>ISRCTN77444899</div></a></td>
      <td>A randomised trial of risks/benefits of a policy of chemoprophylaxis with H...</td>
      <td>Infections and Infestations</td>
      <td>Adult</td>
      <td>750</td>
    </tr>
    <tr>
      <td><a href='https://www.isrctn.com/ISRCTN92729667' target='_blank'><div>ISRCTN92729667</div></a></td>
      <td>A phase II, double blind, placebo controlled, randomised, single centre stu...</td>
      <td>Infections and Infestations</td>
      <td>Adult</td>
      <td>117</td>
    </tr>
    <tr>
      <td><a href='https://www.isrctn.com/ISRCTN54469112' target='_blank'><div>ISRCTN54469112</div></a></td>
      <td>Medical Research Council (MRC)/British Thoracic Society (BTS) phase II feas...</td>
      <td>Cancer</td>
      <td>Not Specified</td>
      <td>120</td>
    </tr>
    <tr>
      <td><a href='https://www.isrctn.com/ISRCTN48935548' target='_blank'><div>ISRCTN48935548</div></a></td>
      <td>A prospective randomised trial of resection versus biopsy in patients with ...</td>
      <td>Cancer</td>
      <td>Adult</td>
      <td>0</td>
    </tr>
    <tr>
      <td><a href='https://www.isrctn.com/ISRCTN49399974' target='_blank'><div>ISRCTN49399974</div></a></td>
      <td>Pragmatic primary care randomised placebo controlled trial of steroids (ora...</td>
      <td>Respiratory</td>
      <td>Child</td>
      <td>0</td>
    </tr>
    <tr>
      <td><a href='https://www.isrctn.com/ISRCTN83176944' target='_blank'><div>ISRCTN83176944</div></a></td>
      <td>A prospective randomised trial comparing temozolomide with standard nitroso...</td>
      <td>Cancer</td>
      <td>Adult</td>
      <td>500</td>
    </tr>
    <tr>
      <td><a href='https://www.isrctn.com/ISRCTN93793971' target='_blank'><div>ISRCTN93793971</div></a></td>
      <td>MRC Adjuvant Gastric Infusional Chemotherapy Trial</td>
      <td>Cancer</td>
      <td>Not Specified</td>
      <td>500</td>
    </tr>
    <tr>
      <td><a href='https://www.isrctn.com/ISRCTN32891249' target='_blank'><div>ISRCTN32891249</div></a></td>
      <td>A randomised trial of adjuvant procarbazine, CCNU, vincristine chemotherapy...</td>
      <td>Cancer</td>
      <td>Adult</td>
      <td>350</td>
    </tr>
    <tr>
      <td><a href='https://www.isrctn.com/ISRCTN38477744' target='_blank'><div>ISRCTN38477744</div></a></td>
      <td>A double-blind placebo-controlled randomised trial of oral sodium clodronat...</td>
      <td>Cancer</td>
      <td>Adult</td>
      <td>311</td>
    </tr>
    <tr>
      <td><a href='https://www.isrctn.com/ISRCTN41194621' target='_blank'><div>ISRCTN41194621</div></a></td>
      <td>Randomised controlled trial of bezafibrate in patients with lower extremity...</td>
      <td>Circulatory System</td>
      <td>Not Specified</td>
      <td>1568</td>
    </tr>
    <tr>
      <td><a href='https://www.isrctn.com/ISRCTN46614315' target='_blank'><div>ISRCTN46614315</div></a></td>
      <td>Effect of rapid transcranial magnetic stimulation (rTMS) on subjective resp...</td>
      <td>Mental and Behavioural Disorders</td>
      <td>Adult</td>
      <td>24</td>
    </tr>
    <tr>
      <td><a href='https://www.isrctn.com/ISRCTN61384873' target='_blank'><div>ISRCTN61384873</div></a></td>
      <td>A double-blind placebo controlled randomised trial of oral sodium clodronat...</td>
      <td>Cancer</td>
      <td>Adult</td>
      <td>500</td>
    </tr>
    <tr>
      <td><a href='https://www.isrctn.com/ISRCTN47862456' target='_blank'><div>ISRCTN47862456</div></a></td>
      <td>Randomised trial of ifosfamide, carboplatin and etoposide with mid-cycle vi...</td>
      <td>Cancer</td>
      <td>Not Specified</td>
      <td>400</td>
    </tr>
    <tr>
      <td><a href='https://www.isrctn.com/ISRCTN78734883' target='_blank'><div>ISRCTN78734883</div></a></td>
      <td>A randomised trial of intravenous versus intrahepatic arterial 5-Flurouraci...</td>
      <td>Cancer</td>
      <td>Not Specified</td>
      <td>290</td>
    </tr>
    <tr>
      <td><a href='https://www.isrctn.com/ISRCTN82375386' target='_blank'><div>ISRCTN82375386</div></a></td>
      <td>QUASAR (stands for QUick and Simple And Reliable).  UKCCCR randomised study...</td>
      <td>Cancer</td>
      <td>Not Specified</td>
      <td>5000</td>
    </tr>
    <tr>
      <td><a href='https://www.isrctn.com/ISRCTN82942120' target='_blank'><div>ISRCTN82942120</div></a></td>
      <td>Chemotherapy choices in advanced colorectal cancer - a randomised trial com...</td>
      <td>Cancer</td>
      <td>Adult</td>
      <td>905</td>
    </tr>
    <tr>
      <td><a href='https://www.isrctn.com/ISRCTN87786644' target='_blank'><div>ISRCTN87786644</div></a></td>
      <td>A randomised  trial in relapsed ovarian cancer, early treatment based on Ca...</td>
      <td>Cancer</td>
      <td>Not Specified</td>
      <td>1400</td>
    </tr>
    <tr>
      <td><a href='https://www.isrctn.com/ISRCTN27163214' target='_blank'><div>ISRCTN27163214</div></a></td>
      <td>A randomised comparison of single agent carboplatin with radiotherapy for s...</td>
      <td>Cancer</td>
      <td>Not Specified</td>
      <td>1447</td>
    </tr>
    <tr>
      <td><a href='https://www.isrctn.com/ISRCTN79877428' target='_blank'><div>ISRCTN79877428</div></a></td>
      <td>A randomised trial assessing the role of two new agents in the management o...</td>
      <td>Cancer</td>
      <td>Not Specified</td>
      <td>2100</td>
    </tr>
    <tr>
      <td><a href='https://www.isrctn.com/ISRCTN19619965' target='_blank'><div>ISRCTN19619965</div></a></td>
      <td>TNT-1:OPTIMA (Tri-National Trial 1: Options in Management with Anti-retrovi...</td>
      <td>Infections and Infestations</td>
      <td>Adult</td>
      <td>504</td>
    </tr>
  </tbody>
</table>"
440,2006384.4196601626,8256018.650068981,Karolinska Institute,59.34814839999999,18.0236579,1.0,1.0,"<table border=""1"" class=""dataframe"">
  <thead>
    <tr style=""text-align: left;"">
      <th>ISRCTN link</th>
      <th>Title</th>
      <th>Condition category</th>
      <th>Age group</th>
      <th>Target number of participants</th>
    </tr>
  </thead>
  <tbody>
    <tr>
      <td><a href='https://www.isrctn.com/ISRCTN11976737' target='_blank'><div>ISRCTN11976737</div></a></td>
      <td>On demand versus continuous use of omeprazole on reflux symptoms (3)</td>
      <td>Digestive System</td>
      <td>Adult</td>
      <td>700</td>
    </tr>
  </tbody>
</table>"
444,-218324.72792915936,6876591.479158756,Royal Orthopaedic Hospital NHS Foundation Trust,52.4209064,-1.9612444,1.0,1.0,"<table border=""1"" class=""dataframe"">
  <thead>
    <tr style=""text-align: left;"">
      <th>ISRCTN link</th>
      <th>Title</th>
      <th>Condition category</th>
      <th>Age group</th>
      <th>Target number of participants</th>
    </tr>
  </thead>
  <tbody>
    <tr>
      <td><a href='https://www.isrctn.com/ISRCTN60374925' target='_blank'><div>ISRCTN60374925</div></a></td>
      <td>A study investigating a continuous local anaesthetic infusion for pain reli...</td>
      <td>Cancer</td>
      <td>Adult</td>
      <td>80</td>
    </tr>
  </tbody>
</table>"
445,-492719.02396031097,7539718.855240119,NHS National Waiting Times Centre Board,55.9059659,-4.4261703,1.0,1.0,"<table border=""1"" class=""dataframe"">
  <thead>
    <tr style=""text-align: left;"">
      <th>ISRCTN link</th>
      <th>Title</th>
      <th>Condition category</th>
      <th>Age group</th>
      <th>Target number of participants</th>
    </tr>
  </thead>
  <tbody>
    <tr>
      <td><a href='https://www.isrctn.com/ISRCTN69497594' target='_blank'><div>ISRCTN69497594</div></a></td>
      <td>Is there a rebound increase in platelet aggregation following withdrawal of...</td>
      <td>Circulatory System</td>
      <td>Adult</td>
      <td>60</td>
    </tr>
  </tbody>
</table>"
446,999782.6107125486,6165316.320760932,Baxter Innovations GmbH,48.35021,8.9812,1.0,1.0,"<table border=""1"" class=""dataframe"">
  <thead>
    <tr style=""text-align: left;"">
      <th>ISRCTN link</th>
      <th>Title</th>
      <th>Condition category</th>
      <th>Age group</th>
      <th>Target number of participants</th>
    </tr>
  </thead>
  <tbody>
    <tr>
      <td><a href='https://www.isrctn.com/ISRCTN70649397' target='_blank'><div>ISRCTN70649397</div></a></td>
      <td>A study to compare a single dose of M923, EU-sourced Humira or US-sourced H...</td>
      <td>Not Applicable</td>
      <td>Adult</td>
      <td>324</td>
    </tr>
  </tbody>
</table>"
448,-120334.09862991657,6914855.051110243,Leicester General Hospital,52.6300327,-1.0809796,2.0,5.306765580733931,"<table border=""1"" class=""dataframe"">
  <thead>
    <tr style=""text-align: left;"">
      <th>ISRCTN link</th>
      <th>Title</th>
      <th>Condition category</th>
      <th>Age group</th>
      <th>Target number of participants</th>
    </tr>
  </thead>
  <tbody>
    <tr>
      <td><a href='https://www.isrctn.com/ISRCTN65811336' target='_blank'><div>ISRCTN65811336</div></a></td>
      <td>Allopurinol in the prevention of superficial bladder tumour recurrence</td>
      <td>Cancer</td>
      <td>Not Specified</td>
      <td>64</td>
    </tr>
    <tr>
      <td><a href='https://www.isrctn.com/ISRCTN65411483' target='_blank'><div>ISRCTN65411483</div></a></td>
      <td>Adjuvant treatment of gastric cancer with preoperative intraperitoneal mito...</td>
      <td>Cancer</td>
      <td>Adult</td>
      <td>0</td>
    </tr>
  </tbody>
</table>"
452,-19356.355510574285,6697166.855111391,St George's University of London,51.4269516,-0.1738811,5.0,11.0,"<table border=""1"" class=""dataframe"">
  <thead>
    <tr style=""text-align: left;"">
      <th>ISRCTN link</th>
      <th>Title</th>
      <th>Condition category</th>
      <th>Age group</th>
      <th>Target number of participants</th>
    </tr>
  </thead>
  <tbody>
    <tr>
      <td><a href='https://www.isrctn.com/ISRCTN81211851' target='_blank'><div>ISRCTN81211851</div></a></td>
      <td>The effect of hydrocortisone on desire to smoke and tobacco withdrawal symp...</td>
      <td>Mental and Behavioural Disorders</td>
      <td>Adult</td>
      <td>50</td>
    </tr>
    <tr>
      <td><a href='https://www.isrctn.com/ISRCTN44555237' target='_blank'><div>ISRCTN44555237</div></a></td>
      <td>Cervical Artery Dissection In Stroke Study</td>
      <td>Circulatory System</td>
      <td>Not Specified</td>
      <td>250</td>
    </tr>
    <tr>
      <td><a href='https://www.isrctn.com/ISRCTN66148745' target='_blank'><div>ISRCTN66148745</div></a></td>
      <td>Metformin in chronic obstructive pulmonary disease</td>
      <td>Respiratory</td>
      <td>Adult</td>
      <td>69</td>
    </tr>
    <tr>
      <td><a href='https://www.isrctn.com/ISRCTN62554526' target='_blank'><div>ISRCTN62554526</div></a></td>
      <td>Effects of an ARB on microcirculation in essential hypertension</td>
      <td>Circulatory System</td>
      <td>Adult</td>
      <td>46</td>
    </tr>
    <tr>
      <td><a href='https://www.isrctn.com/ISRCTN05203252' target='_blank'><div>ISRCTN05203252</div></a></td>
      <td>Phase I study of oral artesunate in colorectal cancer</td>
      <td>Cancer</td>
      <td>Adult</td>
      <td>22</td>
    </tr>
  </tbody>
</table>"
456,-179843.7395600461,7351142.003840249,Gateshead Health NHS Foundation Trust,54.9447057,-1.6155638,4.0,9.613531161467861,"<table border=""1"" class=""dataframe"">
  <thead>
    <tr style=""text-align: left;"">
      <th>ISRCTN link</th>
      <th>Title</th>
      <th>Condition category</th>
      <th>Age group</th>
      <th>Target number of participants</th>
    </tr>
  </thead>
  <tbody>
    <tr>
      <td><a href='https://www.isrctn.com/ISRCTN52505169' target='_blank'><div>ISRCTN52505169</div></a></td>
      <td>Thyroxine in acute myocardial infarction</td>
      <td>Nutritional, Metabolic, Endocrine</td>
      <td>Adult</td>
      <td>100</td>
    </tr>
    <tr>
      <td><a href='https://www.isrctn.com/ISRCTN46911260' target='_blank'><div>ISRCTN46911260</div></a></td>
      <td>Vascular Augmentation of Late-life Unremitted Depression</td>
      <td>Mental and Behavioural Disorders</td>
      <td>Adult</td>
      <td>80</td>
    </tr>
    <tr>
      <td><a href='https://www.isrctn.com/ISRCTN70334066' target='_blank'><div>ISRCTN70334066</div></a></td>
      <td>Stem cells in subclinical hypothyroidism</td>
      <td>Nutritional, Metabolic, Endocrine</td>
      <td>Other</td>
      <td>60</td>
    </tr>
    <tr>
      <td><a href='https://www.isrctn.com/ISRCTN35570362' target='_blank'><div>ISRCTN35570362</div></a></td>
      <td>Subclinical hypothyroidism (SCH), cardiovascular risk and quality of life</td>
      <td>Nutritional, Metabolic, Endocrine</td>
      <td>Adult</td>
      <td>100</td>
    </tr>
  </tbody>
</table>"
467,-395619.2511500395,6530228.177926505,South Devon Healthcare NHS Foundation Trust,50.4823211,-3.5539082,2.0,5.306765580733931,"<table border=""1"" class=""dataframe"">
  <thead>
    <tr style=""text-align: left;"">
      <th>ISRCTN link</th>
      <th>Title</th>
      <th>Condition category</th>
      <th>Age group</th>
      <th>Target number of participants</th>
    </tr>
  </thead>
  <tbody>
    <tr>
      <td><a href='https://www.isrctn.com/ISRCTN65174202' target='_blank'><div>ISRCTN65174202</div></a></td>
      <td>The use of nebulised magnesium sulphate in exacerbations of chronic obstruc...</td>
      <td>Respiratory</td>
      <td>Adult</td>
      <td>100</td>
    </tr>
    <tr>
      <td><a href='https://www.isrctn.com/ISRCTN48754612' target='_blank'><div>ISRCTN48754612</div></a></td>
      <td>Randomised controlled trial of Femoral Nerve Blockade for fractured femurs</td>
      <td>Musculoskeletal Diseases</td>
      <td>Adult</td>
      <td>268</td>
    </tr>
  </tbody>
</table>"
470,-8529357.014681004,4769037.876865328,Johns Hopkins University,39.3299013,-76.6205177,1.0,1.0,"<table border=""1"" class=""dataframe"">
  <thead>
    <tr style=""text-align: left;"">
      <th>ISRCTN link</th>
      <th>Title</th>
      <th>Condition category</th>
      <th>Age group</th>
      <th>Target number of participants</th>
    </tr>
  </thead>
  <tbody>
    <tr>
      <td><a href='https://www.isrctn.com/ISRCTN81927110' target='_blank'><div>ISRCTN81927110</div></a></td>
      <td>A phase III, randomized, open-label, 500-subject clinical trial of minimall...</td>
      <td>Surgery</td>
      <td>Adult</td>
      <td>500</td>
    </tr>
  </tbody>
</table>"
471,1470977.9666001839,7502087.28249554,Camurus AB (Sweden),55.7160076,13.2140199,1.0,1.0,"<table border=""1"" class=""dataframe"">
  <thead>
    <tr style=""text-align: left;"">
      <th>ISRCTN link</th>
      <th>Title</th>
      <th>Condition category</th>
      <th>Age group</th>
      <th>Target number of participants</th>
    </tr>
  </thead>
  <tbody>
    <tr>
      <td><a href='https://www.isrctn.com/ISRCTN24987553' target='_blank'><div>ISRCTN24987553</div></a></td>
      <td>CAM2038, pharmacokinetics (PK), bioavailability and safety in healthy volun...</td>
      <td>Not Applicable</td>
      <td>Adult</td>
      <td>57</td>
    </tr>
  </tbody>
</table>"
476,-483175.13647274225,7531076.236309555,University of Glasgow; NHS Greater Glasgow and Clyde,55.8624213,-4.3404361,3.0,7.826061944859854,"<table border=""1"" class=""dataframe"">
  <thead>
    <tr style=""text-align: left;"">
      <th>ISRCTN link</th>
      <th>Title</th>
      <th>Condition category</th>
      <th>Age group</th>
      <th>Target number of participants</th>
    </tr>
  </thead>
  <tbody>
    <tr>
      <td><a href='https://www.isrctn.com/ISRCTN13630682' target='_blank'><div>ISRCTN13630682</div></a></td>
      <td>A randomised controlled trial comparing taurolidine-citrate with heparin fo...</td>
      <td>Urological and Genital Diseases</td>
      <td>Adult</td>
      <td>164</td>
    </tr>
    <tr>
      <td><a href='https://www.isrctn.com/ISRCTN23516549' target='_blank'><div>ISRCTN23516549</div></a></td>
      <td>CIRCCa (Cediranib In Recurrent Cervical Cancer): a trial of carboplatin-pac...</td>
      <td>Cancer</td>
      <td>Adult</td>
      <td>130</td>
    </tr>
    <tr>
      <td><a href='https://www.isrctn.com/ISRCTN59757862' target='_blank'><div>ISRCTN59757862</div></a></td>
      <td>SCOT - Short Course Oncology Therapy: a study of adjuvant chemotherapy in c...</td>
      <td>Cancer</td>
      <td>Adult</td>
      <td>6144</td>
    </tr>
  </tbody>
</table>"
477,845362.4394739355,6794617.961544888,Kompetenznetz Vorhofflimmern e.V. (AFNET) [Atrial Fibrillation NETwork],51.96953,7.59402,2.0,5.306765580733931,"<table border=""1"" class=""dataframe"">
  <thead>
    <tr style=""text-align: left;"">
      <th>ISRCTN link</th>
      <th>Title</th>
      <th>Condition category</th>
      <th>Age group</th>
      <th>Target number of participants</th>
    </tr>
  </thead>
  <tbody>
    <tr>
      <td><a href='https://www.isrctn.com/ISRCTN87711003' target='_blank'><div>ISRCTN87711003</div></a></td>
      <td>Anticoagulation using the direct factor Xa inhibitor apixaban during Atrial...</td>
      <td>Circulatory System</td>
      <td>Adult</td>
      <td>630</td>
    </tr>
    <tr>
      <td><a href='https://www.isrctn.com/ISRCTN17309850' target='_blank'><div>ISRCTN17309850</div></a></td>
      <td>Non-vitamin K antagonist oral anticoagulants in patients with atrial high r...</td>
      <td>Circulatory System</td>
      <td>Senior</td>
      <td>2538</td>
    </tr>
  </tbody>
</table>"
479,-175563.0821249797,7350231.428662039,"Northumberland, Tyne and Wear NHS Foundation Trust",54.9400072,-1.57711,1.0,1.0,"<table border=""1"" class=""dataframe"">
  <thead>
    <tr style=""text-align: left;"">
      <th>ISRCTN link</th>
      <th>Title</th>
      <th>Condition category</th>
      <th>Age group</th>
      <th>Target number of participants</th>
    </tr>
  </thead>
  <tbody>
    <tr>
      <td><a href='https://www.isrctn.com/ISRCTN45338259' target='_blank'><div>ISRCTN45338259</div></a></td>
      <td>Antiglucocorticoid augmentation of antiDepressants in Depression: the ADD s...</td>
      <td>Mental and Behavioural Disorders</td>
      <td>Adult</td>
      <td>190</td>
    </tr>
  </tbody>
</table>"
482,-295636.40371576394,7105313.040146196,Health Protection Agency (HPA),53.6562071,-2.655747,1.0,1.0,"<table border=""1"" class=""dataframe"">
  <thead>
    <tr style=""text-align: left;"">
      <th>ISRCTN link</th>
      <th>Title</th>
      <th>Condition category</th>
      <th>Age group</th>
      <th>Target number of participants</th>
    </tr>
  </thead>
  <tbody>
    <tr>
      <td><a href='https://www.isrctn.com/ISRCTN18766300' target='_blank'><div>ISRCTN18766300</div></a></td>
      <td>Multiboost - MCC plus pertussis booster in adolescents</td>
      <td>Infections and Infestations</td>
      <td>Adult</td>
      <td>880</td>
    </tr>
  </tbody>
</table>"
491,-10053351.846119108,4671487.816302218,Washington University in St Louis (USA),38.6487895,-90.31079620000001,1.0,1.0,"<table border=""1"" class=""dataframe"">
  <thead>
    <tr style=""text-align: left;"">
      <th>ISRCTN link</th>
      <th>Title</th>
      <th>Condition category</th>
      <th>Age group</th>
      <th>Target number of participants</th>
    </tr>
  </thead>
  <tbody>
    <tr>
      <td><a href='https://www.isrctn.com/ISRCTN90795724' target='_blank'><div>ISRCTN90795724</div></a></td>
      <td>DIANTU001: Phase II/III randomized, double-blind placebo in Alzheimer's</td>
      <td>Mental and Behavioural Disorders</td>
      <td>Adult</td>
      <td>10</td>
    </tr>
  </tbody>
</table>"
492,1091632.5340731111,6869905.953185811,Hannover Medical School represented by Hannover Clinical Trial Center (HCTC),52.384265,9.8063019,1.0,1.0,"<table border=""1"" class=""dataframe"">
  <thead>
    <tr style=""text-align: left;"">
      <th>ISRCTN link</th>
      <th>Title</th>
      <th>Condition category</th>
      <th>Age group</th>
      <th>Target number of participants</th>
    </tr>
  </thead>
  <tbody>
    <tr>
      <td><a href='https://www.isrctn.com/ISRCTN14207975' target='_blank'><div>ISRCTN14207975</div></a></td>
      <td>International study on the treatment of pediatric relapsed acute myeloid le...</td>
      <td>Cancer</td>
      <td>Child</td>
      <td>252</td>
    </tr>
  </tbody>
</table>"
501,-19506.33626052006,6697097.476211271,St George's Healthcare NHS Trust,51.42656299999999,-0.1752284,3.0,7.826061944859854,"<table border=""1"" class=""dataframe"">
  <thead>
    <tr style=""text-align: left;"">
      <th>ISRCTN link</th>
      <th>Title</th>
      <th>Condition category</th>
      <th>Age group</th>
      <th>Target number of participants</th>
    </tr>
  </thead>
  <tbody>
    <tr>
      <td><a href='https://www.isrctn.com/ISRCTN26232057' target='_blank'><div>ISRCTN26232057</div></a></td>
      <td>Combined Local Immunotherapy and Radiotherapy in metastatic Melanoma</td>
      <td>Cancer</td>
      <td>Adult</td>
      <td>30</td>
    </tr>
    <tr>
      <td><a href='https://www.isrctn.com/ISRCTN47846769' target='_blank'><div>ISRCTN47846769</div></a></td>
      <td>Randomised trial of rapid outpatient rehydration versus hospital admission ...</td>
      <td>Pregnancy and Childbirth</td>
      <td>Adult</td>
      <td>100</td>
    </tr>
    <tr>
      <td><a href='https://www.isrctn.com/ISRCTN68019845' target='_blank'><div>ISRCTN68019845</div></a></td>
      <td>What is the best treatment after stroke?</td>
      <td>Circulatory System</td>
      <td>Adult</td>
      <td>60</td>
    </tr>
  </tbody>
</table>"
503,15990.36580355991,6842736.238094796,Amgen Limited,52.2350425,0.1436439,2.0,5.306765580733931,"<table border=""1"" class=""dataframe"">
  <thead>
    <tr style=""text-align: left;"">
      <th>ISRCTN link</th>
      <th>Title</th>
      <th>Condition category</th>
      <th>Age group</th>
      <th>Target number of participants</th>
    </tr>
  </thead>
  <tbody>
    <tr>
      <td><a href='https://www.isrctn.com/ISRCTN62673495' target='_blank'><div>ISRCTN62673495</div></a></td>
      <td>Prospective randomised evaluation of high-intensity chemotherapy with perip...</td>
      <td>Cancer</td>
      <td>Adult</td>
      <td>0</td>
    </tr>
    <tr>
      <td><a href='https://www.isrctn.com/ISRCTN19151731' target='_blank'><div>ISRCTN19151731</div></a></td>
      <td>A blinded randomised multicentre study to evaluate fixed dose single admini...</td>
      <td>Cancer</td>
      <td>Adult</td>
      <td>0</td>
    </tr>
  </tbody>
</table>"
506,-252121.91532729843,6983689.360652763,Spectrum Thea Pharmaceuticals,53.0037379,-2.2648497,1.0,1.0,"<table border=""1"" class=""dataframe"">
  <thead>
    <tr style=""text-align: left;"">
      <th>ISRCTN link</th>
      <th>Title</th>
      <th>Condition category</th>
      <th>Age group</th>
      <th>Target number of participants</th>
    </tr>
  </thead>
  <tbody>
    <tr>
      <td><a href='https://www.isrctn.com/ISRCTN79841039' target='_blank'><div>ISRCTN79841039</div></a></td>
      <td>Assessing the effects of supplementation with Nutrof® Total on the ability ...</td>
      <td>Eye Diseases</td>
      <td>Adult</td>
      <td>32</td>
    </tr>
  </tbody>
</table>"
509,-15251.482683419557,6709696.86734591,Dainippon Sumitomo Pharma Europe Ltd,51.4970796,-0.1370064,9.0,14.652123889719707,"<table border=""1"" class=""dataframe"">
  <thead>
    <tr style=""text-align: left;"">
      <th>ISRCTN link</th>
      <th>Title</th>
      <th>Condition category</th>
      <th>Age group</th>
      <th>Target number of participants</th>
    </tr>
  </thead>
  <tbody>
    <tr>
      <td><a href='https://www.isrctn.com/ISRCTN02543559' target='_blank'><div>ISRCTN02543559</div></a></td>
      <td>The effect of DSP-2230/placebo on renal function</td>
      <td>Nervous System Diseases</td>
      <td>Adult</td>
      <td>44</td>
    </tr>
    <tr>
      <td><a href='https://www.isrctn.com/ISRCTN80154838' target='_blank'><div>ISRCTN80154838</div></a></td>
      <td>DSP-2230 Capsaicin and UVB Challenge Study</td>
      <td>Signs and Symptoms</td>
      <td>Adult</td>
      <td>56</td>
    </tr>
    <tr>
      <td><a href='https://www.isrctn.com/ISRCTN07951717' target='_blank'><div>ISRCTN07951717</div></a></td>
      <td>Study to assess the safety, tolerability and pharmacokinetics of DSP-2230 i...</td>
      <td>Signs and Symptoms</td>
      <td>Adult</td>
      <td>156</td>
    </tr>
    <tr>
      <td><a href='https://www.isrctn.com/ISRCTN41050179' target='_blank'><div>ISRCTN41050179</div></a></td>
      <td>SMP-028/ketoconazole drug: drug interaction study</td>
      <td>Respiratory</td>
      <td>Adult</td>
      <td>32</td>
    </tr>
    <tr>
      <td><a href='https://www.isrctn.com/ISRCTN47498012' target='_blank'><div>ISRCTN47498012</div></a></td>
      <td>SMP-028/midazolam drug: drug interaction study</td>
      <td>Respiratory</td>
      <td>Adult</td>
      <td>24</td>
    </tr>
    <tr>
      <td><a href='https://www.isrctn.com/ISRCTN29389604' target='_blank'><div>ISRCTN29389604</div></a></td>
      <td>An Inhaled Allergen Challenge (IAC) study to evaluate the effects of SMP-02...</td>
      <td>Respiratory</td>
      <td>Adult</td>
      <td>24</td>
    </tr>
    <tr>
      <td><a href='https://www.isrctn.com/ISRCTN36587529' target='_blank'><div>ISRCTN36587529</div></a></td>
      <td>A Nasal Allergen Challenge (NAC) study to evaluate the effects of SMP-028 o...</td>
      <td>Respiratory</td>
      <td>Adult</td>
      <td>40</td>
    </tr>
    <tr>
      <td><a href='https://www.isrctn.com/ISRCTN63089812' target='_blank'><div>ISRCTN63089812</div></a></td>
      <td>A ten week randomised, double-blind, parallel-group, placebo-controlled pha...</td>
      <td>Urological and Genital Diseases</td>
      <td>Adult</td>
      <td>710</td>
    </tr>
    <tr>
      <td><a href='https://www.isrctn.com/ISRCTN32398235' target='_blank'><div>ISRCTN32398235</div></a></td>
      <td>Assessment of safety, pharmacokinetics and efficacy in a combination treatm...</td>
      <td>Musculoskeletal Diseases</td>
      <td>Adult</td>
      <td>300</td>
    </tr>
  </tbody>
</table>"
511,-52455.013103985555,6823415.511360072,Bedford Hospital NHS Trust,52.1286223,-0.4712114,1.0,1.0,"<table border=""1"" class=""dataframe"">
  <thead>
    <tr style=""text-align: left;"">
      <th>ISRCTN link</th>
      <th>Title</th>
      <th>Condition category</th>
      <th>Age group</th>
      <th>Target number of participants</th>
    </tr>
  </thead>
  <tbody>
    <tr>
      <td><a href='https://www.isrctn.com/ISRCTN75580529' target='_blank'><div>ISRCTN75580529</div></a></td>
      <td>Effect of analgesia using buccal fentanyl versus diclofenac suppository for...</td>
      <td>Signs and Symptoms</td>
      <td>Adult</td>
      <td>100</td>
    </tr>
  </tbody>
</table>"
514,-26099.16631105721,6713228.05540021,The Medical Research Council (MRC),51.51682350000001,-0.2344528,1.0,1.0,"<table border=""1"" class=""dataframe"">
  <thead>
    <tr style=""text-align: left;"">
      <th>ISRCTN link</th>
      <th>Title</th>
      <th>Condition category</th>
      <th>Age group</th>
      <th>Target number of participants</th>
    </tr>
  </thead>
  <tbody>
    <tr>
      <td><a href='https://www.isrctn.com/ISRCTN90061546' target='_blank'><div>ISRCTN90061546</div></a></td>
      <td>FOCUS4: Molecular selection of therapy in colorectal cancer</td>
      <td>Cancer</td>
      <td>Adult</td>
      <td>384</td>
    </tr>
  </tbody>
</table>"
515,135676.40688587437,6913145.016641289,Quadram Institute Bioscience,52.6207079,1.2188019,1.0,1.0,"<table border=""1"" class=""dataframe"">
  <thead>
    <tr style=""text-align: left;"">
      <th>ISRCTN link</th>
      <th>Title</th>
      <th>Condition category</th>
      <th>Age group</th>
      <th>Target number of participants</th>
    </tr>
  </thead>
  <tbody>
    <tr>
      <td><a href='https://www.isrctn.com/ISRCTN40496794' target='_blank'><div>ISRCTN40496794</div></a></td>
      <td>Effect of Sulforaphane on prostate CAncer PrEvention (ESCAPE)</td>
      <td>Cancer</td>
      <td>Adult</td>
      <td>100</td>
    </tr>
  </tbody>
</table>"
518,15310.66012472526,6831680.023198534,MRC Human Nutrition Research,52.1741751,0.137538,2.0,5.306765580733931,"<table border=""1"" class=""dataframe"">
  <thead>
    <tr style=""text-align: left;"">
      <th>ISRCTN link</th>
      <th>Title</th>
      <th>Condition category</th>
      <th>Age group</th>
      <th>Target number of participants</th>
    </tr>
  </thead>
  <tbody>
    <tr>
      <td><a href='https://www.isrctn.com/ISRCTN48398526' target='_blank'><div>ISRCTN48398526</div></a></td>
      <td>Assessing the impact of escalating fish oil consumption on n-3 polyunsatura...</td>
      <td>Nutritional, Metabolic, Endocrine</td>
      <td>Adult</td>
      <td>210</td>
    </tr>
    <tr>
      <td><a href='https://www.isrctn.com/ISRCTN29111298' target='_blank'><div>ISRCTN29111298</div></a></td>
      <td>Impact of the amount and composition of dietary fat and carbohydrate on met...</td>
      <td>Circulatory System</td>
      <td>Adult</td>
      <td>650</td>
    </tr>
  </tbody>
</table>"
521,-147458.1389649111,6813645.432578414,Seton Healthcare Group Plc,52.07471090000001,-1.324639,1.0,1.0,"<table border=""1"" class=""dataframe"">
  <thead>
    <tr style=""text-align: left;"">
      <th>ISRCTN link</th>
      <th>Title</th>
      <th>Condition category</th>
      <th>Age group</th>
      <th>Target number of participants</th>
    </tr>
  </thead>
  <tbody>
    <tr>
      <td><a href='https://www.isrctn.com/ISRCTN73201839' target='_blank'><div>ISRCTN73201839</div></a></td>
      <td>Comparison of phenothrin mousse, phenothrin lotion and wet-combing for head...</td>
      <td>Infections and Infestations</td>
      <td>Mixed</td>
      <td>266</td>
    </tr>
  </tbody>
</table>"
529,-483658.44117397035,7531048.425429793,Health Protection Agency,55.8622811,-4.3447777,1.0,1.0,"<table border=""1"" class=""dataframe"">
  <thead>
    <tr style=""text-align: left;"">
      <th>ISRCTN link</th>
      <th>Title</th>
      <th>Condition category</th>
      <th>Age group</th>
      <th>Target number of participants</th>
    </tr>
  </thead>
  <tbody>
    <tr>
      <td><a href='https://www.isrctn.com/ISRCTN84763401' target='_blank'><div>ISRCTN84763401</div></a></td>
      <td>Responses to booster vaccinations in UK toddlers</td>
      <td>Infections and Infestations</td>
      <td>Neonate</td>
      <td>200</td>
    </tr>
  </tbody>
</table>"
531,-44931.20701999518,6736824.397343351,West Hertfordshire Hospitals NHS Trust,51.64853799999999,-0.4036239,2.0,5.306765580733931,"<table border=""1"" class=""dataframe"">
  <thead>
    <tr style=""text-align: left;"">
      <th>ISRCTN link</th>
      <th>Title</th>
      <th>Condition category</th>
      <th>Age group</th>
      <th>Target number of participants</th>
    </tr>
  </thead>
  <tbody>
    <tr>
      <td><a href='https://www.isrctn.com/ISRCTN89079989' target='_blank'><div>ISRCTN89079989</div></a></td>
      <td>Modifying Delirium Using Simvastatin</td>
      <td>Mental and Behavioural Disorders</td>
      <td>Adult</td>
      <td>142</td>
    </tr>
    <tr>
      <td><a href='https://www.isrctn.com/ISRCTN83567338' target='_blank'><div>ISRCTN83567338</div></a></td>
      <td>HalOPeridol Effectiveness in ICU delirium - the HOPE-ICU trial</td>
      <td>Injury, Occupational Diseases, Poisoning</td>
      <td>Adult</td>
      <td>142</td>
    </tr>
  </tbody>
</table>"
532,-160342.88021847306,6876780.769194723,University Hospitals Coventry and Warwickshire NHS Trust,52.4219434,-1.4403846,3.0,7.826061944859854,"<table border=""1"" class=""dataframe"">
  <thead>
    <tr style=""text-align: left;"">
      <th>ISRCTN link</th>
      <th>Title</th>
      <th>Condition category</th>
      <th>Age group</th>
      <th>Target number of participants</th>
    </tr>
  </thead>
  <tbody>
    <tr>
      <td><a href='https://www.isrctn.com/ISRCTN31503555' target='_blank'><div>ISRCTN31503555</div></a></td>
      <td>Oral topical cyclo-oxygenase 2 inhibitors (COX2-1) mouthwash for the treatm...</td>
      <td>Cancer</td>
      <td>Adult</td>
      <td>40</td>
    </tr>
    <tr>
      <td><a href='https://www.isrctn.com/ISRCTN53038326' target='_blank'><div>ISRCTN53038326</div></a></td>
      <td>IMU838 and oseltamivir in the treatment of COVID-19</td>
      <td>Infections and Infestations</td>
      <td>Adult</td>
      <td>120</td>
    </tr>
    <tr>
      <td><a href='https://www.isrctn.com/ISRCTN67932311' target='_blank'><div>ISRCTN67932311</div></a></td>
      <td>Sitagliptin for implantation</td>
      <td>Pregnancy and Childbirth</td>
      <td>Adult</td>
      <td>34</td>
    </tr>
  </tbody>
</table>"
538,-10620239.11721695,3465451.4183698045,The University of Texas Health Science Center at Houston (USA),29.7031663,-95.4032312,1.0,1.0,"<table border=""1"" class=""dataframe"">
  <thead>
    <tr style=""text-align: left;"">
      <th>ISRCTN link</th>
      <th>Title</th>
      <th>Condition category</th>
      <th>Age group</th>
      <th>Target number of participants</th>
    </tr>
  </thead>
  <tbody>
    <tr>
      <td><a href='https://www.isrctn.com/ISRCTN51505768' target='_blank'><div>ISRCTN51505768</div></a></td>
      <td>ARTSS-2:  A pilot, phase IIb, randomised, multicentre, safety and activity ...</td>
      <td>Circulatory System</td>
      <td>Adult</td>
      <td>50</td>
    </tr>
  </tbody>
</table>"
543,-236102.6955117249,7086119.310554523,Pennine Acute Hospitals NHS Trust,53.553902,-2.1209466,1.0,1.0,"<table border=""1"" class=""dataframe"">
  <thead>
    <tr style=""text-align: left;"">
      <th>ISRCTN link</th>
      <th>Title</th>
      <th>Condition category</th>
      <th>Age group</th>
      <th>Target number of participants</th>
    </tr>
  </thead>
  <tbody>
    <tr>
      <td><a href='https://www.isrctn.com/ISRCTN71177327' target='_blank'><div>ISRCTN71177327</div></a></td>
      <td>AS Orthana® versus Biotène Oralbalance® for patients with dry mouth</td>
      <td>Digestive System</td>
      <td>Adult</td>
      <td>30</td>
    </tr>
  </tbody>
</table>"
545,-20565.741590501486,6688861.202064792,St Helier Hospital,51.3804071,-0.1847452,2.0,5.306765580733931,"<table border=""1"" class=""dataframe"">
  <thead>
    <tr style=""text-align: left;"">
      <th>ISRCTN link</th>
      <th>Title</th>
      <th>Condition category</th>
      <th>Age group</th>
      <th>Target number of participants</th>
    </tr>
  </thead>
  <tbody>
    <tr>
      <td><a href='https://www.isrctn.com/ISRCTN87032740' target='_blank'><div>ISRCTN87032740</div></a></td>
      <td>Study of co-trimoxazole in advanced pulmonary fibrosis</td>
      <td>Respiratory</td>
      <td>Adult</td>
      <td>140</td>
    </tr>
    <tr>
      <td><a href='https://www.isrctn.com/ISRCTN15705669' target='_blank'><div>ISRCTN15705669</div></a></td>
      <td>A study to assess the benefit of modafinil in COPD with type-2 respiratory ...</td>
      <td>Respiratory</td>
      <td>Adult</td>
      <td>40</td>
    </tr>
  </tbody>
</table>"
547,-165960.2287031378,7113062.004391396,South West Yorkshire Partnership NHS Foundation Trust,53.6974399,-1.4908461,1.0,1.0,"<table border=""1"" class=""dataframe"">
  <thead>
    <tr style=""text-align: left;"">
      <th>ISRCTN link</th>
      <th>Title</th>
      <th>Condition category</th>
      <th>Age group</th>
      <th>Target number of participants</th>
    </tr>
  </thead>
  <tbody>
    <tr>
      <td><a href='https://www.isrctn.com/ISRCTN44816925' target='_blank'><div>ISRCTN44816925</div></a></td>
      <td>A population based randomised controlled trial of Helicobacter pylori eradi...</td>
      <td>Digestive System</td>
      <td>Adult</td>
      <td>1550</td>
    </tr>
  </tbody>
</table>"
548,529550.2463439188,6855836.858013119,Reckitt Benckiser Healthcare,52.307057,4.7570308,3.0,7.826061944859854,"<table border=""1"" class=""dataframe"">
  <thead>
    <tr style=""text-align: left;"">
      <th>ISRCTN link</th>
      <th>Title</th>
      <th>Condition category</th>
      <th>Age group</th>
      <th>Target number of participants</th>
    </tr>
  </thead>
  <tbody>
    <tr>
      <td><a href='https://www.isrctn.com/ISRCTN52169198' target='_blank'><div>ISRCTN52169198</div></a></td>
      <td>Gaviscon double action versus placebo study using the BRAVO System</td>
      <td>Digestive System</td>
      <td>Adult</td>
      <td>40</td>
    </tr>
    <tr>
      <td><a href='https://www.isrctn.com/ISRCTN00003567' target='_blank'><div>ISRCTN00003567</div></a></td>
      <td>A clinical study to assess the effectiveness of Strepsils sore throat lozen...</td>
      <td>Respiratory</td>
      <td>Adult</td>
      <td>225</td>
    </tr>
    <tr>
      <td><a href='https://www.isrctn.com/ISRCTN42521357' target='_blank'><div>ISRCTN42521357</div></a></td>
      <td>Dysmenorrhoea Efficacy Study: fixed dose combination tablets of ibuprofen a...</td>
      <td>Urological and Genital Diseases</td>
      <td>Adult</td>
      <td>85</td>
    </tr>
  </tbody>
</table>"
552,-9665.170072787947,6710789.564163728,Guy's Hospital,51.5031901,-0.08682369999999999,2.0,5.306765580733931,"<table border=""1"" class=""dataframe"">
  <thead>
    <tr style=""text-align: left;"">
      <th>ISRCTN link</th>
      <th>Title</th>
      <th>Condition category</th>
      <th>Age group</th>
      <th>Target number of participants</th>
    </tr>
  </thead>
  <tbody>
    <tr>
      <td><a href='https://www.isrctn.com/ISRCTN23698917' target='_blank'><div>ISRCTN23698917</div></a></td>
      <td>Improved diagnosis of Congenital Heart Disease by magnetic resonance imagin...</td>
      <td>Circulatory System</td>
      <td>Adult</td>
      <td>20</td>
    </tr>
    <tr>
      <td><a href='https://www.isrctn.com/ISRCTN14275387' target='_blank'><div>ISRCTN14275387</div></a></td>
      <td>A randomised study of 'bluelight' hexyl aminolevulinic acid (HAL) photodyna...</td>
      <td>Cancer</td>
      <td>Adult</td>
      <td>200</td>
    </tr>
  </tbody>
</table>"
556,-247682.14894404123,7068577.221135162,Royal Manchester Children's Hospital,53.4601835,-2.2249666,4.0,9.613531161467861,"<table border=""1"" class=""dataframe"">
  <thead>
    <tr style=""text-align: left;"">
      <th>ISRCTN link</th>
      <th>Title</th>
      <th>Condition category</th>
      <th>Age group</th>
      <th>Target number of participants</th>
    </tr>
  </thead>
  <tbody>
    <tr>
      <td><a href='https://www.isrctn.com/ISRCTN96077718' target='_blank'><div>ISRCTN96077718</div></a></td>
      <td>Long-term efficacy and safety of Lamazym for the treatment of patients with...</td>
      <td>Nutritional, Metabolic, Endocrine</td>
      <td>Child</td>
      <td>9</td>
    </tr>
    <tr>
      <td><a href='https://www.isrctn.com/ISRCTN34221234' target='_blank'><div>ISRCTN34221234</div></a></td>
      <td>Greater Manchester Avastin® for choroidal Neovascularisation trial</td>
      <td>Eye Diseases</td>
      <td>Senior</td>
      <td>330</td>
    </tr>
    <tr>
      <td><a href='https://www.isrctn.com/ISRCTN21541376' target='_blank'><div>ISRCTN21541376</div></a></td>
      <td>Evaluation of pneumococcal conjugate vaccine (Prevenar) in patients with my...</td>
      <td>Cancer</td>
      <td>Adult</td>
      <td>97</td>
    </tr>
    <tr>
      <td><a href='https://www.isrctn.com/ISRCTN04503926' target='_blank'><div>ISRCTN04503926</div></a></td>
      <td>Effect of valsartan on endothelial function, carotid intima-media thickness...</td>
      <td>Nutritional, Metabolic, Endocrine</td>
      <td>Adult</td>
      <td>120</td>
    </tr>
  </tbody>
</table>"
557,-8641287.159672974,5331864.518783185,University of Rochester (USA),43.1305531,-77.6260033,1.0,1.0,"<table border=""1"" class=""dataframe"">
  <thead>
    <tr style=""text-align: left;"">
      <th>ISRCTN link</th>
      <th>Title</th>
      <th>Condition category</th>
      <th>Age group</th>
      <th>Target number of participants</th>
    </tr>
  </thead>
  <tbody>
    <tr>
      <td><a href='https://www.isrctn.com/ISRCTN46102316' target='_blank'><div>ISRCTN46102316</div></a></td>
      <td>Duchenne muscular dystrophy: double-blind randomized trial to find optimum ...</td>
      <td>Nervous System Diseases</td>
      <td>Child</td>
      <td>300</td>
    </tr>
  </tbody>
</table>"
558,337611.78882452165,6553037.644566317,Centre Oscar Lambret (France),50.6125231,3.0328183,1.0,1.0,"<table border=""1"" class=""dataframe"">
  <thead>
    <tr style=""text-align: left;"">
      <th>ISRCTN link</th>
      <th>Title</th>
      <th>Condition category</th>
      <th>Age group</th>
      <th>Target number of participants</th>
    </tr>
  </thead>
  <tbody>
    <tr>
      <td><a href='https://www.isrctn.com/ISRCTN66172474' target='_blank'><div>ISRCTN66172474</div></a></td>
      <td>Combination of Vincristine and Irinotecan with or without Temozolomide (VI ...</td>
      <td>Cancer</td>
      <td>Adult</td>
      <td>20</td>
    </tr>
  </tbody>
</table>"
562,-25220.510438276826,6712699.403872117,Novartis Pharmaceuticals Corporation (USA),51.5138682,-0.2265597,3.0,7.826061944859854,"<table border=""1"" class=""dataframe"">
  <thead>
    <tr style=""text-align: left;"">
      <th>ISRCTN link</th>
      <th>Title</th>
      <th>Condition category</th>
      <th>Age group</th>
      <th>Target number of participants</th>
    </tr>
  </thead>
  <tbody>
    <tr>
      <td><a href='https://www.isrctn.com/ISRCTN55772104' target='_blank'><div>ISRCTN55772104</div></a></td>
      <td>The impact of omalizumab treatment in UK clinical practice for asthma</td>
      <td>Respiratory</td>
      <td>Adult</td>
      <td>100</td>
    </tr>
    <tr>
      <td><a href='https://www.isrctn.com/ISRCTN05896089' target='_blank'><div>ISRCTN05896089</div></a></td>
      <td>A randomised, multicentre, open label, phase Il study to evaluate the safet...</td>
      <td>Haematological Disorders</td>
      <td>Adult</td>
      <td>195</td>
    </tr>
    <tr>
      <td><a href='https://www.isrctn.com/ISRCTN93355192' target='_blank'><div>ISRCTN93355192</div></a></td>
      <td>A randomised, comparative, open label phase III trial on efficacy and safet...</td>
      <td>Haematological Disorders</td>
      <td>Not Specified</td>
      <td>586</td>
    </tr>
  </tbody>
</table>"
566,-326548.2455722867,7069605.090208877,Aintree University Hospitals NHS Foundation Trust,53.4656806,-2.9334328,4.0,9.613531161467861,"<table border=""1"" class=""dataframe"">
  <thead>
    <tr style=""text-align: left;"">
      <th>ISRCTN link</th>
      <th>Title</th>
      <th>Condition category</th>
      <th>Age group</th>
      <th>Target number of participants</th>
    </tr>
  </thead>
  <tbody>
    <tr>
      <td><a href='https://www.isrctn.com/ISRCTN47069182' target='_blank'><div>ISRCTN47069182</div></a></td>
      <td>Dose escalation trial of Listeria monocytogenes based vaccine in patients w...</td>
      <td>Cancer</td>
      <td>Adult</td>
      <td>36</td>
    </tr>
    <tr>
      <td><a href='https://www.isrctn.com/ISRCTN74465582' target='_blank'><div>ISRCTN74465582</div></a></td>
      <td>Trial of Induction TPF therapy in Advanced head & Neck cancer</td>
      <td>Cancer</td>
      <td>Adult</td>
      <td>50</td>
    </tr>
    <tr>
      <td><a href='https://www.isrctn.com/ISRCTN27801757' target='_blank'><div>ISRCTN27801757</div></a></td>
      <td>The efficacy of oral transmucosal fentamyl as an analgesic agent during pan...</td>
      <td>Eye Diseases</td>
      <td>Adult</td>
      <td>38</td>
    </tr>
    <tr>
      <td><a href='https://www.isrctn.com/ISRCTN54312363' target='_blank'><div>ISRCTN54312363</div></a></td>
      <td>A randomised double blind controlled trial of oral ephedrine/etilefrine in ...</td>
      <td>Haematological Disorders</td>
      <td>Adult</td>
      <td>320</td>
    </tr>
  </tbody>
</table>"
568,-476884.2271451346,6776311.108926579,West Wales Hospital,51.868099,-4.2839239,3.0,7.826061944859854,"<table border=""1"" class=""dataframe"">
  <thead>
    <tr style=""text-align: left;"">
      <th>ISRCTN link</th>
      <th>Title</th>
      <th>Condition category</th>
      <th>Age group</th>
      <th>Target number of participants</th>
    </tr>
  </thead>
  <tbody>
    <tr>
      <td><a href='https://www.isrctn.com/ISRCTN70770260' target='_blank'><div>ISRCTN70770260</div></a></td>
      <td>Study of Glucophage® SR iin patients with type 2 diabetes and moderate Kidn...</td>
      <td>Nutritional, Metabolic, Endocrine</td>
      <td>Adult</td>
      <td>50</td>
    </tr>
    <tr>
      <td><a href='https://www.isrctn.com/ISRCTN85760737' target='_blank'><div>ISRCTN85760737</div></a></td>
      <td>Advantage of using Glucophage® SR (a Metofrmin) in non-overweight patients ...</td>
      <td>Nutritional, Metabolic, Endocrine</td>
      <td>Adult</td>
      <td>30</td>
    </tr>
    <tr>
      <td><a href='https://www.isrctn.com/ISRCTN47355247' target='_blank'><div>ISRCTN47355247</div></a></td>
      <td>A comparative study of the effects of Liraglutide and Acarbose on glycaemic...</td>
      <td>Nutritional, Metabolic, Endocrine</td>
      <td>Adult</td>
      <td>66</td>
    </tr>
  </tbody>
</table>"
570,-172867.13556499913,7132848.659510056,Leeds General Infirmary,53.80254309999999,-1.5528919,2.0,5.306765580733931,"<table border=""1"" class=""dataframe"">
  <thead>
    <tr style=""text-align: left;"">
      <th>ISRCTN link</th>
      <th>Title</th>
      <th>Condition category</th>
      <th>Age group</th>
      <th>Target number of participants</th>
    </tr>
  </thead>
  <tbody>
    <tr>
      <td><a href='https://www.isrctn.com/ISRCTN21626059' target='_blank'><div>ISRCTN21626059</div></a></td>
      <td>To investigate the effect of methylprednisolone on inflammatory cytokines a...</td>
      <td>Circulatory System</td>
      <td>Adult</td>
      <td>20</td>
    </tr>
    <tr>
      <td><a href='https://www.isrctn.com/ISRCTN77546448' target='_blank'><div>ISRCTN77546448</div></a></td>
      <td>A randomised Phase II Trial of fludarabine, cyclophosphamide and mitoxantro...</td>
      <td>Cancer</td>
      <td>Not Specified</td>
      <td>56</td>
    </tr>
  </tbody>
</table>"
571,-13919.455920485405,6716216.306768242,Intercept Pharmaceuticals (USA),51.533525,-0.1250406,4.0,9.613531161467861,"<table border=""1"" class=""dataframe"">
  <thead>
    <tr style=""text-align: left;"">
      <th>ISRCTN link</th>
      <th>Title</th>
      <th>Condition category</th>
      <th>Age group</th>
      <th>Target number of participants</th>
    </tr>
  </thead>
  <tbody>
    <tr>
      <td><a href='https://www.isrctn.com/ISRCTN89514817' target='_blank'><div>ISRCTN89514817</div></a></td>
      <td>Obeticholic acid in patients with primary biliary cirrhosis</td>
      <td>Digestive System</td>
      <td>Adult</td>
      <td>180</td>
    </tr>
    <tr>
      <td><a href='https://www.isrctn.com/ISRCTN22662520' target='_blank'><div>ISRCTN22662520</div></a></td>
      <td>A preliminary study to examine and evaluate the effect of obeticholic acid ...</td>
      <td>Nutritional, Metabolic, Endocrine</td>
      <td>Adult</td>
      <td>39</td>
    </tr>
    <tr>
      <td><a href='https://www.isrctn.com/ISRCTN68931598' target='_blank'><div>ISRCTN68931598</div></a></td>
      <td>Study of INT-747 as monotherapy in patients with primary biliary cirrhosis ...</td>
      <td>Digestive System</td>
      <td>Adult</td>
      <td>120</td>
    </tr>
    <tr>
      <td><a href='https://www.isrctn.com/ISRCTN67465025' target='_blank'><div>ISRCTN67465025</div></a></td>
      <td>Study of INT-747 in combination with ursodeoxycholic acid (UDCA [URSO®]) in...</td>
      <td>Digestive System</td>
      <td>Adult</td>
      <td>140</td>
    </tr>
  </tbody>
</table>"
575,-40915.044695053606,6588718.9816298755,Sussex NHS Research Consortium,50.8154802,-0.3675461,2.0,5.306765580733931,"<table border=""1"" class=""dataframe"">
  <thead>
    <tr style=""text-align: left;"">
      <th>ISRCTN link</th>
      <th>Title</th>
      <th>Condition category</th>
      <th>Age group</th>
      <th>Target number of participants</th>
    </tr>
  </thead>
  <tbody>
    <tr>
      <td><a href='https://www.isrctn.com/ISRCTN11419005' target='_blank'><div>ISRCTN11419005</div></a></td>
      <td>Post-operative analgesia for day-case ankle arthroscopy</td>
      <td>Surgery</td>
      <td>Adult</td>
      <td>84</td>
    </tr>
    <tr>
      <td><a href='https://www.isrctn.com/ISRCTN36343644' target='_blank'><div>ISRCTN36343644</div></a></td>
      <td>A multicentre, prospective, randomised study of the value of a single dose ...</td>
      <td>Cancer</td>
      <td>Adult</td>
      <td>268</td>
    </tr>
  </tbody>
</table>"
580,-8370908.00182745,4859672.802345562,Avid Radiopharmaceuticals Inc. (USA),39.956843,-75.197146,2.0,5.306765580733931,"<table border=""1"" class=""dataframe"">
  <thead>
    <tr style=""text-align: left;"">
      <th>ISRCTN link</th>
      <th>Title</th>
      <th>Condition category</th>
      <th>Age group</th>
      <th>Target number of participants</th>
    </tr>
  </thead>
  <tbody>
    <tr>
      <td><a href='https://www.isrctn.com/ISRCTN57388990' target='_blank'><div>ISRCTN57388990</div></a></td>
      <td>Florbetapir F18 (18F-AV-45) amyloid positron emission tomography (PET) imag...</td>
      <td>Mental and Behavioural Disorders</td>
      <td>Adult</td>
      <td>25</td>
    </tr>
    <tr>
      <td><a href='https://www.isrctn.com/ISRCTN58435532' target='_blank'><div>ISRCTN58435532</div></a></td>
      <td>Amyloid imaging in Alzheimer's disease, frontotemporal dementia and healthy...</td>
      <td>Nervous System Diseases</td>
      <td>Adult</td>
      <td>40</td>
    </tr>
  </tbody>
</table>"
585,1275591.142950585,6124770.64434376,SuppreMol GmbH (Germany),48.10757779999999,11.4588302,1.0,1.0,"<table border=""1"" class=""dataframe"">
  <thead>
    <tr style=""text-align: left;"">
      <th>ISRCTN link</th>
      <th>Title</th>
      <th>Condition category</th>
      <th>Age group</th>
      <th>Target number of participants</th>
    </tr>
  </thead>
  <tbody>
    <tr>
      <td><a href='https://www.isrctn.com/ISRCTN84672048' target='_blank'><div>ISRCTN84672048</div></a></td>
      <td>SM101 In systemic lupus erythematosus patients with or without a history of...</td>
      <td>Musculoskeletal Diseases</td>
      <td>Adult</td>
      <td>50</td>
    </tr>
  </tbody>
</table>"
587,-23898.335450277875,6769361.058229331,Novacta Biosystems Limited,51.82953149999999,-0.2146824,1.0,1.0,"<table border=""1"" class=""dataframe"">
  <thead>
    <tr style=""text-align: left;"">
      <th>ISRCTN link</th>
      <th>Title</th>
      <th>Condition category</th>
      <th>Age group</th>
      <th>Target number of participants</th>
    </tr>
  </thead>
  <tbody>
    <tr>
      <td><a href='https://www.isrctn.com/ISRCTN40071144' target='_blank'><div>ISRCTN40071144</div></a></td>
      <td>Assessment of the safety and distribution of NVB302 in healthy volunteers</td>
      <td>Infections and Infestations</td>
      <td>Adult</td>
      <td>72</td>
    </tr>
  </tbody>
</table>"
589,-340878.1030594797,7206057.885174051,GlaxoSmithKline,54.189135,-3.0621601,4.0,9.613531161467861,"<table border=""1"" class=""dataframe"">
  <thead>
    <tr style=""text-align: left;"">
      <th>ISRCTN link</th>
      <th>Title</th>
      <th>Condition category</th>
      <th>Age group</th>
      <th>Target number of participants</th>
    </tr>
  </thead>
  <tbody>
    <tr>
      <td><a href='https://www.isrctn.com/ISRCTN24666304' target='_blank'><div>ISRCTN24666304</div></a></td>
      <td>Comparison of the bioavailability of vitamin D2 and D3</td>
      <td>Nutritional, Metabolic, Endocrine</td>
      <td>Adult</td>
      <td>40</td>
    </tr>
    <tr>
      <td><a href='https://www.isrctn.com/ISRCTN53707238' target='_blank'><div>ISRCTN53707238</div></a></td>
      <td>A Phase III randomised, double-blind, multicentre study to evaluate the saf...</td>
      <td>Infections and Infestations</td>
      <td>Adult</td>
      <td>90</td>
    </tr>
    <tr>
      <td><a href='https://www.isrctn.com/ISRCTN64894118' target='_blank'><div>ISRCTN64894118</div></a></td>
      <td>A 12-week, randomised, double-blind study evaluating the effects of low-dos...</td>
      <td>Circulatory System</td>
      <td>Adult</td>
      <td>40</td>
    </tr>
    <tr>
      <td><a href='https://www.isrctn.com/ISRCTN43755713' target='_blank'><div>ISRCTN43755713</div></a></td>
      <td>Remifentanil versus fentanyl for analgesia-based sedation to provide patien...</td>
      <td>Signs and Symptoms</td>
      <td>Adult</td>
      <td>152</td>
    </tr>
  </tbody>
</table>"
596,-165811.12737716932,7053679.251951522,Sheffield Children's NHS Foundation Trust,53.3804284,-1.4895067,3.0,7.826061944859854,"<table border=""1"" class=""dataframe"">
  <thead>
    <tr style=""text-align: left;"">
      <th>ISRCTN link</th>
      <th>Title</th>
      <th>Condition category</th>
      <th>Age group</th>
      <th>Target number of participants</th>
    </tr>
  </thead>
  <tbody>
    <tr>
      <td><a href='https://www.isrctn.com/ISRCTN31128055' target='_blank'><div>ISRCTN31128055</div></a></td>
      <td>Hypertonic Saline in Acute Bronchiolitis</td>
      <td>Respiratory</td>
      <td>Neonate</td>
      <td>300</td>
    </tr>
    <tr>
      <td><a href='https://www.isrctn.com/ISRCTN35609758' target='_blank'><div>ISRCTN35609758</div></a></td>
      <td>Botulinum toxin: an adjunct in limb reconstruction - Can it reduce pain and...</td>
      <td>Surgery</td>
      <td>Child</td>
      <td>36</td>
    </tr>
    <tr>
      <td><a href='https://www.isrctn.com/ISRCTN71877586' target='_blank'><div>ISRCTN71877586</div></a></td>
      <td>A multi-centre randomised trial of insulin detemir in pre-diabetes associat...</td>
      <td>Nutritional, Metabolic, Endocrine</td>
      <td>Child</td>
      <td>240</td>
    </tr>
  </tbody>
</table>"
597,-57828.13775779897,7026319.659444101,United Lincolnshire Hospitals NHS Trust,53.2335711,-0.519479,2.0,5.306765580733931,"<table border=""1"" class=""dataframe"">
  <thead>
    <tr style=""text-align: left;"">
      <th>ISRCTN link</th>
      <th>Title</th>
      <th>Condition category</th>
      <th>Age group</th>
      <th>Target number of participants</th>
    </tr>
  </thead>
  <tbody>
    <tr>
      <td><a href='https://www.isrctn.com/ISRCTN00407556' target='_blank'><div>ISRCTN00407556</div></a></td>
      <td>Study of the effectiveness of the addition of Capecitabine to a standard re...</td>
      <td>Cancer</td>
      <td>Adult</td>
      <td>130</td>
    </tr>
    <tr>
      <td><a href='https://www.isrctn.com/ISRCTN09184069' target='_blank'><div>ISRCTN09184069</div></a></td>
      <td>Weekly versus three-weekly docetaxel in women with breast cancer</td>
      <td>Cancer</td>
      <td>Adult</td>
      <td>82</td>
    </tr>
  </tbody>
</table>"
598,272689.8944395649,6210687.1804700615,Genethon (France),48.6203538,2.449615,1.0,1.0,"<table border=""1"" class=""dataframe"">
  <thead>
    <tr style=""text-align: left;"">
      <th>ISRCTN link</th>
      <th>Title</th>
      <th>Condition category</th>
      <th>Age group</th>
      <th>Target number of participants</th>
    </tr>
  </thead>
  <tbody>
    <tr>
      <td><a href='https://www.isrctn.com/ISRCTN46087965' target='_blank'><div>ISRCTN46087965</div></a></td>
      <td>Gene therapy for Wiskott-Aldrich Syndrome (WAS)</td>
      <td>Haematological Disorders</td>
      <td>Adult</td>
      <td>5</td>
    </tr>
  </tbody>
</table>"
600,-9994.341807063656,6704913.579403634,Institute of Psychiatry,51.4703212,-0.08978069999999999,2.0,5.306765580733931,"<table border=""1"" class=""dataframe"">
  <thead>
    <tr style=""text-align: left;"">
      <th>ISRCTN link</th>
      <th>Title</th>
      <th>Condition category</th>
      <th>Age group</th>
      <th>Target number of participants</th>
    </tr>
  </thead>
  <tbody>
    <tr>
      <td><a href='https://www.isrctn.com/ISRCTN49545035' target='_blank'><div>ISRCTN49545035</div></a></td>
      <td>Donepezil and memantine in moderate to severe Alzheimer's disease</td>
      <td>Nervous System Diseases</td>
      <td>Not Specified</td>
      <td>800</td>
    </tr>
    <tr>
      <td><a href='https://www.isrctn.com/ISRCTN70977225' target='_blank'><div>ISRCTN70977225</div></a></td>
      <td>A pilot study of D-cycloserine-augmented cognitive behavioural therapy (CBT...</td>
      <td>Mental and Behavioural Disorders</td>
      <td>Child</td>
      <td>24</td>
    </tr>
  </tbody>
</table>"
604,264832.2634665836,6249573.074984118,GERCOR (Groupe Coopérateur Multidisciplinaire en Oncologie) (France),48.8507408,2.3790287,1.0,1.0,"<table border=""1"" class=""dataframe"">
  <thead>
    <tr style=""text-align: left;"">
      <th>ISRCTN link</th>
      <th>Title</th>
      <th>Condition category</th>
      <th>Age group</th>
      <th>Target number of participants</th>
    </tr>
  </thead>
  <tbody>
    <tr>
      <td><a href='https://www.isrctn.com/ISRCTN38080578' target='_blank'><div>ISRCTN38080578</div></a></td>
      <td>Follow-up to the MOSAIC study (multicentre international study of oxaliplat...</td>
      <td>Cancer</td>
      <td>Adult</td>
      <td>1000</td>
    </tr>
  </tbody>
</table>"
608,-21296.23122103603,6682352.015324817,The Royal Marsden Hospital NHS Foundation Trust,51.3438968,-0.1913073,4.0,9.613531161467861,"<table border=""1"" class=""dataframe"">
  <thead>
    <tr style=""text-align: left;"">
      <th>ISRCTN link</th>
      <th>Title</th>
      <th>Condition category</th>
      <th>Age group</th>
      <th>Target number of participants</th>
    </tr>
  </thead>
  <tbody>
    <tr>
      <td><a href='https://www.isrctn.com/ISRCTN58864837' target='_blank'><div>ISRCTN58864837</div></a></td>
      <td>CINATRA: Chromosomal Instability and Anti-Tubulin Response Assessment</td>
      <td>Cancer</td>
      <td>Adult</td>
      <td>110</td>
    </tr>
    <tr>
      <td><a href='https://www.isrctn.com/ISRCTN65080435' target='_blank'><div>ISRCTN65080435</div></a></td>
      <td>A randomised open-labelled multicentre trial of the efficacy of epirubicin,...</td>
      <td>Cancer</td>
      <td>Adult</td>
      <td>730</td>
    </tr>
    <tr>
      <td><a href='https://www.isrctn.com/ISRCTN15124653' target='_blank'><div>ISRCTN15124653</div></a></td>
      <td>Phase II trial of olaparib in patients with advanced castration resistant p...</td>
      <td>Cancer</td>
      <td>Adult</td>
      <td>89</td>
    </tr>
    <tr>
      <td><a href='https://www.isrctn.com/ISRCTN17168679' target='_blank'><div>ISRCTN17168679</div></a></td>
      <td>Enzalutamide (MDV3100) in combination with AZD5363 in patients with metasta...</td>
      <td>Cancer</td>
      <td>Adult</td>
      <td>136</td>
    </tr>
  </tbody>
</table>"
610,-499122.8780432774,7541878.334333223,Hewlett Healthcare Ltd,55.9168385,-4.4836971,1.0,1.0,"<table border=""1"" class=""dataframe"">
  <thead>
    <tr style=""text-align: left;"">
      <th>ISRCTN link</th>
      <th>Title</th>
      <th>Condition category</th>
      <th>Age group</th>
      <th>Target number of participants</th>
    </tr>
  </thead>
  <tbody>
    <tr>
      <td><a href='https://www.isrctn.com/ISRCTN35671014' target='_blank'><div>ISRCTN35671014</div></a></td>
      <td>Assessment of the effects of topical sodium cromoglicate on itch and flare ...</td>
      <td>Signs and Symptoms</td>
      <td>Adult</td>
      <td>60</td>
    </tr>
  </tbody>
</table>"
612,487300.26944722136,6593731.401231235,European Commission (Belgium),50.8439207,4.3774928,4.0,9.613531161467861,"<table border=""1"" class=""dataframe"">
  <thead>
    <tr style=""text-align: left;"">
      <th>ISRCTN link</th>
      <th>Title</th>
      <th>Condition category</th>
      <th>Age group</th>
      <th>Target number of participants</th>
    </tr>
  </thead>
  <tbody>
    <tr>
      <td><a href='https://www.isrctn.com/ISRCTN09560399' target='_blank'><div>ISRCTN09560399</div></a></td>
      <td>Evaluation of the bioavailability of bioactive wheat bran components</td>
      <td>Not Applicable</td>
      <td>Adult</td>
      <td>14</td>
    </tr>
    <tr>
      <td><a href='https://www.isrctn.com/ISRCTN27269236' target='_blank'><div>ISRCTN27269236</div></a></td>
      <td>Evaluation of the bioavailability of bioactive wheat bran components from b...</td>
      <td>Nutritional, Metabolic, Endocrine</td>
      <td>Adult</td>
      <td>13</td>
    </tr>
    <tr>
      <td><a href='https://www.isrctn.com/ISRCTN93336504' target='_blank'><div>ISRCTN93336504</div></a></td>
      <td>Effects of wholegrain components on metabolic biomarkers: a four-week inter...</td>
      <td>Not Applicable</td>
      <td>Adult</td>
      <td>80</td>
    </tr>
    <tr>
      <td><a href='https://www.isrctn.com/ISRCTN03693000' target='_blank'><div>ISRCTN03693000</div></a></td>
      <td>GENome-based therapeutic drugs for DEPression</td>
      <td>Mental and Behavioural Disorders</td>
      <td>Adult</td>
      <td>1000</td>
    </tr>
  </tbody>
</table>"
613,-8150.724060290857,6713527.877755577,FerroKin BioSciences Inc. (USA),51.5184995,-0.0732192,1.0,1.0,"<table border=""1"" class=""dataframe"">
  <thead>
    <tr style=""text-align: left;"">
      <th>ISRCTN link</th>
      <th>Title</th>
      <th>Condition category</th>
      <th>Age group</th>
      <th>Target number of participants</th>
    </tr>
  </thead>
  <tbody>
    <tr>
      <td><a href='https://www.isrctn.com/ISRCTN17052121' target='_blank'><div>ISRCTN17052121</div></a></td>
      <td>Assessing the safety, tolerability, and pharmacodynamics of FBS0701 in the ...</td>
      <td>Haematological Disorders</td>
      <td>Adult</td>
      <td>40</td>
    </tr>
  </tbody>
</table>"
615,-248562.8419635031,7034629.6843357505,Pharmecosse Ltd,53.27823,-2.232878,1.0,1.0,"<table border=""1"" class=""dataframe"">
  <thead>
    <tr style=""text-align: left;"">
      <th>ISRCTN link</th>
      <th>Title</th>
      <th>Condition category</th>
      <th>Age group</th>
      <th>Target number of participants</th>
    </tr>
  </thead>
  <tbody>
    <tr>
      <td><a href='https://www.isrctn.com/ISRCTN51295799' target='_blank'><div>ISRCTN51295799</div></a></td>
      <td>An investigation of the efficacy of a single dose of insulin in the prevent...</td>
      <td>Surgery</td>
      <td>Adult</td>
      <td>75</td>
    </tr>
  </tbody>
</table>"
617,1006201.8046213465,6195628.155580398,University Children`s Hospital of Tuebingen (Germany),48.53085,9.0388646,1.0,1.0,"<table border=""1"" class=""dataframe"">
  <thead>
    <tr style=""text-align: left;"">
      <th>ISRCTN link</th>
      <th>Title</th>
      <th>Condition category</th>
      <th>Age group</th>
      <th>Target number of participants</th>
    </tr>
  </thead>
  <tbody>
    <tr>
      <td><a href='https://www.isrctn.com/ISRCTN80181452' target='_blank'><div>ISRCTN80181452</div></a></td>
      <td>Neonatal European Study of Inhaled Steroids</td>
      <td>Neonatal Diseases</td>
      <td>Neonate</td>
      <td>850</td>
    </tr>
  </tbody>
</table>"
620,-481013.30082958785,7535282.289562013,NHS Greater Glasgow and Clyde,55.883619,-4.321016,48.0,25.053124267795578,"<table border=""1"" class=""dataframe"">
  <thead>
    <tr style=""text-align: left;"">
      <th>ISRCTN link</th>
      <th>Title</th>
      <th>Condition category</th>
      <th>Age group</th>
      <th>Target number of participants</th>
    </tr>
  </thead>
  <tbody>
    <tr>
      <td><a href='https://www.isrctn.com/ISRCTN51336867' target='_blank'><div>ISRCTN51336867</div></a></td>
      <td>The effects of metformin on vascular function and adipocyte AMP-activated p...</td>
      <td>Nutritional, Metabolic, Endocrine</td>
      <td>Adult</td>
      <td>20</td>
    </tr>
    <tr>
      <td><a href='https://www.isrctn.com/ISRCTN52615671' target='_blank'><div>ISRCTN52615671</div></a></td>
      <td>Paclitaxel plus carboplatin (TC) therapy versus irinotecan plus cisplatin (...</td>
      <td>Cancer</td>
      <td>Adult</td>
      <td>652</td>
    </tr>
    <tr>
      <td><a href='https://www.isrctn.com/ISRCTN29934637' target='_blank'><div>ISRCTN29934637</div></a></td>
      <td>Trial of aciclovir in the prophylaxis of herpes infections in critical care</td>
      <td>Infections and Infestations</td>
      <td>Adult</td>
      <td>500</td>
    </tr>
    <tr>
      <td><a href='https://www.isrctn.com/ISRCTN96975557' target='_blank'><div>ISRCTN96975557</div></a></td>
      <td>Prevention of oesophageal, gastric, and duodenal lesions in patients taking...</td>
      <td>Digestive System</td>
      <td>Adult</td>
      <td>700</td>
    </tr>
    <tr>
      <td><a href='https://www.isrctn.com/ISRCTN69643049' target='_blank'><div>ISRCTN69643049</div></a></td>
      <td>Carvedilol tablets compared with endoscopic banding treatment in preventing...</td>
      <td>Digestive System</td>
      <td>Adult</td>
      <td>152</td>
    </tr>
    <tr>
      <td><a href='https://www.isrctn.com/ISRCTN06452574' target='_blank'><div>ISRCTN06452574</div></a></td>
      <td>New therapeutic targets in stroke prevention: the effects of allopurinol on...</td>
      <td>Circulatory System</td>
      <td>Adult</td>
      <td>80</td>
    </tr>
    <tr>
      <td><a href='https://www.isrctn.com/ISRCTN68849312' target='_blank'><div>ISRCTN68849312</div></a></td>
      <td>Reversal of cerebrovascular endothelial dysfunction in diabetes: the effect...</td>
      <td>Nutritional, Metabolic, Endocrine</td>
      <td>Adult</td>
      <td>24</td>
    </tr>
    <tr>
      <td><a href='https://www.isrctn.com/ISRCTN11367078' target='_blank'><div>ISRCTN11367078</div></a></td>
      <td>A randomised phase II study of a loading dose of ibandronate schedules in p...</td>
      <td>Cancer</td>
      <td>Adult</td>
      <td>44</td>
    </tr>
    <tr>
      <td><a href='https://www.isrctn.com/ISRCTN44646348' target='_blank'><div>ISRCTN44646348</div></a></td>
      <td>A randomised double-blind study of the effect of cranberry juice in decreas...</td>
      <td>Cancer</td>
      <td>Adult</td>
      <td>250</td>
    </tr>
    <tr>
      <td><a href='https://www.isrctn.com/ISRCTN15070952' target='_blank'><div>ISRCTN15070952</div></a></td>
      <td>Evaluating the potential benefit of adjuvant chemotherapy for small bowel a...</td>
      <td>Cancer</td>
      <td>Adult</td>
      <td>880</td>
    </tr>
    <tr>
      <td><a href='https://www.isrctn.com/ISRCTN15070952' target='_blank'><div>ISRCTN15070952</div></a></td>
      <td>Evaluating the potential benefit of adjuvant chemotherapy for small bowel a...</td>
      <td>Cancer</td>
      <td>Adult</td>
      <td>880</td>
    </tr>
    <tr>
      <td><a href='https://www.isrctn.com/ISRCTN35782581' target='_blank'><div>ISRCTN35782581</div></a></td>
      <td>Double blind randomised placebo controlled trial of progesterone for the pr...</td>
      <td>Pregnancy and Childbirth</td>
      <td>Adult</td>
      <td>500</td>
    </tr>
    <tr>
      <td><a href='https://www.isrctn.com/ISRCTN35782581' target='_blank'><div>ISRCTN35782581</div></a></td>
      <td>Double blind randomised placebo controlled trial of progesterone for the pr...</td>
      <td>Pregnancy and Childbirth</td>
      <td>Adult</td>
      <td>500</td>
    </tr>
    <tr>
      <td><a href='https://www.isrctn.com/ISRCTN19562321' target='_blank'><div>ISRCTN19562321</div></a></td>
      <td>Clinical trial to assess the importance of nephrectomy</td>
      <td>Cancer</td>
      <td>Adult</td>
      <td>1134</td>
    </tr>
    <tr>
      <td><a href='https://www.isrctn.com/ISRCTN52658296' target='_blank'><div>ISRCTN52658296</div></a></td>
      <td>Olaparib and radiotherapy In newly-diagnosed glioblastoma</td>
      <td>Cancer</td>
      <td>Senior</td>
      <td>140</td>
    </tr>
    <tr>
      <td><a href='https://www.isrctn.com/ISRCTN38949950' target='_blank'><div>ISRCTN38949950</div></a></td>
      <td>MAdCaP: MDM2 inhibition and Abiraterone in Carcinoma of the Prostate</td>
      <td>Cancer</td>
      <td>Adult</td>
      <td>132</td>
    </tr>
    <tr>
      <td><a href='https://www.isrctn.com/ISRCTN50772895' target='_blank'><div>ISRCTN50772895</div></a></td>
      <td>A study of Nintedanib compared to chemotherapy in patients with recurrent C...</td>
      <td>Cancer</td>
      <td>Adult</td>
      <td>120</td>
    </tr>
    <tr>
      <td><a href='https://www.isrctn.com/ISRCTN73030316' target='_blank'><div>ISRCTN73030316</div></a></td>
      <td>Pazopanib versus pacLitaxel in relapsed Urothelial TumOurs</td>
      <td>Cancer</td>
      <td>Adult</td>
      <td>140</td>
    </tr>
    <tr>
      <td><a href='https://www.isrctn.com/ISRCTN67338640' target='_blank'><div>ISRCTN67338640</div></a></td>
      <td>Towards Onset Prevention of COGnition decline in adults with Down syndrome ...</td>
      <td>Mental and Behavioural Disorders</td>
      <td>Adult</td>
      <td>60</td>
    </tr>
    <tr>
      <td><a href='https://www.isrctn.com/ISRCTN22566729' target='_blank'><div>ISRCTN22566729</div></a></td>
      <td>Saracatinib (AZD0530) and docetaxel in metastatic castrate-refactory prosta...</td>
      <td>Cancer</td>
      <td>Adult</td>
      <td>140</td>
    </tr>
    <tr>
      <td><a href='https://www.isrctn.com/ISRCTN63387871' target='_blank'><div>ISRCTN63387871</div></a></td>
      <td>Effect-site targeted propofol for anaesthesia in children</td>
      <td>Surgery</td>
      <td>Child</td>
      <td>50</td>
    </tr>
    <tr>
      <td><a href='https://www.isrctn.com/ISRCTN17282276' target='_blank'><div>ISRCTN17282276</div></a></td>
      <td>The efficacy of epirubicin, cisplatin and capecitabine in carcinomas of unk...</td>
      <td>Cancer</td>
      <td>Adult</td>
      <td>457</td>
    </tr>
    <tr>
      <td><a href='https://www.isrctn.com/ISRCTN61568166' target='_blank'><div>ISRCTN61568166</div></a></td>
      <td>Imatinib (IM) versus hydroxychloroquine (HCQ) and IM for patients with chro...</td>
      <td>Cancer</td>
      <td>Adult</td>
      <td>66</td>
    </tr>
    <tr>
      <td><a href='https://www.isrctn.com/ISRCTN11970568' target='_blank'><div>ISRCTN11970568</div></a></td>
      <td>The effect of allopurinol on carotid ultrasound intima-media thickness and ...</td>
      <td>Circulatory System</td>
      <td>Adult</td>
      <td>80</td>
    </tr>
    <tr>
      <td><a href='https://www.isrctn.com/ISRCTN64624715' target='_blank'><div>ISRCTN64624715</div></a></td>
      <td>HER-PCI: prospective randomised clinical trial testing the role of prophyla...</td>
      <td>Cancer</td>
      <td>Adult</td>
      <td>390</td>
    </tr>
    <tr>
      <td><a href='https://www.isrctn.com/ISRCTN89080534' target='_blank'><div>ISRCTN89080534</div></a></td>
      <td>The use of erythropoietin in cardiac surgery to protect against ischaemia-r...</td>
      <td>Circulatory System</td>
      <td>Senior</td>
      <td>84</td>
    </tr>
    <tr>
      <td><a href='https://www.isrctn.com/ISRCTN23516549' target='_blank'><div>ISRCTN23516549</div></a></td>
      <td>CIRCCa (Cediranib In Recurrent Cervical Cancer): a trial of carboplatin-pac...</td>
      <td>Cancer</td>
      <td>Adult</td>
      <td>130</td>
    </tr>
    <tr>
      <td><a href='https://www.isrctn.com/ISRCTN59757862' target='_blank'><div>ISRCTN59757862</div></a></td>
      <td>SCOT - Short Course Oncology Therapy: a study of adjuvant chemotherapy in c...</td>
      <td>Cancer</td>
      <td>Adult</td>
      <td>6144</td>
    </tr>
    <tr>
      <td><a href='https://www.isrctn.com/ISRCTN14153938' target='_blank'><div>ISRCTN14153938</div></a></td>
      <td>Investigating local or regional anaesthesia during surgery to create a conn...</td>
      <td>Surgery</td>
      <td>Adult</td>
      <td>566</td>
    </tr>
    <tr>
      <td><a href='https://www.isrctn.com/ISRCTN31062548' target='_blank'><div>ISRCTN31062548</div></a></td>
      <td>GETAFIX (Glasgow Early Treatment Arm Favipiravir) – a study to compare the ...</td>
      <td>Respiratory</td>
      <td>Adult</td>
      <td>302</td>
    </tr>
    <tr>
      <td><a href='https://www.isrctn.com/ISRCTN22012044' target='_blank'><div>ISRCTN22012044</div></a></td>
      <td>Vitamin K in kidney transplant organ recipients: Investigating the effect o...</td>
      <td>Surgery</td>
      <td>Adult</td>
      <td>90</td>
    </tr>
    <tr>
      <td><a href='https://www.isrctn.com/ISRCTN75002153' target='_blank'><div>ISRCTN75002153</div></a></td>
      <td>PRIMUS001: A study looking at two different treatments for pancreatic cance...</td>
      <td>Cancer</td>
      <td>Mixed</td>
      <td>500</td>
    </tr>
    <tr>
      <td><a href='https://www.isrctn.com/ISRCTN34129115' target='_blank'><div>ISRCTN34129115</div></a></td>
      <td>PRIMUS002: A study looking at two neo-adjuvant chemotherapy treatments for ...</td>
      <td>Cancer</td>
      <td>Mixed</td>
      <td>242</td>
    </tr>
    <tr>
      <td><a href='https://www.isrctn.com/ISRCTN15903698' target='_blank'><div>ISRCTN15903698</div></a></td>
      <td>A Phase I/Ib Trial of the Oral Hedgehog inhibitor, LY2940680, in Combinatio...</td>
      <td>Cancer</td>
      <td>Adult</td>
      <td>40</td>
    </tr>
    <tr>
      <td><a href='https://www.isrctn.com/ISRCTN68270067' target='_blank'><div>ISRCTN68270067</div></a></td>
      <td>Clinical trial for patients with TKI resistant chronic myeloid leukaemia  i...</td>
      <td>Cancer</td>
      <td>Adult</td>
      <td>102</td>
    </tr>
    <tr>
      <td><a href='https://www.isrctn.com/ISRCTN10490346' target='_blank'><div>ISRCTN10490346</div></a></td>
      <td>An investigation of whether rucaparib is safe and more effective when combi...</td>
      <td>Cancer</td>
      <td>Adult</td>
      <td>234</td>
    </tr>
    <tr>
      <td><a href='https://www.isrctn.com/ISRCTN10978180' target='_blank'><div>ISRCTN10978180</div></a></td>
      <td>A Phase 1b/IIa trial to explore the combination of a new drug, PLX-7486, wi...</td>
      <td>Cancer</td>
      <td>Adult</td>
      <td>30</td>
    </tr>
    <tr>
      <td><a href='https://www.isrctn.com/ISRCTN25859465' target='_blank'><div>ISRCTN25859465</div></a></td>
      <td>An adaptive multi-arm phase II trial of maintenance targeted therapy after ...</td>
      <td>Cancer</td>
      <td>Adult</td>
      <td>140</td>
    </tr>
    <tr>
      <td><a href='https://www.isrctn.com/ISRCTN16951765' target='_blank'><div>ISRCTN16951765</div></a></td>
      <td>SPECTRE - Combined suppression of cholesterol bioavailability and androgen ...</td>
      <td>Cancer</td>
      <td>Adult</td>
      <td>40</td>
    </tr>
    <tr>
      <td><a href='https://www.isrctn.com/ISRCTN16004234' target='_blank'><div>ISRCTN16004234</div></a></td>
      <td>A multi-arm non-comparative platform trial of new second-line treatments fo...</td>
      <td>Cancer</td>
      <td>Adult</td>
      <td>40</td>
    </tr>
    <tr>
      <td><a href='https://www.isrctn.com/ISRCTN16426935' target='_blank'><div>ISRCTN16426935</div></a></td>
      <td>OCTOPUS - ovarian cancer trials of weekly paclitaxel</td>
      <td>Cancer</td>
      <td>Adult</td>
      <td>140</td>
    </tr>
    <tr>
      <td><a href='https://www.isrctn.com/ISRCTN10361292' target='_blank'><div>ISRCTN10361292</div></a></td>
      <td>A study for patients with advanced pancreatic cancer looking at adding olap...</td>
      <td>Cancer</td>
      <td>Adult</td>
      <td>42</td>
    </tr>
    <tr>
      <td><a href='https://www.isrctn.com/ISRCTN39772441' target='_blank'><div>ISRCTN39772441</div></a></td>
      <td>Randomised placebo controlled trial of outpatient cervical ripening with is...</td>
      <td>Pregnancy and Childbirth</td>
      <td>Adult</td>
      <td>300</td>
    </tr>
    <tr>
      <td><a href='https://www.isrctn.com/ISRCTN39772441' target='_blank'><div>ISRCTN39772441</div></a></td>
      <td>Randomised placebo controlled trial of outpatient cervical ripening with is...</td>
      <td>Pregnancy and Childbirth</td>
      <td>Adult</td>
      <td>300</td>
    </tr>
    <tr>
      <td><a href='https://www.isrctn.com/ISRCTN06774126' target='_blank'><div>ISRCTN06774126</div></a></td>
      <td>The Scottish Pregnancy Intervention Study: The effect of low molecular weig...</td>
      <td>Pregnancy and Childbirth</td>
      <td>Adult</td>
      <td>600</td>
    </tr>
    <tr>
      <td><a href='https://www.isrctn.com/ISRCTN06774126' target='_blank'><div>ISRCTN06774126</div></a></td>
      <td>The Scottish Pregnancy Intervention Study: The effect of low molecular weig...</td>
      <td>Pregnancy and Childbirth</td>
      <td>Adult</td>
      <td>600</td>
    </tr>
    <tr>
      <td><a href='https://www.isrctn.com/ISRCTN33376683' target='_blank'><div>ISRCTN33376683</div></a></td>
      <td>Randomised clinical trial of the effects of Total Intravenous Anaesthesia (...</td>
      <td>Oral Health</td>
      <td>Child</td>
      <td>360</td>
    </tr>
    <tr>
      <td><a href='https://www.isrctn.com/ISRCTN49116945' target='_blank'><div>ISRCTN49116945</div></a></td>
      <td>A randomised double-blind controlled trial of s-ketamine versus placebo in ...</td>
      <td>Cancer</td>
      <td>Adult</td>
      <td>214</td>
    </tr>
  </tbody>
</table>"
621,-144593.14262621186,6570148.674658839,Isle of Wight Healthcare NHS Trust,50.7099611,-1.2989023,1.0,1.0,"<table border=""1"" class=""dataframe"">
  <thead>
    <tr style=""text-align: left;"">
      <th>ISRCTN link</th>
      <th>Title</th>
      <th>Condition category</th>
      <th>Age group</th>
      <th>Target number of participants</th>
    </tr>
  </thead>
  <tbody>
    <tr>
      <td><a href='https://www.isrctn.com/ISRCTN59484478' target='_blank'><div>ISRCTN59484478</div></a></td>
      <td>Assessment of Detection of Apoptosing Retinal Cells in glaucoma</td>
      <td>Eye Diseases</td>
      <td>Adult</td>
      <td>98</td>
    </tr>
  </tbody>
</table>"
623,827172.8569422128,5933296.633958293,International Breast Cancer Study Group (IBCSG),46.946198,7.430620200000001,1.0,1.0,"<table border=""1"" class=""dataframe"">
  <thead>
    <tr style=""text-align: left;"">
      <th>ISRCTN link</th>
      <th>Title</th>
      <th>Condition category</th>
      <th>Age group</th>
      <th>Target number of participants</th>
    </tr>
  </thead>
  <tbody>
    <tr>
      <td><a href='https://www.isrctn.com/ISRCTN66949472' target='_blank'><div>ISRCTN66949472</div></a></td>
      <td>Tamoxifen and Exemestane Trial</td>
      <td>Cancer</td>
      <td>Adult</td>
      <td>1845</td>
    </tr>
  </tbody>
</table>"
628,1111548.8266223758,7092571.3368578525,BioGeneriX AG (Germany),53.5883198,9.985213,1.0,1.0,"<table border=""1"" class=""dataframe"">
  <thead>
    <tr style=""text-align: left;"">
      <th>ISRCTN link</th>
      <th>Title</th>
      <th>Condition category</th>
      <th>Age group</th>
      <th>Target number of participants</th>
    </tr>
  </thead>
  <tbody>
    <tr>
      <td><a href='https://www.isrctn.com/ISRCTN74772901' target='_blank'><div>ISRCTN74772901</div></a></td>
      <td>Efficacy, safety and tolerability of XM17 compared to Gonal-f® in women und...</td>
      <td>Urological and Genital Diseases</td>
      <td>Adult</td>
      <td>280</td>
    </tr>
  </tbody>
</table>"
632,1025042.0607087049,5687005.967245896,European Institute of Oncology (IEO) (Italy),45.4144507,9.208109499999999,2.0,5.306765580733931,"<table border=""1"" class=""dataframe"">
  <thead>
    <tr style=""text-align: left;"">
      <th>ISRCTN link</th>
      <th>Title</th>
      <th>Condition category</th>
      <th>Age group</th>
      <th>Target number of participants</th>
    </tr>
  </thead>
  <tbody>
    <tr>
      <td><a href='https://www.isrctn.com/ISRCTN73368402' target='_blank'><div>ISRCTN73368402</div></a></td>
      <td>Suppression of Ovarian Function Trial</td>
      <td>Cancer</td>
      <td>Adult</td>
      <td>3000</td>
    </tr>
    <tr>
      <td><a href='https://www.isrctn.com/ISRCTN43286545' target='_blank'><div>ISRCTN43286545</div></a></td>
      <td>SOLE: Study Of Letrozole Extension in post-menopausal women with breast can...</td>
      <td>Cancer</td>
      <td>Other</td>
      <td>4800</td>
    </tr>
  </tbody>
</table>"
635,-82608.7580962571,6678052.735819444,Frimley Park Hospital NHS Foundation Trust,51.319766,-0.7420871,3.0,7.826061944859854,"<table border=""1"" class=""dataframe"">
  <thead>
    <tr style=""text-align: left;"">
      <th>ISRCTN link</th>
      <th>Title</th>
      <th>Condition category</th>
      <th>Age group</th>
      <th>Target number of participants</th>
    </tr>
  </thead>
  <tbody>
    <tr>
      <td><a href='https://www.isrctn.com/ISRCTN27864936' target='_blank'><div>ISRCTN27864936</div></a></td>
      <td>A prospective randomised controlled trial assessing the efficacy of Pegatan...</td>
      <td>Eye Diseases</td>
      <td>Not Specified</td>
      <td>90</td>
    </tr>
    <tr>
      <td><a href='https://www.isrctn.com/ISRCTN02628492' target='_blank'><div>ISRCTN02628492</div></a></td>
      <td>Prevention of post-cataract surgery macula oedema with prophylactic ketorol...</td>
      <td>Eye Diseases</td>
      <td>Not Specified</td>
      <td>1400</td>
    </tr>
    <tr>
      <td><a href='https://www.isrctn.com/ISRCTN12980412' target='_blank'><div>ISRCTN12980412</div></a></td>
      <td>Randomised controlled trial of bevacizumab in choroidal neovascularisation ...</td>
      <td>Eye Diseases</td>
      <td>Adult</td>
      <td>100</td>
    </tr>
  </tbody>
</table>"
638,1398918.8564588637,7498119.915388751,Rigshospitalet (Denmark),55.6959269,12.5667019,1.0,1.0,"<table border=""1"" class=""dataframe"">
  <thead>
    <tr style=""text-align: left;"">
      <th>ISRCTN link</th>
      <th>Title</th>
      <th>Condition category</th>
      <th>Age group</th>
      <th>Target number of participants</th>
    </tr>
  </thead>
  <tbody>
    <tr>
      <td><a href='https://www.isrctn.com/ISRCTN36828561' target='_blank'><div>ISRCTN36828561</div></a></td>
      <td>The safety and efficacy of growth hormone treatment in children born small ...</td>
      <td>Pregnancy and Childbirth</td>
      <td>Child</td>
      <td>34</td>
    </tr>
  </tbody>
</table>"
639,-47889.477960030104,6736084.589878826,Medtronic Ltd,51.6444142,-0.4301985,1.0,1.0,"<table border=""1"" class=""dataframe"">
  <thead>
    <tr style=""text-align: left;"">
      <th>ISRCTN link</th>
      <th>Title</th>
      <th>Condition category</th>
      <th>Age group</th>
      <th>Target number of participants</th>
    </tr>
  </thead>
  <tbody>
    <tr>
      <td><a href='https://www.isrctn.com/ISRCTN66301072' target='_blank'><div>ISRCTN66301072</div></a></td>
      <td>Endeavor primary percutaneous coronary intervention (PCI) study</td>
      <td>Circulatory System</td>
      <td>Adult</td>
      <td>100</td>
    </tr>
  </tbody>
</table>"
643,-8429547.313582709,5683579.565396877,Ottawa Hospital Research Institute (OHRI) (Canada),45.3928399,-75.72391189999999,2.0,5.306765580733931,"<table border=""1"" class=""dataframe"">
  <thead>
    <tr style=""text-align: left;"">
      <th>ISRCTN link</th>
      <th>Title</th>
      <th>Condition category</th>
      <th>Age group</th>
      <th>Target number of participants</th>
    </tr>
  </thead>
  <tbody>
    <tr>
      <td><a href='https://www.isrctn.com/ISRCTN23781770' target='_blank'><div>ISRCTN23781770</div></a></td>
      <td>High Dose Folic Acid Supplementation Throughout Pregnancy for Preeclampsia ...</td>
      <td>Pregnancy and Childbirth</td>
      <td>Adult</td>
      <td>3656</td>
    </tr>
    <tr>
      <td><a href='https://www.isrctn.com/ISRCTN87441504' target='_blank'><div>ISRCTN87441504</div></a></td>
      <td>Thrombophilia in Pregnancy Prophylaxis Study: a multicentre, multinational,...</td>
      <td>Pregnancy and Childbirth</td>
      <td>Adult</td>
      <td>284</td>
    </tr>
  </tbody>
</table>"
646,-235865.39575320086,6702823.36317234,Alliance Pharmaceuticals Ltd,51.4586233,-2.1188149,4.0,9.613531161467861,"<table border=""1"" class=""dataframe"">
  <thead>
    <tr style=""text-align: left;"">
      <th>ISRCTN link</th>
      <th>Title</th>
      <th>Condition category</th>
      <th>Age group</th>
      <th>Target number of participants</th>
    </tr>
  </thead>
  <tbody>
    <tr>
      <td><a href='https://www.isrctn.com/ISRCTN36773557' target='_blank'><div>ISRCTN36773557</div></a></td>
      <td>Intravaginal APL202 verus dinoprostone in the induction of labour in multip...</td>
      <td>Pregnancy and Childbirth</td>
      <td>Adult</td>
      <td>622</td>
    </tr>
    <tr>
      <td><a href='https://www.isrctn.com/ISRCTN82088636' target='_blank'><div>ISRCTN82088636</div></a></td>
      <td>1.5 versus 3.0 mg APL510 to normalise sleep patterns in elderly subjects wi...</td>
      <td>Mental and Behavioural Disorders</td>
      <td>Senior</td>
      <td>80</td>
    </tr>
    <tr>
      <td><a href='https://www.isrctn.com/ISRCTN15733268' target='_blank'><div>ISRCTN15733268</div></a></td>
      <td>The use of APL510 to improve the length of day time sleep in subjects worki...</td>
      <td>Mental and Behavioural Disorders</td>
      <td>Adult</td>
      <td>44</td>
    </tr>
    <tr>
      <td><a href='https://www.isrctn.com/ISRCTN27617624' target='_blank'><div>ISRCTN27617624</div></a></td>
      <td>Intravaginal APL202 versus dinoprostone in the induction of labour in nulli...</td>
      <td>Pregnancy and Childbirth</td>
      <td>Adult</td>
      <td>622</td>
    </tr>
  </tbody>
</table>"
647,-8426380.38538913,5688048.331742092,Novartis Pharmaceuticals (Canada),45.4210234,-75.6954629,1.0,1.0,"<table border=""1"" class=""dataframe"">
  <thead>
    <tr style=""text-align: left;"">
      <th>ISRCTN link</th>
      <th>Title</th>
      <th>Condition category</th>
      <th>Age group</th>
      <th>Target number of participants</th>
    </tr>
  </thead>
  <tbody>
    <tr>
      <td><a href='https://www.isrctn.com/ISRCTN95879580' target='_blank'><div>ISRCTN95879580</div></a></td>
      <td>An efficacy and safety trial of intravenous zoledronic acid in infants less...</td>
      <td>Not Applicable</td>
      <td>Child</td>
      <td>20</td>
    </tr>
  </tbody>
</table>"
650,526670.1216864208,6593926.016710399,Terumo Europe N.V. (Belgium),50.8450246,4.731158199999999,1.0,1.0,"<table border=""1"" class=""dataframe"">
  <thead>
    <tr style=""text-align: left;"">
      <th>ISRCTN link</th>
      <th>Title</th>
      <th>Condition category</th>
      <th>Age group</th>
      <th>Target number of participants</th>
    </tr>
  </thead>
  <tbody>
    <tr>
      <td><a href='https://www.isrctn.com/ISRCTN58138617' target='_blank'><div>ISRCTN58138617</div></a></td>
      <td>Prospective, non-randomised, multi-centre, observational study to confirm t...</td>
      <td>Circulatory System</td>
      <td>Adult</td>
      <td>500</td>
    </tr>
  </tbody>
</table>"
653,-234785.57442860797,6948034.082126565,Mid Staffordshire NHS Foundation Trust,52.8105646,-2.1091147,1.0,1.0,"<table border=""1"" class=""dataframe"">
  <thead>
    <tr style=""text-align: left;"">
      <th>ISRCTN link</th>
      <th>Title</th>
      <th>Condition category</th>
      <th>Age group</th>
      <th>Target number of participants</th>
    </tr>
  </thead>
  <tbody>
    <tr>
      <td><a href='https://www.isrctn.com/ISRCTN08016736' target='_blank'><div>ISRCTN08016736</div></a></td>
      <td>A study of impact and outcome of a structured educational package on patien...</td>
      <td>Not Applicable</td>
      <td>Adult</td>
      <td>45</td>
    </tr>
  </tbody>
</table>"
654,455822.31232026924,6617886.780605146,Barry Callebaut (Belgium),50.9807356,4.094721499999999,1.0,1.0,"<table border=""1"" class=""dataframe"">
  <thead>
    <tr style=""text-align: left;"">
      <th>ISRCTN link</th>
      <th>Title</th>
      <th>Condition category</th>
      <th>Age group</th>
      <th>Target number of participants</th>
    </tr>
  </thead>
  <tbody>
    <tr>
      <td><a href='https://www.isrctn.com/ISRCTN35988358' target='_blank'><div>ISRCTN35988358</div></a></td>
      <td>Short term effects of high polyphenol content chocolate on blood vessel hea...</td>
      <td>Nutritional, Metabolic, Endocrine</td>
      <td>Adult</td>
      <td>12</td>
    </tr>
  </tbody>
</table>"
655,-9805.900173048803,6697060.715988398,AKL Technologies Ltd,51.4263571,-0.0880879,1.0,1.0,"<table border=""1"" class=""dataframe"">
  <thead>
    <tr style=""text-align: left;"">
      <th>ISRCTN link</th>
      <th>Title</th>
      <th>Condition category</th>
      <th>Age group</th>
      <th>Target number of participants</th>
    </tr>
  </thead>
  <tbody>
    <tr>
      <td><a href='https://www.isrctn.com/ISRCTN80724567' target='_blank'><div>ISRCTN80724567</div></a></td>
      <td>Treatment with AKL1 in obstructive airways disease</td>
      <td>Respiratory</td>
      <td>Adult</td>
      <td>164</td>
    </tr>
  </tbody>
</table>"
657,-157118.36645230785,7345757.076917447,Onyx Pharmaceuticals (USA),54.9169119,-1.4114183,1.0,1.0,"<table border=""1"" class=""dataframe"">
  <thead>
    <tr style=""text-align: left;"">
      <th>ISRCTN link</th>
      <th>Title</th>
      <th>Condition category</th>
      <th>Age group</th>
      <th>Target number of participants</th>
    </tr>
  </thead>
  <tbody>
    <tr>
      <td><a href='https://www.isrctn.com/ISRCTN79302332' target='_blank'><div>ISRCTN79302332</div></a></td>
      <td>A phase I study to evaluate the safety and pharmacokinetics of ONX 0801 in ...</td>
      <td>Cancer</td>
      <td>Adult</td>
      <td>60</td>
    </tr>
  </tbody>
</table>"
659,-272287.31863306003,6570613.604259284,Dorset County Hospital NHS Foundation Trust,50.7126058,-2.4459986,1.0,1.0,"<table border=""1"" class=""dataframe"">
  <thead>
    <tr style=""text-align: left;"">
      <th>ISRCTN link</th>
      <th>Title</th>
      <th>Condition category</th>
      <th>Age group</th>
      <th>Target number of participants</th>
    </tr>
  </thead>
  <tbody>
    <tr>
      <td><a href='https://www.isrctn.com/ISRCTN04950164' target='_blank'><div>ISRCTN04950164</div></a></td>
      <td>Steroid versus hyaluronic acid injections for hip arthritis</td>
      <td>Musculoskeletal Diseases</td>
      <td>Adult</td>
      <td>110</td>
    </tr>
  </tbody>
</table>"
660,-8514992.013630569,5500232.676883164,Canadian Critical Care Trials Group (Canada),44.2243881,-76.4914747,1.0,1.0,"<table border=""1"" class=""dataframe"">
  <thead>
    <tr style=""text-align: left;"">
      <th>ISRCTN link</th>
      <th>Title</th>
      <th>Condition category</th>
      <th>Age group</th>
      <th>Target number of participants</th>
    </tr>
  </thead>
  <tbody>
    <tr>
      <td><a href='https://www.isrctn.com/ISRCTN65058008' target='_blank'><div>ISRCTN65058008</div></a></td>
      <td>A Phase II trial looking at trimodality therapy with or without durvalumab ...</td>
      <td>Cancer</td>
      <td>Adult</td>
      <td>238</td>
    </tr>
  </tbody>
</table>"
661,-355014.5206675212,7549096.364480496,Lothian NHS Board,55.9531579,-3.1891497,5.0,11.0,"<table border=""1"" class=""dataframe"">
  <thead>
    <tr style=""text-align: left;"">
      <th>ISRCTN link</th>
      <th>Title</th>
      <th>Condition category</th>
      <th>Age group</th>
      <th>Target number of participants</th>
    </tr>
  </thead>
  <tbody>
    <tr>
      <td><a href='https://www.isrctn.com/ISRCTN22305120' target='_blank'><div>ISRCTN22305120</div></a></td>
      <td>The role of platelet activation and inflammation in the associated cardiac ...</td>
      <td>Circulatory System</td>
      <td>Adult</td>
      <td>100</td>
    </tr>
    <tr>
      <td><a href='https://www.isrctn.com/ISRCTN11616770' target='_blank'><div>ISRCTN11616770</div></a></td>
      <td>Zoledronate in the Prevention of Paget's: the ZiPP study</td>
      <td>Musculoskeletal Diseases</td>
      <td>Adult</td>
      <td>510</td>
    </tr>
    <tr>
      <td><a href='https://www.isrctn.com/ISRCTN24439460' target='_blank'><div>ISRCTN24439460</div></a></td>
      <td>The Cardiac CARE Trial – can heart muscle injury related to chemotherapy be...</td>
      <td>Circulatory System</td>
      <td>Adult</td>
      <td>168</td>
    </tr>
    <tr>
      <td><a href='https://www.isrctn.com/ISRCTN82984919' target='_blank'><div>ISRCTN82984919</div></a></td>
      <td>A feasibility study investigating pravastatin for the prevention of preterm...</td>
      <td>Pregnancy and Childbirth</td>
      <td>Adult</td>
      <td>40</td>
    </tr>
    <tr>
      <td><a href='https://www.isrctn.com/ISRCTN89489788' target='_blank'><div>ISRCTN89489788</div></a></td>
      <td>Randomised controlled trial of 6-Mercaptopurine (6MP) versus placebo to pre...</td>
      <td>Digestive System</td>
      <td>Adult</td>
      <td>234</td>
    </tr>
  </tbody>
</table>"
662,-515937.66486370325,7040898.147501127,North Wales NHS Trust,53.3118865,-4.6347469,2.0,5.306765580733931,"<table border=""1"" class=""dataframe"">
  <thead>
    <tr style=""text-align: left;"">
      <th>ISRCTN link</th>
      <th>Title</th>
      <th>Condition category</th>
      <th>Age group</th>
      <th>Target number of participants</th>
    </tr>
  </thead>
  <tbody>
    <tr>
      <td><a href='https://www.isrctn.com/ISRCTN49793641' target='_blank'><div>ISRCTN49793641</div></a></td>
      <td>To compare analgesia and side effects of intrathecal fentanyl and intrathec...</td>
      <td>Musculoskeletal Diseases</td>
      <td>Adult</td>
      <td>90</td>
    </tr>
    <tr>
      <td><a href='https://www.isrctn.com/ISRCTN44947124' target='_blank'><div>ISRCTN44947124</div></a></td>
      <td>To compare dose and concentration of local anaesthetics in regional anaesth...</td>
      <td>Signs and Symptoms</td>
      <td>Adult</td>
      <td>40</td>
    </tr>
  </tbody>
</table>"
663,-7912439.268988652,5215815.936928693,Genzyme Corporation (USA),42.36502309999999,-71.07865129999999,2.0,5.306765580733931,"<table border=""1"" class=""dataframe"">
  <thead>
    <tr style=""text-align: left;"">
      <th>ISRCTN link</th>
      <th>Title</th>
      <th>Condition category</th>
      <th>Age group</th>
      <th>Target number of participants</th>
    </tr>
  </thead>
  <tbody>
    <tr>
      <td><a href='https://www.isrctn.com/ISRCTN21534255' target='_blank'><div>ISRCTN21534255</div></a></td>
      <td>Comparison of Alemtuzumab and Rebif® Efficacy in Multiple Sclerosis, Study ...</td>
      <td>Nervous System Diseases</td>
      <td>Adult</td>
      <td>581</td>
    </tr>
    <tr>
      <td><a href='https://www.isrctn.com/ISRCTN70702834' target='_blank'><div>ISRCTN70702834</div></a></td>
      <td>Comparison of Alemtuzumab and Rebif® Efficacy in Multiple Sclerosis, Study ...</td>
      <td>Nervous System Diseases</td>
      <td>Adult</td>
      <td>700</td>
    </tr>
  </tbody>
</table>"
667,-238733.2530028135,6703527.153666698,Vectura Limited,51.4625624,-2.1445773,2.0,5.306765580733931,"<table border=""1"" class=""dataframe"">
  <thead>
    <tr style=""text-align: left;"">
      <th>ISRCTN link</th>
      <th>Title</th>
      <th>Condition category</th>
      <th>Age group</th>
      <th>Target number of participants</th>
    </tr>
  </thead>
  <tbody>
    <tr>
      <td><a href='https://www.isrctn.com/ISRCTN41929673' target='_blank'><div>ISRCTN41929673</div></a></td>
      <td>Efficacy and safety of orally inhaled apomorphine in patients with Parkinso...</td>
      <td>Nervous System Diseases</td>
      <td>Adult</td>
      <td>66</td>
    </tr>
    <tr>
      <td><a href='https://www.isrctn.com/ISRCTN78613729' target='_blank'><div>ISRCTN78613729</div></a></td>
      <td>Orally inhaled heparin in patients with cystic fibrosis (CF)</td>
      <td>Nutritional, Metabolic, Endocrine</td>
      <td>Adult</td>
      <td>64</td>
    </tr>
  </tbody>
</table>"
669,1488195.685449485,6898403.013821546,Bayer Schering Pharma AG (Germany),52.5402375,13.3686893,1.0,1.0,"<table border=""1"" class=""dataframe"">
  <thead>
    <tr style=""text-align: left;"">
      <th>ISRCTN link</th>
      <th>Title</th>
      <th>Condition category</th>
      <th>Age group</th>
      <th>Target number of participants</th>
    </tr>
  </thead>
  <tbody>
    <tr>
      <td><a href='https://www.isrctn.com/ISRCTN75009754' target='_blank'><div>ISRCTN75009754</div></a></td>
      <td>Prevention of sagopilone-induced neurotoxicity with acetyl-L-carnitine (ALC...</td>
      <td>Cancer</td>
      <td>Adult</td>
      <td>140</td>
    </tr>
  </tbody>
</table>"
673,-336272.91591290367,6737604.086377278,Gwent Healthcare NHS Trust,51.6528837,-3.020791,2.0,5.306765580733931,"<table border=""1"" class=""dataframe"">
  <thead>
    <tr style=""text-align: left;"">
      <th>ISRCTN link</th>
      <th>Title</th>
      <th>Condition category</th>
      <th>Age group</th>
      <th>Target number of participants</th>
    </tr>
  </thead>
  <tbody>
    <tr>
      <td><a href='https://www.isrctn.com/ISRCTN84216266' target='_blank'><div>ISRCTN84216266</div></a></td>
      <td>The effect of local anaesthetic on pain following oral surgery under genera...</td>
      <td>Surgery</td>
      <td>Child</td>
      <td>68</td>
    </tr>
    <tr>
      <td><a href='https://www.isrctn.com/ISRCTN53794597' target='_blank'><div>ISRCTN53794597</div></a></td>
      <td>Postoperative analgesia for total knee replacement: a comparison between in...</td>
      <td>Surgery</td>
      <td>Not Specified</td>
      <td>80</td>
    </tr>
  </tbody>
</table>"
676,-110184.19896641838,6695828.264260649,Bayer Plc,51.41945339999999,-0.9898015,2.0,5.306765580733931,"<table border=""1"" class=""dataframe"">
  <thead>
    <tr style=""text-align: left;"">
      <th>ISRCTN link</th>
      <th>Title</th>
      <th>Condition category</th>
      <th>Age group</th>
      <th>Target number of participants</th>
    </tr>
  </thead>
  <tbody>
    <tr>
      <td><a href='https://www.isrctn.com/ISRCTN93952605' target='_blank'><div>ISRCTN93952605</div></a></td>
      <td>Educational intervention for atrial fibrillation</td>
      <td>Circulatory System</td>
      <td>Adult</td>
      <td>200</td>
    </tr>
    <tr>
      <td><a href='https://www.isrctn.com/ISRCTN22144829' target='_blank'><div>ISRCTN22144829</div></a></td>
      <td>Lipids in Diabetes Study</td>
      <td>Nutritional, Metabolic, Endocrine</td>
      <td>Adult</td>
      <td>5000</td>
    </tr>
  </tbody>
</table>"
677,-104746.84296641726,6694969.905041861,Clasado Ltd,51.4146446,-0.9409569000000001,2.0,5.306765580733931,"<table border=""1"" class=""dataframe"">
  <thead>
    <tr style=""text-align: left;"">
      <th>ISRCTN link</th>
      <th>Title</th>
      <th>Condition category</th>
      <th>Age group</th>
      <th>Target number of participants</th>
    </tr>
  </thead>
  <tbody>
    <tr>
      <td><a href='https://www.isrctn.com/ISRCTN11961535' target='_blank'><div>ISRCTN11961535</div></a></td>
      <td>Investigation of the impact of Bi2muno (Bi2GOS), a novel galacto-oligosacch...</td>
      <td>Nutritional, Metabolic, Endocrine</td>
      <td>Neonate</td>
      <td>30</td>
    </tr>
    <tr>
      <td><a href='https://www.isrctn.com/ISRCTN54052375' target='_blank'><div>ISRCTN54052375</div></a></td>
      <td>Investigation of the efficacy of a novel galacto-oligosaccharide prebiotic ...</td>
      <td>Digestive System</td>
      <td>Adult</td>
      <td>66</td>
    </tr>
  </tbody>
</table>"
680,-8230991.001391244,4988698.035746099,Memory Pharmaceuticals Corp. (USA),40.8395091,-73.9402502,1.0,1.0,"<table border=""1"" class=""dataframe"">
  <thead>
    <tr style=""text-align: left;"">
      <th>ISRCTN link</th>
      <th>Title</th>
      <th>Condition category</th>
      <th>Age group</th>
      <th>Target number of participants</th>
    </tr>
  </thead>
  <tbody>
    <tr>
      <td><a href='https://www.isrctn.com/ISRCTN48047493' target='_blank'><div>ISRCTN48047493</div></a></td>
      <td>Efficacy, safety and tolerability of MEM 1414 on allergen-induced late asth...</td>
      <td>Respiratory</td>
      <td>Adult</td>
      <td>16</td>
    </tr>
  </tbody>
</table>"
681,-87250.46916776238,6591573.13355445,Profile Pharma Ltd,50.8316768,-0.7837843,1.0,1.0,"<table border=""1"" class=""dataframe"">
  <thead>
    <tr style=""text-align: left;"">
      <th>ISRCTN link</th>
      <th>Title</th>
      <th>Condition category</th>
      <th>Age group</th>
      <th>Target number of participants</th>
    </tr>
  </thead>
  <tbody>
    <tr>
      <td><a href='https://www.isrctn.com/ISRCTN49790596' target='_blank'><div>ISRCTN49790596</div></a></td>
      <td>Inhaled Promixin® in the treatment of non-cystic fibrosis bronchiectasis</td>
      <td>Respiratory</td>
      <td>Adult</td>
      <td>144</td>
    </tr>
  </tbody>
</table>"
682,-20604.38058575583,6709346.387776023,Daval International Ltd,51.49511949999999,-0.1850923,2.0,5.306765580733931,"<table border=""1"" class=""dataframe"">
  <thead>
    <tr style=""text-align: left;"">
      <th>ISRCTN link</th>
      <th>Title</th>
      <th>Condition category</th>
      <th>Age group</th>
      <th>Target number of participants</th>
    </tr>
  </thead>
  <tbody>
    <tr>
      <td><a href='https://www.isrctn.com/ISRCTN54813778' target='_blank'><div>ISRCTN54813778</div></a></td>
      <td>A double-blind placebo-controlled pilot study of safety and tolerability of...</td>
      <td>Musculoskeletal Diseases</td>
      <td>Adult</td>
      <td>20</td>
    </tr>
    <tr>
      <td><a href='https://www.isrctn.com/ISRCTN17551402' target='_blank'><div>ISRCTN17551402</div></a></td>
      <td>AIMSPRO® and the bladder in multiple sclerosis (MS)</td>
      <td>Nervous System Diseases</td>
      <td>Adult</td>
      <td>20</td>
    </tr>
  </tbody>
</table>"
685,-15781.797605609632,6716922.543376984,Camden NHS Primary Care Trust,51.5374713,-0.1417703,2.0,5.306765580733931,"<table border=""1"" class=""dataframe"">
  <thead>
    <tr style=""text-align: left;"">
      <th>ISRCTN link</th>
      <th>Title</th>
      <th>Condition category</th>
      <th>Age group</th>
      <th>Target number of participants</th>
    </tr>
  </thead>
  <tbody>
    <tr>
      <td><a href='https://www.isrctn.com/ISRCTN83819888' target='_blank'><div>ISRCTN83819888</div></a></td>
      <td>Does topical anaesthetic gel reduce pain/discomfort during intrauterine dev...</td>
      <td>Pregnancy and Childbirth</td>
      <td>Adult</td>
      <td>200</td>
    </tr>
    <tr>
      <td><a href='https://www.isrctn.com/ISRCTN73812769' target='_blank'><div>ISRCTN73812769</div></a></td>
      <td>Effect of tailored versus standard use of the combined oral contraceptive o...</td>
      <td>Pregnancy and Childbirth</td>
      <td>Adult</td>
      <td>600</td>
    </tr>
  </tbody>
</table>"
686,-476081.3353177882,7531574.488599653,Chief Scientist Office of the Scottish Executive Health Department,55.864933,-4.2767114,2.0,5.306765580733931,"<table border=""1"" class=""dataframe"">
  <thead>
    <tr style=""text-align: left;"">
      <th>ISRCTN link</th>
      <th>Title</th>
      <th>Condition category</th>
      <th>Age group</th>
      <th>Target number of participants</th>
    </tr>
  </thead>
  <tbody>
    <tr>
      <td><a href='https://www.isrctn.com/ISRCTN67679521' target='_blank'><div>ISRCTN67679521</div></a></td>
      <td>A double-blind placebo-controlled trial of the effect of perindopril on mus...</td>
      <td>Musculoskeletal Diseases</td>
      <td>Senior</td>
      <td>148</td>
    </tr>
    <tr>
      <td><a href='https://www.isrctn.com/ISRCTN63574530' target='_blank'><div>ISRCTN63574530</div></a></td>
      <td>Randomised controlled trial of Dihydrocodeine (DHC) and methadone in the tr...</td>
      <td>Mental and Behavioural Disorders</td>
      <td>Not Specified</td>
      <td>250</td>
    </tr>
  </tbody>
</table>"
688,-8283557.745868139,4985499.220932842,Bayer Healthcare Pharmaceuticals Inc. (USA),40.8177659,-74.4124653,1.0,1.0,"<table border=""1"" class=""dataframe"">
  <thead>
    <tr style=""text-align: left;"">
      <th>ISRCTN link</th>
      <th>Title</th>
      <th>Condition category</th>
      <th>Age group</th>
      <th>Target number of participants</th>
    </tr>
  </thead>
  <tbody>
    <tr>
      <td><a href='https://www.isrctn.com/ISRCTN69484574' target='_blank'><div>ISRCTN69484574</div></a></td>
      <td>A phase II uncontrolled study of BAY 73-4506 in previously untreated patien...</td>
      <td>Cancer</td>
      <td>Adult</td>
      <td>49</td>
    </tr>
  </tbody>
</table>"
689,-13719681.272126952,6319196.887980215,University of British Columbia (Canada),49.26060520000001,-123.2459938,1.0,1.0,"<table border=""1"" class=""dataframe"">
  <thead>
    <tr style=""text-align: left;"">
      <th>ISRCTN link</th>
      <th>Title</th>
      <th>Condition category</th>
      <th>Age group</th>
      <th>Target number of participants</th>
    </tr>
  </thead>
  <tbody>
    <tr>
      <td><a href='https://www.isrctn.com/ISRCTN19619965' target='_blank'><div>ISRCTN19619965</div></a></td>
      <td>TNT-1:OPTIMA (Tri-National Trial 1: Options in Management with Anti-retrovi...</td>
      <td>Infections and Infestations</td>
      <td>Adult</td>
      <td>504</td>
    </tr>
  </tbody>
</table>"
694,-288915.5228549673,6703083.532206059,United Bristol Healthcare NHS Trust,51.4600795,-2.5953723,4.0,9.613531161467861,"<table border=""1"" class=""dataframe"">
  <thead>
    <tr style=""text-align: left;"">
      <th>ISRCTN link</th>
      <th>Title</th>
      <th>Condition category</th>
      <th>Age group</th>
      <th>Target number of participants</th>
    </tr>
  </thead>
  <tbody>
    <tr>
      <td><a href='https://www.isrctn.com/ISRCTN46576063' target='_blank'><div>ISRCTN46576063</div></a></td>
      <td>Tacrolimus monotherapy for uveitis</td>
      <td>Eye Diseases</td>
      <td>Adult</td>
      <td>40</td>
    </tr>
    <tr>
      <td><a href='https://www.isrctn.com/ISRCTN17552423' target='_blank'><div>ISRCTN17552423</div></a></td>
      <td>Circadian variations in cytokines and the effect of timed release tablet pr...</td>
      <td>Musculoskeletal Diseases</td>
      <td>Senior</td>
      <td>12</td>
    </tr>
    <tr>
      <td><a href='https://www.isrctn.com/ISRCTN52451941' target='_blank'><div>ISRCTN52451941</div></a></td>
      <td>Analgesia provided by intravenous paracetamol compared with intravenous mor...</td>
      <td>Signs and Symptoms</td>
      <td>Adult</td>
      <td>60</td>
    </tr>
    <tr>
      <td><a href='https://www.isrctn.com/ISRCTN02639863' target='_blank'><div>ISRCTN02639863</div></a></td>
      <td>SLEEPS: Safety profiLe, Efficacy and Equivalence in Paediatric intensive ca...</td>
      <td>Not Applicable</td>
      <td>Child</td>
      <td>1000</td>
    </tr>
  </tbody>
</table>"
695,1263589.1875229122,6107154.063054508,PARI Pharma GmbH (Germany),48.0017986,11.3510148,2.0,5.306765580733931,"<table border=""1"" class=""dataframe"">
  <thead>
    <tr style=""text-align: left;"">
      <th>ISRCTN link</th>
      <th>Title</th>
      <th>Condition category</th>
      <th>Age group</th>
      <th>Target number of participants</th>
    </tr>
  </thead>
  <tbody>
    <tr>
      <td><a href='https://www.isrctn.com/ISRCTN66069132' target='_blank'><div>ISRCTN66069132</div></a></td>
      <td>Aerosolised liposomal cyclosporin A (L-CsA) versus aerosolised placebo in t...</td>
      <td>Respiratory</td>
      <td>Adult</td>
      <td>200</td>
    </tr>
    <tr>
      <td><a href='https://www.isrctn.com/ISRCTN69881892' target='_blank'><div>ISRCTN69881892</div></a></td>
      <td>Aerosolised liposomal cyclosporin A (L-CsA) versus placebo in the treatment...</td>
      <td>Respiratory</td>
      <td>Other</td>
      <td>60</td>
    </tr>
  </tbody>
</table>"
697,-370786.2772550613,6726197.134801032,University of Glamorgan,51.589264,-3.3308298,2.0,5.306765580733931,"<table border=""1"" class=""dataframe"">
  <thead>
    <tr style=""text-align: left;"">
      <th>ISRCTN link</th>
      <th>Title</th>
      <th>Condition category</th>
      <th>Age group</th>
      <th>Target number of participants</th>
    </tr>
  </thead>
  <tbody>
    <tr>
      <td><a href='https://www.isrctn.com/ISRCTN96164937' target='_blank'><div>ISRCTN96164937</div></a></td>
      <td>Exercise and vitamin C supplementation in type one diabetes mellitus</td>
      <td>Nutritional, Metabolic, Endocrine</td>
      <td>Adult</td>
      <td>26</td>
    </tr>
    <tr>
      <td><a href='https://www.isrctn.com/ISRCTN13681882' target='_blank'><div>ISRCTN13681882</div></a></td>
      <td>Short term recombinant human Growth Hormone administration increases streng...</td>
      <td>Not Applicable</td>
      <td>Not Specified</td>
      <td>48</td>
    </tr>
  </tbody>
</table>"
698,256465.73544144095,6253181.806320738,Genta Incorporated (USA),48.8720679,2.3038709,1.0,1.0,"<table border=""1"" class=""dataframe"">
  <thead>
    <tr style=""text-align: left;"">
      <th>ISRCTN link</th>
      <th>Title</th>
      <th>Condition category</th>
      <th>Age group</th>
      <th>Target number of participants</th>
    </tr>
  </thead>
  <tbody>
    <tr>
      <td><a href='https://www.isrctn.com/ISRCTN34237167' target='_blank'><div>ISRCTN34237167</div></a></td>
      <td>AGENDA: Randomised, double-blind trial of dacarbazine with or without Genas...</td>
      <td>Cancer</td>
      <td>Adult</td>
      <td>300</td>
    </tr>
  </tbody>
</table>"
699,396168.5015176135,6613135.438730328,Omega Pharma N.V. (Belgium),50.95385599999999,3.5588422,1.0,1.0,"<table border=""1"" class=""dataframe"">
  <thead>
    <tr style=""text-align: left;"">
      <th>ISRCTN link</th>
      <th>Title</th>
      <th>Condition category</th>
      <th>Age group</th>
      <th>Target number of participants</th>
    </tr>
  </thead>
  <tbody>
    <tr>
      <td><a href='https://www.isrctn.com/ISRCTN96469780' target='_blank'><div>ISRCTN96469780</div></a></td>
      <td>Does Lyclear® spray away work better than permethrin to cure head lice?</td>
      <td>Infections and Infestations</td>
      <td>Not Specified</td>
      <td>100</td>
    </tr>
  </tbody>
</table>"
700,-42763.593895268554,6672516.88101538,Iomai Corporation (USA),51.28867590000001,-0.3841519,1.0,1.0,"<table border=""1"" class=""dataframe"">
  <thead>
    <tr style=""text-align: left;"">
      <th>ISRCTN link</th>
      <th>Title</th>
      <th>Condition category</th>
      <th>Age group</th>
      <th>Target number of participants</th>
    </tr>
  </thead>
  <tbody>
    <tr>
      <td><a href='https://www.isrctn.com/ISRCTN27362371' target='_blank'><div>ISRCTN27362371</div></a></td>
      <td>Heat-labile toxin (LT) safety study in the elderly</td>
      <td>Infections and Infestations</td>
      <td>Other</td>
      <td>40</td>
    </tr>
  </tbody>
</table>"
701,-8171973.314686777,4978629.092155221,Bracco Imaging S.p.A (Italy),40.7710437,-73.41008529999999,1.0,1.0,"<table border=""1"" class=""dataframe"">
  <thead>
    <tr style=""text-align: left;"">
      <th>ISRCTN link</th>
      <th>Title</th>
      <th>Condition category</th>
      <th>Age group</th>
      <th>Target number of participants</th>
    </tr>
  </thead>
  <tbody>
    <tr>
      <td><a href='https://www.isrctn.com/ISRCTN39269910' target='_blank'><div>ISRCTN39269910</div></a></td>
      <td>Safety and tolerability of BR38 in healthy volunteers: a phase I study</td>
      <td>Not Applicable</td>
      <td>Adult</td>
      <td>37</td>
    </tr>
  </tbody>
</table>"
702,-8804.970971581084,6714286.123340918,RB Corporate Services Ltd,51.52273779999999,-0.0790964,1.0,1.0,"<table border=""1"" class=""dataframe"">
  <thead>
    <tr style=""text-align: left;"">
      <th>ISRCTN link</th>
      <th>Title</th>
      <th>Condition category</th>
      <th>Age group</th>
      <th>Target number of participants</th>
    </tr>
  </thead>
  <tbody>
    <tr>
      <td><a href='https://www.isrctn.com/ISRCTN77199439' target='_blank'><div>ISRCTN77199439</div></a></td>
      <td>Ibuprofen plus paracetamol in knee pain</td>
      <td>Signs and Symptoms</td>
      <td>Adult</td>
      <td>800</td>
    </tr>
  </tbody>
</table>"
703,-492222.9175176416,6962362.871552798,North East Wales NHS Trust,52.8882987,-4.4217137,1.0,1.0,"<table border=""1"" class=""dataframe"">
  <thead>
    <tr style=""text-align: left;"">
      <th>ISRCTN link</th>
      <th>Title</th>
      <th>Condition category</th>
      <th>Age group</th>
      <th>Target number of participants</th>
    </tr>
  </thead>
  <tbody>
    <tr>
      <td><a href='https://www.isrctn.com/ISRCTN41544517' target='_blank'><div>ISRCTN41544517</div></a></td>
      <td>Effect of Citalopram on Health status, anxiety and depression in patients w...</td>
      <td>Respiratory</td>
      <td>Adult</td>
      <td>20</td>
    </tr>
  </tbody>
</table>"
704,-452833.4285202663,7016528.613460752,North West Wales NHS Trust,53.1808932,-4.0678719,1.0,1.0,"<table border=""1"" class=""dataframe"">
  <thead>
    <tr style=""text-align: left;"">
      <th>ISRCTN link</th>
      <th>Title</th>
      <th>Condition category</th>
      <th>Age group</th>
      <th>Target number of participants</th>
    </tr>
  </thead>
  <tbody>
    <tr>
      <td><a href='https://www.isrctn.com/ISRCTN59862351' target='_blank'><div>ISRCTN59862351</div></a></td>
      <td>Is buprenorphine patch more effective than standard oral medication in the ...</td>
      <td>Signs and Symptoms</td>
      <td>Adult</td>
      <td>300</td>
    </tr>
  </tbody>
</table>"
706,-457586.62606180104,6518587.628347009,Peninsula Medical School,50.4157354,-4.1105706,1.0,1.0,"<table border=""1"" class=""dataframe"">
  <thead>
    <tr style=""text-align: left;"">
      <th>ISRCTN link</th>
      <th>Title</th>
      <th>Condition category</th>
      <th>Age group</th>
      <th>Target number of participants</th>
    </tr>
  </thead>
  <tbody>
    <tr>
      <td><a href='https://www.isrctn.com/ISRCTN77598683' target='_blank'><div>ISRCTN77598683</div></a></td>
      <td>The effectiveness of sustained acupressure in addition to group counselling...</td>
      <td>Mental and Behavioural Disorders</td>
      <td>Adult</td>
      <td>24</td>
    </tr>
  </tbody>
</table>"
707,-26163.341997499534,6713282.276633075,Hammersmith Hospitals NHS Trust,51.5171266,-0.2350293,3.0,7.826061944859854,"<table border=""1"" class=""dataframe"">
  <thead>
    <tr style=""text-align: left;"">
      <th>ISRCTN link</th>
      <th>Title</th>
      <th>Condition category</th>
      <th>Age group</th>
      <th>Target number of participants</th>
    </tr>
  </thead>
  <tbody>
    <tr>
      <td><a href='https://www.isrctn.com/ISRCTN19872154' target='_blank'><div>ISRCTN19872154</div></a></td>
      <td>The Coronary Artery Revascularisation in Diabetes trial</td>
      <td>Nutritional, Metabolic, Endocrine</td>
      <td>Adult</td>
      <td>600</td>
    </tr>
    <tr>
      <td><a href='https://www.isrctn.com/ISRCTN60289857' target='_blank'><div>ISRCTN60289857</div></a></td>
      <td>Investigation of leukocyte trafficking into skin blisters during cardiopulm...</td>
      <td>Circulatory System</td>
      <td>Adult</td>
      <td>48</td>
    </tr>
    <tr>
      <td><a href='https://www.isrctn.com/ISRCTN43319045' target='_blank'><div>ISRCTN43319045</div></a></td>
      <td>The nutritional, cardiovascular and immunological effect of daily subcutane...</td>
      <td>Nutritional, Metabolic, Endocrine</td>
      <td>Adult</td>
      <td>20</td>
    </tr>
  </tbody>
</table>"
708,-662819.1799982543,7283569.048141964,Royal Group of Hospitals Trust,54.59454059999999,-5.954206,3.0,7.826061944859854,"<table border=""1"" class=""dataframe"">
  <thead>
    <tr style=""text-align: left;"">
      <th>ISRCTN link</th>
      <th>Title</th>
      <th>Condition category</th>
      <th>Age group</th>
      <th>Target number of participants</th>
    </tr>
  </thead>
  <tbody>
    <tr>
      <td><a href='https://www.isrctn.com/ISRCTN92166560' target='_blank'><div>ISRCTN92166560</div></a></td>
      <td>A randomised controlled trial of alternative treatments to inhibit VEGF in ...</td>
      <td>Eye Diseases</td>
      <td>Adult</td>
      <td>600</td>
    </tr>
    <tr>
      <td><a href='https://www.isrctn.com/ISRCTN71079188' target='_blank'><div>ISRCTN71079188</div></a></td>
      <td>The pharmacogenetics of aspirin resistance</td>
      <td>Injury, Occupational Diseases, Poisoning</td>
      <td>Adult</td>
      <td>150</td>
    </tr>
    <tr>
      <td><a href='https://www.isrctn.com/ISRCTN71301517' target='_blank'><div>ISRCTN71301517</div></a></td>
      <td>Effect of statin therapy on monocyte function in the metabolic syndrome</td>
      <td>Nutritional, Metabolic, Endocrine</td>
      <td>Adult</td>
      <td>100</td>
    </tr>
  </tbody>
</table>"
710,133370.2009951101,6810607.414555005,The Ipswich Hospital NHS Trust,52.0579338,1.1980849,1.0,1.0,"<table border=""1"" class=""dataframe"">
  <thead>
    <tr style=""text-align: left;"">
      <th>ISRCTN link</th>
      <th>Title</th>
      <th>Condition category</th>
      <th>Age group</th>
      <th>Target number of participants</th>
    </tr>
  </thead>
  <tbody>
    <tr>
      <td><a href='https://www.isrctn.com/ISRCTN72173144' target='_blank'><div>ISRCTN72173144</div></a></td>
      <td>Randomised Double Blinded Placebo Controlled Trial of Magnesium Sulphate in...</td>
      <td>Digestive System</td>
      <td>Not Specified</td>
      <td>108</td>
    </tr>
  </tbody>
</table>"
712,-9800232.641737688,5191425.60548107,Fresenius Kabi (Germany),42.2029273,-88.0369877,1.0,1.0,"<table border=""1"" class=""dataframe"">
  <thead>
    <tr style=""text-align: left;"">
      <th>ISRCTN link</th>
      <th>Title</th>
      <th>Condition category</th>
      <th>Age group</th>
      <th>Target number of participants</th>
    </tr>
  </thead>
  <tbody>
    <tr>
      <td><a href='https://www.isrctn.com/ISRCTN70166506' target='_blank'><div>ISRCTN70166506</div></a></td>
      <td>The effect of intravenous fluids on abdominal aortic aneurysm surgery</td>
      <td>Circulatory System</td>
      <td>Not Specified</td>
      <td>60</td>
    </tr>
  </tbody>
</table>"
713,-195425.77433942718,7131847.11684441,Plethora Solutions Limited,53.7972294,-1.7555396,3.0,7.826061944859854,"<table border=""1"" class=""dataframe"">
  <thead>
    <tr style=""text-align: left;"">
      <th>ISRCTN link</th>
      <th>Title</th>
      <th>Condition category</th>
      <th>Age group</th>
      <th>Target number of participants</th>
    </tr>
  </thead>
  <tbody>
    <tr>
      <td><a href='https://www.isrctn.com/ISRCTN71916001' target='_blank'><div>ISRCTN71916001</div></a></td>
      <td>A phase III, multicentre, randomised, double-blind, placebo-controlled stud...</td>
      <td>Urological and Genital Diseases</td>
      <td>Adult</td>
      <td>300</td>
    </tr>
    <tr>
      <td><a href='https://www.isrctn.com/ISRCTN32847177' target='_blank'><div>ISRCTN32847177</div></a></td>
      <td>A multi-centre, double-blind, placebo-controlled, multiple-dose crossover p...</td>
      <td>Urological and Genital Diseases</td>
      <td>Adult</td>
      <td>105</td>
    </tr>
    <tr>
      <td><a href='https://www.isrctn.com/ISRCTN71613863' target='_blank'><div>ISRCTN71613863</div></a></td>
      <td>A double-blind, placebo-controlled, pilot study to assess the safety and pr...</td>
      <td>Urological and Genital Diseases</td>
      <td>Adult</td>
      <td>88</td>
    </tr>
  </tbody>
</table>"
721,-7912839.429162208,5213330.197244725,Flexpharm Ltd,42.3485222,-71.082246,2.0,5.306765580733931,"<table border=""1"" class=""dataframe"">
  <thead>
    <tr style=""text-align: left;"">
      <th>ISRCTN link</th>
      <th>Title</th>
      <th>Condition category</th>
      <th>Age group</th>
      <th>Target number of participants</th>
    </tr>
  </thead>
  <tbody>
    <tr>
      <td><a href='https://www.isrctn.com/ISRCTN68855603' target='_blank'><div>ISRCTN68855603</div></a></td>
      <td>A double-blind comparative study of Predocol 40 and 60 mg per day and predn...</td>
      <td>Digestive System</td>
      <td>Adult</td>
      <td>120</td>
    </tr>
    <tr>
      <td><a href='https://www.isrctn.com/ISRCTN14133410' target='_blank'><div>ISRCTN14133410</div></a></td>
      <td>A safety and efficacy study of a novel formulation of prednisolone metasulf...</td>
      <td>Nutritional, Metabolic, Endocrine</td>
      <td>Adult</td>
      <td>180</td>
    </tr>
  </tbody>
</table>"
722,-13639700.032499686,5719894.812175759,RS Medical (USA),45.6214648,-122.5275101,1.0,1.0,"<table border=""1"" class=""dataframe"">
  <thead>
    <tr style=""text-align: left;"">
      <th>ISRCTN link</th>
      <th>Title</th>
      <th>Condition category</th>
      <th>Age group</th>
      <th>Target number of participants</th>
    </tr>
  </thead>
  <tbody>
    <tr>
      <td><a href='https://www.isrctn.com/ISRCTN02464830' target='_blank'><div>ISRCTN02464830</div></a></td>
      <td>Randomised, single centre, single blind feasibility study to determine the ...</td>
      <td>Musculoskeletal Diseases</td>
      <td>Adult</td>
      <td>30</td>
    </tr>
  </tbody>
</table>"
724,959181.2420786524,6472548.001220027,Institute for Clinical Research (Institut fur klinische Forschung) (Germany),50.151463,8.6164717,1.0,1.0,"<table border=""1"" class=""dataframe"">
  <thead>
    <tr style=""text-align: left;"">
      <th>ISRCTN link</th>
      <th>Title</th>
      <th>Condition category</th>
      <th>Age group</th>
      <th>Target number of participants</th>
    </tr>
  </thead>
  <tbody>
    <tr>
      <td><a href='https://www.isrctn.com/ISRCTN42223114' target='_blank'><div>ISRCTN42223114</div></a></td>
      <td>MUltiple Sclerosis and Extract of Cannabis (MUSEC): a randomised, double-bl...</td>
      <td>Nervous System Diseases</td>
      <td>Adult</td>
      <td>400</td>
    </tr>
  </tbody>
</table>"
727,17745.684930235486,6843419.972072597,Cambridge Laboratories Ltd,52.2388039,0.1594122,2.0,5.306765580733931,"<table border=""1"" class=""dataframe"">
  <thead>
    <tr style=""text-align: left;"">
      <th>ISRCTN link</th>
      <th>Title</th>
      <th>Condition category</th>
      <th>Age group</th>
      <th>Target number of participants</th>
    </tr>
  </thead>
  <tbody>
    <tr>
      <td><a href='https://www.isrctn.com/ISRCTN15330757' target='_blank'><div>ISRCTN15330757</div></a></td>
      <td>A randomised, crossover, double blind comparison of the analgesic effect an...</td>
      <td>Signs and Symptoms</td>
      <td>Not Specified</td>
      <td>100</td>
    </tr>
    <tr>
      <td><a href='https://www.isrctn.com/ISRCTN38408594' target='_blank'><div>ISRCTN38408594</div></a></td>
      <td>A one year open label assessment of the use of nabilone in the treatment of...</td>
      <td>Signs and Symptoms</td>
      <td>Adult</td>
      <td>90</td>
    </tr>
  </tbody>
</table>"
728,-13063.041681965513,6712554.04994358,King's College London Enterprises,51.51305559999999,-0.1173473,1.0,1.0,"<table border=""1"" class=""dataframe"">
  <thead>
    <tr style=""text-align: left;"">
      <th>ISRCTN link</th>
      <th>Title</th>
      <th>Condition category</th>
      <th>Age group</th>
      <th>Target number of participants</th>
    </tr>
  </thead>
  <tbody>
    <tr>
      <td><a href='https://www.isrctn.com/ISRCTN22288225' target='_blank'><div>ISRCTN22288225</div></a></td>
      <td>Human stress protein (immunoglobulin Binding Protein [BiP]) for the treatme...</td>
      <td>Musculoskeletal Diseases</td>
      <td>Adult</td>
      <td>32</td>
    </tr>
  </tbody>
</table>"
729,245142.51721303255,6226896.84134918,Danone Research (France),48.7165194,2.2021527,1.0,1.0,"<table border=""1"" class=""dataframe"">
  <thead>
    <tr style=""text-align: left;"">
      <th>ISRCTN link</th>
      <th>Title</th>
      <th>Condition category</th>
      <th>Age group</th>
      <th>Target number of participants</th>
    </tr>
  </thead>
  <tbody>
    <tr>
      <td><a href='https://www.isrctn.com/ISRCTN78863629' target='_blank'><div>ISRCTN78863629</div></a></td>
      <td>Effect of the consumption of a fermented dairy product on digestive symptom...</td>
      <td>Digestive System</td>
      <td>Adult</td>
      <td>240</td>
    </tr>
  </tbody>
</table>"
731,-330037.36576806754,7059192.934205879,Royal Liverpool and Broadgreen University Hospitals NHS Trust,53.4099629,-2.9647761,9.0,14.652123889719707,"<table border=""1"" class=""dataframe"">
  <thead>
    <tr style=""text-align: left;"">
      <th>ISRCTN link</th>
      <th>Title</th>
      <th>Condition category</th>
      <th>Age group</th>
      <th>Target number of participants</th>
    </tr>
  </thead>
  <tbody>
    <tr>
      <td><a href='https://www.isrctn.com/ISRCTN74336394' target='_blank'><div>ISRCTN74336394</div></a></td>
      <td>A randomised prospective trial of daclizumab induction followed by sirolimu...</td>
      <td>Urological and Genital Diseases</td>
      <td>Adult</td>
      <td>80</td>
    </tr>
    <tr>
      <td><a href='https://www.isrctn.com/ISRCTN76140647' target='_blank'><div>ISRCTN76140647</div></a></td>
      <td>Does Lisinopril protect transplanted kidneys with chronic vascular rejectio...</td>
      <td>Surgery</td>
      <td>Adult</td>
      <td>42</td>
    </tr>
    <tr>
      <td><a href='https://www.isrctn.com/ISRCTN09988575' target='_blank'><div>ISRCTN09988575</div></a></td>
      <td>Alternative Ofatumumab containing regimens in less fit patients with chroni...</td>
      <td>Cancer</td>
      <td>Adult</td>
      <td>670</td>
    </tr>
    <tr>
      <td><a href='https://www.isrctn.com/ISRCTN96397434' target='_blank'><div>ISRCTN96397434</div></a></td>
      <td>A trial comparing gemcitabine alone with gemcitabine and capecitabine toget...</td>
      <td>Cancer</td>
      <td>Adult</td>
      <td>722</td>
    </tr>
    <tr>
      <td><a href='https://www.isrctn.com/ISRCTN96397434' target='_blank'><div>ISRCTN96397434</div></a></td>
      <td>A trial comparing gemcitabine alone with gemcitabine and capecitabine toget...</td>
      <td>Cancer</td>
      <td>Adult</td>
      <td>722</td>
    </tr>
    <tr>
      <td><a href='https://www.isrctn.com/ISRCTN45340436' target='_blank'><div>ISRCTN45340436</div></a></td>
      <td>Does the current pneumococcal vaccine prevent experimental nasal carriage w...</td>
      <td>Infections and Infestations</td>
      <td>Adult</td>
      <td>100</td>
    </tr>
    <tr>
      <td><a href='https://www.isrctn.com/ISRCTN35236442' target='_blank'><div>ISRCTN35236442</div></a></td>
      <td>Neoadjuvant intraviTreal ranibizumab treatment in high-risk ocular melanoma...</td>
      <td>Cancer</td>
      <td>Adult</td>
      <td>25</td>
    </tr>
    <tr>
      <td><a href='https://www.isrctn.com/ISRCTN74084226' target='_blank'><div>ISRCTN74084226</div></a></td>
      <td>De-escalation and stopping treatment of imatinib, nilotinib or sprycel in c...</td>
      <td>Cancer</td>
      <td>Adult</td>
      <td>168</td>
    </tr>
    <tr>
      <td><a href='https://www.isrctn.com/ISRCTN76548641' target='_blank'><div>ISRCTN76548641</div></a></td>
      <td>Intracellular boosting of human immunodeficiency virus (HIV) protease inhib...</td>
      <td>Infections and Infestations</td>
      <td>Adult</td>
      <td>18</td>
    </tr>
  </tbody>
</table>"
732,195035.91121877098,6887049.387490019,Suffolk Mental Health Partnership NHS Trust,52.4781621,1.7520374,1.0,1.0,"<table border=""1"" class=""dataframe"">
  <thead>
    <tr style=""text-align: left;"">
      <th>ISRCTN link</th>
      <th>Title</th>
      <th>Condition category</th>
      <th>Age group</th>
      <th>Target number of participants</th>
    </tr>
  </thead>
  <tbody>
    <tr>
      <td><a href='https://www.isrctn.com/ISRCTN93360820' target='_blank'><div>ISRCTN93360820</div></a></td>
      <td>Enhancing cognition in bipolar disorder</td>
      <td>Mental and Behavioural Disorders</td>
      <td>Adult</td>
      <td>20</td>
    </tr>
  </tbody>
</table>"
733,-241309.8205408674,6977150.384824263,North Staffordshire Combined Healthcare NHS Trust,52.9683755,-2.167723,1.0,1.0,"<table border=""1"" class=""dataframe"">
  <thead>
    <tr style=""text-align: left;"">
      <th>ISRCTN link</th>
      <th>Title</th>
      <th>Condition category</th>
      <th>Age group</th>
      <th>Target number of participants</th>
    </tr>
  </thead>
  <tbody>
    <tr>
      <td><a href='https://www.isrctn.com/ISRCTN52416964' target='_blank'><div>ISRCTN52416964</div></a></td>
      <td>The Stroke Oxygen Study: a multi-centre, prospective, randomised, open, bli...</td>
      <td>Circulatory System</td>
      <td>Adult</td>
      <td>6000</td>
    </tr>
  </tbody>
</table>"
735,-8199.148038785932,6712649.407981466,Asthma UK,51.5135887,-0.0736542,2.0,5.306765580733931,"<table border=""1"" class=""dataframe"">
  <thead>
    <tr style=""text-align: left;"">
      <th>ISRCTN link</th>
      <th>Title</th>
      <th>Condition category</th>
      <th>Age group</th>
      <th>Target number of participants</th>
    </tr>
  </thead>
  <tbody>
    <tr>
      <td><a href='https://www.isrctn.com/ISRCTN58363576' target='_blank'><div>ISRCTN58363576</div></a></td>
      <td>Efficacy of a short course of oral steroids for hospitalised preschool chil...</td>
      <td>Signs and Symptoms</td>
      <td>Child</td>
      <td>700</td>
    </tr>
    <tr>
      <td><a href='https://www.isrctn.com/ISRCTN08067387' target='_blank'><div>ISRCTN08067387</div></a></td>
      <td>A more intensive approach to diagnosis and management of asthma in primary ...</td>
      <td>Respiratory</td>
      <td>Adult</td>
      <td>200</td>
    </tr>
  </tbody>
</table>"
737,-8346724.93338362,4883692.214505692,Hoechst Marion Roussel (Shire Pharmaceuticals) (France),40.1220368,-74.9799058,1.0,1.0,"<table border=""1"" class=""dataframe"">
  <thead>
    <tr style=""text-align: left;"">
      <th>ISRCTN link</th>
      <th>Title</th>
      <th>Condition category</th>
      <th>Age group</th>
      <th>Target number of participants</th>
    </tr>
  </thead>
  <tbody>
    <tr>
      <td><a href='https://www.isrctn.com/ISRCTN68321818' target='_blank'><div>ISRCTN68321818</div></a></td>
      <td>Safety and efficacy of subcutaneous HMR4396 for the management of anaemia i...</td>
      <td>Urological and Genital Diseases</td>
      <td>Adult</td>
      <td>865</td>
    </tr>
  </tbody>
</table>"
740,-330420.18236495653,7058784.912531394,The University of Liverpool Clinical Trials Unit,53.407778,-2.968215,2.0,5.306765580733931,"<table border=""1"" class=""dataframe"">
  <thead>
    <tr style=""text-align: left;"">
      <th>ISRCTN link</th>
      <th>Title</th>
      <th>Condition category</th>
      <th>Age group</th>
      <th>Target number of participants</th>
    </tr>
  </thead>
  <tbody>
    <tr>
      <td><a href='https://www.isrctn.com/ISRCTN44912429' target='_blank'><div>ISRCTN44912429</div></a></td>
      <td>Double blind randomised controlled trial to investigate the efficacy of ANT...</td>
      <td>Digestive System</td>
      <td>Not Specified</td>
      <td>240</td>
    </tr>
    <tr>
      <td><a href='https://www.isrctn.com/ISRCTN84856516' target='_blank'><div>ISRCTN84856516</div></a></td>
      <td>Ovarian Protection Trial In Oestrogen Non-responsive premenopausal breast c...</td>
      <td>Cancer</td>
      <td>Not Specified</td>
      <td>400</td>
    </tr>
  </tbody>
</table>"
741,-249541.64085020113,7072593.549351739,EctoPharma Ltd,53.481659,-2.2416707,2.0,5.306765580733931,"<table border=""1"" class=""dataframe"">
  <thead>
    <tr style=""text-align: left;"">
      <th>ISRCTN link</th>
      <th>Title</th>
      <th>Condition category</th>
      <th>Age group</th>
      <th>Target number of participants</th>
    </tr>
  </thead>
  <tbody>
    <tr>
      <td><a href='https://www.isrctn.com/ISRCTN91870666' target='_blank'><div>ISRCTN91870666</div></a></td>
      <td>A multicentre phase III trial of 1,2-octanediol at 5% (w/v) (KindaPed™) com...</td>
      <td>Infections and Infestations</td>
      <td>Not Specified</td>
      <td>420</td>
    </tr>
    <tr>
      <td><a href='https://www.isrctn.com/ISRCTN66611560' target='_blank'><div>ISRCTN66611560</div></a></td>
      <td>A phase IIa clinical trial to demonstrate proof of concept of an experiment...</td>
      <td>Infections and Infestations</td>
      <td>Adult</td>
      <td>20</td>
    </tr>
  </tbody>
</table>"
744,-424545.2312144539,6730635.5570093,Swansea NHS Trust,51.6140289,-3.8137547,1.0,1.0,"<table border=""1"" class=""dataframe"">
  <thead>
    <tr style=""text-align: left;"">
      <th>ISRCTN link</th>
      <th>Title</th>
      <th>Condition category</th>
      <th>Age group</th>
      <th>Target number of participants</th>
    </tr>
  </thead>
  <tbody>
    <tr>
      <td><a href='https://www.isrctn.com/ISRCTN63815121' target='_blank'><div>ISRCTN63815121</div></a></td>
      <td>Randomised, controlled, parallel-group prospective study to investigate the...</td>
      <td>Nutritional, Metabolic, Endocrine</td>
      <td>Adult</td>
      <td>210</td>
    </tr>
  </tbody>
</table>"
745,-692107.3491579137,7050330.346165724,Plethora Solutions Ltd,53.36247969999999,-6.2173061,3.0,7.826061944859854,"<table border=""1"" class=""dataframe"">
  <thead>
    <tr style=""text-align: left;"">
      <th>ISRCTN link</th>
      <th>Title</th>
      <th>Condition category</th>
      <th>Age group</th>
      <th>Target number of participants</th>
    </tr>
  </thead>
  <tbody>
    <tr>
      <td><a href='https://www.isrctn.com/ISRCTN97355181' target='_blank'><div>ISRCTN97355181</div></a></td>
      <td>A double-blind, placebo-controlled study to assess the safety and prelimina...</td>
      <td>Urological and Genital Diseases</td>
      <td>Adult</td>
      <td>100</td>
    </tr>
    <tr>
      <td><a href='https://www.isrctn.com/ISRCTN39853232' target='_blank'><div>ISRCTN39853232</div></a></td>
      <td>A phase II, multi-centre, double-blind, placebo-controlled, 2-way cross-ove...</td>
      <td>Urological and Genital Diseases</td>
      <td>Adult</td>
      <td>40</td>
    </tr>
    <tr>
      <td><a href='https://www.isrctn.com/ISRCTN81647490' target='_blank'><div>ISRCTN81647490</div></a></td>
      <td>An open-label, escalating dose, proof of concept study to determine the eff...</td>
      <td>Urological and Genital Diseases</td>
      <td>Adult</td>
      <td>18</td>
    </tr>
  </tbody>
</table>"
746,1534292.730364609,6630875.541554763,Medical Faculty Carl Gustav Carus (Germany),51.0541371,13.7827861,1.0,1.0,"<table border=""1"" class=""dataframe"">
  <thead>
    <tr style=""text-align: left;"">
      <th>ISRCTN link</th>
      <th>Title</th>
      <th>Condition category</th>
      <th>Age group</th>
      <th>Target number of participants</th>
    </tr>
  </thead>
  <tbody>
    <tr>
      <td><a href='https://www.isrctn.com/ISRCTN76104595' target='_blank'><div>ISRCTN76104595</div></a></td>
      <td>Primary intervention with mucosal insulin for prevention of type one diabet...</td>
      <td>Nutritional, Metabolic, Endocrine</td>
      <td>Child</td>
      <td>25</td>
    </tr>
  </tbody>
</table>"
747,-15569.778503444766,6714439.720364028,British Cardiovascular Interventional Society,51.52359629999999,-0.1398657,1.0,1.0,"<table border=""1"" class=""dataframe"">
  <thead>
    <tr style=""text-align: left;"">
      <th>ISRCTN link</th>
      <th>Title</th>
      <th>Condition category</th>
      <th>Age group</th>
      <th>Target number of participants</th>
    </tr>
  </thead>
  <tbody>
    <tr>
      <td><a href='https://www.isrctn.com/ISRCTN40553718' target='_blank'><div>ISRCTN40553718</div></a></td>
      <td>Balloon pump assisted Coronary Intervention Study</td>
      <td>Circulatory System</td>
      <td>Adult</td>
      <td>300</td>
    </tr>
  </tbody>
</table>"
748,-15834.663231787357,6714550.505244483,Central and North West London NHS Foundation Trust,51.5242155,-0.1422452,2.0,5.306765580733931,"<table border=""1"" class=""dataframe"">
  <thead>
    <tr style=""text-align: left;"">
      <th>ISRCTN link</th>
      <th>Title</th>
      <th>Condition category</th>
      <th>Age group</th>
      <th>Target number of participants</th>
    </tr>
  </thead>
  <tbody>
    <tr>
      <td><a href='https://www.isrctn.com/ISRCTN59911189' target='_blank'><div>ISRCTN59911189</div></a></td>
      <td>Improving GHB withdrawal with baclofen</td>
      <td>Mental and Behavioural Disorders</td>
      <td>Adult</td>
      <td>88</td>
    </tr>
    <tr>
      <td><a href='https://www.isrctn.com/ISRCTN63350011' target='_blank'><div>ISRCTN63350011</div></a></td>
      <td>Tolerability and completion of Maraviroc compared to Kaletra® in combinatio...</td>
      <td>Infections and Infestations</td>
      <td>Adult</td>
      <td>280</td>
    </tr>
  </tbody>
</table>"
749,-16113.663271562542,6685172.074000916,Royal Marsden Hospital,51.3597182,-0.1447515,3.0,7.826061944859854,"<table border=""1"" class=""dataframe"">
  <thead>
    <tr style=""text-align: left;"">
      <th>ISRCTN link</th>
      <th>Title</th>
      <th>Condition category</th>
      <th>Age group</th>
      <th>Target number of participants</th>
    </tr>
  </thead>
  <tbody>
    <tr>
      <td><a href='https://www.isrctn.com/ISRCTN07027313' target='_blank'><div>ISRCTN07027313</div></a></td>
      <td>Randomised double blind trial to evaluate prevention of breast cancer using...</td>
      <td>Cancer</td>
      <td>Adult</td>
      <td>2500</td>
    </tr>
    <tr>
      <td><a href='https://www.isrctn.com/ISRCTN83688026' target='_blank'><div>ISRCTN83688026</div></a></td>
      <td>A randomised controlled clinical trial to evaluate the anti-osteolytic agen...</td>
      <td>Cancer</td>
      <td>Adult</td>
      <td>1000</td>
    </tr>
    <tr>
      <td><a href='https://www.isrctn.com/ISRCTN41980964' target='_blank'><div>ISRCTN41980964</div></a></td>
      <td>A Randomized Controlled Study in Newly Diagnosed Severe Aplastic Anemia Pat...</td>
      <td>Haematological Disorders</td>
      <td>Adult</td>
      <td>340</td>
    </tr>
  </tbody>
</table>"
750,15683.324384053903,6831704.256147514,Cambridge University Hospitals NHS Foundation Trust and University of Cambridge,52.1743086,0.1408857,11.0,15.898961024049783,"<table border=""1"" class=""dataframe"">
  <thead>
    <tr style=""text-align: left;"">
      <th>ISRCTN link</th>
      <th>Title</th>
      <th>Condition category</th>
      <th>Age group</th>
      <th>Target number of participants</th>
    </tr>
  </thead>
  <tbody>
    <tr>
      <td><a href='https://www.isrctn.com/ISRCTN87408408' target='_blank'><div>ISRCTN87408408</div></a></td>
      <td>Molecular profiling of post-menopausal women with breast cancer on Neoadjuv...</td>
      <td>Cancer</td>
      <td>Not Specified</td>
      <td>100</td>
    </tr>
    <tr>
      <td><a href='https://www.isrctn.com/ISRCTN11177045' target='_blank'><div>ISRCTN11177045</div></a></td>
      <td>IVIG and rituximab in antibody-associated psychosis - SINAPPS2</td>
      <td>Mental and Behavioural Disorders</td>
      <td>Adult</td>
      <td>80</td>
    </tr>
    <tr>
      <td><a href='https://www.isrctn.com/ISRCTN34875079' target='_blank'><div>ISRCTN34875079</div></a></td>
      <td>The Glucose Lowering In Non-diabetic hyperglycaemia Trial (GLINT) - Glucose...</td>
      <td>Nutritional, Metabolic, Endocrine</td>
      <td>Adult</td>
      <td>12834</td>
    </tr>
    <tr>
      <td><a href='https://www.isrctn.com/ISRCTN11177045' target='_blank'><div>ISRCTN11177045</div></a></td>
      <td>IVIG and rituximab in antibody-associated psychosis - SINAPPS2</td>
      <td>Mental and Behavioural Disorders</td>
      <td>Adult</td>
      <td>80</td>
    </tr>
    <tr>
      <td><a href='https://www.isrctn.com/ISRCTN34875079' target='_blank'><div>ISRCTN34875079</div></a></td>
      <td>The Glucose Lowering In Non-diabetic hyperglycaemia Trial (GLINT) - Glucose...</td>
      <td>Nutritional, Metabolic, Endocrine</td>
      <td>Adult</td>
      <td>12834</td>
    </tr>
    <tr>
      <td><a href='https://www.isrctn.com/ISRCTN10616794' target='_blank'><div>ISRCTN10616794</div></a></td>
      <td>Understanding how increasing some of the brain's chemicals can help thinkin...</td>
      <td>Nervous System Diseases</td>
      <td>Adult</td>
      <td>80</td>
    </tr>
    <tr>
      <td><a href='https://www.isrctn.com/ISRCTN80782810' target='_blank'><div>ISRCTN80782810</div></a></td>
      <td>A randomised, double blind, placebo-controlled trial of a two-week course o...</td>
      <td>Injury, Occupational Diseases, Poisoning</td>
      <td>Adult</td>
      <td>750</td>
    </tr>
    <tr>
      <td><a href='https://www.isrctn.com/ISRCTN10616794' target='_blank'><div>ISRCTN10616794</div></a></td>
      <td>Understanding how increasing some of the brain's chemicals can help thinkin...</td>
      <td>Nervous System Diseases</td>
      <td>Adult</td>
      <td>80</td>
    </tr>
    <tr>
      <td><a href='https://www.isrctn.com/ISRCTN80782810' target='_blank'><div>ISRCTN80782810</div></a></td>
      <td>A randomised, double blind, placebo-controlled trial of a two-week course o...</td>
      <td>Injury, Occupational Diseases, Poisoning</td>
      <td>Adult</td>
      <td>750</td>
    </tr>
    <tr>
      <td><a href='https://www.isrctn.com/ISRCTN52968807' target='_blank'><div>ISRCTN52968807</div></a></td>
      <td>Persephone: duration of Herceptin with chemotherapy 6 versus 12 months</td>
      <td>Cancer</td>
      <td>Adult</td>
      <td>4000</td>
    </tr>
    <tr>
      <td><a href='https://www.isrctn.com/ISRCTN52968807' target='_blank'><div>ISRCTN52968807</div></a></td>
      <td>Persephone: duration of Herceptin with chemotherapy 6 versus 12 months</td>
      <td>Cancer</td>
      <td>Adult</td>
      <td>4000</td>
    </tr>
  </tbody>
</table>"
751,-187895.6119125125,7391941.852628894,Pharmanord UK Ltd,55.1546669,-1.687895,1.0,1.0,"<table border=""1"" class=""dataframe"">
  <thead>
    <tr style=""text-align: left;"">
      <th>ISRCTN link</th>
      <th>Title</th>
      <th>Condition category</th>
      <th>Age group</th>
      <th>Target number of participants</th>
    </tr>
  </thead>
  <tbody>
    <tr>
      <td><a href='https://www.isrctn.com/ISRCTN21047731' target='_blank'><div>ISRCTN21047731</div></a></td>
      <td>Randomised double-blind, placebo-controlled multicentre trial of antioxidan...</td>
      <td>Digestive System</td>
      <td>Adult</td>
      <td>60</td>
    </tr>
  </tbody>
</table>"
755,-12706084.046190348,6635030.130112417,University of Calgary (Canada),51.0775908,-114.140695,1.0,1.0,"<table border=""1"" class=""dataframe"">
  <thead>
    <tr style=""text-align: left;"">
      <th>ISRCTN link</th>
      <th>Title</th>
      <th>Condition category</th>
      <th>Age group</th>
      <th>Target number of participants</th>
    </tr>
  </thead>
  <tbody>
    <tr>
      <td><a href='https://www.isrctn.com/ISRCTN31327267' target='_blank'><div>ISRCTN31327267</div></a></td>
      <td>A randomised controlled trial evaluating the effects of long-term low-dose ...</td>
      <td>Musculoskeletal Diseases</td>
      <td>Adult</td>
      <td>30</td>
    </tr>
  </tbody>
</table>"
756,-10025.522396434853,6710852.818279649,King's College London Nutritional Sciences Research Division,51.5035438,-0.0900608,1.0,1.0,"<table border=""1"" class=""dataframe"">
  <thead>
    <tr style=""text-align: left;"">
      <th>ISRCTN link</th>
      <th>Title</th>
      <th>Condition category</th>
      <th>Age group</th>
      <th>Target number of participants</th>
    </tr>
  </thead>
  <tbody>
    <tr>
      <td><a href='https://www.isrctn.com/ISRCTN43577261' target='_blank'><div>ISRCTN43577261</div></a></td>
      <td>The influence of methylenetetrahydrofolate reductase C677T genotype and fol...</td>
      <td>Cancer</td>
      <td>Adult</td>
      <td>60</td>
    </tr>
  </tbody>
</table>"
759,-19269.760078686195,6697117.204325361,St. George's Hospital Charitable Foundation,51.4266735,-0.1731032,1.0,1.0,"<table border=""1"" class=""dataframe"">
  <thead>
    <tr style=""text-align: left;"">
      <th>ISRCTN link</th>
      <th>Title</th>
      <th>Condition category</th>
      <th>Age group</th>
      <th>Target number of participants</th>
    </tr>
  </thead>
  <tbody>
    <tr>
      <td><a href='https://www.isrctn.com/ISRCTN41309956' target='_blank'><div>ISRCTN41309956</div></a></td>
      <td>The role of high dose statins in the prevention of postoperative atrial fib...</td>
      <td>Circulatory System</td>
      <td>Adult</td>
      <td>450</td>
    </tr>
  </tbody>
</table>"
760,-173258.43470708656,7132544.15162978,Heart Research,53.80092759999999,-1.556407,1.0,1.0,"<table border=""1"" class=""dataframe"">
  <thead>
    <tr style=""text-align: left;"">
      <th>ISRCTN link</th>
      <th>Title</th>
      <th>Condition category</th>
      <th>Age group</th>
      <th>Target number of participants</th>
    </tr>
  </thead>
  <tbody>
    <tr>
      <td><a href='https://www.isrctn.com/ISRCTN99667121' target='_blank'><div>ISRCTN99667121</div></a></td>
      <td>Testosterone therapy as an adjunct to exercise rehabilitation: effects on e...</td>
      <td>Circulatory System</td>
      <td>Adult</td>
      <td>36</td>
    </tr>
  </tbody>
</table>"
761,-82656.55868560373,6712484.1822415255,Biogen Idec (USA),51.512665,-0.7425165,1.0,1.0,"<table border=""1"" class=""dataframe"">
  <thead>
    <tr style=""text-align: left;"">
      <th>ISRCTN link</th>
      <th>Title</th>
      <th>Condition category</th>
      <th>Age group</th>
      <th>Target number of participants</th>
    </tr>
  </thead>
  <tbody>
    <tr>
      <td><a href='https://www.isrctn.com/ISRCTN12870393' target='_blank'><div>ISRCTN12870393</div></a></td>
      <td>A randomised, double-blind, placebo-controlled, dose escalation study of si...</td>
      <td>Nervous System Diseases</td>
      <td>Adult</td>
      <td>110</td>
    </tr>
  </tbody>
</table>"
764,-126510.34888200712,6973905.074338419,Tissue Science Laboratories plc,52.9508143,-1.1364618,1.0,1.0,"<table border=""1"" class=""dataframe"">
  <thead>
    <tr style=""text-align: left;"">
      <th>ISRCTN link</th>
      <th>Title</th>
      <th>Condition category</th>
      <th>Age group</th>
      <th>Target number of participants</th>
    </tr>
  </thead>
  <tbody>
    <tr>
      <td><a href='https://www.isrctn.com/ISRCTN31730807' target='_blank'><div>ISRCTN31730807</div></a></td>
      <td>A randomised controlled trial of Permacol® reinforcement of permanent stoma...</td>
      <td>Digestive System</td>
      <td>Adult</td>
      <td>300</td>
    </tr>
  </tbody>
</table>"
767,-288524.7357825375,6709301.66923343,Bristol Urological Institute,51.4948694,-2.5918618,1.0,1.0,"<table border=""1"" class=""dataframe"">
  <thead>
    <tr style=""text-align: left;"">
      <th>ISRCTN link</th>
      <th>Title</th>
      <th>Condition category</th>
      <th>Age group</th>
      <th>Target number of participants</th>
    </tr>
  </thead>
  <tbody>
    <tr>
      <td><a href='https://www.isrctn.com/ISRCTN61712514' target='_blank'><div>ISRCTN61712514</div></a></td>
      <td>Oral desmopressin for treatment of adults with overactive bladder syndrome</td>
      <td>Urological and Genital Diseases</td>
      <td>Adult</td>
      <td>90</td>
    </tr>
  </tbody>
</table>"
768,-469090.89431003557,7536884.005817471,Greater Glasgow Primary Care NHS Trust,55.8916883,-4.2139152,1.0,1.0,"<table border=""1"" class=""dataframe"">
  <thead>
    <tr style=""text-align: left;"">
      <th>ISRCTN link</th>
      <th>Title</th>
      <th>Condition category</th>
      <th>Age group</th>
      <th>Target number of participants</th>
    </tr>
  </thead>
  <tbody>
    <tr>
      <td><a href='https://www.isrctn.com/ISRCTN61233866' target='_blank'><div>ISRCTN61233866</div></a></td>
      <td>A cluster randomised controlled trial of the effectiveness and cost effecti...</td>
      <td>Circulatory System</td>
      <td>Not Specified</td>
      <td>30</td>
    </tr>
  </tbody>
</table>"
769,-18067.765612947664,6646811.520307505,Novo Nordisk Ltd,51.1440351,-0.1623055,2.0,5.306765580733931,"<table border=""1"" class=""dataframe"">
  <thead>
    <tr style=""text-align: left;"">
      <th>ISRCTN link</th>
      <th>Title</th>
      <th>Condition category</th>
      <th>Age group</th>
      <th>Target number of participants</th>
    </tr>
  </thead>
  <tbody>
    <tr>
      <td><a href='https://www.isrctn.com/ISRCTN34091554' target='_blank'><div>ISRCTN34091554</div></a></td>
      <td>A double-blind, randomised, crossover study to investigate the difference i...</td>
      <td>Nutritional, Metabolic, Endocrine</td>
      <td>Adult</td>
      <td>160</td>
    </tr>
    <tr>
      <td><a href='https://www.isrctn.com/ISRCTN51125379' target='_blank'><div>ISRCTN51125379</div></a></td>
      <td>Treating To Target in Type 2 diabetes</td>
      <td>Nutritional, Metabolic, Endocrine</td>
      <td>Adult</td>
      <td>700</td>
    </tr>
  </tbody>
</table>"
770,-247727.37805315052,7068730.072030811,St Mary's Hospital,53.461001,-2.2253729,1.0,1.0,"<table border=""1"" class=""dataframe"">
  <thead>
    <tr style=""text-align: left;"">
      <th>ISRCTN link</th>
      <th>Title</th>
      <th>Condition category</th>
      <th>Age group</th>
      <th>Target number of participants</th>
    </tr>
  </thead>
  <tbody>
    <tr>
      <td><a href='https://www.isrctn.com/ISRCTN70684741' target='_blank'><div>ISRCTN70684741</div></a></td>
      <td>Prospective, randomised, double-blind trial of heparin or 0.45% saline infu...</td>
      <td>Neonatal Diseases</td>
      <td>Neonate</td>
      <td>128</td>
    </tr>
  </tbody>
</table>"
772,-255195.59118343872,7055272.63588593,Wythenshawe Hospital,53.3889656,-2.292461,2.0,5.306765580733931,"<table border=""1"" class=""dataframe"">
  <thead>
    <tr style=""text-align: left;"">
      <th>ISRCTN link</th>
      <th>Title</th>
      <th>Condition category</th>
      <th>Age group</th>
      <th>Target number of participants</th>
    </tr>
  </thead>
  <tbody>
    <tr>
      <td><a href='https://www.isrctn.com/ISRCTN41490500' target='_blank'><div>ISRCTN41490500</div></a></td>
      <td>Probiotics in Atopic Dermatitis in Infancy</td>
      <td>Skin and Connective Tissue Diseases</td>
      <td>Child</td>
      <td>250</td>
    </tr>
    <tr>
      <td><a href='https://www.isrctn.com/ISRCTN86717853' target='_blank'><div>ISRCTN86717853</div></a></td>
      <td>Inhaled Fluticasone in Wheezy Infants</td>
      <td>Respiratory</td>
      <td>Child</td>
      <td>200</td>
    </tr>
  </tbody>
</table>"
774,-132866.56935486317,6750998.6986052245,Oxford BioMedica,51.72747529999999,-1.1935607,1.0,1.0,"<table border=""1"" class=""dataframe"">
  <thead>
    <tr style=""text-align: left;"">
      <th>ISRCTN link</th>
      <th>Title</th>
      <th>Condition category</th>
      <th>Age group</th>
      <th>Target number of participants</th>
    </tr>
  </thead>
  <tbody>
    <tr>
      <td><a href='https://www.isrctn.com/ISRCTN39198692' target='_blank'><div>ISRCTN39198692</div></a></td>
      <td>An international, randomised, double-blind, placebo-controlled, parallel gr...</td>
      <td>Cancer</td>
      <td>Adult</td>
      <td>700</td>
    </tr>
  </tbody>
</table>"
775,638484.3942204232,8170367.81697838,Stavanger Helseforskning AS (Norway),58.9536139,5.7356029,1.0,1.0,"<table border=""1"" class=""dataframe"">
  <thead>
    <tr style=""text-align: left;"">
      <th>ISRCTN link</th>
      <th>Title</th>
      <th>Condition category</th>
      <th>Age group</th>
      <th>Target number of participants</th>
    </tr>
  </thead>
  <tbody>
    <tr>
      <td><a href='https://www.isrctn.com/ISRCTN89624516' target='_blank'><div>ISRCTN89624516</div></a></td>
      <td>A double-blind, placebo-controlled multicentre trial of memantine in patien...</td>
      <td>Nervous System Diseases</td>
      <td>Adult</td>
      <td>74</td>
    </tr>
  </tbody>
</table>"
777,951548.7881716478,6001444.723677227,Bioheart Inc. (USA),47.3624963,8.5479082,1.0,1.0,"<table border=""1"" class=""dataframe"">
  <thead>
    <tr style=""text-align: left;"">
      <th>ISRCTN link</th>
      <th>Title</th>
      <th>Condition category</th>
      <th>Age group</th>
      <th>Target number of participants</th>
    </tr>
  </thead>
  <tbody>
    <tr>
      <td><a href='https://www.isrctn.com/ISRCTN17181395' target='_blank'><div>ISRCTN17181395</div></a></td>
      <td>A Phase II, Open-label, Randomized, Multicenter Study to Assess the Safety ...</td>
      <td>Circulatory System</td>
      <td>Adult</td>
      <td>46</td>
    </tr>
  </tbody>
</table>"
778,-8577092.103639254,4700505.510072225,Diabetes Vaccine Development Centre (Australia),38.8520808,-77.0493293,1.0,1.0,"<table border=""1"" class=""dataframe"">
  <thead>
    <tr style=""text-align: left;"">
      <th>ISRCTN link</th>
      <th>Title</th>
      <th>Condition category</th>
      <th>Age group</th>
      <th>Target number of participants</th>
    </tr>
  </thead>
  <tbody>
    <tr>
      <td><a href='https://www.isrctn.com/ISRCTN20254161' target='_blank'><div>ISRCTN20254161</div></a></td>
      <td>Islet autoantigen-derived peptides eluted from Human Leucocyte Antigen (HLA...</td>
      <td>Nutritional, Metabolic, Endocrine</td>
      <td>Adult</td>
      <td>72</td>
    </tr>
  </tbody>
</table>"
780,-235393.76846655703,7033839.802196899,AstraZeneca Clinical Research Group,53.2739871,-2.1145782,6.0,12.132827525593784,"<table border=""1"" class=""dataframe"">
  <thead>
    <tr style=""text-align: left;"">
      <th>ISRCTN link</th>
      <th>Title</th>
      <th>Condition category</th>
      <th>Age group</th>
      <th>Target number of participants</th>
    </tr>
  </thead>
  <tbody>
    <tr>
      <td><a href='https://www.isrctn.com/ISRCTN27362692' target='_blank'><div>ISRCTN27362692</div></a></td>
      <td>Intranasal zolmitriptan is effective and well tolerated in acute cluster he...</td>
      <td>Signs and Symptoms</td>
      <td>Adult</td>
      <td>90</td>
    </tr>
    <tr>
      <td><a href='https://www.isrctn.com/ISRCTN16559899' target='_blank'><div>ISRCTN16559899</div></a></td>
      <td>A Multicentre Randomised and Comparative Trial to Assess the Tolerance, Eff...</td>
      <td>Cancer</td>
      <td>Not Specified</td>
      <td>0</td>
    </tr>
    <tr>
      <td><a href='https://www.isrctn.com/ISRCTN44967321' target='_blank'><div>ISRCTN44967321</div></a></td>
      <td>A Study to Compare the Effect of Two Blinded Doses of Casodex (ICI 176,334 ...</td>
      <td>Cancer</td>
      <td>Not Specified</td>
      <td>0</td>
    </tr>
    <tr>
      <td><a href='https://www.isrctn.com/ISRCTN74551156' target='_blank'><div>ISRCTN74551156</div></a></td>
      <td>A Randomised Double-Blind, Double Dummy Trial to Compare the Efficacy and S...</td>
      <td>Cancer</td>
      <td>Adult</td>
      <td>0</td>
    </tr>
    <tr>
      <td><a href='https://www.isrctn.com/ISRCTN76165153' target='_blank'><div>ISRCTN76165153</div></a></td>
      <td>A Multi-Centre, Randomised, Double Blind. Placebo Controlled Trial to Inves...</td>
      <td>Cancer</td>
      <td>Not Specified</td>
      <td>0</td>
    </tr>
    <tr>
      <td><a href='https://www.isrctn.com/ISRCTN99195212' target='_blank'><div>ISRCTN99195212</div></a></td>
      <td>An open, randomised, multicentre trial of Tomudex (ZD1694) versus 5-Fluorou...</td>
      <td>Cancer</td>
      <td>Adult</td>
      <td>0</td>
    </tr>
  </tbody>
</table>"
782,-467207.51324115146,7510385.915048429,NHS Lanarkshire Primary Care Operating Division,55.7579775,-4.1969965,1.0,1.0,"<table border=""1"" class=""dataframe"">
  <thead>
    <tr style=""text-align: left;"">
      <th>ISRCTN link</th>
      <th>Title</th>
      <th>Condition category</th>
      <th>Age group</th>
      <th>Target number of participants</th>
    </tr>
  </thead>
  <tbody>
    <tr>
      <td><a href='https://www.isrctn.com/ISRCTN47065764' target='_blank'><div>ISRCTN47065764</div></a></td>
      <td>Tolerance of milk feeds in preterm, very low birth-weight babies: the use o...</td>
      <td>Neonatal Diseases</td>
      <td>Neonate</td>
      <td>28</td>
    </tr>
  </tbody>
</table>"
783,-188335.25710945146,7439444.435044546,Northumbria Healthcare NHS Trust,55.3977363,-1.6918444,2.0,5.306765580733931,"<table border=""1"" class=""dataframe"">
  <thead>
    <tr style=""text-align: left;"">
      <th>ISRCTN link</th>
      <th>Title</th>
      <th>Condition category</th>
      <th>Age group</th>
      <th>Target number of participants</th>
    </tr>
  </thead>
  <tbody>
    <tr>
      <td><a href='https://www.isrctn.com/ISRCTN86638547' target='_blank'><div>ISRCTN86638547</div></a></td>
      <td>Efficacy of intra-articular injection for end stage hip osteoarthritis: can...</td>
      <td>Musculoskeletal Diseases</td>
      <td>Adult</td>
      <td>160</td>
    </tr>
    <tr>
      <td><a href='https://www.isrctn.com/ISRCTN93586244' target='_blank'><div>ISRCTN93586244</div></a></td>
      <td>Influence of MLH1 gene on anti-neoplastic effects of Resistant Starch</td>
      <td>Cancer</td>
      <td>Adult</td>
      <td>100</td>
    </tr>
  </tbody>
</table>"
785,-313931.67297204584,7483403.505277301,ProStrakan Pharmaceuticals,55.6213501,-2.8200962,4.0,9.613531161467861,"<table border=""1"" class=""dataframe"">
  <thead>
    <tr style=""text-align: left;"">
      <th>ISRCTN link</th>
      <th>Title</th>
      <th>Condition category</th>
      <th>Age group</th>
      <th>Target number of participants</th>
    </tr>
  </thead>
  <tbody>
    <tr>
      <td><a href='https://www.isrctn.com/ISRCTN45741714' target='_blank'><div>ISRCTN45741714</div></a></td>
      <td>Effect of transdermal testosterone replacement in hypogonadal men with decr...</td>
      <td>Nutritional, Metabolic, Endocrine</td>
      <td>Adult</td>
      <td>320</td>
    </tr>
    <tr>
      <td><a href='https://www.isrctn.com/ISRCTN43187439' target='_blank'><div>ISRCTN43187439</div></a></td>
      <td>A randomised, single centre, phase IV crossover study to assess the accepta...</td>
      <td>Skin and Connective Tissue Diseases</td>
      <td>Adult</td>
      <td>65</td>
    </tr>
    <tr>
      <td><a href='https://www.isrctn.com/ISRCTN72179764' target='_blank'><div>ISRCTN72179764</div></a></td>
      <td>An observer blind, parallel group, randomised multicentre study to compare ...</td>
      <td>Skin and Connective Tissue Diseases</td>
      <td>Other</td>
      <td>270</td>
    </tr>
    <tr>
      <td><a href='https://www.isrctn.com/ISRCTN71083772' target='_blank'><div>ISRCTN71083772</div></a></td>
      <td>A multi-centre, double-blind, randomised, vehicle-controlled study for a qu...</td>
      <td>Skin and Connective Tissue Diseases</td>
      <td>Adult</td>
      <td>120</td>
    </tr>
  </tbody>
</table>"
787,-587316.668576022,6485677.532572667,Cornwall College Camborne,50.2269775,-5.2759554,1.0,1.0,"<table border=""1"" class=""dataframe"">
  <thead>
    <tr style=""text-align: left;"">
      <th>ISRCTN link</th>
      <th>Title</th>
      <th>Condition category</th>
      <th>Age group</th>
      <th>Target number of participants</th>
    </tr>
  </thead>
  <tbody>
    <tr>
      <td><a href='https://www.isrctn.com/ISRCTN16880978' target='_blank'><div>ISRCTN16880978</div></a></td>
      <td>Investigating the possible therapeutic effects of the homoeopathic remedy A...</td>
      <td>Injury, Occupational Diseases, Poisoning</td>
      <td>Not Specified</td>
      <td>250</td>
    </tr>
  </tbody>
</table>"
789,-255917.67619241838,7092951.410925824,Bury Primary Care Trust,53.5903464,-2.2989476,1.0,1.0,"<table border=""1"" class=""dataframe"">
  <thead>
    <tr style=""text-align: left;"">
      <th>ISRCTN link</th>
      <th>Title</th>
      <th>Condition category</th>
      <th>Age group</th>
      <th>Target number of participants</th>
    </tr>
  </thead>
  <tbody>
    <tr>
      <td><a href='https://www.isrctn.com/ISRCTN19338940' target='_blank'><div>ISRCTN19338940</div></a></td>
      <td>Can we introduce evidence based prescribing of complementary drug therapies...</td>
      <td>Musculoskeletal Diseases</td>
      <td>Adult</td>
      <td>55</td>
    </tr>
  </tbody>
</table>"
792,-128790.49487997666,6981216.0714261485,Nottingham City Hospital NHS Trust,52.99036590000001,-1.1569447,1.0,1.0,"<table border=""1"" class=""dataframe"">
  <thead>
    <tr style=""text-align: left;"">
      <th>ISRCTN link</th>
      <th>Title</th>
      <th>Condition category</th>
      <th>Age group</th>
      <th>Target number of participants</th>
    </tr>
  </thead>
  <tbody>
    <tr>
      <td><a href='https://www.isrctn.com/ISRCTN46018181' target='_blank'><div>ISRCTN46018181</div></a></td>
      <td>Can acute exacerbations of asthma be prevented with a four-fold increase in...</td>
      <td>Respiratory</td>
      <td>Adult</td>
      <td>500</td>
    </tr>
  </tbody>
</table>"
793,-15929.585361586784,6713299.52160098,GW Pharma Ltd,51.51722299999999,-0.1430979,1.0,1.0,"<table border=""1"" class=""dataframe"">
  <thead>
    <tr style=""text-align: left;"">
      <th>ISRCTN link</th>
      <th>Title</th>
      <th>Condition category</th>
      <th>Age group</th>
      <th>Target number of participants</th>
    </tr>
  </thead>
  <tbody>
    <tr>
      <td><a href='https://www.isrctn.com/ISRCTN38250575' target='_blank'><div>ISRCTN38250575</div></a></td>
      <td>A double blind, randomised, placebo controlled parallel group study of cann...</td>
      <td>Signs and Symptoms</td>
      <td>Adult</td>
      <td>80</td>
    </tr>
  </tbody>
</table>"
794,-177379.03697829036,7362371.105163078,The Newcastle upon Tyne Hospitals NHS Trust,55.00260189999999,-1.593423,3.0,7.826061944859854,"<table border=""1"" class=""dataframe"">
  <thead>
    <tr style=""text-align: left;"">
      <th>ISRCTN link</th>
      <th>Title</th>
      <th>Condition category</th>
      <th>Age group</th>
      <th>Target number of participants</th>
    </tr>
  </thead>
  <tbody>
    <tr>
      <td><a href='https://www.isrctn.com/ISRCTN58943280' target='_blank'><div>ISRCTN58943280</div></a></td>
      <td>Randomised, double-blind, placebo-controlled trial of azathioprine in moder...</td>
      <td>Skin and Connective Tissue Diseases</td>
      <td>Adult</td>
      <td>62</td>
    </tr>
    <tr>
      <td><a href='https://www.isrctn.com/ISRCTN63745312' target='_blank'><div>ISRCTN63745312</div></a></td>
      <td>A controlled trial of Orlistat (Xenical) for patients with non-alcoholic st...</td>
      <td>Digestive System</td>
      <td>Adult</td>
      <td>50</td>
    </tr>
    <tr>
      <td><a href='https://www.isrctn.com/ISRCTN81615611' target='_blank'><div>ISRCTN81615611</div></a></td>
      <td>The safety and efficacy of posterior juxta-scleral (40 mg) or intra-vitreal...</td>
      <td>Eye Diseases</td>
      <td>Senior</td>
      <td>400</td>
    </tr>
  </tbody>
</table>"
796,3917810.5529502914,3882808.956728001,Andromeda Biotech Ltd (Israel),32.9058136,35.194291,1.0,1.0,"<table border=""1"" class=""dataframe"">
  <thead>
    <tr style=""text-align: left;"">
      <th>ISRCTN link</th>
      <th>Title</th>
      <th>Condition category</th>
      <th>Age group</th>
      <th>Target number of participants</th>
    </tr>
  </thead>
  <tbody>
    <tr>
      <td><a href='https://www.isrctn.com/ISRCTN55429664' target='_blank'><div>ISRCTN55429664</div></a></td>
      <td>A phase III, multinational, randomised, double-blind, placebo-controlled, p...</td>
      <td>Nutritional, Metabolic, Endocrine</td>
      <td>Adult</td>
      <td>400</td>
    </tr>
  </tbody>
</table>"
797,636001.2014712468,6592018.334898395,European Group for Bone Marrow Transplantation,50.8342027,5.713296,1.0,1.0,"<table border=""1"" class=""dataframe"">
  <thead>
    <tr style=""text-align: left;"">
      <th>ISRCTN link</th>
      <th>Title</th>
      <th>Condition category</th>
      <th>Age group</th>
      <th>Target number of participants</th>
    </tr>
  </thead>
  <tbody>
    <tr>
      <td><a href='https://www.isrctn.com/ISRCTN54371254' target='_blank'><div>ISRCTN54371254</div></a></td>
      <td>Autologous Stem cell Transplantation International Scleroderma (ASTIS) tria...</td>
      <td>Musculoskeletal Diseases</td>
      <td>Adult</td>
      <td>156</td>
    </tr>
  </tbody>
</table>"
799,-372133.63271187764,7543236.367816607,Scottish Executive Chief Scientist Office,55.9236744,-3.3429333,1.0,1.0,"<table border=""1"" class=""dataframe"">
  <thead>
    <tr style=""text-align: left;"">
      <th>ISRCTN link</th>
      <th>Title</th>
      <th>Condition category</th>
      <th>Age group</th>
      <th>Target number of participants</th>
    </tr>
  </thead>
  <tbody>
    <tr>
      <td><a href='https://www.isrctn.com/ISRCTN12026431' target='_blank'><div>ISRCTN12026431</div></a></td>
      <td>Clinical evaluation of the effects of paediatric dental general anaesthesia...</td>
      <td>Oral Health</td>
      <td>Child</td>
      <td>200</td>
    </tr>
  </tbody>
</table>"
800,-9720.863214031822,6714231.788080978,British Egg Information Service,51.5224341,-0.087324,1.0,1.0,"<table border=""1"" class=""dataframe"">
  <thead>
    <tr style=""text-align: left;"">
      <th>ISRCTN link</th>
      <th>Title</th>
      <th>Condition category</th>
      <th>Age group</th>
      <th>Target number of participants</th>
    </tr>
  </thead>
  <tbody>
    <tr>
      <td><a href='https://www.isrctn.com/ISRCTN31221145' target='_blank'><div>ISRCTN31221145</div></a></td>
      <td>Effects of increased egg consumption as part of a weight-reducing diet on b...</td>
      <td>Nutritional, Metabolic, Endocrine</td>
      <td>Adult</td>
      <td>50</td>
    </tr>
  </tbody>
</table>"
801,259425.85428502303,6244127.837281824,Pfizer Inc. (USA),48.818543,2.3304621,1.0,1.0,"<table border=""1"" class=""dataframe"">
  <thead>
    <tr style=""text-align: left;"">
      <th>ISRCTN link</th>
      <th>Title</th>
      <th>Condition category</th>
      <th>Age group</th>
      <th>Target number of participants</th>
    </tr>
  </thead>
  <tbody>
    <tr>
      <td><a href='https://www.isrctn.com/ISRCTN18044132' target='_blank'><div>ISRCTN18044132</div></a></td>
      <td>A randomized double blind placebo controlled study to evaluate the modulati...</td>
      <td>Nervous System Diseases</td>
      <td>Adult</td>
      <td>100</td>
    </tr>
  </tbody>
</table>"
802,-296492.4505999642,7055873.961370484,Greenpark Healthcare Trust,53.392187,-2.663437,1.0,1.0,"<table border=""1"" class=""dataframe"">
  <thead>
    <tr style=""text-align: left;"">
      <th>ISRCTN link</th>
      <th>Title</th>
      <th>Condition category</th>
      <th>Age group</th>
      <th>Target number of participants</th>
    </tr>
  </thead>
  <tbody>
    <tr>
      <td><a href='https://www.isrctn.com/ISRCTN66814619' target='_blank'><div>ISRCTN66814619</div></a></td>
      <td>Steroid induced osteopaenia: prophylaxis and treatment in paediatric rheuma...</td>
      <td>Musculoskeletal Diseases</td>
      <td>Child</td>
      <td>300</td>
    </tr>
  </tbody>
</table>"
804,-357136.5373288189,7548974.243580259,The Peel Trust Fund,55.9525437,-3.2082121,1.0,1.0,"<table border=""1"" class=""dataframe"">
  <thead>
    <tr style=""text-align: left;"">
      <th>ISRCTN link</th>
      <th>Title</th>
      <th>Condition category</th>
      <th>Age group</th>
      <th>Target number of participants</th>
    </tr>
  </thead>
  <tbody>
    <tr>
      <td><a href='https://www.isrctn.com/ISRCTN80334919' target='_blank'><div>ISRCTN80334919</div></a></td>
      <td>Double Blind Randomised Placebo Controlled Trial of Oral Co-trimoxazole in ...</td>
      <td>Circulatory System</td>
      <td>Adult</td>
      <td>20</td>
    </tr>
  </tbody>
</table>"
807,-8896461.010159861,5351653.685709461,McMaster University Faculty of Health Sciences (Canada),43.260151,-79.918269,1.0,1.0,"<table border=""1"" class=""dataframe"">
  <thead>
    <tr style=""text-align: left;"">
      <th>ISRCTN link</th>
      <th>Title</th>
      <th>Condition category</th>
      <th>Age group</th>
      <th>Target number of participants</th>
    </tr>
  </thead>
  <tbody>
    <tr>
      <td><a href='https://www.isrctn.com/ISRCTN44364365' target='_blank'><div>ISRCTN44364365</div></a></td>
      <td>Efficacy and safety of methylxanthines in very low birthweight infants</td>
      <td>Neonatal Diseases</td>
      <td>Neonate</td>
      <td>2006</td>
    </tr>
  </tbody>
</table>"
808,-9769.643414897435,6715011.588346748,Individual Sponsor,51.5267925,-0.0877622,1.0,1.0,"<table border=""1"" class=""dataframe"">
  <thead>
    <tr style=""text-align: left;"">
      <th>ISRCTN link</th>
      <th>Title</th>
      <th>Condition category</th>
      <th>Age group</th>
      <th>Target number of participants</th>
    </tr>
  </thead>
  <tbody>
    <tr>
      <td><a href='https://www.isrctn.com/ISRCTN71762042' target='_blank'><div>ISRCTN71762042</div></a></td>
      <td>Scottish Unexplained Infertility Trial: a randomised trial of clomiphene ve...</td>
      <td>Pregnancy and Childbirth</td>
      <td>Adult</td>
      <td>570</td>
    </tr>
  </tbody>
</table>"
809,-21567.783986877137,6765386.830097542,Roche Products Limited,51.80746269999999,-0.1937467,3.0,7.826061944859854,"<table border=""1"" class=""dataframe"">
  <thead>
    <tr style=""text-align: left;"">
      <th>ISRCTN link</th>
      <th>Title</th>
      <th>Condition category</th>
      <th>Age group</th>
      <th>Target number of participants</th>
    </tr>
  </thead>
  <tbody>
    <tr>
      <td><a href='https://www.isrctn.com/ISRCTN79315974' target='_blank'><div>ISRCTN79315974</div></a></td>
      <td>Randomised, open-label, multi-centre study designed to reflect routine clin...</td>
      <td>Musculoskeletal Diseases</td>
      <td>Adult</td>
      <td>1000</td>
    </tr>
    <tr>
      <td><a href='https://www.isrctn.com/ISRCTN82811952' target='_blank'><div>ISRCTN82811952</div></a></td>
      <td>HERA: A randomised three-arm multi-centre comparison of 1 year and 2-years ...</td>
      <td>Cancer</td>
      <td>Adult</td>
      <td>3192</td>
    </tr>
    <tr>
      <td><a href='https://www.isrctn.com/ISRCTN13456221' target='_blank'><div>ISRCTN13456221</div></a></td>
      <td>A Randomised Study of Observation versus Adjuvant Low Dose Extended Duratio...</td>
      <td>Cancer</td>
      <td>Not Specified</td>
      <td>974</td>
    </tr>
  </tbody>
</table>"
811,-37952.74398945196,6696557.658537626,Laboratory of the Government Chemist (LGC) on behalf of the UK Department of Health,51.42353929999999,-0.3409353,1.0,1.0,"<table border=""1"" class=""dataframe"">
  <thead>
    <tr style=""text-align: left;"">
      <th>ISRCTN link</th>
      <th>Title</th>
      <th>Condition category</th>
      <th>Age group</th>
      <th>Target number of participants</th>
    </tr>
  </thead>
  <tbody>
    <tr>
      <td><a href='https://www.isrctn.com/ISRCTN30748308' target='_blank'><div>ISRCTN30748308</div></a></td>
      <td>A prospective randomised controlled trial of thiopurine methyltransferase (...</td>
      <td>Not Applicable</td>
      <td>Adult</td>
      <td>1000</td>
    </tr>
  </tbody>
</table>"
812,-643340.3396519602,7278525.547983321,TG Eakin Limited,54.5682834,-5.7792246,1.0,1.0,"<table border=""1"" class=""dataframe"">
  <thead>
    <tr style=""text-align: left;"">
      <th>ISRCTN link</th>
      <th>Title</th>
      <th>Condition category</th>
      <th>Age group</th>
      <th>Target number of participants</th>
    </tr>
  </thead>
  <tbody>
    <tr>
      <td><a href='https://www.isrctn.com/ISRCTN60271166' target='_blank'><div>ISRCTN60271166</div></a></td>
      <td>A preliminary single-centre, randomised, comparative study of the Eakin wou...</td>
      <td>Skin and Connective Tissue Diseases</td>
      <td>Adult</td>
      <td>40</td>
    </tr>
  </tbody>
</table>"
815,-39711.013082633566,6590992.67541023,Acorus Therapeutics Ltd,50.8283833,-0.3567301,1.0,1.0,"<table border=""1"" class=""dataframe"">
  <thead>
    <tr style=""text-align: left;"">
      <th>ISRCTN link</th>
      <th>Title</th>
      <th>Condition category</th>
      <th>Age group</th>
      <th>Target number of participants</th>
    </tr>
  </thead>
  <tbody>
    <tr>
      <td><a href='https://www.isrctn.com/ISRCTN38568489' target='_blank'><div>ISRCTN38568489</div></a></td>
      <td>Gentamicin hydrocortisone formulations in Otitis Externa Study (GOES)</td>
      <td>Ear, Nose and Throat</td>
      <td>Adult</td>
      <td>150</td>
    </tr>
  </tbody>
</table>"
816,-24426.34605900853,6708155.413437701,West London Research Network (WeLReN),51.4884582,-0.2194256,1.0,1.0,"<table border=""1"" class=""dataframe"">
  <thead>
    <tr style=""text-align: left;"">
      <th>ISRCTN link</th>
      <th>Title</th>
      <th>Condition category</th>
      <th>Age group</th>
      <th>Target number of participants</th>
    </tr>
  </thead>
  <tbody>
    <tr>
      <td><a href='https://www.isrctn.com/ISRCTN78675673' target='_blank'><div>ISRCTN78675673</div></a></td>
      <td>Laser versus conventional treatment for active acne in primary care</td>
      <td>Skin and Connective Tissue Diseases</td>
      <td>Adult</td>
      <td>40</td>
    </tr>
  </tbody>
</table>"
818,-235426.74129973,6947148.624602982,Cannock Chase Primary Care Trust,52.8057564,-2.1148744,1.0,1.0,"<table border=""1"" class=""dataframe"">
  <thead>
    <tr style=""text-align: left;"">
      <th>ISRCTN link</th>
      <th>Title</th>
      <th>Condition category</th>
      <th>Age group</th>
      <th>Target number of participants</th>
    </tr>
  </thead>
  <tbody>
    <tr>
      <td><a href='https://www.isrctn.com/ISRCTN97845378' target='_blank'><div>ISRCTN97845378</div></a></td>
      <td>A randomised controlled trial to determine the efficacy of two different co...</td>
      <td>Musculoskeletal Diseases</td>
      <td>Not Specified</td>
      <td>0</td>
    </tr>
  </tbody>
</table>"
824,-3064.569921793425,6688993.114235685,South London and Maudsley NHS Foundation Trust,51.3811467,-0.0275295,1.0,1.0,"<table border=""1"" class=""dataframe"">
  <thead>
    <tr style=""text-align: left;"">
      <th>ISRCTN link</th>
      <th>Title</th>
      <th>Condition category</th>
      <th>Age group</th>
      <th>Target number of participants</th>
    </tr>
  </thead>
  <tbody>
    <tr>
      <td><a href='https://www.isrctn.com/ISRCTN16387615' target='_blank'><div>ISRCTN16387615</div></a></td>
      <td>Lithium versus quetiapine in treatment resistant depression</td>
      <td>Mental and Behavioural Disorders</td>
      <td>Adult</td>
      <td>276</td>
    </tr>
  </tbody>
</table>"
825,-53714.18126019551,6729363.189671265,Harefield Hospital,51.60693089999999,-0.4825227,1.0,1.0,"<table border=""1"" class=""dataframe"">
  <thead>
    <tr style=""text-align: left;"">
      <th>ISRCTN link</th>
      <th>Title</th>
      <th>Condition category</th>
      <th>Age group</th>
      <th>Target number of participants</th>
    </tr>
  </thead>
  <tbody>
    <tr>
      <td><a href='https://www.isrctn.com/ISRCTN14478115' target='_blank'><div>ISRCTN14478115</div></a></td>
      <td>Prospective blinded randomised placebo controlled trial investigating wheth...</td>
      <td>Surgery</td>
      <td>Not Specified</td>
      <td>0</td>
    </tr>
  </tbody>
</table>"
826,149332.42523139744,6672470.797423728,Pharmacia Ltd and Upjohn,51.288417,1.341476,4.0,9.613531161467861,"<table border=""1"" class=""dataframe"">
  <thead>
    <tr style=""text-align: left;"">
      <th>ISRCTN link</th>
      <th>Title</th>
      <th>Condition category</th>
      <th>Age group</th>
      <th>Target number of participants</th>
    </tr>
  </thead>
  <tbody>
    <tr>
      <td><a href='https://www.isrctn.com/ISRCTN71625775' target='_blank'><div>ISRCTN71625775</div></a></td>
      <td>Phase III Randomised Study of High Dose Methotrexate and 5-Fluouracil Combi...</td>
      <td>Cancer</td>
      <td>Not Specified</td>
      <td>0</td>
    </tr>
    <tr>
      <td><a href='https://www.isrctn.com/ISRCTN69546136' target='_blank'><div>ISRCTN69546136</div></a></td>
      <td>Randomised phase II study of sequentially high dose Methotrexate and Fluoro...</td>
      <td>Cancer</td>
      <td>Adult</td>
      <td>0</td>
    </tr>
    <tr>
      <td><a href='https://www.isrctn.com/ISRCTN98335268' target='_blank'><div>ISRCTN98335268</div></a></td>
      <td>An adjuvant randomised study comparing standard dose FE[50]C with a higher ...</td>
      <td>Cancer</td>
      <td>Adult</td>
      <td>0</td>
    </tr>
    <tr>
      <td><a href='https://www.isrctn.com/ISRCTN11883920' target='_blank'><div>ISRCTN11883920</div></a></td>
      <td>A randomised double-blind trial in post-menopausal women with primary breas...</td>
      <td>Cancer</td>
      <td>Adult</td>
      <td>4724</td>
    </tr>
  </tbody>
</table>"
827,-179743.3071154524,7366888.785842236,Leukaemia Research Fund,55.0258711,-1.6146616,2.0,5.306765580733931,"<table border=""1"" class=""dataframe"">
  <thead>
    <tr style=""text-align: left;"">
      <th>ISRCTN link</th>
      <th>Title</th>
      <th>Condition category</th>
      <th>Age group</th>
      <th>Target number of participants</th>
    </tr>
  </thead>
  <tbody>
    <tr>
      <td><a href='https://www.isrctn.com/ISRCTN99811594' target='_blank'><div>ISRCTN99811594</div></a></td>
      <td>The role of FluoroDeoxyGlucose-Positron Emission Tomography imaging in clin...</td>
      <td>Cancer</td>
      <td>Adult</td>
      <td>400</td>
    </tr>
    <tr>
      <td><a href='https://www.isrctn.com/ISRCTN62207270' target='_blank'><div>ISRCTN62207270</div></a></td>
      <td>Intensive compared with nonintensive chemotherapy in treating older patient...</td>
      <td>Cancer</td>
      <td>Senior</td>
      <td>217</td>
    </tr>
  </tbody>
</table>"
828,-10389.49260353254,6691453.909549779,Herba Naturelle Ltd,51.3949416,-0.0933304,1.0,1.0,"<table border=""1"" class=""dataframe"">
  <thead>
    <tr style=""text-align: left;"">
      <th>ISRCTN link</th>
      <th>Title</th>
      <th>Condition category</th>
      <th>Age group</th>
      <th>Target number of participants</th>
    </tr>
  </thead>
  <tbody>
    <tr>
      <td><a href='https://www.isrctn.com/ISRCTN28536368' target='_blank'><div>ISRCTN28536368</div></a></td>
      <td>Derma Cal Plus, herbal skin cream for children aged between 2 months to 5 y...</td>
      <td>Skin and Connective Tissue Diseases</td>
      <td>Child</td>
      <td>0</td>
    </tr>
  </tbody>
</table>"
831,250088.2974736397,6256417.944857134,Biogen Idec,48.8911853,2.2465814,1.0,1.0,"<table border=""1"" class=""dataframe"">
  <thead>
    <tr style=""text-align: left;"">
      <th>ISRCTN link</th>
      <th>Title</th>
      <th>Condition category</th>
      <th>Age group</th>
      <th>Target number of participants</th>
    </tr>
  </thead>
  <tbody>
    <tr>
      <td><a href='https://www.isrctn.com/ISRCTN68218781' target='_blank'><div>ISRCTN68218781</div></a></td>
      <td>A Multi-center, Double Blind, Randomized, Placebo Controlled, Parallel Grou...</td>
      <td>Nervous System Diseases</td>
      <td>Adult</td>
      <td>400</td>
    </tr>
  </tbody>
</table>"
833,-8838044.092483306,5413099.454247915,University of Toronto Faculty of Medicine Research Office (Canada),43.66080050000001,-79.39350089999999,1.0,1.0,"<table border=""1"" class=""dataframe"">
  <thead>
    <tr style=""text-align: left;"">
      <th>ISRCTN link</th>
      <th>Title</th>
      <th>Condition category</th>
      <th>Age group</th>
      <th>Target number of participants</th>
    </tr>
  </thead>
  <tbody>
    <tr>
      <td><a href='https://www.isrctn.com/ISRCTN72654148' target='_blank'><div>ISRCTN72654148</div></a></td>
      <td>MACS: Multiple Courses of Antenatal Corticosteroids for Preterm Birth Study</td>
      <td>Pregnancy and Childbirth</td>
      <td>Adult</td>
      <td>1900</td>
    </tr>
  </tbody>
</table>"
834,-36524.615110115985,6634006.366566513,Action Medical Research,51.0718125,-0.3281062,2.0,5.306765580733931,"<table border=""1"" class=""dataframe"">
  <thead>
    <tr style=""text-align: left;"">
      <th>ISRCTN link</th>
      <th>Title</th>
      <th>Condition category</th>
      <th>Age group</th>
      <th>Target number of participants</th>
    </tr>
  </thead>
  <tbody>
    <tr>
      <td><a href='https://www.isrctn.com/ISRCTN48374927' target='_blank'><div>ISRCTN48374927</div></a></td>
      <td>The role of glutamate in the development of phantom limb pain</td>
      <td>Signs and Symptoms</td>
      <td>Not Specified</td>
      <td>53</td>
    </tr>
    <tr>
      <td><a href='https://www.isrctn.com/ISRCTN46614711' target='_blank'><div>ISRCTN46614711</div></a></td>
      <td>Trial of the effects of antenatal multiple courses of steroids versus a sin...</td>
      <td>Pregnancy and Childbirth</td>
      <td>Adult</td>
      <td>600</td>
    </tr>
  </tbody>
</table>"
836,-441664.86646041705,7582691.153308775,Laxdale Ltd,56.1217512,-3.967543,3.0,7.826061944859854,"<table border=""1"" class=""dataframe"">
  <thead>
    <tr style=""text-align: left;"">
      <th>ISRCTN link</th>
      <th>Title</th>
      <th>Condition category</th>
      <th>Age group</th>
      <th>Target number of participants</th>
    </tr>
  </thead>
  <tbody>
    <tr>
      <td><a href='https://www.isrctn.com/ISRCTN38354847' target='_blank'><div>ISRCTN38354847</div></a></td>
      <td>A multicentre, double-blind, randomised, parallel group, placebo-controlled...</td>
      <td>Mental and Behavioural Disorders</td>
      <td>Adult</td>
      <td>0</td>
    </tr>
    <tr>
      <td><a href='https://www.isrctn.com/ISRCTN44366049' target='_blank'><div>ISRCTN44366049</div></a></td>
      <td>A multicentre, double-blind, randomised, parallel group, placebo-controlled...</td>
      <td>Mental and Behavioural Disorders</td>
      <td>Adult</td>
      <td>0</td>
    </tr>
    <tr>
      <td><a href='https://www.isrctn.com/ISRCTN44218911' target='_blank'><div>ISRCTN44218911</div></a></td>
      <td>A multicentre, double-blind, randomised, parallel group, placebo-controlled...</td>
      <td>Mental and Behavioural Disorders</td>
      <td>Adult</td>
      <td>0</td>
    </tr>
  </tbody>
</table>"
837,-16903.853545009515,6713186.428192435,The Sir Jules Thorn Charitable Trust,51.5165908,-0.1518499,1.0,1.0,"<table border=""1"" class=""dataframe"">
  <thead>
    <tr style=""text-align: left;"">
      <th>ISRCTN link</th>
      <th>Title</th>
      <th>Condition category</th>
      <th>Age group</th>
      <th>Target number of participants</th>
    </tr>
  </thead>
  <tbody>
    <tr>
      <td><a href='https://www.isrctn.com/ISRCTN82912246' target='_blank'><div>ISRCTN82912246</div></a></td>
      <td>Is melatonin a natural sleep promoter and antidepressant?</td>
      <td>Mental and Behavioural Disorders</td>
      <td>Adult</td>
      <td>72</td>
    </tr>
  </tbody>
</table>"
839,-8879571.750600096,5370771.723865677,Boehringer Ingelheim (Canada) Ltd,43.3850923,-79.76655020000001,2.0,5.306765580733931,"<table border=""1"" class=""dataframe"">
  <thead>
    <tr style=""text-align: left;"">
      <th>ISRCTN link</th>
      <th>Title</th>
      <th>Condition category</th>
      <th>Age group</th>
      <th>Target number of participants</th>
    </tr>
  </thead>
  <tbody>
    <tr>
      <td><a href='https://www.isrctn.com/ISRCTN75807641' target='_blank'><div>ISRCTN75807641</div></a></td>
      <td>Telmisartan randomised assessment study in ACE intolerant subjects with car...</td>
      <td>Circulatory System</td>
      <td>Adult</td>
      <td>6000</td>
    </tr>
    <tr>
      <td><a href='https://www.isrctn.com/ISRCTN16228603' target='_blank'><div>ISRCTN16228603</div></a></td>
      <td>Ongoing telmisartan alone or in combination with ramipril global endpoint t...</td>
      <td>Circulatory System</td>
      <td>Adult</td>
      <td>31546</td>
    </tr>
  </tbody>
</table>"
842,-21288.77281515288,6709377.642624792,Anglo Celtic Cooperative Oncology Group,51.4952943,-0.1912403,1.0,1.0,"<table border=""1"" class=""dataframe"">
  <thead>
    <tr style=""text-align: left;"">
      <th>ISRCTN link</th>
      <th>Title</th>
      <th>Condition category</th>
      <th>Age group</th>
      <th>Target number of participants</th>
    </tr>
  </thead>
  <tbody>
    <tr>
      <td><a href='https://www.isrctn.com/ISRCTN52817670' target='_blank'><div>ISRCTN52817670</div></a></td>
      <td>A randomised two-arm, prospective, multi-centre, open-label phase III trial...</td>
      <td>Cancer</td>
      <td>Adult</td>
      <td>600</td>
    </tr>
  </tbody>
</table>"
843,12705908.528749214,2545456.9925798643,Hong Kong Health Services Research Fund (Hong Kong),22.2823362,114.1391183,1.0,1.0,"<table border=""1"" class=""dataframe"">
  <thead>
    <tr style=""text-align: left;"">
      <th>ISRCTN link</th>
      <th>Title</th>
      <th>Condition category</th>
      <th>Age group</th>
      <th>Target number of participants</th>
    </tr>
  </thead>
  <tbody>
    <tr>
      <td><a href='https://www.isrctn.com/ISRCTN33848563' target='_blank'><div>ISRCTN33848563</div></a></td>
      <td>Eradication of Helicobacter pylori and recurrence of bleeding peptic ulcers</td>
      <td>Digestive System</td>
      <td>Adult</td>
      <td>0</td>
    </tr>
  </tbody>
</table>"
844,-9556.37753443568,6711274.274549564,London Lung Cancer Group,51.50590039999999,-0.08584639999999999,1.0,1.0,"<table border=""1"" class=""dataframe"">
  <thead>
    <tr style=""text-align: left;"">
      <th>ISRCTN link</th>
      <th>Title</th>
      <th>Condition category</th>
      <th>Age group</th>
      <th>Target number of participants</th>
    </tr>
  </thead>
  <tbody>
    <tr>
      <td><a href='https://www.isrctn.com/ISRCTN52253218' target='_blank'><div>ISRCTN52253218</div></a></td>
      <td>A Phase III randomised comparison of Gemcitabine/Carboplatin with Mitomycin...</td>
      <td>Cancer</td>
      <td>Adult</td>
      <td>0</td>
    </tr>
  </tbody>
</table>"
845,126791.86474227422,6274860.257156833,Glaxo Wellcome,48.9999933,1.1389907,3.0,7.826061944859854,"<table border=""1"" class=""dataframe"">
  <thead>
    <tr style=""text-align: left;"">
      <th>ISRCTN link</th>
      <th>Title</th>
      <th>Condition category</th>
      <th>Age group</th>
      <th>Target number of participants</th>
    </tr>
  </thead>
  <tbody>
    <tr>
      <td><a href='https://www.isrctn.com/ISRCTN14545665' target='_blank'><div>ISRCTN14545665</div></a></td>
      <td>A Randomised Double-Blind Multicentre Placebo-Controlled Study to Investiga...</td>
      <td>Cancer</td>
      <td>Adult</td>
      <td>0</td>
    </tr>
    <tr>
      <td><a href='https://www.isrctn.com/ISRCTN18439984' target='_blank'><div>ISRCTN18439984</div></a></td>
      <td>A Prospective Randomised Multicentre Phase III Clinical Trial Comparing the...</td>
      <td>Cancer</td>
      <td>Not Specified</td>
      <td>0</td>
    </tr>
    <tr>
      <td><a href='https://www.isrctn.com/ISRCTN41155448' target='_blank'><div>ISRCTN41155448</div></a></td>
      <td>A Randomised, Double Blind, Placebo Controlled Study to Assess the Effects ...</td>
      <td>Cancer</td>
      <td>Adult</td>
      <td>0</td>
    </tr>
  </tbody>
</table>"
846,-90408.10218385897,6717319.292563356,Leo Pharmaceuticals,51.5396881,-0.8121497999999999,1.0,1.0,"<table border=""1"" class=""dataframe"">
  <thead>
    <tr style=""text-align: left;"">
      <th>ISRCTN link</th>
      <th>Title</th>
      <th>Condition category</th>
      <th>Age group</th>
      <th>Target number of participants</th>
    </tr>
  </thead>
  <tbody>
    <tr>
      <td><a href='https://www.isrctn.com/ISRCTN59482963' target='_blank'><div>ISRCTN59482963</div></a></td>
      <td>To compare intravenous treosulphan with intravenous treosulphan plus cispla...</td>
      <td>Cancer</td>
      <td>Adult</td>
      <td>0</td>
    </tr>
  </tbody>
</table>"
847,-480130.8489621714,7534914.108435782,Scottish Cancer Therapy Network,55.8817639,-4.3130888,5.0,11.0,"<table border=""1"" class=""dataframe"">
  <thead>
    <tr style=""text-align: left;"">
      <th>ISRCTN link</th>
      <th>Title</th>
      <th>Condition category</th>
      <th>Age group</th>
      <th>Target number of participants</th>
    </tr>
  </thead>
  <tbody>
    <tr>
      <td><a href='https://www.isrctn.com/ISRCTN15113276' target='_blank'><div>ISRCTN15113276</div></a></td>
      <td>A Randomised Trial of Adriamycin and Taxotere vs. Adriamycin and Cyclophosp...</td>
      <td>Cancer</td>
      <td>Adult</td>
      <td>363</td>
    </tr>
    <tr>
      <td><a href='https://www.isrctn.com/ISRCTN47734678' target='_blank'><div>ISRCTN47734678</div></a></td>
      <td>BASO II: a randomised trial for the management of small well-differentiated...</td>
      <td>Cancer</td>
      <td>Adult</td>
      <td>0</td>
    </tr>
    <tr>
      <td><a href='https://www.isrctn.com/ISRCTN51555498' target='_blank'><div>ISRCTN51555498</div></a></td>
      <td>Scottish Post Menopausal Chemo-Endocrine Trial</td>
      <td>Cancer</td>
      <td>Adult</td>
      <td>0</td>
    </tr>
    <tr>
      <td><a href='https://www.isrctn.com/ISRCTN95231655' target='_blank'><div>ISRCTN95231655</div></a></td>
      <td>Scottish Pre-Menopausal Chemo-Endocrine Trial</td>
      <td>Cancer</td>
      <td>Adult</td>
      <td>1000</td>
    </tr>
    <tr>
      <td><a href='https://www.isrctn.com/ISRCTN43697410' target='_blank'><div>ISRCTN43697410</div></a></td>
      <td>Scottish Chemo-Endocrine Trial D</td>
      <td>Cancer</td>
      <td>Adult</td>
      <td>2000</td>
    </tr>
  </tbody>
</table>"
848,-121145.20583568358,6594207.220322985,Pall Biomedical Ltd,50.8466196,-1.0882659,1.0,1.0,"<table border=""1"" class=""dataframe"">
  <thead>
    <tr style=""text-align: left;"">
      <th>ISRCTN link</th>
      <th>Title</th>
      <th>Condition category</th>
      <th>Age group</th>
      <th>Target number of participants</th>
    </tr>
  </thead>
  <tbody>
    <tr>
      <td><a href='https://www.isrctn.com/ISRCTN43344383' target='_blank'><div>ISRCTN43344383</div></a></td>
      <td>A Study of the Prevention of Alloimmunisation using Leukocyte-Depleted Red ...</td>
      <td>Cancer</td>
      <td>Not Specified</td>
      <td>0</td>
    </tr>
  </tbody>
</table>"
849,-330419.4142604701,7059200.534973242,North West Cancer Research Fund,53.4100036,-2.9682081,1.0,1.0,"<table border=""1"" class=""dataframe"">
  <thead>
    <tr style=""text-align: left;"">
      <th>ISRCTN link</th>
      <th>Title</th>
      <th>Condition category</th>
      <th>Age group</th>
      <th>Target number of participants</th>
    </tr>
  </thead>
  <tbody>
    <tr>
      <td><a href='https://www.isrctn.com/ISRCTN76747656' target='_blank'><div>ISRCTN76747656</div></a></td>
      <td>A phase II randomised study of cisplatinum and nifedipine in end stage carc...</td>
      <td>Cancer</td>
      <td>Adult</td>
      <td>0</td>
    </tr>
  </tbody>
</table>"
851,-12447.211126948045,6708118.674843829,Colon Cancer Concern,51.4882527,-0.1118152,1.0,1.0,"<table border=""1"" class=""dataframe"">
  <thead>
    <tr style=""text-align: left;"">
      <th>ISRCTN link</th>
      <th>Title</th>
      <th>Condition category</th>
      <th>Age group</th>
      <th>Target number of participants</th>
    </tr>
  </thead>
  <tbody>
    <tr>
      <td><a href='https://www.isrctn.com/ISRCTN83441783' target='_blank'><div>ISRCTN83441783</div></a></td>
      <td>UK Hepatic Artery Pump Trial Two: Continuous Hepatic-Artery Infusion for Pa...</td>
      <td>Cancer</td>
      <td>Adult</td>
      <td>0</td>
    </tr>
  </tbody>
</table>"
852,-661931.9302607847,7280897.49290045,Action Cancer Belfast,54.5806342,-5.9462357,1.0,1.0,"<table border=""1"" class=""dataframe"">
  <thead>
    <tr style=""text-align: left;"">
      <th>ISRCTN link</th>
      <th>Title</th>
      <th>Condition category</th>
      <th>Age group</th>
      <th>Target number of participants</th>
    </tr>
  </thead>
  <tbody>
    <tr>
      <td><a href='https://www.isrctn.com/ISRCTN92329652' target='_blank'><div>ISRCTN92329652</div></a></td>
      <td>Multicentre Cancer Chemotherapy Group Randomised Trial of Adjuvant Chemothe...</td>
      <td>Cancer</td>
      <td>Adult</td>
      <td>0</td>
    </tr>
  </tbody>
</table>"
853,-15267.134203825091,6714799.651487673,Lymphoma Research Trust,51.525608,-0.137147,1.0,1.0,"<table border=""1"" class=""dataframe"">
  <thead>
    <tr style=""text-align: left;"">
      <th>ISRCTN link</th>
      <th>Title</th>
      <th>Condition category</th>
      <th>Age group</th>
      <th>Target number of participants</th>
    </tr>
  </thead>
  <tbody>
    <tr>
      <td><a href='https://www.isrctn.com/ISRCTN98741793' target='_blank'><div>ISRCTN98741793</div></a></td>
      <td>CHOP versus PMItCEBO with/without G-CSF in patients aged sixty years plus w...</td>
      <td>Cancer</td>
      <td>Senior</td>
      <td>880</td>
    </tr>
  </tbody>
</table>"
855,970234.7888406139,6591494.3679086575,Aventis Behring LLC (USA),50.8312299,8.715767399999999,1.0,1.0,"<table border=""1"" class=""dataframe"">
  <thead>
    <tr style=""text-align: left;"">
      <th>ISRCTN link</th>
      <th>Title</th>
      <th>Condition category</th>
      <th>Age group</th>
      <th>Target number of participants</th>
    </tr>
  </thead>
  <tbody>
    <tr>
      <td><a href='https://www.isrctn.com/ISRCTN22931023' target='_blank'><div>ISRCTN22931023</div></a></td>
      <td>The KyberSept trial</td>
      <td>Infections and Infestations</td>
      <td>Adult</td>
      <td>2314</td>
    </tr>
  </tbody>
</table>"
856,-7915.895594462446,6713384.798861546,NFA Health Centre for Homeless People,51.51769969999999,-0.0711097,1.0,1.0,"<table border=""1"" class=""dataframe"">
  <thead>
    <tr style=""text-align: left;"">
      <th>ISRCTN link</th>
      <th>Title</th>
      <th>Condition category</th>
      <th>Age group</th>
      <th>Target number of participants</th>
    </tr>
  </thead>
  <tbody>
    <tr>
      <td><a href='https://www.isrctn.com/ISRCTN07752728' target='_blank'><div>ISRCTN07752728</div></a></td>
      <td>The Leeds Evaluation of Efficacy of Detoxification Study (LEEDS project): a...</td>
      <td>Mental and Behavioural Disorders</td>
      <td>Adult</td>
      <td>120</td>
    </tr>
  </tbody>
</table>"
858,-129608.10314400602,4569643.772265448,Fundación para la Formación e Investigación Sanitarias de la Región de Murcia,37.930722,-1.1642894,3.0,7.826061944859854,"<table border=""1"" class=""dataframe"">
  <thead>
    <tr style=""text-align: left;"">
      <th>ISRCTN link</th>
      <th>Title</th>
      <th>Condition category</th>
      <th>Age group</th>
      <th>Target number of participants</th>
    </tr>
  </thead>
  <tbody>
    <tr>
      <td><a href='https://www.isrctn.com/ISRCTN16123934' target='_blank'><div>ISRCTN16123934</div></a></td>
      <td>Randomised controlled trial with pravastatin versus placebo for prevention ...</td>
      <td>Pregnancy and Childbirth</td>
      <td>Adult</td>
      <td>1120</td>
    </tr>
    <tr>
      <td><a href='https://www.isrctn.com/ISRCTN66445401' target='_blank'><div>ISRCTN66445401</div></a></td>
      <td>Prevention of preterm birth in twin pregnancies - “Randomised trial of prog...</td>
      <td>Pregnancy and Childbirth</td>
      <td>Adult</td>
      <td>1180</td>
    </tr>
    <tr>
      <td><a href='https://www.isrctn.com/ISRCTN17787139' target='_blank'><div>ISRCTN17787139</div></a></td>
      <td>Randomised trial of pravastatin versus placebo for the prevention of high b...</td>
      <td>Pregnancy and Childbirth</td>
      <td>Adult</td>
      <td>1684</td>
    </tr>
  </tbody>
</table>"
862,-14794.249006935264,6710120.248742198,CONRAD (USA),51.4994473,-0.132899,1.0,1.0,"<table border=""1"" class=""dataframe"">
  <thead>
    <tr style=""text-align: left;"">
      <th>ISRCTN link</th>
      <th>Title</th>
      <th>Condition category</th>
      <th>Age group</th>
      <th>Target number of participants</th>
    </tr>
  </thead>
  <tbody>
    <tr>
      <td><a href='https://www.isrctn.com/ISRCTN07760234' target='_blank'><div>ISRCTN07760234</div></a></td>
      <td>Sperm suppression and contraceptive protection provided by norethisterone e...</td>
      <td>Pregnancy and Childbirth</td>
      <td>Adult</td>
      <td>400</td>
    </tr>
  </tbody>
</table>"
866,241381.77745971616,6255902.210017566,The Medicines Company,48.8881391,2.1683694,1.0,1.0,"<table border=""1"" class=""dataframe"">
  <thead>
    <tr style=""text-align: left;"">
      <th>ISRCTN link</th>
      <th>Title</th>
      <th>Condition category</th>
      <th>Age group</th>
      <th>Target number of participants</th>
    </tr>
  </thead>
  <tbody>
    <tr>
      <td><a href='https://www.isrctn.com/ISRCTN88876914' target='_blank'><div>ISRCTN88876914</div></a></td>
      <td>A double-blind randomized placebo-controlled trial assessing the effects of...</td>
      <td>Circulatory System</td>
      <td>Senior</td>
      <td>15000</td>
    </tr>
  </tbody>
</table>"
878,-9787.4322695262,6710885.581136031,King's College Health Partners Clinical Trials Office; Nottingham University Hospitals NHS Trust,51.503727,-0.087922,1.0,1.0,"<table border=""1"" class=""dataframe"">
  <thead>
    <tr style=""text-align: left;"">
      <th>ISRCTN link</th>
      <th>Title</th>
      <th>Condition category</th>
      <th>Age group</th>
      <th>Target number of participants</th>
    </tr>
  </thead>
  <tbody>
    <tr>
      <td><a href='https://www.isrctn.com/ISRCTN07292674' target='_blank'><div>ISRCTN07292674</div></a></td>
      <td>Vaccination with Adjuvants, Peptides and Elimination of Regulatory Cells: E...</td>
      <td>Cancer</td>
      <td>Adult</td>
      <td>30</td>
    </tr>
  </tbody>
</table>"
886,-693018.142967686,7039887.919942346,University College Dublin,53.3064642,-6.2254879,1.0,1.0,"<table border=""1"" class=""dataframe"">
  <thead>
    <tr style=""text-align: left;"">
      <th>ISRCTN link</th>
      <th>Title</th>
      <th>Condition category</th>
      <th>Age group</th>
      <th>Target number of participants</th>
    </tr>
  </thead>
  <tbody>
    <tr>
      <td><a href='https://www.isrctn.com/ISRCTN10487976' target='_blank'><div>ISRCTN10487976</div></a></td>
      <td>BETTER-B: Better treatments for Refractory breathlessness</td>
      <td>Respiratory</td>
      <td>Adult</td>
      <td>324</td>
    </tr>
  </tbody>
</table>"
888,-247896.73952644342,7068752.789571091,Central Manchester University Hospitals NHS Foundation Trust; University of Birmingham,53.46112249999999,-2.2268943,1.0,1.0,"<table border=""1"" class=""dataframe"">
  <thead>
    <tr style=""text-align: left;"">
      <th>ISRCTN link</th>
      <th>Title</th>
      <th>Condition category</th>
      <th>Age group</th>
      <th>Target number of participants</th>
    </tr>
  </thead>
  <tbody>
    <tr>
      <td><a href='https://www.isrctn.com/ISRCTN16645249' target='_blank'><div>ISRCTN16645249</div></a></td>
      <td>Prednisolone in nephrotic syndrome</td>
      <td>Urological and Genital Diseases</td>
      <td>Child</td>
      <td>224</td>
    </tr>
  </tbody>
</table>"
896,-13399.827669411483,6589252.163352294,Brighton and Sussex University Hospitals NHS Trust,50.8185063,-0.1203727,5.0,11.0,"<table border=""1"" class=""dataframe"">
  <thead>
    <tr style=""text-align: left;"">
      <th>ISRCTN link</th>
      <th>Title</th>
      <th>Condition category</th>
      <th>Age group</th>
      <th>Target number of participants</th>
    </tr>
  </thead>
  <tbody>
    <tr>
      <td><a href='https://www.isrctn.com/ISRCTN26131497' target='_blank'><div>ISRCTN26131497</div></a></td>
      <td>A trial looking at GDC0941 and anastrozole for oestrogen positive breast ca...</td>
      <td>Cancer</td>
      <td>Adult</td>
      <td>141</td>
    </tr>
    <tr>
      <td><a href='https://www.isrctn.com/ISRCTN41421863' target='_blank'><div>ISRCTN41421863</div></a></td>
      <td>Is intravenous iron and darbepoetin more effective than oral iron in reduci...</td>
      <td>Surgery</td>
      <td>Adult</td>
      <td>320</td>
    </tr>
    <tr>
      <td><a href='https://www.isrctn.com/ISRCTN51790058' target='_blank'><div>ISRCTN51790058</div></a></td>
      <td>Azithromycin for the treatment of pelvic inflammatory disease (PID)</td>
      <td>Urological and Genital Diseases</td>
      <td>Adult</td>
      <td>396</td>
    </tr>
    <tr>
      <td><a href='https://www.isrctn.com/ISRCTN31461655' target='_blank'><div>ISRCTN31461655</div></a></td>
      <td>A phase IV, open-label pilot study investigating non-invasive markers of he...</td>
      <td>Infections and Infestations</td>
      <td>Adult</td>
      <td>60</td>
    </tr>
    <tr>
      <td><a href='https://www.isrctn.com/ISRCTN15513131' target='_blank'><div>ISRCTN15513131</div></a></td>
      <td>Optimising salbutamol dose for wheezy preschool children</td>
      <td>Respiratory</td>
      <td>Child</td>
      <td>155</td>
    </tr>
  </tbody>
</table>"
898,-390131.96835841757,6571487.683851399,Royal Devon and Exeter NHS Foundation Trust,50.7175775,-3.5046151,2.0,5.306765580733931,"<table border=""1"" class=""dataframe"">
  <thead>
    <tr style=""text-align: left;"">
      <th>ISRCTN link</th>
      <th>Title</th>
      <th>Condition category</th>
      <th>Age group</th>
      <th>Target number of participants</th>
    </tr>
  </thead>
  <tbody>
    <tr>
      <td><a href='https://www.isrctn.com/ISRCTN34153772' target='_blank'><div>ISRCTN34153772</div></a></td>
      <td>Novel use of TXA to reduce the need for nasal packing in epistaxis</td>
      <td>Signs and Symptoms</td>
      <td>Adult</td>
      <td>450</td>
    </tr>
    <tr>
      <td><a href='https://www.isrctn.com/ISRCTN91540163' target='_blank'><div>ISRCTN91540163</div></a></td>
      <td>Understanding individual variation in treatment response in type 2 diabetes</td>
      <td>Nutritional, Metabolic, Endocrine</td>
      <td>Adult</td>
      <td>200</td>
    </tr>
  </tbody>
</table>"
899,855995.677234509,6518356.087342295,Wepa Apothekenbedarf GmbH and Co KG (Germany),50.41441,7.689540000000001,1.0,1.0,"<table border=""1"" class=""dataframe"">
  <thead>
    <tr style=""text-align: left;"">
      <th>ISRCTN link</th>
      <th>Title</th>
      <th>Condition category</th>
      <th>Age group</th>
      <th>Target number of participants</th>
    </tr>
  </thead>
  <tbody>
    <tr>
      <td><a href='https://www.isrctn.com/ISRCTN48669688' target='_blank'><div>ISRCTN48669688</div></a></td>
      <td>Comparing mosquito® LäuseShampoo with Infectopedicul® lotion</td>
      <td>Infections and Infestations</td>
      <td>Other</td>
      <td>96</td>
    </tr>
  </tbody>
</table>"
900,-660848.2684137594,7286371.64180247,Belfast Health and Social Care Trust,54.60912399999999,-5.936501,19.0,19.294828004351505,"<table border=""1"" class=""dataframe"">
  <thead>
    <tr style=""text-align: left;"">
      <th>ISRCTN link</th>
      <th>Title</th>
      <th>Condition category</th>
      <th>Age group</th>
      <th>Target number of participants</th>
    </tr>
  </thead>
  <tbody>
    <tr>
      <td><a href='https://www.isrctn.com/ISRCTN16962255' target='_blank'><div>ISRCTN16962255</div></a></td>
      <td>Use of ARA 290 for the treatment of diabetic macular oedema</td>
      <td>Eye Diseases</td>
      <td>Adult</td>
      <td>10</td>
    </tr>
    <tr>
      <td><a href='https://www.isrctn.com/ISRCTN89040295' target='_blank'><div>ISRCTN89040295</div></a></td>
      <td>A 2x2 factorial randomised open label trial to determine the CLinical and c...</td>
      <td>Respiratory</td>
      <td>Adult</td>
      <td>380</td>
    </tr>
    <tr>
      <td><a href='https://www.isrctn.com/ISRCTN99883695' target='_blank'><div>ISRCTN99883695</div></a></td>
      <td>Low-dose atropine eye drops to reduce progression of short-sightedness (myo...</td>
      <td>Eye Diseases</td>
      <td>Child</td>
      <td>289</td>
    </tr>
    <tr>
      <td><a href='https://www.isrctn.com/ISRCTN48095567' target='_blank'><div>ISRCTN48095567</div></a></td>
      <td>Prevention of heart and lung complications by using simvastatin in patients...</td>
      <td>Respiratory</td>
      <td>Adult</td>
      <td>452</td>
    </tr>
    <tr>
      <td><a href='https://www.isrctn.com/ISRCTN84288963' target='_blank'><div>ISRCTN84288963</div></a></td>
      <td>Early switch to oral antibiotics in patients with low risk neutropenic seps...</td>
      <td>Infections and Infestations</td>
      <td>Mixed</td>
      <td>230</td>
    </tr>
    <tr>
      <td><a href='https://www.isrctn.com/ISRCTN31208535' target='_blank'><div>ISRCTN31208535</div></a></td>
      <td>A clinical trial to test amlodipine as a new treatment for vascular dementi...</td>
      <td>Mental and Behavioural Disorders</td>
      <td>Senior</td>
      <td>588</td>
    </tr>
    <tr>
      <td><a href='https://www.isrctn.com/ISRCTN88244364' target='_blank'><div>ISRCTN88244364</div></a></td>
      <td>Simvastatin in acute lung injury</td>
      <td>Respiratory</td>
      <td>Adult</td>
      <td>540</td>
    </tr>
    <tr>
      <td><a href='https://www.isrctn.com/ISRCTN95690673' target='_blank'><div>ISRCTN95690673</div></a></td>
      <td>KARE - Keratinocyte growth factor in acute lung injury to reduce pulmonary ...</td>
      <td>Respiratory</td>
      <td>Adult</td>
      <td>60</td>
    </tr>
    <tr>
      <td><a href='https://www.isrctn.com/ISRCTN18103747' target='_blank'><div>ISRCTN18103747</div></a></td>
      <td>Comparison of two types of treatment which cause short acting muscle relaxa...</td>
      <td>Surgery</td>
      <td>Adult</td>
      <td>90</td>
    </tr>
    <tr>
      <td><a href='https://www.isrctn.com/ISRCTN51569968' target='_blank'><div>ISRCTN51569968</div></a></td>
      <td>Comparison of the post-operative pain relief provided by the administration...</td>
      <td>Injury, Occupational Diseases, Poisoning</td>
      <td>Adult</td>
      <td>120</td>
    </tr>
    <tr>
      <td><a href='https://www.isrctn.com/ISRCTN98813895' target='_blank'><div>ISRCTN98813895</div></a></td>
      <td>Investigation of the protective effects of keratinocyte growth factor (KGF)...</td>
      <td>Respiratory</td>
      <td>Adult</td>
      <td>36</td>
    </tr>
    <tr>
      <td><a href='https://www.isrctn.com/ISRCTN27369400' target='_blank'><div>ISRCTN27369400</div></a></td>
      <td>Ascorbic Acid in open Abdominal Aortic Aneurysm repair</td>
      <td>Circulatory System</td>
      <td>Adult</td>
      <td>31</td>
    </tr>
    <tr>
      <td><a href='https://www.isrctn.com/ISRCTN41260134' target='_blank'><div>ISRCTN41260134</div></a></td>
      <td>Effect of statins on functional regulation of endothelial nitric oxide synt...</td>
      <td>Circulatory System</td>
      <td>Adult</td>
      <td>60</td>
    </tr>
    <tr>
      <td><a href='https://www.isrctn.com/ISRCTN21269614' target='_blank'><div>ISRCTN21269614</div></a></td>
      <td>Insulin action and hypertension: effects of hyperaldosteronism and its trea...</td>
      <td>Circulatory System</td>
      <td>Adult</td>
      <td>16</td>
    </tr>
    <tr>
      <td><a href='https://www.isrctn.com/ISRCTN00253207' target='_blank'><div>ISRCTN00253207</div></a></td>
      <td>A study investigating rimonabant and diet in overweight subjects</td>
      <td>Nutritional, Metabolic, Endocrine</td>
      <td>Adult</td>
      <td>24</td>
    </tr>
    <tr>
      <td><a href='https://www.isrctn.com/ISRCTN21056528' target='_blank'><div>ISRCTN21056528</div></a></td>
      <td>Investigation of the anti-inflammatory effects of simvastatin in a human li...</td>
      <td>Respiratory</td>
      <td>Adult</td>
      <td>30</td>
    </tr>
    <tr>
      <td><a href='https://www.isrctn.com/ISRCTN70518596' target='_blank'><div>ISRCTN70518596</div></a></td>
      <td>To see if fenofibrate has any advantage over atorvastatin in effects on ins...</td>
      <td>Nutritional, Metabolic, Endocrine</td>
      <td>Adult</td>
      <td>12</td>
    </tr>
    <tr>
      <td><a href='https://www.isrctn.com/ISRCTN50808730' target='_blank'><div>ISRCTN50808730</div></a></td>
      <td>Comparison of 15% versus 5% sucrose intakes as part of a eucaloric diet in ...</td>
      <td>Nutritional, Metabolic, Endocrine</td>
      <td>Adult</td>
      <td>15</td>
    </tr>
    <tr>
      <td><a href='https://www.isrctn.com/ISRCTN65190967' target='_blank'><div>ISRCTN65190967</div></a></td>
      <td>A randomised controlled trial of tea tree oil (5%) body wash versus standar...</td>
      <td>Infections and Infestations</td>
      <td>Adult</td>
      <td>1080</td>
    </tr>
  </tbody>
</table>"
901,-14506.298880100305,6713958.059816249,London School of Hygiene and Tropical Medicine,51.5209041,-0.1303123,6.0,12.132827525593784,"<table border=""1"" class=""dataframe"">
  <thead>
    <tr style=""text-align: left;"">
      <th>ISRCTN link</th>
      <th>Title</th>
      <th>Condition category</th>
      <th>Age group</th>
      <th>Target number of participants</th>
    </tr>
  </thead>
  <tbody>
    <tr>
      <td><a href='https://www.isrctn.com/ISRCTN76912190' target='_blank'><div>ISRCTN76912190</div></a></td>
      <td>WOrld Maternal ANtifibrinolytic Trial</td>
      <td>Pregnancy and Childbirth</td>
      <td>Adult</td>
      <td>20000</td>
    </tr>
    <tr>
      <td><a href='https://www.isrctn.com/ISRCTN11225767' target='_blank'><div>ISRCTN11225767</div></a></td>
      <td>Haemorrhage ALleviation with Tranexamic acid  IntesTinal system</td>
      <td>Haematological Disorders</td>
      <td>Adult</td>
      <td>12000</td>
    </tr>
    <tr>
      <td><a href='https://www.isrctn.com/ISRCTN15088122' target='_blank'><div>ISRCTN15088122</div></a></td>
      <td>Clinical Randomisation of an Antifibrinolytic in Significant Head injury (C...</td>
      <td>Injury, Occupational Diseases, Poisoning</td>
      <td>Adult</td>
      <td>13000</td>
    </tr>
    <tr>
      <td><a href='https://www.isrctn.com/ISRCTN86750102' target='_blank'><div>ISRCTN86750102</div></a></td>
      <td>CRASH2 Trial, a large randomised placebo-controlled trial among trauma pati...</td>
      <td>Signs and Symptoms</td>
      <td>Adult</td>
      <td>20000</td>
    </tr>
    <tr>
      <td><a href='https://www.isrctn.com/ISRCTN74459797' target='_blank'><div>ISRCTN74459797</div></a></td>
      <td>A large simple placebo controlled trial, among adults with head injury and ...</td>
      <td>Injury, Occupational Diseases, Poisoning</td>
      <td>Adult</td>
      <td>10000</td>
    </tr>
    <tr>
      <td><a href='https://www.isrctn.com/ISRCTN30952488' target='_blank'><div>ISRCTN30952488</div></a></td>
      <td>Web-based investigation of statin side-effects</td>
      <td>Circulatory System</td>
      <td>Adult</td>
      <td>200</td>
    </tr>
  </tbody>
</table>"
902,-19011.098109878945,6707881.621036919,Royal Brompton and Harefield NHS Trust,51.4869267,-0.1707796,3.0,7.826061944859854,"<table border=""1"" class=""dataframe"">
  <thead>
    <tr style=""text-align: left;"">
      <th>ISRCTN link</th>
      <th>Title</th>
      <th>Condition category</th>
      <th>Age group</th>
      <th>Target number of participants</th>
    </tr>
  </thead>
  <tbody>
    <tr>
      <td><a href='https://www.isrctn.com/ISRCTN61735247' target='_blank'><div>ISRCTN61735247</div></a></td>
      <td>Control of hyperglycaemia in paediatric intensive care</td>
      <td>Signs and Symptoms</td>
      <td>Child</td>
      <td>1500</td>
    </tr>
    <tr>
      <td><a href='https://www.isrctn.com/ISRCTN15915491' target='_blank'><div>ISRCTN15915491</div></a></td>
      <td>Iloprost in patients with Eisenmenger syndrome</td>
      <td>Circulatory System</td>
      <td>Adult</td>
      <td>15</td>
    </tr>
    <tr>
      <td><a href='https://www.isrctn.com/ISRCTN16474148' target='_blank'><div>ISRCTN16474148</div></a></td>
      <td>Rituximab versus cyclophosphamide in connective tissue disease-ILD</td>
      <td>Respiratory</td>
      <td>Adult</td>
      <td>116</td>
    </tr>
  </tbody>
</table>"
906,-338264.14330446837,7651420.361851727,Ninewells Hospital and Medical School,56.4643743,-3.0386785,1.0,1.0,"<table border=""1"" class=""dataframe"">
  <thead>
    <tr style=""text-align: left;"">
      <th>ISRCTN link</th>
      <th>Title</th>
      <th>Condition category</th>
      <th>Age group</th>
      <th>Target number of participants</th>
    </tr>
  </thead>
  <tbody>
    <tr>
      <td><a href='https://www.isrctn.com/ISRCTN93126600' target='_blank'><div>ISRCTN93126600</div></a></td>
      <td>Does the ALDOsterone:RENin ratio predict the efficacy of spironolactone ove...</td>
      <td>Circulatory System</td>
      <td>Not Specified</td>
      <td>120</td>
    </tr>
  </tbody>
</table>"
908,-319264.52223409025,7047186.863898789,NHS Blood and Transplant (NHSBT),53.34562510000001,-2.868002,1.0,1.0,"<table border=""1"" class=""dataframe"">
  <thead>
    <tr style=""text-align: left;"">
      <th>ISRCTN link</th>
      <th>Title</th>
      <th>Condition category</th>
      <th>Age group</th>
      <th>Target number of participants</th>
    </tr>
  </thead>
  <tbody>
    <tr>
      <td><a href='https://www.isrctn.com/ISRCTN73545489' target='_blank'><div>ISRCTN73545489</div></a></td>
      <td>Trial to evaluate tranexamic acid therapy in thrombocytopenia</td>
      <td>Cancer</td>
      <td>Adult</td>
      <td>616</td>
    </tr>
  </tbody>
</table>"
909,-8380621.2062605135,4897190.1484136935,Merck and Co Inc (USA),40.2146933,-75.28440119999999,1.0,1.0,"<table border=""1"" class=""dataframe"">
  <thead>
    <tr style=""text-align: left;"">
      <th>ISRCTN link</th>
      <th>Title</th>
      <th>Condition category</th>
      <th>Age group</th>
      <th>Target number of participants</th>
    </tr>
  </thead>
  <tbody>
    <tr>
      <td><a href='https://www.isrctn.com/ISRCTN25142273' target='_blank'><div>ISRCTN25142273</div></a></td>
      <td>Multinational randomised controlled clinical trial of etoricoxib in the tre...</td>
      <td>Musculoskeletal Diseases</td>
      <td>Adult</td>
      <td>891</td>
    </tr>
  </tbody>
</table>"
910,-322779.80251020746,7059567.397364316,Liverpool Heart and Chest Hospital NHS Trust,53.41196799999999,-2.8995803,2.0,5.306765580733931,"<table border=""1"" class=""dataframe"">
  <thead>
    <tr style=""text-align: left;"">
      <th>ISRCTN link</th>
      <th>Title</th>
      <th>Condition category</th>
      <th>Age group</th>
      <th>Target number of participants</th>
    </tr>
  </thead>
  <tbody>
    <tr>
      <td><a href='https://www.isrctn.com/ISRCTN82694288' target='_blank'><div>ISRCTN82694288</div></a></td>
      <td>Randomised Empirical Antibiotic Duration in Intensive Care Unit</td>
      <td>Infections and Infestations</td>
      <td>Adult</td>
      <td>60</td>
    </tr>
    <tr>
      <td><a href='https://www.isrctn.com/ISRCTN15027862' target='_blank'><div>ISRCTN15027862</div></a></td>
      <td>A randomised trial comparing two strategies for preventing kidney failure a...</td>
      <td>Urological and Genital Diseases</td>
      <td>Adult</td>
      <td>200</td>
    </tr>
  </tbody>
</table>"
911,-18952.878016194063,6708198.8206126075,Royal Brompton and Harefield NHS Foundation Trust,51.488701,-0.1702566,2.0,5.306765580733931,"<table border=""1"" class=""dataframe"">
  <thead>
    <tr style=""text-align: left;"">
      <th>ISRCTN link</th>
      <th>Title</th>
      <th>Condition category</th>
      <th>Age group</th>
      <th>Target number of participants</th>
    </tr>
  </thead>
  <tbody>
    <tr>
      <td><a href='https://www.isrctn.com/ISRCTN09988575' target='_blank'><div>ISRCTN09988575</div></a></td>
      <td>Alternative Ofatumumab containing regimens in less fit patients with chroni...</td>
      <td>Cancer</td>
      <td>Adult</td>
      <td>670</td>
    </tr>
    <tr>
      <td><a href='https://www.isrctn.com/ISRCTN90011794' target='_blank'><div>ISRCTN90011794</div></a></td>
      <td>The effects of irbesartan on aortic dilatation in Marfan's syndrome</td>
      <td>Not Applicable</td>
      <td>Other</td>
      <td>490</td>
    </tr>
  </tbody>
</table>"
912,-214988.64976932114,6889099.229920135,Sandwell and West Birmingham Hospitals NHS Trust,52.489376,-1.9312759,1.0,1.0,"<table border=""1"" class=""dataframe"">
  <thead>
    <tr style=""text-align: left;"">
      <th>ISRCTN link</th>
      <th>Title</th>
      <th>Condition category</th>
      <th>Age group</th>
      <th>Target number of participants</th>
    </tr>
  </thead>
  <tbody>
    <tr>
      <td><a href='https://www.isrctn.com/ISRCTN00151053' target='_blank'><div>ISRCTN00151053</div></a></td>
      <td>REVISE-Diabesity: Randomisation to Endobarrier alone Versus with Incretin a...</td>
      <td>Nutritional, Metabolic, Endocrine</td>
      <td>Adult</td>
      <td>72</td>
    </tr>
  </tbody>
</table>"
914,-355137.86266332015,6711434.414331684,Cardiff and Vale University Health Board,51.50679580000001,-3.1902577,1.0,1.0,"<table border=""1"" class=""dataframe"">
  <thead>
    <tr style=""text-align: left;"">
      <th>ISRCTN link</th>
      <th>Title</th>
      <th>Condition category</th>
      <th>Age group</th>
      <th>Target number of participants</th>
    </tr>
  </thead>
  <tbody>
    <tr>
      <td><a href='https://www.isrctn.com/ISRCTN35600632' target='_blank'><div>ISRCTN35600632</div></a></td>
      <td>The Colitis Once Daily Asacol® study: efficacy and safety of dosing mesalaz...</td>
      <td>Digestive System</td>
      <td>Adult</td>
      <td>250</td>
    </tr>
  </tbody>
</table>"
915,-206868.0821590862,7099471.808663857,Thornton and Ross Ltd,53.6250988,-1.8583276,6.0,12.132827525593784,"<table border=""1"" class=""dataframe"">
  <thead>
    <tr style=""text-align: left;"">
      <th>ISRCTN link</th>
      <th>Title</th>
      <th>Condition category</th>
      <th>Age group</th>
      <th>Target number of participants</th>
    </tr>
  </thead>
  <tbody>
    <tr>
      <td><a href='https://www.isrctn.com/ISRCTN88144046' target='_blank'><div>ISRCTN88144046</div></a></td>
      <td>Hedrin® Once vs Lyclear®  against head lice</td>
      <td>Infections and Infestations</td>
      <td>Adult</td>
      <td>84</td>
    </tr>
    <tr>
      <td><a href='https://www.isrctn.com/ISRCTN59227204' target='_blank'><div>ISRCTN59227204</div></a></td>
      <td>A proof of concept clinical investigation to evaluate the activity of Hedri...</td>
      <td>Infections and Infestations</td>
      <td>Other</td>
      <td>0</td>
    </tr>
    <tr>
      <td><a href='https://www.isrctn.com/ISRCTN02084571' target='_blank'><div>ISRCTN02084571</div></a></td>
      <td>A clinical trial to evaluate the efficacy and safety of Altoderm™, a topica...</td>
      <td>Skin and Connective Tissue Diseases</td>
      <td>Child</td>
      <td>180</td>
    </tr>
    <tr>
      <td><a href='https://www.isrctn.com/ISRCTN50373146' target='_blank'><div>ISRCTN50373146</div></a></td>
      <td>A proof of concept clinical investigation to evaluate the activity of Hedri...</td>
      <td>Infections and Infestations</td>
      <td>Mixed</td>
      <td>40</td>
    </tr>
    <tr>
      <td><a href='https://www.isrctn.com/ISRCTN95412572' target='_blank'><div>ISRCTN95412572</div></a></td>
      <td>A proof of concept clinical investigation to evaluate the activity of Hedri...</td>
      <td>Infections and Infestations</td>
      <td>Other</td>
      <td>40</td>
    </tr>
    <tr>
      <td><a href='https://www.isrctn.com/ISRCTN47755726' target='_blank'><div>ISRCTN47755726</div></a></td>
      <td>A randomised, controlled, assessor-blind, clinical trial to demonstrate sup...</td>
      <td>Infections and Infestations</td>
      <td>Other</td>
      <td>73</td>
    </tr>
  </tbody>
</table>"
925,-13162.39432749851,6710238.324521498,King’s College London and Guy’s and St Thomas’ NHS Foundation Trust,51.5001076,-0.1182398,4.0,9.613531161467861,"<table border=""1"" class=""dataframe"">
  <thead>
    <tr style=""text-align: left;"">
      <th>ISRCTN link</th>
      <th>Title</th>
      <th>Condition category</th>
      <th>Age group</th>
      <th>Target number of participants</th>
    </tr>
  </thead>
  <tbody>
    <tr>
      <td><a href='https://www.isrctn.com/ISRCTN31806847' target='_blank'><div>ISRCTN31806847</div></a></td>
      <td>Comparison of the safety of two antibiotics - levofloxacin and cefuroxime -...</td>
      <td>Eye Diseases</td>
      <td>Other</td>
      <td>30</td>
    </tr>
    <tr>
      <td><a href='https://www.isrctn.com/ISRCTN97699312' target='_blank'><div>ISRCTN97699312</div></a></td>
      <td>Lixisenatide arterial stiffness trial (LAST)</td>
      <td>Nutritional, Metabolic, Endocrine</td>
      <td>Adult</td>
      <td>120</td>
    </tr>
    <tr>
      <td><a href='https://www.isrctn.com/ISRCTN97699312' target='_blank'><div>ISRCTN97699312</div></a></td>
      <td>Lixisenatide arterial stiffness trial (LAST)</td>
      <td>Nutritional, Metabolic, Endocrine</td>
      <td>Adult</td>
      <td>120</td>
    </tr>
    <tr>
      <td><a href='https://www.isrctn.com/ISRCTN95769119' target='_blank'><div>ISRCTN95769119</div></a></td>
      <td>RituxiMab in INDuction therapy for living donor renal transplantation</td>
      <td>Surgery</td>
      <td>Adult</td>
      <td>316</td>
    </tr>
  </tbody>
</table>"
930,-6749.000164171036,6713387.392792631,Queen Mary University of London and Barts and the London NHS Trust,51.5177142,-0.0606273,4.0,9.613531161467861,"<table border=""1"" class=""dataframe"">
  <thead>
    <tr style=""text-align: left;"">
      <th>ISRCTN link</th>
      <th>Title</th>
      <th>Condition category</th>
      <th>Age group</th>
      <th>Target number of participants</th>
    </tr>
  </thead>
  <tbody>
    <tr>
      <td><a href='https://www.isrctn.com/ISRCTN40924266' target='_blank'><div>ISRCTN40924266</div></a></td>
      <td>The effect of pregabalin on human visceral pain hypersensitivity</td>
      <td>Digestive System</td>
      <td>Adult</td>
      <td>16</td>
    </tr>
    <tr>
      <td><a href='https://www.isrctn.com/ISRCTN40924266' target='_blank'><div>ISRCTN40924266</div></a></td>
      <td>The effect of pregabalin on human visceral pain hypersensitivity</td>
      <td>Digestive System</td>
      <td>Adult</td>
      <td>16</td>
    </tr>
    <tr>
      <td><a href='https://www.isrctn.com/ISRCTN81027773' target='_blank'><div>ISRCTN81027773</div></a></td>
      <td>Pharmacokinetic studies of recombinant human insulin-like growth factor-I (...</td>
      <td>Digestive System</td>
      <td>Child</td>
      <td>10</td>
    </tr>
    <tr>
      <td><a href='https://www.isrctn.com/ISRCTN59318247' target='_blank'><div>ISRCTN59318247</div></a></td>
      <td>Study to evaluate Pegasys® Sustained Viral Load (SVR) in genotype 3 Hepatit...</td>
      <td>Infections and Infestations</td>
      <td>Adult</td>
      <td>140</td>
    </tr>
  </tbody>
</table>"
931,-149977.51054859543,7281255.263659712,North Tees and Hartlepool NHS Foundation Trust,54.58249679999999,-1.3472709,1.0,1.0,"<table border=""1"" class=""dataframe"">
  <thead>
    <tr style=""text-align: left;"">
      <th>ISRCTN link</th>
      <th>Title</th>
      <th>Condition category</th>
      <th>Age group</th>
      <th>Target number of participants</th>
    </tr>
  </thead>
  <tbody>
    <tr>
      <td><a href='https://www.isrctn.com/ISRCTN68578366' target='_blank'><div>ISRCTN68578366</div></a></td>
      <td>Topical TRANeXamic acid in total Knee replacement</td>
      <td>Musculoskeletal Diseases</td>
      <td>Adult</td>
      <td>150</td>
    </tr>
  </tbody>
</table>"
933,24590.776078859275,6821662.778935461,Vernalis (R&D) Ltd,52.1189555,0.2209027,1.0,1.0,"<table border=""1"" class=""dataframe"">
  <thead>
    <tr style=""text-align: left;"">
      <th>ISRCTN link</th>
      <th>Title</th>
      <th>Condition category</th>
      <th>Age group</th>
      <th>Target number of participants</th>
    </tr>
  </thead>
  <tbody>
    <tr>
      <td><a href='https://www.isrctn.com/ISRCTN66679782' target='_blank'><div>ISRCTN66679782</div></a></td>
      <td>Clinical trial of V3381 in chronic cough</td>
      <td>Signs and Symptoms</td>
      <td>Adult</td>
      <td>10</td>
    </tr>
  </tbody>
</table>"
938,964392.9312069174,6465115.321436694,Milupa GmbH,50.108661,8.6632891,2.0,5.306765580733931,"<table border=""1"" class=""dataframe"">
  <thead>
    <tr style=""text-align: left;"">
      <th>ISRCTN link</th>
      <th>Title</th>
      <th>Condition category</th>
      <th>Age group</th>
      <th>Target number of participants</th>
    </tr>
  </thead>
  <tbody>
    <tr>
      <td><a href='https://www.isrctn.com/ISRCTN77444690' target='_blank'><div>ISRCTN77444690</div></a></td>
      <td>The Preterm Prebiotic Study</td>
      <td>Neonatal Diseases</td>
      <td>Neonate</td>
      <td>160</td>
    </tr>
    <tr>
      <td><a href='https://www.isrctn.com/ISRCTN77444690' target='_blank'><div>ISRCTN77444690</div></a></td>
      <td>The Preterm Prebiotic Study</td>
      <td>Neonatal Diseases</td>
      <td>Neonate</td>
      <td>160</td>
    </tr>
  </tbody>
</table>"
943,-355505.784712341,6714023.771651653,Cardiff University - Medical Engineering,51.5212714,-3.1935628,1.0,1.0,"<table border=""1"" class=""dataframe"">
  <thead>
    <tr style=""text-align: left;"">
      <th>ISRCTN link</th>
      <th>Title</th>
      <th>Condition category</th>
      <th>Age group</th>
      <th>Target number of participants</th>
    </tr>
  </thead>
  <tbody>
    <tr>
      <td><a href='https://www.isrctn.com/ISRCTN78125864' target='_blank'><div>ISRCTN78125864</div></a></td>
      <td>Injection therapy to muscle injuries in professional football players</td>
      <td>Injury, Occupational Diseases, Poisoning</td>
      <td>Adult</td>
      <td>25</td>
    </tr>
  </tbody>
</table>"
945,-14202.830816248763,6711509.888940811,Sponsor not defined - Record supplied by London Lung Cancer Group,51.5072178,-0.1275862,2.0,5.306765580733931,"<table border=""1"" class=""dataframe"">
  <thead>
    <tr style=""text-align: left;"">
      <th>ISRCTN link</th>
      <th>Title</th>
      <th>Condition category</th>
      <th>Age group</th>
      <th>Target number of participants</th>
    </tr>
  </thead>
  <tbody>
    <tr>
      <td><a href='https://www.isrctn.com/ISRCTN16174527' target='_blank'><div>ISRCTN16174527</div></a></td>
      <td>A phase III randomised, double blind, placebo controlled trial of carboplat...</td>
      <td>Cancer</td>
      <td>Adult</td>
      <td>372</td>
    </tr>
    <tr>
      <td><a href='https://www.isrctn.com/ISRCTN77341241' target='_blank'><div>ISRCTN77341241</div></a></td>
      <td>A phase II/III randomised, double blind, placebo controlled trial of gemcit...</td>
      <td>Cancer</td>
      <td>Adult</td>
      <td>514</td>
    </tr>
  </tbody>
</table>"
946,8105992.62722904,2155490.013485016,Wyeth-Lederle Ltd,19.0047063,72.8173707,1.0,1.0,"<table border=""1"" class=""dataframe"">
  <thead>
    <tr style=""text-align: left;"">
      <th>ISRCTN link</th>
      <th>Title</th>
      <th>Condition category</th>
      <th>Age group</th>
      <th>Target number of participants</th>
    </tr>
  </thead>
  <tbody>
    <tr>
      <td><a href='https://www.isrctn.com/ISRCTN88796215' target='_blank'><div>ISRCTN88796215</div></a></td>
      <td>A randomised trial of adjuvant 5-fluorouracil, leucovorin and radiotherapy ...</td>
      <td>Cancer</td>
      <td>Other</td>
      <td>0</td>
    </tr>
  </tbody>
</table>"
947,-8317161.604706618,4908060.557581317,Bristol-Myers Squibb Company (USA),40.2892212,-74.7143339,1.0,1.0,"<table border=""1"" class=""dataframe"">
  <thead>
    <tr style=""text-align: left;"">
      <th>ISRCTN link</th>
      <th>Title</th>
      <th>Condition category</th>
      <th>Age group</th>
      <th>Target number of participants</th>
    </tr>
  </thead>
  <tbody>
    <tr>
      <td><a href='https://www.isrctn.com/ISRCTN40976937' target='_blank'><div>ISRCTN40976937</div></a></td>
      <td>PROspective Study of Pravastatin in the Elderly at Risk (PROSPER)</td>
      <td>Circulatory System</td>
      <td>Senior</td>
      <td>5500</td>
    </tr>
  </tbody>
</table>"
951,-88026.59978952215,6730348.871592317,Janssen-Cilag Ltd,51.6124297,-0.7907563999999999,1.0,1.0,"<table border=""1"" class=""dataframe"">
  <thead>
    <tr style=""text-align: left;"">
      <th>ISRCTN link</th>
      <th>Title</th>
      <th>Condition category</th>
      <th>Age group</th>
      <th>Target number of participants</th>
    </tr>
  </thead>
  <tbody>
    <tr>
      <td><a href='https://www.isrctn.com/ISRCTN34797860' target='_blank'><div>ISRCTN34797860</div></a></td>
      <td>A study to compare the safety and efficacy of durogesic with sustained rele...</td>
      <td>Signs and Symptoms</td>
      <td>Adult</td>
      <td>0</td>
    </tr>
  </tbody>
</table>"
952,-354378.75279170263,7547285.328483634,UK Co-ordinating Committee for Cancer Research (UKCCCR),55.9440484,-3.1834385,8.0,13.920296742201792,"<table border=""1"" class=""dataframe"">
  <thead>
    <tr style=""text-align: left;"">
      <th>ISRCTN link</th>
      <th>Title</th>
      <th>Condition category</th>
      <th>Age group</th>
      <th>Target number of participants</th>
    </tr>
  </thead>
  <tbody>
    <tr>
      <td><a href='https://www.isrctn.com/ISRCTN91516565' target='_blank'><div>ISRCTN91516565</div></a></td>
      <td>A multicentre phase III randomised controlled study of Theratope vaccine fo...</td>
      <td>Cancer</td>
      <td>Not Specified</td>
      <td>0</td>
    </tr>
    <tr>
      <td><a href='https://www.isrctn.com/ISRCTN57511337' target='_blank'><div>ISRCTN57511337</div></a></td>
      <td>UKCCCR Anal Cancer Trial: Prospective Randomised Trial of Combined Modality...</td>
      <td>Cancer</td>
      <td>Not Specified</td>
      <td>585</td>
    </tr>
    <tr>
      <td><a href='https://www.isrctn.com/ISRCTN39643421' target='_blank'><div>ISRCTN39643421</div></a></td>
      <td>Trial of Short Course Therapy in Elderly Patients with High Grade Non-Hodgk...</td>
      <td>Cancer</td>
      <td>Senior</td>
      <td>0</td>
    </tr>
    <tr>
      <td><a href='https://www.isrctn.com/ISRCTN11978947' target='_blank'><div>ISRCTN11978947</div></a></td>
      <td>Interferon alpha in combination with thalidomide in the treatment of metast...</td>
      <td>Cancer</td>
      <td>Not Specified</td>
      <td>0</td>
    </tr>
    <tr>
      <td><a href='https://www.isrctn.com/ISRCTN71318684' target='_blank'><div>ISRCTN71318684</div></a></td>
      <td>UKCCCR Randomised Trial of Adjuvant Hormone Therapy (AHT) in Ovarian Cancer</td>
      <td>Cancer</td>
      <td>Not Specified</td>
      <td>0</td>
    </tr>
    <tr>
      <td><a href='https://www.isrctn.com/ISRCTN75843298' target='_blank'><div>ISRCTN75843298</div></a></td>
      <td>North Thames CA125 study in advanced ovarian cancer</td>
      <td>Cancer</td>
      <td>Adult</td>
      <td>237</td>
    </tr>
    <tr>
      <td><a href='https://www.isrctn.com/ISRCTN55268387' target='_blank'><div>ISRCTN55268387</div></a></td>
      <td>A randomised trial to evaluate a loading dose of medroxyprogesterone acetat...</td>
      <td>Cancer</td>
      <td>Not Specified</td>
      <td>0</td>
    </tr>
    <tr>
      <td><a href='https://www.isrctn.com/ISRCTN92669260' target='_blank'><div>ISRCTN92669260</div></a></td>
      <td>Randomised trial of two schedules of chemotherapy of the same dose/time int...</td>
      <td>Cancer</td>
      <td>Adult</td>
      <td>0</td>
    </tr>
  </tbody>
</table>"
954,525598.3598929613,6635483.027209661,Schering-Plough Ltd,51.08014679999999,4.7215304,2.0,5.306765580733931,"<table border=""1"" class=""dataframe"">
  <thead>
    <tr style=""text-align: left;"">
      <th>ISRCTN link</th>
      <th>Title</th>
      <th>Condition category</th>
      <th>Age group</th>
      <th>Target number of participants</th>
    </tr>
  </thead>
  <tbody>
    <tr>
      <td><a href='https://www.isrctn.com/ISRCTN75847548' target='_blank'><div>ISRCTN75847548</div></a></td>
      <td>Phase III study evaluating the efficacy of Drogenil in pancreatic carcinoma</td>
      <td>Cancer</td>
      <td>Not Specified</td>
      <td>0</td>
    </tr>
    <tr>
      <td><a href='https://www.isrctn.com/ISRCTN92984394' target='_blank'><div>ISRCTN92984394</div></a></td>
      <td>A pilot study to assess flutamide monotherapy compared With maximal androge...</td>
      <td>Cancer</td>
      <td>Not Specified</td>
      <td>0</td>
    </tr>
  </tbody>
</table>"
955,-10601.47830985017,6704436.287689108,Kings College London - Joint Clinical Trials Office,51.4676503,-0.09523469999999999,1.0,1.0,"<table border=""1"" class=""dataframe"">
  <thead>
    <tr style=""text-align: left;"">
      <th>ISRCTN link</th>
      <th>Title</th>
      <th>Condition category</th>
      <th>Age group</th>
      <th>Target number of participants</th>
    </tr>
  </thead>
  <tbody>
    <tr>
      <td><a href='https://www.isrctn.com/ISRCTN47146067' target='_blank'><div>ISRCTN47146067</div></a></td>
      <td>Reducing Excess Salivation in clozapine Treatment: hyoscine for the treatme...</td>
      <td>Digestive System</td>
      <td>Adult</td>
      <td>12</td>
    </tr>
  </tbody>
</table>"
959,135840.41389166008,6912499.007155243,Norfolk and Norwich University Hospitals NHS Foundation Trust,52.6171847,1.2202752,6.0,12.132827525593784,"<table border=""1"" class=""dataframe"">
  <thead>
    <tr style=""text-align: left;"">
      <th>ISRCTN link</th>
      <th>Title</th>
      <th>Condition category</th>
      <th>Age group</th>
      <th>Target number of participants</th>
    </tr>
  </thead>
  <tbody>
    <tr>
      <td><a href='https://www.isrctn.com/ISRCTN17464641' target='_blank'><div>ISRCTN17464641</div></a></td>
      <td>Treating pulmonary fibrosis with co-trimoxazole</td>
      <td>Respiratory</td>
      <td>Adult</td>
      <td>330</td>
    </tr>
    <tr>
      <td><a href='https://www.isrctn.com/ISRCTN98060456' target='_blank'><div>ISRCTN98060456</div></a></td>
      <td>The STAT-ROC feasibility study</td>
      <td>Cancer</td>
      <td>Adult</td>
      <td>36</td>
    </tr>
    <tr>
      <td><a href='https://www.isrctn.com/ISRCTN26938218' target='_blank'><div>ISRCTN26938218</div></a></td>
      <td>The use of Nalcol™ in functional constipation</td>
      <td>Digestive System</td>
      <td>Adult</td>
      <td>120</td>
    </tr>
    <tr>
      <td><a href='https://www.isrctn.com/ISRCTN39295230' target='_blank'><div>ISRCTN39295230</div></a></td>
      <td>Study on the benefits of fluid restriction on the recovery from surgery</td>
      <td>Cancer</td>
      <td>Adult</td>
      <td>234</td>
    </tr>
    <tr>
      <td><a href='https://www.isrctn.com/ISRCTN13526307' target='_blank'><div>ISRCTN13526307</div></a></td>
      <td>Treating people with idiopathic pulmonary fibrosis with the addition of lan...</td>
      <td>Respiratory</td>
      <td>Adult</td>
      <td>298</td>
    </tr>
    <tr>
      <td><a href='https://www.isrctn.com/ISRCTN45278838' target='_blank'><div>ISRCTN45278838</div></a></td>
      <td>Low dose etanercept for the treatment of patients with ankylosing spondylit...</td>
      <td>Musculoskeletal Diseases</td>
      <td>Adult</td>
      <td>50</td>
    </tr>
  </tbody>
</table>"
961,318221.0467232413,6348030.077851063,Sanofi-aventis,49.4293527,2.8586283,1.0,1.0,"<table border=""1"" class=""dataframe"">
  <thead>
    <tr style=""text-align: left;"">
      <th>ISRCTN link</th>
      <th>Title</th>
      <th>Condition category</th>
      <th>Age group</th>
      <th>Target number of participants</th>
    </tr>
  </thead>
  <tbody>
    <tr>
      <td><a href='https://www.isrctn.com/ISRCTN83582782' target='_blank'><div>ISRCTN83582782</div></a></td>
      <td>32-week, multicentre, open, randomised, two-way cross-over, clinical trial ...</td>
      <td>Nutritional, Metabolic, Endocrine</td>
      <td>Adult</td>
      <td>71</td>
    </tr>
  </tbody>
</table>"
963,965167.8929740238,6346275.261867194,Ruprecht-Karls-University Heidelberg (Germany),49.4190991,8.6702507,1.0,1.0,"<table border=""1"" class=""dataframe"">
  <thead>
    <tr style=""text-align: left;"">
      <th>ISRCTN link</th>
      <th>Title</th>
      <th>Condition category</th>
      <th>Age group</th>
      <th>Target number of participants</th>
    </tr>
  </thead>
  <tbody>
    <tr>
      <td><a href='https://www.isrctn.com/ISRCTN71616222' target='_blank'><div>ISRCTN71616222</div></a></td>
      <td>European Cooperative Acute Stroke Study-4: Extending the time for thromboly...</td>
      <td>Circulatory System</td>
      <td>Adult</td>
      <td>264</td>
    </tr>
  </tbody>
</table>"
964,-9751.041927985878,6713591.475144857,Schering-Plough UK Ltd,51.51885499999999,-0.0875951,1.0,1.0,"<table border=""1"" class=""dataframe"">
  <thead>
    <tr style=""text-align: left;"">
      <th>ISRCTN link</th>
      <th>Title</th>
      <th>Condition category</th>
      <th>Age group</th>
      <th>Target number of participants</th>
    </tr>
  </thead>
  <tbody>
    <tr>
      <td><a href='https://www.isrctn.com/ISRCTN18808154' target='_blank'><div>ISRCTN18808154</div></a></td>
      <td>Atorvastatin (10 mg) vs ezetimibe (10 mg) plus atorvastatin (10 mg) in hype...</td>
      <td>Nutritional, Metabolic, Endocrine</td>
      <td>Adult</td>
      <td>0</td>
    </tr>
  </tbody>
</table>"
965,-9634.1787265511,6710827.906436065,NIHR Guy's and St Thomas' NHS Foundation Trust (GSTFT),51.50340449999999,-0.08654529999999999,3.0,7.826061944859854,"<table border=""1"" class=""dataframe"">
  <thead>
    <tr style=""text-align: left;"">
      <th>ISRCTN link</th>
      <th>Title</th>
      <th>Condition category</th>
      <th>Age group</th>
      <th>Target number of participants</th>
    </tr>
  </thead>
  <tbody>
    <tr>
      <td><a href='https://www.isrctn.com/ISRCTN10551314' target='_blank'><div>ISRCTN10551314</div></a></td>
      <td>GLIDE: Gastric band and Liraglutide Intervention in Diabetes Evolution</td>
      <td>Nutritional, Metabolic, Endocrine</td>
      <td>Adult</td>
      <td>152</td>
    </tr>
    <tr>
      <td><a href='https://www.isrctn.com/ISRCTN32677164' target='_blank'><div>ISRCTN32677164</div></a></td>
      <td>A randomised clinical trial of the efficacy of topical and systemic treatme...</td>
      <td>Oral Health</td>
      <td>Adult</td>
      <td>100</td>
    </tr>
    <tr>
      <td><a href='https://www.isrctn.com/ISRCTN97547683' target='_blank'><div>ISRCTN97547683</div></a></td>
      <td>Treg Immunotherapy in Crohn’s Disease</td>
      <td>Digestive System</td>
      <td>Adult</td>
      <td>24</td>
    </tr>
  </tbody>
</table>"
973,-13726065.211153017,5551270.1784300655,"AVI Biopharma, Inc (USA)",44.5520226,-123.3033417,1.0,1.0,"<table border=""1"" class=""dataframe"">
  <thead>
    <tr style=""text-align: left;"">
      <th>ISRCTN link</th>
      <th>Title</th>
      <th>Condition category</th>
      <th>Age group</th>
      <th>Target number of participants</th>
    </tr>
  </thead>
  <tbody>
    <tr>
      <td><a href='https://www.isrctn.com/ISRCTN28347032' target='_blank'><div>ISRCTN28347032</div></a></td>
      <td>Dose-ranging study of AVI-4658 to induce dystrophin expression in selected ...</td>
      <td>Nervous System Diseases</td>
      <td>Child</td>
      <td>16</td>
    </tr>
  </tbody>
</table>"
979,-24607.77456510341,6707977.60375758,"Joint Research Governance Office, Imperial College Healthcare Trust",51.4874636,-0.2210554,1.0,1.0,"<table border=""1"" class=""dataframe"">
  <thead>
    <tr style=""text-align: left;"">
      <th>ISRCTN link</th>
      <th>Title</th>
      <th>Condition category</th>
      <th>Age group</th>
      <th>Target number of participants</th>
    </tr>
  </thead>
  <tbody>
    <tr>
      <td><a href='https://www.isrctn.com/ISRCTN60295543' target='_blank'><div>ISRCTN60295543</div></a></td>
      <td>Continuous TAP blocks for major gynaecological surgery</td>
      <td>Cancer</td>
      <td>Adult</td>
      <td>62</td>
    </tr>
  </tbody>
</table>"
983,-13632041.307192855,4545949.687969389,"University of California, San Francisco",37.7626459,-122.4587106,1.0,1.0,"<table border=""1"" class=""dataframe"">
  <thead>
    <tr style=""text-align: left;"">
      <th>ISRCTN link</th>
      <th>Title</th>
      <th>Condition category</th>
      <th>Age group</th>
      <th>Target number of participants</th>
    </tr>
  </thead>
  <tbody>
    <tr>
      <td><a href='https://www.isrctn.com/ISRCTN73630073' target='_blank'><div>ISRCTN73630073</div></a></td>
      <td>Platelet oriented inhibition in new transient ischaemic attack (TIA) and mi...</td>
      <td>Circulatory System</td>
      <td>Adult</td>
      <td>4150</td>
    </tr>
  </tbody>
</table>"
987,-8523355.869987933,4719576.697099302,"ILEX Oncology, Inc. (USA)",38.9853737,-76.5666085,1.0,1.0,"<table border=""1"" class=""dataframe"">
  <thead>
    <tr style=""text-align: left;"">
      <th>ISRCTN link</th>
      <th>Title</th>
      <th>Condition category</th>
      <th>Age group</th>
      <th>Target number of participants</th>
    </tr>
  </thead>
  <tbody>
    <tr>
      <td><a href='https://www.isrctn.com/ISRCTN87885087' target='_blank'><div>ISRCTN87885087</div></a></td>
      <td>A phase II, randomised, open-label, three-arm study comparing low-and high-...</td>
      <td>Musculoskeletal Diseases</td>
      <td>Adult</td>
      <td>334</td>
    </tr>
  </tbody>
</table>"
990,-13050415.179666694,3881205.6985539254,"OliX Pharmaceuticals, Inc.",32.8937211,-117.2338742,1.0,1.0,"<table border=""1"" class=""dataframe"">
  <thead>
    <tr style=""text-align: left;"">
      <th>ISRCTN link</th>
      <th>Title</th>
      <th>Condition category</th>
      <th>Age group</th>
      <th>Target number of participants</th>
    </tr>
  </thead>
  <tbody>
    <tr>
      <td><a href='https://www.isrctn.com/ISRCTN64317949' target='_blank'><div>ISRCTN64317949</div></a></td>
      <td>A phase 1, randomized, placebo-controlled study to evaluate the safety, tol...</td>
      <td>Not Applicable</td>
      <td>Adult</td>
      <td>48</td>
    </tr>
  </tbody>
</table>"
991,-354679.00372227025,6711658.103791588,"University of Wales College of Medicine, UK",51.5080465,-3.1861357,1.0,1.0,"<table border=""1"" class=""dataframe"">
  <thead>
    <tr style=""text-align: left;"">
      <th>ISRCTN link</th>
      <th>Title</th>
      <th>Condition category</th>
      <th>Age group</th>
      <th>Target number of participants</th>
    </tr>
  </thead>
  <tbody>
    <tr>
      <td><a href='https://www.isrctn.com/ISRCTN28343638' target='_blank'><div>ISRCTN28343638</div></a></td>
      <td>Histamine Release and Implications of H1- and H2-Blockade in Adult Cardiac ...</td>
      <td>Circulatory System</td>
      <td>Not Specified</td>
      <td>80</td>
    </tr>
  </tbody>
</table>"
996,-13343137.339301031,4086438.805488077,"OXiGENE, Inc. (USA)",34.4281558,-119.8634421,1.0,1.0,"<table border=""1"" class=""dataframe"">
  <thead>
    <tr style=""text-align: left;"">
      <th>ISRCTN link</th>
      <th>Title</th>
      <th>Condition category</th>
      <th>Age group</th>
      <th>Target number of participants</th>
    </tr>
  </thead>
  <tbody>
    <tr>
      <td><a href='https://www.isrctn.com/ISRCTN96787846' target='_blank'><div>ISRCTN96787846</div></a></td>
      <td>A phase I study of the safety, tolerability, and antitumor activity of esca...</td>
      <td>Cancer</td>
      <td>Adult</td>
      <td>12</td>
    </tr>
  </tbody>
</table>"
998,-798834.1317195289,6844001.066076738,"Prospect Therapeutics, Inc. (USA)",52.24200039999999,-7.176049099999998,1.0,1.0,"<table border=""1"" class=""dataframe"">
  <thead>
    <tr style=""text-align: left;"">
      <th>ISRCTN link</th>
      <th>Title</th>
      <th>Condition category</th>
      <th>Age group</th>
      <th>Target number of participants</th>
    </tr>
  </thead>
  <tbody>
    <tr>
      <td><a href='https://www.isrctn.com/ISRCTN66315383' target='_blank'><div>ISRCTN66315383</div></a></td>
      <td>A study of GCS-100 in combination with chemo-immunotherapy in patients with...</td>
      <td>Cancer</td>
      <td>Adult</td>
      <td>28</td>
    </tr>
  </tbody>
</table>"
1002,1466239.8417177026,6897144.947034924,"Dr. Mann Pharma GmbH, Bausch and Lomb Group (Germany)",52.53336340000001,13.1714566,1.0,1.0,"<table border=""1"" class=""dataframe"">
  <thead>
    <tr style=""text-align: left;"">
      <th>ISRCTN link</th>
      <th>Title</th>
      <th>Condition category</th>
      <th>Age group</th>
      <th>Target number of participants</th>
    </tr>
  </thead>
  <tbody>
    <tr>
      <td><a href='https://www.isrctn.com/ISRCTN94557601' target='_blank'><div>ISRCTN94557601</div></a></td>
      <td>The putative beneficial effects of supplemental Lutein (L) and Zeaxanthin (...</td>
      <td>Eye Diseases</td>
      <td>Adult</td>
      <td>360</td>
    </tr>
  </tbody>
</table>"
1019,-322561.71649579436,7060650.957985356,University of Liverpool and Alder Hey Children's NHS Foundation Trust,53.4177695,-2.8976212,2.0,5.306765580733931,"<table border=""1"" class=""dataframe"">
  <thead>
    <tr style=""text-align: left;"">
      <th>ISRCTN link</th>
      <th>Title</th>
      <th>Condition category</th>
      <th>Age group</th>
      <th>Target number of participants</th>
    </tr>
  </thead>
  <tbody>
    <tr>
      <td><a href='https://www.isrctn.com/ISRCTN22567894' target='_blank'><div>ISRCTN22567894</div></a></td>
      <td>Emergency treatment with levetiracetam or phenytoin in status epilepticus</td>
      <td>Nervous System Diseases</td>
      <td>Child</td>
      <td>308</td>
    </tr>
    <tr>
      <td><a href='https://www.isrctn.com/ISRCTN22567894' target='_blank'><div>ISRCTN22567894</div></a></td>
      <td>Emergency treatment with levetiracetam or phenytoin in status epilepticus</td>
      <td>Nervous System Diseases</td>
      <td>Child</td>
      <td>308</td>
    </tr>
  </tbody>
</table>"
1021,-169219.07340026367,7061249.309660955,Sheffield Health and Social Research Consortium,53.42097279999999,-1.5201208,1.0,1.0,"<table border=""1"" class=""dataframe"">
  <thead>
    <tr style=""text-align: left;"">
      <th>ISRCTN link</th>
      <th>Title</th>
      <th>Condition category</th>
      <th>Age group</th>
      <th>Target number of participants</th>
    </tr>
  </thead>
  <tbody>
    <tr>
      <td><a href='https://www.isrctn.com/ISRCTN13166839' target='_blank'><div>ISRCTN13166839</div></a></td>
      <td>The long-term effectiveness of 40% salicylic acid plasters on corns</td>
      <td>Skin and Connective Tissue Diseases</td>
      <td>Adult</td>
      <td>308</td>
    </tr>
  </tbody>
</table>"
1023,-470951.3101679691,7857005.438280461,University of the Highlands and Islands,57.47101379999999,-4.2306276,1.0,1.0,"<table border=""1"" class=""dataframe"">
  <thead>
    <tr style=""text-align: left;"">
      <th>ISRCTN link</th>
      <th>Title</th>
      <th>Condition category</th>
      <th>Age group</th>
      <th>Target number of participants</th>
    </tr>
  </thead>
  <tbody>
    <tr>
      <td><a href='https://www.isrctn.com/ISRCTN12655129' target='_blank'><div>ISRCTN12655129</div></a></td>
      <td>Effect of regular mealtime inclusion of oat-based products on glycaemic res...</td>
      <td>Nutritional, Metabolic, Endocrine</td>
      <td>Adult</td>
      <td>72</td>
    </tr>
  </tbody>
</table>"
1025,-203439.20807172268,6886994.26379817,Heart of England NHS Foundation Trust,52.4778605,-1.8275255,3.0,7.826061944859854,"<table border=""1"" class=""dataframe"">
  <thead>
    <tr style=""text-align: left;"">
      <th>ISRCTN link</th>
      <th>Title</th>
      <th>Condition category</th>
      <th>Age group</th>
      <th>Target number of participants</th>
    </tr>
  </thead>
  <tbody>
    <tr>
      <td><a href='https://www.isrctn.com/ISRCTN22028180' target='_blank'><div>ISRCTN22028180</div></a></td>
      <td>Magnesium sulphate for the prevention of supra-ventricular dysrhythmia foll...</td>
      <td>Circulatory System</td>
      <td>Adult</td>
      <td>200</td>
    </tr>
    <tr>
      <td><a href='https://www.isrctn.com/ISRCTN38366450' target='_blank'><div>ISRCTN38366450</div></a></td>
      <td>A multicentre, randomised, double-blind, placebo-controlled trial to evalua...</td>
      <td>Respiratory</td>
      <td>Adult</td>
      <td>100</td>
    </tr>
    <tr>
      <td><a href='https://www.isrctn.com/ISRCTN64637517' target='_blank'><div>ISRCTN64637517</div></a></td>
      <td>Randomised double-blind placebo-controlled trial of 40 mg/day of Atorvastat...</td>
      <td>Injury, Occupational Diseases, Poisoning</td>
      <td>Adult</td>
      <td>414</td>
    </tr>
  </tbody>
</table>"
1032,254690.66823709864,6251873.137564515,Takeda Europe R and D Centre,48.8643349,2.2879252,1.0,1.0,"<table border=""1"" class=""dataframe"">
  <thead>
    <tr style=""text-align: left;"">
      <th>ISRCTN link</th>
      <th>Title</th>
      <th>Condition category</th>
      <th>Age group</th>
      <th>Target number of participants</th>
    </tr>
  </thead>
  <tbody>
    <tr>
      <td><a href='https://www.isrctn.com/ISRCTN78563659' target='_blank'><div>ISRCTN78563659</div></a></td>
      <td>A study to investigate the effect of pioglitazone on whole body and myocard...</td>
      <td>Nutritional, Metabolic, Endocrine</td>
      <td>Adult</td>
      <td>26</td>
    </tr>
  </tbody>
</table>"
1035,-856275.4899065668,7009375.539147161,Trino Therapeutics (Ireland),53.1423672,-7.692053599999999,1.0,1.0,"<table border=""1"" class=""dataframe"">
  <thead>
    <tr style=""text-align: left;"">
      <th>ISRCTN link</th>
      <th>Title</th>
      <th>Condition category</th>
      <th>Age group</th>
      <th>Target number of participants</th>
    </tr>
  </thead>
  <tbody>
    <tr>
      <td><a href='https://www.isrctn.com/ISRCTN90725219' target='_blank'><div>ISRCTN90725219</div></a></td>
      <td>A study to assess the safety and tolerability of PH46A in healthy volunteer...</td>
      <td>Digestive System</td>
      <td>Adult</td>
      <td>96</td>
    </tr>
  </tbody>
</table>"
1037,-10123.205249605951,6704550.725074519,South London and Maudsley NHS Foundation Trust and Kings College London,51.4682907,-0.0909383,8.0,13.920296742201792,"<table border=""1"" class=""dataframe"">
  <thead>
    <tr style=""text-align: left;"">
      <th>ISRCTN link</th>
      <th>Title</th>
      <th>Condition category</th>
      <th>Age group</th>
      <th>Target number of participants</th>
    </tr>
  </thead>
  <tbody>
    <tr>
      <td><a href='https://www.isrctn.com/ISRCTN72794493' target='_blank'><div>ISRCTN72794493</div></a></td>
      <td>Contingency management targeting increased completion of hepatitis B (Hep B...</td>
      <td>Mental and Behavioural Disorders</td>
      <td>Adult</td>
      <td>192</td>
    </tr>
    <tr>
      <td><a href='https://www.isrctn.com/ISRCTN72794493' target='_blank'><div>ISRCTN72794493</div></a></td>
      <td>Contingency management targeting increased completion of hepatitis B (Hep B...</td>
      <td>Mental and Behavioural Disorders</td>
      <td>Adult</td>
      <td>192</td>
    </tr>
    <tr>
      <td><a href='https://www.isrctn.com/ISRCTN10334895' target='_blank'><div>ISRCTN10334895</div></a></td>
      <td>Cannabidiol for the treatment of patients at a high-risk of psychosis</td>
      <td>Mental and Behavioural Disorders</td>
      <td>Adult</td>
      <td>300</td>
    </tr>
    <tr>
      <td><a href='https://www.isrctn.com/ISRCTN10334895' target='_blank'><div>ISRCTN10334895</div></a></td>
      <td>Cannabidiol for the treatment of patients at a high-risk of psychosis</td>
      <td>Mental and Behavioural Disorders</td>
      <td>Adult</td>
      <td>300</td>
    </tr>
    <tr>
      <td><a href='https://www.isrctn.com/ISRCTN01338071' target='_blank'><div>ISRCTN01338071</div></a></td>
      <td>Injectable versus oral opioid maintenance treatment for heroin addicts curr...</td>
      <td>Mental and Behavioural Disorders</td>
      <td>Adult</td>
      <td>150</td>
    </tr>
    <tr>
      <td><a href='https://www.isrctn.com/ISRCTN01338071' target='_blank'><div>ISRCTN01338071</div></a></td>
      <td>Injectable versus oral opioid maintenance treatment for heroin addicts curr...</td>
      <td>Mental and Behavioural Disorders</td>
      <td>Adult</td>
      <td>150</td>
    </tr>
    <tr>
      <td><a href='https://www.isrctn.com/ISRCTN87895237' target='_blank'><div>ISRCTN87895237</div></a></td>
      <td>Multi-centre trial of cannabidiol (CBD) for the treatment of Parkinson's di...</td>
      <td>Mental and Behavioural Disorders</td>
      <td>Adult</td>
      <td>144</td>
    </tr>
    <tr>
      <td><a href='https://www.isrctn.com/ISRCTN87895237' target='_blank'><div>ISRCTN87895237</div></a></td>
      <td>Multi-centre trial of cannabidiol (CBD) for the treatment of Parkinson's di...</td>
      <td>Mental and Behavioural Disorders</td>
      <td>Adult</td>
      <td>144</td>
    </tr>
  </tbody>
</table>"
1040,-383598.85008274193,7426981.647445807,NHS Dumfries and Galloway,55.3341085,-3.4459271,1.0,1.0,"<table border=""1"" class=""dataframe"">
  <thead>
    <tr style=""text-align: left;"">
      <th>ISRCTN link</th>
      <th>Title</th>
      <th>Condition category</th>
      <th>Age group</th>
      <th>Target number of participants</th>
    </tr>
  </thead>
  <tbody>
    <tr>
      <td><a href='https://www.isrctn.com/ISRCTN22361928' target='_blank'><div>ISRCTN22361928</div></a></td>
      <td>Does a bolus of ketamine and magnesium at induction improve postoperative a...</td>
      <td>Signs and Symptoms</td>
      <td>Adult</td>
      <td>90</td>
    </tr>
  </tbody>
</table>"
1041,-375510.1977705174,6979551.804293544,Conwy and Denbighshire NHS Trust,52.9813656,-3.3732655,1.0,1.0,"<table border=""1"" class=""dataframe"">
  <thead>
    <tr style=""text-align: left;"">
      <th>ISRCTN link</th>
      <th>Title</th>
      <th>Condition category</th>
      <th>Age group</th>
      <th>Target number of participants</th>
    </tr>
  </thead>
  <tbody>
    <tr>
      <td><a href='https://www.isrctn.com/ISRCTN59158409' target='_blank'><div>ISRCTN59158409</div></a></td>
      <td>Radiotherapy, Irinotecan, Capecitabine then Excision for locally advanced r...</td>
      <td>Cancer</td>
      <td>Adult</td>
      <td>142</td>
    </tr>
  </tbody>
</table>"
1045,-202983.744375142,6576838.8780004475,Royal Bournemouth and Christchurch Hospitals NHS Foundation Trust,50.7480032,-1.823434,1.0,1.0,"<table border=""1"" class=""dataframe"">
  <thead>
    <tr style=""text-align: left;"">
      <th>ISRCTN link</th>
      <th>Title</th>
      <th>Condition category</th>
      <th>Age group</th>
      <th>Target number of participants</th>
    </tr>
  </thead>
  <tbody>
    <tr>
      <td><a href='https://www.isrctn.com/ISRCTN17309312' target='_blank'><div>ISRCTN17309312</div></a></td>
      <td>Isoprenaline infusion as a method of induction of atrial fibrillation</td>
      <td>Circulatory System</td>
      <td>Adult</td>
      <td>235</td>
    </tr>
  </tbody>
</table>"
1050,-697206.3273017504,7045978.934724525,Royal College of Surgeons in Ireland,53.3391467,-6.263110999999999,1.0,1.0,"<table border=""1"" class=""dataframe"">
  <thead>
    <tr style=""text-align: left;"">
      <th>ISRCTN link</th>
      <th>Title</th>
      <th>Condition category</th>
      <th>Age group</th>
      <th>Target number of participants</th>
    </tr>
  </thead>
  <tbody>
    <tr>
      <td><a href='https://www.isrctn.com/ISRCTN53454974' target='_blank'><div>ISRCTN53454974</div></a></td>
      <td>Real world health outcomes in people with cystic fibrosis after initiation ...</td>
      <td>Nutritional, Metabolic, Endocrine</td>
      <td>Mixed</td>
      <td>237</td>
    </tr>
  </tbody>
</table>"
1051,34321.07918571037,6647741.357768431,Maidstone and Tunbridge Wells NHS Trust,51.1492751,0.3083115,1.0,1.0,"<table border=""1"" class=""dataframe"">
  <thead>
    <tr style=""text-align: left;"">
      <th>ISRCTN link</th>
      <th>Title</th>
      <th>Condition category</th>
      <th>Age group</th>
      <th>Target number of participants</th>
    </tr>
  </thead>
  <tbody>
    <tr>
      <td><a href='https://www.isrctn.com/ISRCTN27242710' target='_blank'><div>ISRCTN27242710</div></a></td>
      <td>A phase II trial of docetaxel in the treatment of elderly patients (aged 70...</td>
      <td>Cancer</td>
      <td>Senior</td>
      <td>55</td>
    </tr>
  </tbody>
</table>"
1052,16600423.240729248,-4202313.198595031,National Health and Medical Research Council (NHMRC) (Australia),-35.2823156,149.1241392,1.0,1.0,"<table border=""1"" class=""dataframe"">
  <thead>
    <tr style=""text-align: left;"">
      <th>ISRCTN link</th>
      <th>Title</th>
      <th>Condition category</th>
      <th>Age group</th>
      <th>Target number of participants</th>
    </tr>
  </thead>
  <tbody>
    <tr>
      <td><a href='https://www.isrctn.com/ISRCTN73916115' target='_blank'><div>ISRCTN73916115</div></a></td>
      <td>The second intensive blood pressure reduction in acute cerebral haemorrhage...</td>
      <td>Circulatory System</td>
      <td>Adult</td>
      <td>2839</td>
    </tr>
  </tbody>
</table>"
1067,20893.555226989516,6833633.214348623,Cambridgeshire and Peterborough NHS Foundation Trust,52.184934,0.18769,1.0,1.0,"<table border=""1"" class=""dataframe"">
  <thead>
    <tr style=""text-align: left;"">
      <th>ISRCTN link</th>
      <th>Title</th>
      <th>Condition category</th>
      <th>Age group</th>
      <th>Target number of participants</th>
    </tr>
  </thead>
  <tbody>
    <tr>
      <td><a href='https://www.isrctn.com/ISRCTN44411633' target='_blank'><div>ISRCTN44411633</div></a></td>
      <td>Antidepressant trial of a novel P2X7 receptor blocker JNJ-54175446</td>
      <td>Mental and Behavioural Disorders</td>
      <td>Adult</td>
      <td>142</td>
    </tr>
  </tbody>
</table>"
1069,-181982.13131843947,7363094.539800646,"Cumbria, Northumberland, Tyne and Wear NHS Foundation Trust",55.006329,-1.6347733,2.0,5.306765580733931,"<table border=""1"" class=""dataframe"">
  <thead>
    <tr style=""text-align: left;"">
      <th>ISRCTN link</th>
      <th>Title</th>
      <th>Condition category</th>
      <th>Age group</th>
      <th>Target number of participants</th>
    </tr>
  </thead>
  <tbody>
    <tr>
      <td><a href='https://www.isrctn.com/ISRCTN27649427' target='_blank'><div>ISRCTN27649427</div></a></td>
      <td>Efficacy of mifepristone in the treatment of bipolar depression</td>
      <td>Mental and Behavioural Disorders</td>
      <td>Adult</td>
      <td>100</td>
    </tr>
    <tr>
      <td><a href='https://www.isrctn.com/ISRCTN72151939' target='_blank'><div>ISRCTN72151939</div></a></td>
      <td>Pramipexole trial for bipolar depression</td>
      <td>Mental and Behavioural Disorders</td>
      <td>Adult</td>
      <td>290</td>
    </tr>
  </tbody>
</table>"
1070,-657279.8442127374,7277406.31211963,Belfast Health and Social Care Trust (BHSCT),54.5624542,-5.9044453,1.0,1.0,"<table border=""1"" class=""dataframe"">
  <thead>
    <tr style=""text-align: left;"">
      <th>ISRCTN link</th>
      <th>Title</th>
      <th>Condition category</th>
      <th>Age group</th>
      <th>Target number of participants</th>
    </tr>
  </thead>
  <tbody>
    <tr>
      <td><a href='https://www.isrctn.com/ISRCTN58790500' target='_blank'><div>ISRCTN58790500</div></a></td>
      <td>Investigating the influence of intravenous and oral tranexamic acid on bloo...</td>
      <td>Musculoskeletal Diseases</td>
      <td>Adult</td>
      <td>932</td>
    </tr>
  </tbody>
</table>"
1074,-478175.4107868967,7532026.686837495,NHS Greater Glasgow and Clyde and University of Glasgow,55.8672124,-4.2955228,4.0,9.613531161467861,"<table border=""1"" class=""dataframe"">
  <thead>
    <tr style=""text-align: left;"">
      <th>ISRCTN link</th>
      <th>Title</th>
      <th>Condition category</th>
      <th>Age group</th>
      <th>Target number of participants</th>
    </tr>
  </thead>
  <tbody>
    <tr>
      <td><a href='https://www.isrctn.com/ISRCTN12437565' target='_blank'><div>ISRCTN12437565</div></a></td>
      <td>The effects of anaesthesia on neurodevelopmental outcome and apnoea in infa...</td>
      <td>Digestive System</td>
      <td>Neonate</td>
      <td>660</td>
    </tr>
    <tr>
      <td><a href='https://www.isrctn.com/ISRCTN12437565' target='_blank'><div>ISRCTN12437565</div></a></td>
      <td>The effects of anaesthesia on neurodevelopmental outcome and apnoea in infa...</td>
      <td>Digestive System</td>
      <td>Neonate</td>
      <td>660</td>
    </tr>
    <tr>
      <td><a href='https://www.isrctn.com/ISRCTN51253312' target='_blank'><div>ISRCTN51253312</div></a></td>
      <td>Olaparib and radiotherapy or olaparib and radiotherapy plus temozolomide in...</td>
      <td>Cancer</td>
      <td>Adult</td>
      <td>50</td>
    </tr>
    <tr>
      <td><a href='https://www.isrctn.com/ISRCTN51253312' target='_blank'><div>ISRCTN51253312</div></a></td>
      <td>Olaparib and radiotherapy or olaparib and radiotherapy plus temozolomide in...</td>
      <td>Cancer</td>
      <td>Adult</td>
      <td>50</td>
    </tr>
  </tbody>
</table>"
1077,-248229.47348442452,7069320.880100813,National Primary Care Research and Development Centre (NPCRDC),53.46416070000001,-2.2298833,1.0,1.0,"<table border=""1"" class=""dataframe"">
  <thead>
    <tr style=""text-align: left;"">
      <th>ISRCTN link</th>
      <th>Title</th>
      <th>Condition category</th>
      <th>Age group</th>
      <th>Target number of participants</th>
    </tr>
  </thead>
  <tbody>
    <tr>
      <td><a href='https://www.isrctn.com/ISRCTN25817033' target='_blank'><div>ISRCTN25817033</div></a></td>
      <td>The Shoulder Window of Opportunity Study</td>
      <td>Injury, Occupational Diseases, Poisoning</td>
      <td>Adult</td>
      <td>220</td>
    </tr>
  </tbody>
</table>"
1078,-23581.98772134155,6786435.093397633,East and North Hertfordshire NHS Trust,51.92422029999999,-0.2118406,5.0,11.0,"<table border=""1"" class=""dataframe"">
  <thead>
    <tr style=""text-align: left;"">
      <th>ISRCTN link</th>
      <th>Title</th>
      <th>Condition category</th>
      <th>Age group</th>
      <th>Target number of participants</th>
    </tr>
  </thead>
  <tbody>
    <tr>
      <td><a href='https://www.isrctn.com/ISRCTN08193901' target='_blank'><div>ISRCTN08193901</div></a></td>
      <td>Dynamic contrast enhanced magnetic resonance imaging (DCE-MRI) assessment o...</td>
      <td>Cancer</td>
      <td>Adult</td>
      <td>30</td>
    </tr>
    <tr>
      <td><a href='https://www.isrctn.com/ISRCTN78985727' target='_blank'><div>ISRCTN78985727</div></a></td>
      <td>Effect of epleronone on thrombotic and thrombolytic status in heart failure...</td>
      <td>Circulatory System</td>
      <td>Adult</td>
      <td>105</td>
    </tr>
    <tr>
      <td><a href='https://www.isrctn.com/ISRCTN08912168' target='_blank'><div>ISRCTN08912168</div></a></td>
      <td>A trial of prostate radiotherapy in conjunction with carbogen and nicotinam...</td>
      <td>Cancer</td>
      <td>Adult</td>
      <td>50</td>
    </tr>
    <tr>
      <td><a href='https://www.isrctn.com/ISRCTN06146268' target='_blank'><div>ISRCTN06146268</div></a></td>
      <td>Drug treatment for depression in patients undergoing haemodialysis</td>
      <td>Mental and Behavioural Disorders</td>
      <td>Adult</td>
      <td>30</td>
    </tr>
    <tr>
      <td><a href='https://www.isrctn.com/ISRCTN06146268' target='_blank'><div>ISRCTN06146268</div></a></td>
      <td>Drug treatment for depression in patients undergoing haemodialysis</td>
      <td>Mental and Behavioural Disorders</td>
      <td>Adult</td>
      <td>30</td>
    </tr>
  </tbody>
</table>"
1084,-470404.80939181766,7511951.835509154,Controlled Therapeutics (Scotland) Ltd,55.765892,-4.2257183,2.0,5.306765580733931,"<table border=""1"" class=""dataframe"">
  <thead>
    <tr style=""text-align: left;"">
      <th>ISRCTN link</th>
      <th>Title</th>
      <th>Condition category</th>
      <th>Age group</th>
      <th>Target number of participants</th>
    </tr>
  </thead>
  <tbody>
    <tr>
      <td><a href='https://www.isrctn.com/ISRCTN15152571' target='_blank'><div>ISRCTN15152571</div></a></td>
      <td>A phase I, single-centre, open study to assess the pharmacokinetic profile ...</td>
      <td>Urological and Genital Diseases</td>
      <td>Adult</td>
      <td>10</td>
    </tr>
    <tr>
      <td><a href='https://www.isrctn.com/ISRCTN33336878' target='_blank'><div>ISRCTN33336878</div></a></td>
      <td>A phase II, double-blind, randomised, placebo-controlled, multi-centre tria...</td>
      <td>Urological and Genital Diseases</td>
      <td>Not Specified</td>
      <td>177</td>
    </tr>
  </tbody>
</table>"
1090,-1043.7760734740505,6718084.782450741,NCRI CSG and London Lung Cancer Group,51.5439649,-0.0093764,2.0,5.306765580733931,"<table border=""1"" class=""dataframe"">
  <thead>
    <tr style=""text-align: left;"">
      <th>ISRCTN link</th>
      <th>Title</th>
      <th>Condition category</th>
      <th>Age group</th>
      <th>Target number of participants</th>
    </tr>
  </thead>
  <tbody>
    <tr>
      <td><a href='https://www.isrctn.com/ISRCTN39679215' target='_blank'><div>ISRCTN39679215</div></a></td>
      <td>A Phase III Randomised comparison of Gemcitabine/Carboplatin with Cisplatin...</td>
      <td>Cancer</td>
      <td>Adult</td>
      <td>0</td>
    </tr>
    <tr>
      <td><a href='https://www.isrctn.com/ISRCTN39679215' target='_blank'><div>ISRCTN39679215</div></a></td>
      <td>A Phase III Randomised comparison of Gemcitabine/Carboplatin with Cisplatin...</td>
      <td>Cancer</td>
      <td>Adult</td>
      <td>0</td>
    </tr>
  </tbody>
</table>"
1091,-331901.41064140096,7649829.990705014,"Research and Innovation Service, University of Dundee",56.45648079999999,-2.9815211,1.0,1.0,"<table border=""1"" class=""dataframe"">
  <thead>
    <tr style=""text-align: left;"">
      <th>ISRCTN link</th>
      <th>Title</th>
      <th>Condition category</th>
      <th>Age group</th>
      <th>Target number of participants</th>
    </tr>
  </thead>
  <tbody>
    <tr>
      <td><a href='https://www.isrctn.com/ISRCTN99599132' target='_blank'><div>ISRCTN99599132</div></a></td>
      <td>Study to evaluate the efficacy, safety and tolerability of pumactant 240mg ...</td>
      <td>Surgery</td>
      <td>Adult</td>
      <td>140</td>
    </tr>
  </tbody>
</table>"
1095,-198869.9771206729,6722178.478363504,Biotechnology and Biological Sciences Research Council (BBSRC),51.5668296,-1.7864794,1.0,1.0,"<table border=""1"" class=""dataframe"">
  <thead>
    <tr style=""text-align: left;"">
      <th>ISRCTN link</th>
      <th>Title</th>
      <th>Condition category</th>
      <th>Age group</th>
      <th>Target number of participants</th>
    </tr>
  </thead>
  <tbody>
    <tr>
      <td><a href='https://www.isrctn.com/ISRCTN97515110' target='_blank'><div>ISRCTN97515110</div></a></td>
      <td>Investigating whether topical application of a non toxic molecule improves ...</td>
      <td>Skin and Connective Tissue Diseases</td>
      <td>Not Specified</td>
      <td>20</td>
    </tr>
  </tbody>
</table>"
1096,985630.2744173238,5973392.231375378,Octapharma AG (Switzerland),47.1915261,8.8540674,1.0,1.0,"<table border=""1"" class=""dataframe"">
  <thead>
    <tr style=""text-align: left;"">
      <th>ISRCTN link</th>
      <th>Title</th>
      <th>Condition category</th>
      <th>Age group</th>
      <th>Target number of participants</th>
    </tr>
  </thead>
  <tbody>
    <tr>
      <td><a href='https://www.isrctn.com/ISRCTN50040185' target='_blank'><div>ISRCTN50040185</div></a></td>
      <td>NuProtect: Immunogenicity, efficacy and safety of treatment with Human-cl r...</td>
      <td>Haematological Disorders</td>
      <td>Child</td>
      <td>100</td>
    </tr>
  </tbody>
</table>"
1098,-85494.21495736414,6593666.630328397,Worthing and Southlands Hospitals NHS Trust,50.8435533,-0.7680076,1.0,1.0,"<table border=""1"" class=""dataframe"">
  <thead>
    <tr style=""text-align: left;"">
      <th>ISRCTN link</th>
      <th>Title</th>
      <th>Condition category</th>
      <th>Age group</th>
      <th>Target number of participants</th>
    </tr>
  </thead>
  <tbody>
    <tr>
      <td><a href='https://www.isrctn.com/ISRCTN22165762' target='_blank'><div>ISRCTN22165762</div></a></td>
      <td>Efficacy of local anaesthetic transversus abdominis plane (TAP) blocks in l...</td>
      <td>Surgery</td>
      <td>Adult</td>
      <td>100</td>
    </tr>
  </tbody>
</table>"
1099,-168305.49660322143,6967862.982189752,West Midlands NHS Research and Development Executive,52.9181,-1.511914,1.0,1.0,"<table border=""1"" class=""dataframe"">
  <thead>
    <tr style=""text-align: left;"">
      <th>ISRCTN link</th>
      <th>Title</th>
      <th>Condition category</th>
      <th>Age group</th>
      <th>Target number of participants</th>
    </tr>
  </thead>
  <tbody>
    <tr>
      <td><a href='https://www.isrctn.com/ISRCTN96337233' target='_blank'><div>ISRCTN96337233</div></a></td>
      <td>A reliable assessment of the efficacy and safety of donepezil and aspirin i...</td>
      <td>Nervous System Diseases</td>
      <td>Not Specified</td>
      <td>310</td>
    </tr>
  </tbody>
</table>"
1100,-134504.00114078866,6905428.481356239,East Midlands Ambulance Service NHS Trust,52.578605,-1.20827,1.0,1.0,"<table border=""1"" class=""dataframe"">
  <thead>
    <tr style=""text-align: left;"">
      <th>ISRCTN link</th>
      <th>Title</th>
      <th>Condition category</th>
      <th>Age group</th>
      <th>Target number of participants</th>
    </tr>
  </thead>
  <tbody>
    <tr>
      <td><a href='https://www.isrctn.com/ISRCTN24016440' target='_blank'><div>ISRCTN24016440</div></a></td>
      <td>Methoxyflurane versus usual Analgesia for Prehospital Injury & Trauma</td>
      <td>Signs and Symptoms</td>
      <td>Adult</td>
      <td>1040</td>
    </tr>
  </tbody>
</table>"
1102,-7991616.269822735,5248251.628736695,Fulltec AG (Switzerland),42.5799413,-71.7899104,1.0,1.0,"<table border=""1"" class=""dataframe"">
  <thead>
    <tr style=""text-align: left;"">
      <th>ISRCTN link</th>
      <th>Title</th>
      <th>Condition category</th>
      <th>Age group</th>
      <th>Target number of participants</th>
    </tr>
  </thead>
  <tbody>
    <tr>
      <td><a href='https://www.isrctn.com/ISRCTN79136319' target='_blank'><div>ISRCTN79136319</div></a></td>
      <td>An investigation of the activity of Fulltec Anti-Lice Protector in the trea...</td>
      <td>Infections and Infestations</td>
      <td>Adult</td>
      <td>30</td>
    </tr>
  </tbody>
</table>"
1104,1000584.6676437142,5708111.501682686,Pharmacia and Upjohn,45.547384,8.988405,1.0,1.0,"<table border=""1"" class=""dataframe"">
  <thead>
    <tr style=""text-align: left;"">
      <th>ISRCTN link</th>
      <th>Title</th>
      <th>Condition category</th>
      <th>Age group</th>
      <th>Target number of participants</th>
    </tr>
  </thead>
  <tbody>
    <tr>
      <td><a href='https://www.isrctn.com/ISRCTN65684689' target='_blank'><div>ISRCTN65684689</div></a></td>
      <td>A randomised trial comparing Z-DEX with VAD as induction therapy for patien...</td>
      <td>Cancer</td>
      <td>Adult</td>
      <td>200</td>
    </tr>
  </tbody>
</table>"
1107,-9525518.914427707,4623858.1837665485,Pediatric Rheumatology International Trials Organisation (PRINTO) (Italy) and Wyeth Pharma,38.3138537,-85.5691923,2.0,5.306765580733931,"<table border=""1"" class=""dataframe"">
  <thead>
    <tr style=""text-align: left;"">
      <th>ISRCTN link</th>
      <th>Title</th>
      <th>Condition category</th>
      <th>Age group</th>
      <th>Target number of participants</th>
    </tr>
  </thead>
  <tbody>
    <tr>
      <td><a href='https://www.isrctn.com/ISRCTN18186313' target='_blank'><div>ISRCTN18186313</div></a></td>
      <td>A randomised trial of 6 months versus 12 months withdrawal of methotrexate ...</td>
      <td>Musculoskeletal Diseases</td>
      <td>Adult</td>
      <td>300</td>
    </tr>
    <tr>
      <td><a href='https://www.isrctn.com/ISRCTN18186313' target='_blank'><div>ISRCTN18186313</div></a></td>
      <td>A randomised trial of 6 months versus 12 months withdrawal of methotrexate ...</td>
      <td>Musculoskeletal Diseases</td>
      <td>Adult</td>
      <td>300</td>
    </tr>
  </tbody>
</table>"
1118,652463.7066311082,6768287.802449535,Radboud University Nijmegen Medical Centre (Netherlands),51.8235728,5.8611812,2.0,5.306765580733931,"<table border=""1"" class=""dataframe"">
  <thead>
    <tr style=""text-align: left;"">
      <th>ISRCTN link</th>
      <th>Title</th>
      <th>Condition category</th>
      <th>Age group</th>
      <th>Target number of participants</th>
    </tr>
  </thead>
  <tbody>
    <tr>
      <td><a href='https://www.isrctn.com/ISRCTN95429815' target='_blank'><div>ISRCTN95429815</div></a></td>
      <td>Risperidone in children and adolescents with aggressive behaviour</td>
      <td>Mental and Behavioural Disorders</td>
      <td>Child</td>
      <td>264</td>
    </tr>
    <tr>
      <td><a href='https://www.isrctn.com/ISRCTN95609637' target='_blank'><div>ISRCTN95609637</div></a></td>
      <td>Relapse prevention in children and adolescents with aggressive behaviour pr...</td>
      <td>Mental and Behavioural Disorders</td>
      <td>Child</td>
      <td>200</td>
    </tr>
  </tbody>
</table>"
1120,-156833.1547849464,7343031.216069204,City Hospitals Sunderland NHS Foundation Trust,54.9028353,-1.4088562,1.0,1.0,"<table border=""1"" class=""dataframe"">
  <thead>
    <tr style=""text-align: left;"">
      <th>ISRCTN link</th>
      <th>Title</th>
      <th>Condition category</th>
      <th>Age group</th>
      <th>Target number of participants</th>
    </tr>
  </thead>
  <tbody>
    <tr>
      <td><a href='https://www.isrctn.com/ISRCTN39571402' target='_blank'><div>ISRCTN39571402</div></a></td>
      <td>Influence of two local anaesthetic techniques on the survival of arterioven...</td>
      <td>Nutritional, Metabolic, Endocrine</td>
      <td>Adult</td>
      <td>220</td>
    </tr>
  </tbody>
</table>"
1122,-474638.31189058407,7531097.878083581,Tenovus Scotland,55.8625304,-4.2637485,1.0,1.0,"<table border=""1"" class=""dataframe"">
  <thead>
    <tr style=""text-align: left;"">
      <th>ISRCTN link</th>
      <th>Title</th>
      <th>Condition category</th>
      <th>Age group</th>
      <th>Target number of participants</th>
    </tr>
  </thead>
  <tbody>
    <tr>
      <td><a href='https://www.isrctn.com/ISRCTN76558770' target='_blank'><div>ISRCTN76558770</div></a></td>
      <td>The effects of spironolactone on endothelial function, autonomic function a...</td>
      <td>Circulatory System</td>
      <td>Not Specified</td>
      <td>50</td>
    </tr>
  </tbody>
</table>"
1123,-329894.95474349573,7058820.8603244005,NHS Blood and Transplant,53.4079705,-2.9634968,1.0,1.0,"<table border=""1"" class=""dataframe"">
  <thead>
    <tr style=""text-align: left;"">
      <th>ISRCTN link</th>
      <th>Title</th>
      <th>Condition category</th>
      <th>Age group</th>
      <th>Target number of participants</th>
    </tr>
  </thead>
  <tbody>
    <tr>
      <td><a href='https://www.isrctn.com/ISRCTN12845429' target='_blank'><div>ISRCTN12845429</div></a></td>
      <td>DRIVE - Desmopressin for procedures or radiological interventions</td>
      <td>Haematological Disorders</td>
      <td>Adult</td>
      <td>40</td>
    </tr>
  </tbody>
</table>"
1124,-26434.605332664585,6713146.285955423,Queen Charlotte's and Chelsea Hospital (QCCH),51.5163664,-0.2374661,1.0,1.0,"<table border=""1"" class=""dataframe"">
  <thead>
    <tr style=""text-align: left;"">
      <th>ISRCTN link</th>
      <th>Title</th>
      <th>Condition category</th>
      <th>Age group</th>
      <th>Target number of participants</th>
    </tr>
  </thead>
  <tbody>
    <tr>
      <td><a href='https://www.isrctn.com/ISRCTN78483537' target='_blank'><div>ISRCTN78483537</div></a></td>
      <td>Prostaglandin E2 vaginal gel or tablets for induction of labour at term</td>
      <td>Pregnancy and Childbirth</td>
      <td>Adult</td>
      <td>220</td>
    </tr>
  </tbody>
</table>"
1125,-203570.49827916428,6887054.614756272,Birmingham Heartlands Hospital,52.4781907,-1.8287049,1.0,1.0,"<table border=""1"" class=""dataframe"">
  <thead>
    <tr style=""text-align: left;"">
      <th>ISRCTN link</th>
      <th>Title</th>
      <th>Condition category</th>
      <th>Age group</th>
      <th>Target number of participants</th>
    </tr>
  </thead>
  <tbody>
    <tr>
      <td><a href='https://www.isrctn.com/ISRCTN47481946' target='_blank'><div>ISRCTN47481946</div></a></td>
      <td>Beta Agonist Lung Injury TrIal (BALTI) Prevention Study</td>
      <td>Cancer</td>
      <td>Adult</td>
      <td>360</td>
    </tr>
  </tbody>
</table>"
1126,974630.3947818736,5975147.376232184,Xytis Pharmaceuticals Sàrl (Switzerland),47.2022393,8.7552538,1.0,1.0,"<table border=""1"" class=""dataframe"">
  <thead>
    <tr style=""text-align: left;"">
      <th>ISRCTN link</th>
      <th>Title</th>
      <th>Condition category</th>
      <th>Age group</th>
      <th>Target number of participants</th>
    </tr>
  </thead>
  <tbody>
    <tr>
      <td><a href='https://www.isrctn.com/ISRCTN23625128' target='_blank'><div>ISRCTN23625128</div></a></td>
      <td>A phase II, randomised, double-blind, placebo-controlled, dose-finding, saf...</td>
      <td>Nervous System Diseases</td>
      <td>Adult</td>
      <td>500</td>
    </tr>
  </tbody>
</table>"
1127,959923.4313876692,6483837.996352659,Fresenius Kabi Deutschland GmbH (Germany),50.2164046,8.623138899999999,2.0,5.306765580733931,"<table border=""1"" class=""dataframe"">
  <thead>
    <tr style=""text-align: left;"">
      <th>ISRCTN link</th>
      <th>Title</th>
      <th>Condition category</th>
      <th>Age group</th>
      <th>Target number of participants</th>
    </tr>
  </thead>
  <tbody>
    <tr>
      <td><a href='https://www.isrctn.com/ISRCTN39632561' target='_blank'><div>ISRCTN39632561</div></a></td>
      <td>A double-blind, randomised study comparing the safety and tolerance of SMOF...</td>
      <td>Nutritional, Metabolic, Endocrine</td>
      <td>Adult</td>
      <td>96</td>
    </tr>
    <tr>
      <td><a href='https://www.isrctn.com/ISRCTN27438588' target='_blank'><div>ISRCTN27438588</div></a></td>
      <td>Early enteral supply of Intestamin® in severe sepsis and its influence on o...</td>
      <td>Infections and Infestations</td>
      <td>Adult</td>
      <td>52</td>
    </tr>
  </tbody>
</table>"
1130,-700924.6320651764,7046007.8890177095,St James Hospital (Ireland),53.339302,-6.296513099999999,1.0,1.0,"<table border=""1"" class=""dataframe"">
  <thead>
    <tr style=""text-align: left;"">
      <th>ISRCTN link</th>
      <th>Title</th>
      <th>Condition category</th>
      <th>Age group</th>
      <th>Target number of participants</th>
    </tr>
  </thead>
  <tbody>
    <tr>
      <td><a href='https://www.isrctn.com/ISRCTN14485052' target='_blank'><div>ISRCTN14485052</div></a></td>
      <td>A trial of Nilvadipine in mild to moderate Alzheimer's disease</td>
      <td>Nervous System Diseases</td>
      <td>Adult</td>
      <td>500</td>
    </tr>
  </tbody>
</table>"
1132,-659067.156561067,7285961.492658176,Food Standards Agency,54.6069901,-5.920501,1.0,1.0,"<table border=""1"" class=""dataframe"">
  <thead>
    <tr style=""text-align: left;"">
      <th>ISRCTN link</th>
      <th>Title</th>
      <th>Condition category</th>
      <th>Age group</th>
      <th>Target number of participants</th>
    </tr>
  </thead>
  <tbody>
    <tr>
      <td><a href='https://www.isrctn.com/ISRCTN50011192' target='_blank'><div>ISRCTN50011192</div></a></td>
      <td>A dose response study of the effects of increased fruit and vegetables inta...</td>
      <td>Circulatory System</td>
      <td>Adult</td>
      <td>48</td>
    </tr>
  </tbody>
</table>"
1133,-11194.265730273433,6710744.372733879,Guy's and St Thomas' Charity,51.50293740000001,-0.1005598,2.0,5.306765580733931,"<table border=""1"" class=""dataframe"">
  <thead>
    <tr style=""text-align: left;"">
      <th>ISRCTN link</th>
      <th>Title</th>
      <th>Condition category</th>
      <th>Age group</th>
      <th>Target number of participants</th>
    </tr>
  </thead>
  <tbody>
    <tr>
      <td><a href='https://www.isrctn.com/ISRCTN73774524' target='_blank'><div>ISRCTN73774524</div></a></td>
      <td>A Pilot Randomised controlled trial of Methotrexate for Chronic Inflammator...</td>
      <td>Nervous System Diseases</td>
      <td>Adult</td>
      <td>62</td>
    </tr>
    <tr>
      <td><a href='https://www.isrctn.com/ISRCTN73774524' target='_blank'><div>ISRCTN73774524</div></a></td>
      <td>A Pilot Randomised controlled trial of Methotrexate for Chronic Inflammator...</td>
      <td>Nervous System Diseases</td>
      <td>Adult</td>
      <td>62</td>
    </tr>
  </tbody>
</table>"
1150,945652.3951194114,6434035.64946481,Procter and Gamble Pharmaceuticals (USA),49.92927,8.49494,1.0,1.0,"<table border=""1"" class=""dataframe"">
  <thead>
    <tr style=""text-align: left;"">
      <th>ISRCTN link</th>
      <th>Title</th>
      <th>Condition category</th>
      <th>Age group</th>
      <th>Target number of participants</th>
    </tr>
  </thead>
  <tbody>
    <tr>
      <td><a href='https://www.isrctn.com/ISRCTN01928173' target='_blank'><div>ISRCTN01928173</div></a></td>
      <td>British study of Risedronate In Structure and symptoms of Knee osteoarthrit...</td>
      <td>Musculoskeletal Diseases</td>
      <td>Adult</td>
      <td>285</td>
    </tr>
  </tbody>
</table>"
1154,840058.3774322101,6033484.69689714,Actelion Pharmaceuticals Ltd (Switzerland),47.5570932,7.546372799999999,1.0,1.0,"<table border=""1"" class=""dataframe"">
  <thead>
    <tr style=""text-align: left;"">
      <th>ISRCTN link</th>
      <th>Title</th>
      <th>Condition category</th>
      <th>Age group</th>
      <th>Target number of participants</th>
    </tr>
  </thead>
  <tbody>
    <tr>
      <td><a href='https://www.isrctn.com/ISRCTN26761144' target='_blank'><div>ISRCTN26761144</div></a></td>
      <td>A phase I/II randomised control study of OGT 918 in patients with Niemann-P...</td>
      <td>Nervous System Diseases</td>
      <td>Other</td>
      <td>41</td>
    </tr>
  </tbody>
</table>"
1155,-224755.88868321746,7161772.340170884,North Yorkshire and York Primary Care Trust,53.9557078,-2.0190165,1.0,1.0,"<table border=""1"" class=""dataframe"">
  <thead>
    <tr style=""text-align: left;"">
      <th>ISRCTN link</th>
      <th>Title</th>
      <th>Condition category</th>
      <th>Age group</th>
      <th>Target number of participants</th>
    </tr>
  </thead>
  <tbody>
    <tr>
      <td><a href='https://www.isrctn.com/ISRCTN77884120' target='_blank'><div>ISRCTN77884120</div></a></td>
      <td>Melatonin treatment for sleep problems in children with autism: a randomise...</td>
      <td>Mental and Behavioural Disorders</td>
      <td>Child</td>
      <td>32</td>
    </tr>
  </tbody>
</table>"
1157,-8385036.627071135,5025804.736372702,sanofi-aventis Oy (Finland),41.091212,-75.3240656,1.0,1.0,"<table border=""1"" class=""dataframe"">
  <thead>
    <tr style=""text-align: left;"">
      <th>ISRCTN link</th>
      <th>Title</th>
      <th>Condition category</th>
      <th>Age group</th>
      <th>Target number of participants</th>
    </tr>
  </thead>
  <tbody>
    <tr>
      <td><a href='https://www.isrctn.com/ISRCTN09079822' target='_blank'><div>ISRCTN09079822</div></a></td>
      <td>INITIATE (INITiate Insulin by Aggressive Titration and Education): a random...</td>
      <td>Nutritional, Metabolic, Endocrine</td>
      <td>Adult</td>
      <td>120</td>
    </tr>
  </tbody>
</table>"
1164,496057.01681539085,6594952.95891449,European Organisation for Research and Treatment of Cancer (EORTC) (Belgium),50.8508492,4.456156,4.0,9.613531161467861,"<table border=""1"" class=""dataframe"">
  <thead>
    <tr style=""text-align: left;"">
      <th>ISRCTN link</th>
      <th>Title</th>
      <th>Condition category</th>
      <th>Age group</th>
      <th>Target number of participants</th>
    </tr>
  </thead>
  <tbody>
    <tr>
      <td><a href='https://www.isrctn.com/ISRCTN58579496' target='_blank'><div>ISRCTN58579496</div></a></td>
      <td>First prospective Intergroup Translational Research Trial of the potential ...</td>
      <td>Cancer</td>
      <td>Adult</td>
      <td>1850</td>
    </tr>
    <tr>
      <td><a href='https://www.isrctn.com/ISRCTN18543567' target='_blank'><div>ISRCTN18543567</div></a></td>
      <td>MINDACT (Microarray In Node-negative Disease may Avoid Chemotherapy): a pro...</td>
      <td>Cancer</td>
      <td>Adult</td>
      <td>6000</td>
    </tr>
    <tr>
      <td><a href='https://www.isrctn.com/ISRCTN78982321' target='_blank'><div>ISRCTN78982321</div></a></td>
      <td>A multicentre randomised study of dose-intensive chemotherapy as primary tr...</td>
      <td>Cancer</td>
      <td>Adult</td>
      <td>400</td>
    </tr>
    <tr>
      <td><a href='https://www.isrctn.com/ISRCTN81939169' target='_blank'><div>ISRCTN81939169</div></a></td>
      <td>Marrow-ablative chemotherapy and autologous stem cell transplantation follo...</td>
      <td>Cancer</td>
      <td>Adult</td>
      <td>469</td>
    </tr>
  </tbody>
</table>"
1166,551692.7394659144,6854472.438080904,EuroVacc Foundation (Switzerland),52.2995622,4.9559402,1.0,1.0,"<table border=""1"" class=""dataframe"">
  <thead>
    <tr style=""text-align: left;"">
      <th>ISRCTN link</th>
      <th>Title</th>
      <th>Condition category</th>
      <th>Age group</th>
      <th>Target number of participants</th>
    </tr>
  </thead>
  <tbody>
    <tr>
      <td><a href='https://www.isrctn.com/ISRCTN20946776' target='_blank'><div>ISRCTN20946776</div></a></td>
      <td>A phase I/II trial to compare the immunogenicity and safety of three DNA C ...</td>
      <td>Infections and Infestations</td>
      <td>Adult</td>
      <td>140</td>
    </tr>
  </tbody>
</table>"
1169,-192795.5730707091,7350843.518809589,Northern Research and Development,54.9431656,-1.7319121,1.0,1.0,"<table border=""1"" class=""dataframe"">
  <thead>
    <tr style=""text-align: left;"">
      <th>ISRCTN link</th>
      <th>Title</th>
      <th>Condition category</th>
      <th>Age group</th>
      <th>Target number of participants</th>
    </tr>
  </thead>
  <tbody>
    <tr>
      <td><a href='https://www.isrctn.com/ISRCTN16638426' target='_blank'><div>ISRCTN16638426</div></a></td>
      <td>A Multicentre Randomised Feasibility Study of Adjuvant Chemotherapy (CT) fo...</td>
      <td>Cancer</td>
      <td>Not Specified</td>
      <td>0</td>
    </tr>
  </tbody>
</table>"
1175,-246388.30476644918,6983711.966334464,University Hospitals North Midlands (UHNM) NHS Trust,53.0038601,-2.2133438,1.0,1.0,"<table border=""1"" class=""dataframe"">
  <thead>
    <tr style=""text-align: left;"">
      <th>ISRCTN link</th>
      <th>Title</th>
      <th>Condition category</th>
      <th>Age group</th>
      <th>Target number of participants</th>
    </tr>
  </thead>
  <tbody>
    <tr>
      <td><a href='https://www.isrctn.com/ISRCTN14124645' target='_blank'><div>ISRCTN14124645</div></a></td>
      <td>Metoclopramide and selective oral decontamination for avoiding pneumonia af...</td>
      <td>Circulatory System</td>
      <td>Adult</td>
      <td>1160</td>
    </tr>
  </tbody>
</table>"
1180,-14990.371685814855,6714373.092714989,Cancer Research UK and UCL Cancer Trials Centre,51.5232239,-0.1346608,2.0,5.306765580733931,"<table border=""1"" class=""dataframe"">
  <thead>
    <tr style=""text-align: left;"">
      <th>ISRCTN link</th>
      <th>Title</th>
      <th>Condition category</th>
      <th>Age group</th>
      <th>Target number of participants</th>
    </tr>
  </thead>
  <tbody>
    <tr>
      <td><a href='https://www.isrctn.com/ISRCTN09351447' target='_blank'><div>ISRCTN09351447</div></a></td>
      <td>ARISTOTLE: a phase III trial comparing standard versus novel chemoradiation...</td>
      <td>Cancer</td>
      <td>Adult</td>
      <td>600</td>
    </tr>
    <tr>
      <td><a href='https://www.isrctn.com/ISRCTN09351447' target='_blank'><div>ISRCTN09351447</div></a></td>
      <td>ARISTOTLE: a phase III trial comparing standard versus novel chemoradiation...</td>
      <td>Cancer</td>
      <td>Adult</td>
      <td>600</td>
    </tr>
  </tbody>
</table>"
1181,-173029.88466053887,7131970.095234352,Northern and Yorkshire Clinical Trials and Research Unit,53.7978819,-1.5543539,1.0,1.0,"<table border=""1"" class=""dataframe"">
  <thead>
    <tr style=""text-align: left;"">
      <th>ISRCTN link</th>
      <th>Title</th>
      <th>Condition category</th>
      <th>Age group</th>
      <th>Target number of participants</th>
    </tr>
  </thead>
  <tbody>
    <tr>
      <td><a href='https://www.isrctn.com/ISRCTN91918581' target='_blank'><div>ISRCTN91918581</div></a></td>
      <td>A randomised study to assess whether the administration of amifostine with ...</td>
      <td>Cancer</td>
      <td>Adult</td>
      <td>0</td>
    </tr>
  </tbody>
</table>"
1186,-135585.08037562756,6757334.239509386,Nuffield Dept of Obstetrics and Gynaecology,51.7627137,-1.2179815,1.0,1.0,"<table border=""1"" class=""dataframe"">
  <thead>
    <tr style=""text-align: left;"">
      <th>ISRCTN link</th>
      <th>Title</th>
      <th>Condition category</th>
      <th>Age group</th>
      <th>Target number of participants</th>
    </tr>
  </thead>
  <tbody>
    <tr>
      <td><a href='https://www.isrctn.com/ISRCTN11011373' target='_blank'><div>ISRCTN11011373</div></a></td>
      <td>Inhaled furosemide for dyspnoea relief</td>
      <td>Circulatory System</td>
      <td>Adult</td>
      <td>12</td>
    </tr>
  </tbody>
</table>"
1187,-197482.71362640715,6875944.239443836,Birmingham and Solihull Mental Health Trust,52.4173604,-1.7740174,1.0,1.0,"<table border=""1"" class=""dataframe"">
  <thead>
    <tr style=""text-align: left;"">
      <th>ISRCTN link</th>
      <th>Title</th>
      <th>Condition category</th>
      <th>Age group</th>
      <th>Target number of participants</th>
    </tr>
  </thead>
  <tbody>
    <tr>
      <td><a href='https://www.isrctn.com/ISRCTN16782845' target='_blank'><div>ISRCTN16782845</div></a></td>
      <td>A randomised, double-blind, placebo-controlled, cross-over pilot study usin...</td>
      <td>Nervous System Diseases</td>
      <td>Adult</td>
      <td>0</td>
    </tr>
  </tbody>
</table>"
1192,-14827.812031357762,6709852.226837003,Department of Health,51.49794844005473,-0.13320050177820006,162.0,32.611013360173345,"<table border=""1"" class=""dataframe"">
  <thead>
    <tr style=""text-align: left;"">
      <th>ISRCTN link</th>
      <th>Title</th>
      <th>Condition category</th>
      <th>Age group</th>
      <th>Target number of participants</th>
    </tr>
  </thead>
  <tbody>
    <tr>
      <td><a href='https://www.isrctn.com/ISRCTN09267489' target='_blank'><div>ISRCTN09267489</div></a></td>
      <td>A randomised controlled trial to investigate the effectiveness of the healt...</td>
      <td>Mental and Behavioural Disorders</td>
      <td>Adult</td>
      <td>480</td>
    </tr>
    <tr>
      <td><a href='https://www.isrctn.com/ISRCTN31432640' target='_blank'><div>ISRCTN31432640</div></a></td>
      <td>Randomised double-blind, placebo-controlled trial of selenium supplementati...</td>
      <td>Respiratory</td>
      <td>Adult</td>
      <td>200</td>
    </tr>
    <tr>
      <td><a href='https://www.isrctn.com/ISRCTN54256247' target='_blank'><div>ISRCTN54256247</div></a></td>
      <td>A randomised controlled trial to evaluate topical 10% metronidazole ointmen...</td>
      <td>Digestive System</td>
      <td>Not Specified</td>
      <td>30</td>
    </tr>
    <tr>
      <td><a href='https://www.isrctn.com/ISRCTN24521269' target='_blank'><div>ISRCTN24521269</div></a></td>
      <td>Randomised controlled trial of injection of botulinum toxin into the intern...</td>
      <td>Digestive System</td>
      <td>Child</td>
      <td>80</td>
    </tr>
    <tr>
      <td><a href='https://www.isrctn.com/ISRCTN28389872' target='_blank'><div>ISRCTN28389872</div></a></td>
      <td>Treatment with doxycycline to promote the healing of chronic venous ulcer a...</td>
      <td>Circulatory System</td>
      <td>Not Specified</td>
      <td>60</td>
    </tr>
    <tr>
      <td><a href='https://www.isrctn.com/ISRCTN93119886' target='_blank'><div>ISRCTN93119886</div></a></td>
      <td>The Effect of Subcutaneous Ghrelin On Appetite And Nutritional Status In Pa...</td>
      <td>Urological and Genital Diseases</td>
      <td>Not Specified</td>
      <td>12</td>
    </tr>
    <tr>
      <td><a href='https://www.isrctn.com/ISRCTN57267165' target='_blank'><div>ISRCTN57267165</div></a></td>
      <td>Effect of Testosterone replacement on glycaemic control and insulin sensiti...</td>
      <td>Nutritional, Metabolic, Endocrine</td>
      <td>Not Specified</td>
      <td>20</td>
    </tr>
    <tr>
      <td><a href='https://www.isrctn.com/ISRCTN22203853' target='_blank'><div>ISRCTN22203853</div></a></td>
      <td>A balanced randomised controlled trial to examine the usefulness of alginat...</td>
      <td>Oral Health</td>
      <td>Not Specified</td>
      <td>100</td>
    </tr>
    <tr>
      <td><a href='https://www.isrctn.com/ISRCTN18556628' target='_blank'><div>ISRCTN18556628</div></a></td>
      <td>A study to establish the efficacy of dexamethasone used in combination with...</td>
      <td>Signs and Symptoms</td>
      <td>Adult</td>
      <td>150</td>
    </tr>
    <tr>
      <td><a href='https://www.isrctn.com/ISRCTN27307877' target='_blank'><div>ISRCTN27307877</div></a></td>
      <td>Trisodium citrate versus heparin for locking tunnelled haemodialysis cathet...</td>
      <td>Urological and Genital Diseases</td>
      <td>Not Specified</td>
      <td>0</td>
    </tr>
    <tr>
      <td><a href='https://www.isrctn.com/ISRCTN43363116' target='_blank'><div>ISRCTN43363116</div></a></td>
      <td>Effects of tranexamic acid in total knee arthroplasty - pilot study</td>
      <td>Surgery</td>
      <td>Not Specified</td>
      <td>30</td>
    </tr>
    <tr>
      <td><a href='https://www.isrctn.com/ISRCTN60349285' target='_blank'><div>ISRCTN60349285</div></a></td>
      <td>A comparison of midazolam with fentanyl or pethidine as a sedation for colo...</td>
      <td>Surgery</td>
      <td>Not Specified</td>
      <td>2000</td>
    </tr>
    <tr>
      <td><a href='https://www.isrctn.com/ISRCTN43185756' target='_blank'><div>ISRCTN43185756</div></a></td>
      <td>Comparative study between intraarticular ostenil versus orthovisc</td>
      <td>Musculoskeletal Diseases</td>
      <td>Not Specified</td>
      <td>146</td>
    </tr>
    <tr>
      <td><a href='https://www.isrctn.com/ISRCTN70152691' target='_blank'><div>ISRCTN70152691</div></a></td>
      <td>A comparison of the effectiveness of prostaglandin gel and tablet preparati...</td>
      <td>Pregnancy and Childbirth</td>
      <td>Adult</td>
      <td>165</td>
    </tr>
    <tr>
      <td><a href='https://www.isrctn.com/ISRCTN72696261' target='_blank'><div>ISRCTN72696261</div></a></td>
      <td>The effect of administration of Lactobacillus casei culture in hospitalised...</td>
      <td>Digestive System</td>
      <td>Not Specified</td>
      <td>120</td>
    </tr>
    <tr>
      <td><a href='https://www.isrctn.com/ISRCTN40219386' target='_blank'><div>ISRCTN40219386</div></a></td>
      <td>Randomised, double-blind and controlled trial of lumbar microdiscectomies a...</td>
      <td>Surgery</td>
      <td>Adult</td>
      <td>50</td>
    </tr>
    <tr>
      <td><a href='https://www.isrctn.com/ISRCTN46112469' target='_blank'><div>ISRCTN46112469</div></a></td>
      <td>A comparative pharmacokinetic study: 5 Fluorouracil (5FU) provided as patie...</td>
      <td>Cancer</td>
      <td>Not Specified</td>
      <td>26</td>
    </tr>
    <tr>
      <td><a href='https://www.isrctn.com/ISRCTN61466073' target='_blank'><div>ISRCTN61466073</div></a></td>
      <td>A prospective randomised double-blind controlled trial for efficacy of lign...</td>
      <td>Surgery</td>
      <td>Not Specified</td>
      <td>60</td>
    </tr>
    <tr>
      <td><a href='https://www.isrctn.com/ISRCTN02258149' target='_blank'><div>ISRCTN02258149</div></a></td>
      <td>The value of plugging percutaneous biliary drain tracts following drain rem...</td>
      <td>Digestive System</td>
      <td>Adult</td>
      <td>30</td>
    </tr>
    <tr>
      <td><a href='https://www.isrctn.com/ISRCTN54176811' target='_blank'><div>ISRCTN54176811</div></a></td>
      <td>Randomised double blind placebo controlled trial of the efficacy of gabapen...</td>
      <td>Signs and Symptoms</td>
      <td>Not Specified</td>
      <td>0</td>
    </tr>
    <tr>
      <td><a href='https://www.isrctn.com/ISRCTN71503461' target='_blank'><div>ISRCTN71503461</div></a></td>
      <td>The effect of nerve sparing anterior resection on erectile function and the...</td>
      <td>Urological and Genital Diseases</td>
      <td>Adult</td>
      <td>0</td>
    </tr>
    <tr>
      <td><a href='https://www.isrctn.com/ISRCTN12132224' target='_blank'><div>ISRCTN12132224</div></a></td>
      <td>A RCT investigation: paracetamol and ibruprofen in paediatric patients for ...</td>
      <td>Oral Health</td>
      <td>Child</td>
      <td>188</td>
    </tr>
    <tr>
      <td><a href='https://www.isrctn.com/ISRCTN84503991' target='_blank'><div>ISRCTN84503991</div></a></td>
      <td>The actions of phloridzin on sodium ion transporters and potential differen...</td>
      <td>Respiratory</td>
      <td>Not Specified</td>
      <td>10</td>
    </tr>
    <tr>
      <td><a href='https://www.isrctn.com/ISRCTN46173989' target='_blank'><div>ISRCTN46173989</div></a></td>
      <td>Combination drug treatment in moderate-to-severe essential hypertension</td>
      <td>Circulatory System</td>
      <td>Not Specified</td>
      <td>20</td>
    </tr>
    <tr>
      <td><a href='https://www.isrctn.com/ISRCTN11623624' target='_blank'><div>ISRCTN11623624</div></a></td>
      <td>Ginger (Zingiber officinale) as anti-emetic prophylaxis for chemotherapy-in...</td>
      <td>Signs and Symptoms</td>
      <td>Not Specified</td>
      <td>118</td>
    </tr>
    <tr>
      <td><a href='https://www.isrctn.com/ISRCTN58811572' target='_blank'><div>ISRCTN58811572</div></a></td>
      <td>Randomised, double-blind, placebo controlled, study to evaluate the safety ...</td>
      <td>Nervous System Diseases</td>
      <td>Not Specified</td>
      <td>40</td>
    </tr>
    <tr>
      <td><a href='https://www.isrctn.com/ISRCTN54481540' target='_blank'><div>ISRCTN54481540</div></a></td>
      <td>A randomised parallel group study to compare transarterial particle embolis...</td>
      <td>Cancer</td>
      <td>Not Specified</td>
      <td>185</td>
    </tr>
    <tr>
      <td><a href='https://www.isrctn.com/ISRCTN42522811' target='_blank'><div>ISRCTN42522811</div></a></td>
      <td>A prospective , double blind, randomised controlled trial evaluating the ef...</td>
      <td>Surgery</td>
      <td>Not Specified</td>
      <td>20</td>
    </tr>
    <tr>
      <td><a href='https://www.isrctn.com/ISRCTN15517721' target='_blank'><div>ISRCTN15517721</div></a></td>
      <td>Randomised controlled trial of Normacol for faecal incontinence after pelvi...</td>
      <td>Signs and Symptoms</td>
      <td>Not Specified</td>
      <td>0</td>
    </tr>
    <tr>
      <td><a href='https://www.isrctn.com/ISRCTN17472370' target='_blank'><div>ISRCTN17472370</div></a></td>
      <td>Adrenaline Usage to Reduce Blood Transfusions Following Hip Fracture Surger...</td>
      <td>Surgery</td>
      <td>Not Specified</td>
      <td>64</td>
    </tr>
    <tr>
      <td><a href='https://www.isrctn.com/ISRCTN58758525' target='_blank'><div>ISRCTN58758525</div></a></td>
      <td>A Phase II Randomised Study of the Addition of Methotrexate 0.05 mg/kg 12 h...</td>
      <td>Not Applicable</td>
      <td>Not Specified</td>
      <td>60</td>
    </tr>
    <tr>
      <td><a href='https://www.isrctn.com/ISRCTN55888454' target='_blank'><div>ISRCTN55888454</div></a></td>
      <td>An assessment of the efficacy of intrathecal morphine followed by intra-ope...</td>
      <td>Signs and Symptoms</td>
      <td>Not Specified</td>
      <td>0</td>
    </tr>
    <tr>
      <td><a href='https://www.isrctn.com/ISRCTN05541118' target='_blank'><div>ISRCTN05541118</div></a></td>
      <td>A comparison of inhalational induction of anaesthesia between incremental d...</td>
      <td>Surgery</td>
      <td>Child</td>
      <td>0</td>
    </tr>
    <tr>
      <td><a href='https://www.isrctn.com/ISRCTN63768137' target='_blank'><div>ISRCTN63768137</div></a></td>
      <td>Pupil dilation prior to cataract surgery with a pledget sponge - a randomis...</td>
      <td>Surgery</td>
      <td>Not Specified</td>
      <td>80</td>
    </tr>
    <tr>
      <td><a href='https://www.isrctn.com/ISRCTN86123456' target='_blank'><div>ISRCTN86123456</div></a></td>
      <td>Effect of methotrexate in post-operative wound healing in rheumatoid patien...</td>
      <td>Surgery</td>
      <td>Not Specified</td>
      <td>400</td>
    </tr>
    <tr>
      <td><a href='https://www.isrctn.com/ISRCTN33368770' target='_blank'><div>ISRCTN33368770</div></a></td>
      <td>A randomised, double blind, placebo-controlled clinical trial to compare th...</td>
      <td>Nervous System Diseases</td>
      <td>Senior</td>
      <td>220</td>
    </tr>
    <tr>
      <td><a href='https://www.isrctn.com/ISRCTN80847419' target='_blank'><div>ISRCTN80847419</div></a></td>
      <td>Exploratory trial of antidepressant therapy for dizziness</td>
      <td>Signs and Symptoms</td>
      <td>Adult</td>
      <td>64</td>
    </tr>
    <tr>
      <td><a href='https://www.isrctn.com/ISRCTN24745856' target='_blank'><div>ISRCTN24745856</div></a></td>
      <td>Trial of Articaine for Peribulbar Anaesthesia</td>
      <td>Surgery</td>
      <td>Adult</td>
      <td>200</td>
    </tr>
    <tr>
      <td><a href='https://www.isrctn.com/ISRCTN50541811' target='_blank'><div>ISRCTN50541811</div></a></td>
      <td>A randomised parallel group trial to investigate the effect of seretide wit...</td>
      <td>Respiratory</td>
      <td>Adult</td>
      <td>24</td>
    </tr>
    <tr>
      <td><a href='https://www.isrctn.com/ISRCTN64355848' target='_blank'><div>ISRCTN64355848</div></a></td>
      <td>Reducing blood loss in laparoscopic and open myomectomy: a prospective rand...</td>
      <td>Cancer</td>
      <td>Adult</td>
      <td>100</td>
    </tr>
    <tr>
      <td><a href='https://www.isrctn.com/ISRCTN72397670' target='_blank'><div>ISRCTN72397670</div></a></td>
      <td>A randomised, double-blind, placebo controlled, cross-over trial with low d...</td>
      <td>Signs and Symptoms</td>
      <td>Adult</td>
      <td>50</td>
    </tr>
    <tr>
      <td><a href='https://www.isrctn.com/ISRCTN36618285' target='_blank'><div>ISRCTN36618285</div></a></td>
      <td>Analgesia During Arterial Puncture Trial in the Emergency Department: a com...</td>
      <td>Signs and Symptoms</td>
      <td>Not Specified</td>
      <td>0</td>
    </tr>
    <tr>
      <td><a href='https://www.isrctn.com/ISRCTN51733116' target='_blank'><div>ISRCTN51733116</div></a></td>
      <td>Effect of alkalinisation of 0.2% Ropivacaine on the quality of Interscalene...</td>
      <td>Surgery</td>
      <td>Not Specified</td>
      <td>0</td>
    </tr>
    <tr>
      <td><a href='https://www.isrctn.com/ISRCTN58536024' target='_blank'><div>ISRCTN58536024</div></a></td>
      <td>A Prospective Randomised Double Blind Trial of Subacromial Shoulder Injecti...</td>
      <td>Signs and Symptoms</td>
      <td>All</td>
      <td>0</td>
    </tr>
    <tr>
      <td><a href='https://www.isrctn.com/ISRCTN31624090' target='_blank'><div>ISRCTN31624090</div></a></td>
      <td>An investigation into whether tight glucose control improves mortality in p...</td>
      <td>Not Applicable</td>
      <td>Not Specified</td>
      <td>0</td>
    </tr>
    <tr>
      <td><a href='https://www.isrctn.com/ISRCTN65334644' target='_blank'><div>ISRCTN65334644</div></a></td>
      <td>Angiotensin-converting enzyme (ACE) genotype and mechanical efficiency of h...</td>
      <td>Surgery</td>
      <td>Not Specified</td>
      <td>60</td>
    </tr>
    <tr>
      <td><a href='https://www.isrctn.com/ISRCTN58172697' target='_blank'><div>ISRCTN58172697</div></a></td>
      <td>Variation in aspirin sensitivity during surgical procedures</td>
      <td>Surgery</td>
      <td>Not Specified</td>
      <td>0</td>
    </tr>
    <tr>
      <td><a href='https://www.isrctn.com/ISRCTN43292522' target='_blank'><div>ISRCTN43292522</div></a></td>
      <td>Post-operative pain relief after vitreo-retinal surgery with Subtenon L Bup...</td>
      <td>Surgery</td>
      <td>Adult</td>
      <td>60</td>
    </tr>
    <tr>
      <td><a href='https://www.isrctn.com/ISRCTN15566163' target='_blank'><div>ISRCTN15566163</div></a></td>
      <td>Use of mitomycin C to improve endonasal dacryocystorhinostomy (DCR) success...</td>
      <td>Surgery</td>
      <td>Not Specified</td>
      <td>40</td>
    </tr>
    <tr>
      <td><a href='https://www.isrctn.com/ISRCTN84244658' target='_blank'><div>ISRCTN84244658</div></a></td>
      <td>The use of Sambucus Comp. in the treatment of postnasal drip</td>
      <td>Ear, Nose and Throat</td>
      <td>Not Specified</td>
      <td>376</td>
    </tr>
    <tr>
      <td><a href='https://www.isrctn.com/ISRCTN66108657' target='_blank'><div>ISRCTN66108657</div></a></td>
      <td>Prospective double-blind randomised controlled trial to evaluate the role o...</td>
      <td>Signs and Symptoms</td>
      <td>Not Specified</td>
      <td>200</td>
    </tr>
    <tr>
      <td><a href='https://www.isrctn.com/ISRCTN97320691' target='_blank'><div>ISRCTN97320691</div></a></td>
      <td>Effect of intravenous (IV) sedation on patient satisfaction after cataract ...</td>
      <td>Surgery</td>
      <td>Not Specified</td>
      <td>30</td>
    </tr>
    <tr>
      <td><a href='https://www.isrctn.com/ISRCTN18842004' target='_blank'><div>ISRCTN18842004</div></a></td>
      <td>A pilot study to determine the effects of corticotrophin releasing hormone ...</td>
      <td>Circulatory System</td>
      <td>Adult</td>
      <td>10</td>
    </tr>
    <tr>
      <td><a href='https://www.isrctn.com/ISRCTN21784100' target='_blank'><div>ISRCTN21784100</div></a></td>
      <td>Absorbable versus titanium suture anchors for bankart repair - a prospectiv...</td>
      <td>Injury, Occupational Diseases, Poisoning</td>
      <td>Not Specified</td>
      <td>0</td>
    </tr>
    <tr>
      <td><a href='https://www.isrctn.com/ISRCTN02817810' target='_blank'><div>ISRCTN02817810</div></a></td>
      <td>A randomised cross-over pilot study of Entonox for pain relief in ophthalmi...</td>
      <td>Signs and Symptoms</td>
      <td>Adult</td>
      <td>40</td>
    </tr>
    <tr>
      <td><a href='https://www.isrctn.com/ISRCTN15586369' target='_blank'><div>ISRCTN15586369</div></a></td>
      <td>Manipulation of the fractured nose: a comparison of local infiltration anae...</td>
      <td>Surgery</td>
      <td>Not Specified</td>
      <td>0</td>
    </tr>
    <tr>
      <td><a href='https://www.isrctn.com/ISRCTN84553798' target='_blank'><div>ISRCTN84553798</div></a></td>
      <td>Effect of Ketamine on post-operative intraocular inflammation following cat...</td>
      <td>Surgery</td>
      <td>Not Specified</td>
      <td>33</td>
    </tr>
    <tr>
      <td><a href='https://www.isrctn.com/ISRCTN81476069' target='_blank'><div>ISRCTN81476069</div></a></td>
      <td>Comparison of intubating conditions in children after induction of anaesthe...</td>
      <td>Surgery</td>
      <td>Child</td>
      <td>60</td>
    </tr>
    <tr>
      <td><a href='https://www.isrctn.com/ISRCTN32878249' target='_blank'><div>ISRCTN32878249</div></a></td>
      <td>Barium enema: does splitting the buscopan dose reduce patient discomfort, w...</td>
      <td>Surgery</td>
      <td>Not Specified</td>
      <td>200</td>
    </tr>
    <tr>
      <td><a href='https://www.isrctn.com/ISRCTN82643736' target='_blank'><div>ISRCTN82643736</div></a></td>
      <td>Optimising local anaesthesia for grommet insertion</td>
      <td>Ear, Nose and Throat</td>
      <td>Adult</td>
      <td>40</td>
    </tr>
    <tr>
      <td><a href='https://www.isrctn.com/ISRCTN24675122' target='_blank'><div>ISRCTN24675122</div></a></td>
      <td>A randomised controlled trial comparing spontaneous ureteric stone passage ...</td>
      <td>Urological and Genital Diseases</td>
      <td>Not Specified</td>
      <td>206</td>
    </tr>
    <tr>
      <td><a href='https://www.isrctn.com/ISRCTN58431114' target='_blank'><div>ISRCTN58431114</div></a></td>
      <td>The value of local infiltration of bupivicaine during Perforate Invaginate ...</td>
      <td>Signs and Symptoms</td>
      <td>Not Specified</td>
      <td>27</td>
    </tr>
    <tr>
      <td><a href='https://www.isrctn.com/ISRCTN86456561' target='_blank'><div>ISRCTN86456561</div></a></td>
      <td>Intraperitoneal bupivacaine for post-operative analgesia</td>
      <td>Surgery</td>
      <td>Adult</td>
      <td>70</td>
    </tr>
    <tr>
      <td><a href='https://www.isrctn.com/ISRCTN21659163' target='_blank'><div>ISRCTN21659163</div></a></td>
      <td>A Randomised Comparative Study of Two Different Schedules for the Administr...</td>
      <td>Infections and Infestations</td>
      <td>Child</td>
      <td>0</td>
    </tr>
    <tr>
      <td><a href='https://www.isrctn.com/ISRCTN42638345' target='_blank'><div>ISRCTN42638345</div></a></td>
      <td>A pilot study to assess the feasibility of a RCT to compare the effectivene...</td>
      <td>Urological and Genital Diseases</td>
      <td>Adult</td>
      <td>25</td>
    </tr>
    <tr>
      <td><a href='https://www.isrctn.com/ISRCTN78267267' target='_blank'><div>ISRCTN78267267</div></a></td>
      <td>Cryotherapy versus Salicylic Acid with Monochloracetic Acid for the Treatme...</td>
      <td>Skin and Connective Tissue Diseases</td>
      <td>Not Specified</td>
      <td>266</td>
    </tr>
    <tr>
      <td><a href='https://www.isrctn.com/ISRCTN09881876' target='_blank'><div>ISRCTN09881876</div></a></td>
      <td>Optimal timing for Angiotensin Converting Enzyme (ACE) Inhibitor discontinu...</td>
      <td>Surgery</td>
      <td>Not Specified</td>
      <td>0</td>
    </tr>
    <tr>
      <td><a href='https://www.isrctn.com/ISRCTN27411543' target='_blank'><div>ISRCTN27411543</div></a></td>
      <td>A randomised double-blinded cross-over trial comparing betamethasone valera...</td>
      <td>Skin and Connective Tissue Diseases</td>
      <td>Not Specified</td>
      <td>100</td>
    </tr>
    <tr>
      <td><a href='https://www.isrctn.com/ISRCTN56141572' target='_blank'><div>ISRCTN56141572</div></a></td>
      <td>Analysis of the duration of combination therapy that is necessary for hepat...</td>
      <td>Infections and Infestations</td>
      <td>Not Specified</td>
      <td>50</td>
    </tr>
    <tr>
      <td><a href='https://www.isrctn.com/ISRCTN83877765' target='_blank'><div>ISRCTN83877765</div></a></td>
      <td>A comparison of bethanechol chloride and artificial saliva in the managemen...</td>
      <td>Digestive System</td>
      <td>Adult</td>
      <td>54</td>
    </tr>
    <tr>
      <td><a href='https://www.isrctn.com/ISRCTN40276556' target='_blank'><div>ISRCTN40276556</div></a></td>
      <td>Efficacy of domperidone and/or omeprazole in the treatment of gastroesophag...</td>
      <td>Digestive System</td>
      <td>Child</td>
      <td>0</td>
    </tr>
    <tr>
      <td><a href='https://www.isrctn.com/ISRCTN89168782' target='_blank'><div>ISRCTN89168782</div></a></td>
      <td>The Bronchodilator Effect of Ultrafine Particles of Salbutamol</td>
      <td>Respiratory</td>
      <td>Adult</td>
      <td>8</td>
    </tr>
    <tr>
      <td><a href='https://www.isrctn.com/ISRCTN06126383' target='_blank'><div>ISRCTN06126383</div></a></td>
      <td>Antibiotics with catheter withdrawal (a randomised double blind placebo con...</td>
      <td>Urological and Genital Diseases</td>
      <td>Adult</td>
      <td>150</td>
    </tr>
    <tr>
      <td><a href='https://www.isrctn.com/ISRCTN77640412' target='_blank'><div>ISRCTN77640412</div></a></td>
      <td>A prospective randomised trial of local anaesthetic (LA) with adrenaline on...</td>
      <td>Circulatory System</td>
      <td>Not Specified</td>
      <td>25</td>
    </tr>
    <tr>
      <td><a href='https://www.isrctn.com/ISRCTN85229111' target='_blank'><div>ISRCTN85229111</div></a></td>
      <td>Efficacy of magnesium and sotalol in prevention of Atrial fibrillation (AF)...</td>
      <td>Circulatory System</td>
      <td>Not Specified</td>
      <td>200</td>
    </tr>
    <tr>
      <td><a href='https://www.isrctn.com/ISRCTN43667535' target='_blank'><div>ISRCTN43667535</div></a></td>
      <td>Prospective randomised controlled trial comparing 1% and 2% lignocaine as a...</td>
      <td>Cancer</td>
      <td>Adult</td>
      <td>0</td>
    </tr>
    <tr>
      <td><a href='https://www.isrctn.com/ISRCTN71821503' target='_blank'><div>ISRCTN71821503</div></a></td>
      <td>Validation of analgesic effect of nitrous oxide in neonates and infants</td>
      <td>Neonatal Diseases</td>
      <td>Neonate</td>
      <td>270</td>
    </tr>
    <tr>
      <td><a href='https://www.isrctn.com/ISRCTN80628681' target='_blank'><div>ISRCTN80628681</div></a></td>
      <td>Does furosemide improve renal function in patients with renal impairment?</td>
      <td>Urological and Genital Diseases</td>
      <td>Not Specified</td>
      <td>100</td>
    </tr>
    <tr>
      <td><a href='https://www.isrctn.com/ISRCTN86755640' target='_blank'><div>ISRCTN86755640</div></a></td>
      <td>Does furosemide improve renal function in patients stopping renal replaceme...</td>
      <td>Urological and Genital Diseases</td>
      <td>Not Specified</td>
      <td>50</td>
    </tr>
    <tr>
      <td><a href='https://www.isrctn.com/ISRCTN86816150' target='_blank'><div>ISRCTN86816150</div></a></td>
      <td>Double-blind randomised study into the efficacy of codeine phosphate analge...</td>
      <td>Surgery</td>
      <td>Child</td>
      <td>0</td>
    </tr>
    <tr>
      <td><a href='https://www.isrctn.com/ISRCTN44501456' target='_blank'><div>ISRCTN44501456</div></a></td>
      <td>Non-cardiac chest pain: a randomised controlled trial of the effects of ant...</td>
      <td>Signs and Symptoms</td>
      <td>Not Specified</td>
      <td>0</td>
    </tr>
    <tr>
      <td><a href='https://www.isrctn.com/ISRCTN34438724' target='_blank'><div>ISRCTN34438724</div></a></td>
      <td>A prospective randomised double blind study of dosage efficacy of Botox® Vs...</td>
      <td>Nervous System Diseases</td>
      <td>Child</td>
      <td>0</td>
    </tr>
    <tr>
      <td><a href='https://www.isrctn.com/ISRCTN84471191' target='_blank'><div>ISRCTN84471191</div></a></td>
      <td>Antiemetic efficacy of combination Cyclizine-Morphine patient controlled an...</td>
      <td>Surgery</td>
      <td>Adult</td>
      <td>90</td>
    </tr>
    <tr>
      <td><a href='https://www.isrctn.com/ISRCTN05813093' target='_blank'><div>ISRCTN05813093</div></a></td>
      <td>Randomised double-blind prospective controlled trial of intercostal nerve b...</td>
      <td>Signs and Symptoms</td>
      <td>Adult</td>
      <td>0</td>
    </tr>
    <tr>
      <td><a href='https://www.isrctn.com/ISRCTN27475248' target='_blank'><div>ISRCTN27475248</div></a></td>
      <td>A comparison of the effects of Lisinopril and Bendrofluazide on cardiac bar...</td>
      <td>Circulatory System</td>
      <td>Adult</td>
      <td>0</td>
    </tr>
    <tr>
      <td><a href='https://www.isrctn.com/ISRCTN17347739' target='_blank'><div>ISRCTN17347739</div></a></td>
      <td>Randomised open-label cross over study to investigate patient tolerance of ...</td>
      <td>Infections and Infestations</td>
      <td>Not Specified</td>
      <td>20</td>
    </tr>
    <tr>
      <td><a href='https://www.isrctn.com/ISRCTN82121210' target='_blank'><div>ISRCTN82121210</div></a></td>
      <td>A pilot study of the effect of a hypertonic saline/dextran solution compare...</td>
      <td>Nervous System Diseases</td>
      <td>Not Specified</td>
      <td>0</td>
    </tr>
    <tr>
      <td><a href='https://www.isrctn.com/ISRCTN43878832' target='_blank'><div>ISRCTN43878832</div></a></td>
      <td>A comparison of patient-controlled sedation and operator-controlled intrave...</td>
      <td>Oral Health</td>
      <td>Not Specified</td>
      <td>64</td>
    </tr>
    <tr>
      <td><a href='https://www.isrctn.com/ISRCTN51777318' target='_blank'><div>ISRCTN51777318</div></a></td>
      <td>The effect of probiotic therapy on nosocomial infections in the critically ...</td>
      <td>Infections and Infestations</td>
      <td>Not Specified</td>
      <td>0</td>
    </tr>
    <tr>
      <td><a href='https://www.isrctn.com/ISRCTN80827145' target='_blank'><div>ISRCTN80827145</div></a></td>
      <td>A randomised, double blind trial to assess the morphological and biological...</td>
      <td>Cancer</td>
      <td>Adult</td>
      <td>170</td>
    </tr>
    <tr>
      <td><a href='https://www.isrctn.com/ISRCTN39382961' target='_blank'><div>ISRCTN39382961</div></a></td>
      <td>Effect of fluoride slow-release devices on enamel remineralisation in situ</td>
      <td>Oral Health</td>
      <td>Adult</td>
      <td>0</td>
    </tr>
    <tr>
      <td><a href='https://www.isrctn.com/ISRCTN42749317' target='_blank'><div>ISRCTN42749317</div></a></td>
      <td>A comparison of speed of action of phenylephrine and ephedrine</td>
      <td>Pregnancy and Childbirth</td>
      <td>Adult</td>
      <td>0</td>
    </tr>
    <tr>
      <td><a href='https://www.isrctn.com/ISRCTN46758872' target='_blank'><div>ISRCTN46758872</div></a></td>
      <td>Randomised controlled trial of nebulised and metered dose inhaler via space...</td>
      <td>Respiratory</td>
      <td>Adult</td>
      <td>0</td>
    </tr>
    <tr>
      <td><a href='https://www.isrctn.com/ISRCTN60732049' target='_blank'><div>ISRCTN60732049</div></a></td>
      <td>A placebo-controlled double blind preliminary trial to study the efficacy a...</td>
      <td>Skin and Connective Tissue Diseases</td>
      <td>Not Specified</td>
      <td>60</td>
    </tr>
    <tr>
      <td><a href='https://www.isrctn.com/ISRCTN70267623' target='_blank'><div>ISRCTN70267623</div></a></td>
      <td>Assessment of changes in ventilation following induced bronchoconstriction ...</td>
      <td>Respiratory</td>
      <td>Adult</td>
      <td>8</td>
    </tr>
    <tr>
      <td><a href='https://www.isrctn.com/ISRCTN14476388' target='_blank'><div>ISRCTN14476388</div></a></td>
      <td>Out-patient management of missed miscarriage: a randomised trial of medical...</td>
      <td>Pregnancy and Childbirth</td>
      <td>Adult</td>
      <td>40</td>
    </tr>
    <tr>
      <td><a href='https://www.isrctn.com/ISRCTN07377784' target='_blank'><div>ISRCTN07377784</div></a></td>
      <td>To investigate the role of folic acid in the management of ribavirin induce...</td>
      <td>Infections and Infestations</td>
      <td>Not Specified</td>
      <td>60</td>
    </tr>
    <tr>
      <td><a href='https://www.isrctn.com/ISRCTN57835722' target='_blank'><div>ISRCTN57835722</div></a></td>
      <td>The effect of pharmacological agents on uterine junctional zone contraction...</td>
      <td>Pregnancy and Childbirth</td>
      <td>Adult</td>
      <td>80</td>
    </tr>
    <tr>
      <td><a href='https://www.isrctn.com/ISRCTN63349435' target='_blank'><div>ISRCTN63349435</div></a></td>
      <td>A randomised, open label controlled trial of trans-arterial chemoembolisati...</td>
      <td>Cancer</td>
      <td>Adult</td>
      <td>196</td>
    </tr>
    <tr>
      <td><a href='https://www.isrctn.com/ISRCTN00879223' target='_blank'><div>ISRCTN00879223</div></a></td>
      <td>Metabolic Substrate Support and Tight Glycaemic control in Abdominal Aortic...</td>
      <td>Surgery</td>
      <td>Adult</td>
      <td>60</td>
    </tr>
    <tr>
      <td><a href='https://www.isrctn.com/ISRCTN14203656' target='_blank'><div>ISRCTN14203656</div></a></td>
      <td>Dehydroepiandrosterone (DHEA) replacement in patients with secondary adrena...</td>
      <td>Nutritional, Metabolic, Endocrine</td>
      <td>Adult</td>
      <td>20</td>
    </tr>
    <tr>
      <td><a href='https://www.isrctn.com/ISRCTN26362730' target='_blank'><div>ISRCTN26362730</div></a></td>
      <td>Ibuprofen and paracetamol in combination and separately for fever in pre-sc...</td>
      <td>Signs and Symptoms</td>
      <td>Child</td>
      <td>831</td>
    </tr>
    <tr>
      <td><a href='https://www.isrctn.com/ISRCTN16479417' target='_blank'><div>ISRCTN16479417</div></a></td>
      <td>Antidepressant drug therapy vs a community-based psychosocial intervention ...</td>
      <td>Mental and Behavioural Disorders</td>
      <td>Adult</td>
      <td>0</td>
    </tr>
    <tr>
      <td><a href='https://www.isrctn.com/ISRCTN54567688' target='_blank'><div>ISRCTN54567688</div></a></td>
      <td>Acute effects of modafinil on cognitive function and activation of prefront...</td>
      <td>Mental and Behavioural Disorders</td>
      <td>Not Specified</td>
      <td>30</td>
    </tr>
    <tr>
      <td><a href='https://www.isrctn.com/ISRCTN51232664' target='_blank'><div>ISRCTN51232664</div></a></td>
      <td>A randomized controlled trial of venlafaxine versus placebo for depression ...</td>
      <td>Mental and Behavioural Disorders</td>
      <td>Not Specified</td>
      <td>0</td>
    </tr>
    <tr>
      <td><a href='https://www.isrctn.com/ISRCTN28484577' target='_blank'><div>ISRCTN28484577</div></a></td>
      <td>Intra-operative application of glycerine trinitrate (GTN) in anterior resec...</td>
      <td>Surgery</td>
      <td>Not Specified</td>
      <td>80</td>
    </tr>
    <tr>
      <td><a href='https://www.isrctn.com/ISRCTN61271998' target='_blank'><div>ISRCTN61271998</div></a></td>
      <td>Comparison of epidural and extrapleural Marcaine® for control of post-thora...</td>
      <td>Surgery</td>
      <td>Not Specified</td>
      <td>0</td>
    </tr>
    <tr>
      <td><a href='https://www.isrctn.com/ISRCTN79787764' target='_blank'><div>ISRCTN79787764</div></a></td>
      <td>Comparison of topical keturolac versus dexamethasone after vitreo-retinal s...</td>
      <td>Surgery</td>
      <td>Not Specified</td>
      <td>0</td>
    </tr>
    <tr>
      <td><a href='https://www.isrctn.com/ISRCTN89332886' target='_blank'><div>ISRCTN89332886</div></a></td>
      <td>Thiopentone and ketamine versus isoflurane and fentanyl to maintain anaesth...</td>
      <td>Surgery</td>
      <td>Adult</td>
      <td>0</td>
    </tr>
    <tr>
      <td><a href='https://www.isrctn.com/ISRCTN67835859' target='_blank'><div>ISRCTN67835859</div></a></td>
      <td>Is ropivacaine (Rop) faster than bupivacaine (Bvp) for extending low dose a...</td>
      <td>Pregnancy and Childbirth</td>
      <td>Adult</td>
      <td>0</td>
    </tr>
    <tr>
      <td><a href='https://www.isrctn.com/ISRCTN41486350' target='_blank'><div>ISRCTN41486350</div></a></td>
      <td>A randomised study of Gemcitabine with Carboplatin versus Mitomycin, Vinbla...</td>
      <td>Cancer</td>
      <td>Adult</td>
      <td>372</td>
    </tr>
    <tr>
      <td><a href='https://www.isrctn.com/ISRCTN54145633' target='_blank'><div>ISRCTN54145633</div></a></td>
      <td>Phase II comparison of accelerated twice-daily compared with once-daily tho...</td>
      <td>Cancer</td>
      <td>Adult</td>
      <td>81</td>
    </tr>
    <tr>
      <td><a href='https://www.isrctn.com/ISRCTN13771057' target='_blank'><div>ISRCTN13771057</div></a></td>
      <td>Which is better: paravertebral (PV) or interpleural (IP) bupivacaine for br...</td>
      <td>Surgery</td>
      <td>Adult</td>
      <td>40</td>
    </tr>
    <tr>
      <td><a href='https://www.isrctn.com/ISRCTN12248079' target='_blank'><div>ISRCTN12248079</div></a></td>
      <td>A pilot project to evaluate a nurse-implemented 'Group Protocol' for the ma...</td>
      <td>Circulatory System</td>
      <td>Not Specified</td>
      <td>0</td>
    </tr>
    <tr>
      <td><a href='https://www.isrctn.com/ISRCTN19582534' target='_blank'><div>ISRCTN19582534</div></a></td>
      <td>A prospective randomised double blind and placebo controlled trial of tamsu...</td>
      <td>Signs and Symptoms</td>
      <td>Adult</td>
      <td>512</td>
    </tr>
    <tr>
      <td><a href='https://www.isrctn.com/ISRCTN96357650' target='_blank'><div>ISRCTN96357650</div></a></td>
      <td>A randomised phase II trial of the antiemetic effects of Nozinan® compared ...</td>
      <td>Signs and Symptoms</td>
      <td>Not Specified</td>
      <td>186</td>
    </tr>
    <tr>
      <td><a href='https://www.isrctn.com/ISRCTN44663253' target='_blank'><div>ISRCTN44663253</div></a></td>
      <td>Thalidomide for chronic heart failure</td>
      <td>Circulatory System</td>
      <td>Not Specified</td>
      <td>20</td>
    </tr>
    <tr>
      <td><a href='https://www.isrctn.com/ISRCTN84400696' target='_blank'><div>ISRCTN84400696</div></a></td>
      <td>A randomised double-blind prospective study to compare the intubating condi...</td>
      <td>Surgery</td>
      <td>Adult</td>
      <td>40</td>
    </tr>
    <tr>
      <td><a href='https://www.isrctn.com/ISRCTN45751416' target='_blank'><div>ISRCTN45751416</div></a></td>
      <td>The effects of aspirin on pro-inflammatory response in subjects with diabet...</td>
      <td>Nutritional, Metabolic, Endocrine</td>
      <td>Not Specified</td>
      <td>120</td>
    </tr>
    <tr>
      <td><a href='https://www.isrctn.com/ISRCTN14235435' target='_blank'><div>ISRCTN14235435</div></a></td>
      <td>Double-blind parallel study of Omega-3 fatty acid supplement in patients wi...</td>
      <td>Nervous System Diseases</td>
      <td>Not Specified</td>
      <td>52</td>
    </tr>
    <tr>
      <td><a href='https://www.isrctn.com/ISRCTN34382898' target='_blank'><div>ISRCTN34382898</div></a></td>
      <td>Efficacy of subcutaneous interleukin-2 (IL-2) in the treament of advanced H...</td>
      <td>Infections and Infestations</td>
      <td>Adult</td>
      <td>30</td>
    </tr>
    <tr>
      <td><a href='https://www.isrctn.com/ISRCTN13255144' target='_blank'><div>ISRCTN13255144</div></a></td>
      <td>A randomised phase II trial of dexamethasone and aspirin (DA) versus dexame...</td>
      <td>Cancer</td>
      <td>Adult</td>
      <td>260</td>
    </tr>
    <tr>
      <td><a href='https://www.isrctn.com/ISRCTN66842537' target='_blank'><div>ISRCTN66842537</div></a></td>
      <td>Randomised phase II trial comparing vinorelbine and capecitabine with docet...</td>
      <td>Cancer</td>
      <td>Not Specified</td>
      <td>100</td>
    </tr>
    <tr>
      <td><a href='https://www.isrctn.com/ISRCTN00582888' target='_blank'><div>ISRCTN00582888</div></a></td>
      <td>Two studies of blood pressure (BP) elevation associated with pregnancy and ...</td>
      <td>Circulatory System</td>
      <td>Adult</td>
      <td>75</td>
    </tr>
    <tr>
      <td><a href='https://www.isrctn.com/ISRCTN17865479' target='_blank'><div>ISRCTN17865479</div></a></td>
      <td>The use of misoprostol suppositories to reduce radiotherapy-induced anorect...</td>
      <td>Digestive System</td>
      <td>Not Specified</td>
      <td>50</td>
    </tr>
    <tr>
      <td><a href='https://www.isrctn.com/ISRCTN77645288' target='_blank'><div>ISRCTN77645288</div></a></td>
      <td>A multicentre randomised controlled trial assessing the benefit of icodextr...</td>
      <td>Respiratory</td>
      <td>Not Specified</td>
      <td>250</td>
    </tr>
    <tr>
      <td><a href='https://www.isrctn.com/ISRCTN90932532' target='_blank'><div>ISRCTN90932532</div></a></td>
      <td>A prospective study to compare the effectiveness of giving normal release m...</td>
      <td>Cancer</td>
      <td>Not Specified</td>
      <td>85</td>
    </tr>
    <tr>
      <td><a href='https://www.isrctn.com/ISRCTN87724294' target='_blank'><div>ISRCTN87724294</div></a></td>
      <td>Double blind comparison of analgesia with morphine or morphine and ketamine...</td>
      <td>Signs and Symptoms</td>
      <td>Child</td>
      <td>0</td>
    </tr>
    <tr>
      <td><a href='https://www.isrctn.com/ISRCTN54172738' target='_blank'><div>ISRCTN54172738</div></a></td>
      <td>A comparison of sevoflurane and nitrous oxide as inhalation agents for dent...</td>
      <td>Oral Health</td>
      <td>Adult</td>
      <td>25</td>
    </tr>
    <tr>
      <td><a href='https://www.isrctn.com/ISRCTN46431737' target='_blank'><div>ISRCTN46431737</div></a></td>
      <td>The application of the levonorgestrel containing intrauterine contraceptive...</td>
      <td>Cancer</td>
      <td>Not Specified</td>
      <td>0</td>
    </tr>
    <tr>
      <td><a href='https://www.isrctn.com/ISRCTN94465562' target='_blank'><div>ISRCTN94465562</div></a></td>
      <td>Nasogastric and intravenous erythromycin as prokinetic in intensive care pa...</td>
      <td>Signs and Symptoms</td>
      <td>Not Specified</td>
      <td>0</td>
    </tr>
    <tr>
      <td><a href='https://www.isrctn.com/ISRCTN36163730' target='_blank'><div>ISRCTN36163730</div></a></td>
      <td>A randomised, placebo controlled study of alfuzosin in patients undergoing ...</td>
      <td>Signs and Symptoms</td>
      <td>Not Specified</td>
      <td>81</td>
    </tr>
    <tr>
      <td><a href='https://www.isrctn.com/ISRCTN84240582' target='_blank'><div>ISRCTN84240582</div></a></td>
      <td>A comparison of the effects of remifentanil infusion compared with conventi...</td>
      <td>Signs and Symptoms</td>
      <td>Not Specified</td>
      <td>62</td>
    </tr>
    <tr>
      <td><a href='https://www.isrctn.com/ISRCTN20367656' target='_blank'><div>ISRCTN20367656</div></a></td>
      <td>A single centre, placebo controlled trial to investigate the safety and tol...</td>
      <td>Circulatory System</td>
      <td>Not Specified</td>
      <td>20</td>
    </tr>
    <tr>
      <td><a href='https://www.isrctn.com/ISRCTN34742708' target='_blank'><div>ISRCTN34742708</div></a></td>
      <td>The effect of myocardial ischaemia on pro-inflammatory cytokines and stress...</td>
      <td>Circulatory System</td>
      <td>Not Specified</td>
      <td>40</td>
    </tr>
    <tr>
      <td><a href='https://www.isrctn.com/ISRCTN74323479' target='_blank'><div>ISRCTN74323479</div></a></td>
      <td>What shall we do with the postdates woman who is not in labour?</td>
      <td>Pregnancy and Childbirth</td>
      <td>Adult</td>
      <td>100</td>
    </tr>
    <tr>
      <td><a href='https://www.isrctn.com/ISRCTN61123518' target='_blank'><div>ISRCTN61123518</div></a></td>
      <td>Sevoflurane inhalational introduction in the elderly: a comparison with int...</td>
      <td>Surgery</td>
      <td>Senior</td>
      <td>40</td>
    </tr>
    <tr>
      <td><a href='https://www.isrctn.com/ISRCTN22292536' target='_blank'><div>ISRCTN22292536</div></a></td>
      <td>Treatment of wheezy infants with bronchodilators (comparison of inhaled ipr...</td>
      <td>Signs and Symptoms</td>
      <td>Child</td>
      <td>0</td>
    </tr>
    <tr>
      <td><a href='https://www.isrctn.com/ISRCTN24180077' target='_blank'><div>ISRCTN24180077</div></a></td>
      <td>Evaluation of two models of delivering anticoagulant care to house bound pa...</td>
      <td>Haematological Disorders</td>
      <td>Not Specified</td>
      <td>200</td>
    </tr>
    <tr>
      <td><a href='https://www.isrctn.com/ISRCTN48936612' target='_blank'><div>ISRCTN48936612</div></a></td>
      <td>The use of local anaesthetic (Lignocaine) in fine needle biopsy of thyroid ...</td>
      <td>Respiratory</td>
      <td>Not Specified</td>
      <td>60</td>
    </tr>
    <tr>
      <td><a href='https://www.isrctn.com/ISRCTN46815629' target='_blank'><div>ISRCTN46815629</div></a></td>
      <td>A randomised placebo-controlled study of Tamsulosin, Voltarol and the combi...</td>
      <td>Urological and Genital Diseases</td>
      <td>Adult</td>
      <td>60</td>
    </tr>
    <tr>
      <td><a href='https://www.isrctn.com/ISRCTN09839570' target='_blank'><div>ISRCTN09839570</div></a></td>
      <td>The effect of macrolide antibiotics on the outcome of acute bronchiolitis i...</td>
      <td>Respiratory</td>
      <td>Child</td>
      <td>0</td>
    </tr>
    <tr>
      <td><a href='https://www.isrctn.com/ISRCTN88541159' target='_blank'><div>ISRCTN88541159</div></a></td>
      <td>Study of effect of gabapentin on persistent pain after open inguinal hernia...</td>
      <td>Digestive System</td>
      <td>Adult</td>
      <td>32</td>
    </tr>
    <tr>
      <td><a href='https://www.isrctn.com/ISRCTN22414310' target='_blank'><div>ISRCTN22414310</div></a></td>
      <td>Does oral terbutaline prevent asymptomatic nocturnal hypoglycaemia in child...</td>
      <td>Nutritional, Metabolic, Endocrine</td>
      <td>Child</td>
      <td>25</td>
    </tr>
    <tr>
      <td><a href='https://www.isrctn.com/ISRCTN65454120' target='_blank'><div>ISRCTN65454120</div></a></td>
      <td>The use of intravesical lignocaine to reduce pain and increase dwell time o...</td>
      <td>Cancer</td>
      <td>Not Specified</td>
      <td>0</td>
    </tr>
    <tr>
      <td><a href='https://www.isrctn.com/ISRCTN51200229' target='_blank'><div>ISRCTN51200229</div></a></td>
      <td>Randomised double blind trial of safety of anti-tumour necrosis factor (ant...</td>
      <td>Musculoskeletal Diseases</td>
      <td>Not Specified</td>
      <td>0</td>
    </tr>
    <tr>
      <td><a href='https://www.isrctn.com/ISRCTN76464767' target='_blank'><div>ISRCTN76464767</div></a></td>
      <td>A phase II randomised study of chemo-anticoagulation (Gemcitabine-Daltepari...</td>
      <td>Cancer</td>
      <td>Not Specified</td>
      <td>98</td>
    </tr>
    <tr>
      <td><a href='https://www.isrctn.com/ISRCTN11016259' target='_blank'><div>ISRCTN11016259</div></a></td>
      <td>The effect of ghrelin on gastric emptying in gastroparesis</td>
      <td>Digestive System</td>
      <td>Adult</td>
      <td>16</td>
    </tr>
    <tr>
      <td><a href='https://www.isrctn.com/ISRCTN42864201' target='_blank'><div>ISRCTN42864201</div></a></td>
      <td>Modulation of ischaemic induced cardiac dysfunction by remote pre-condition...</td>
      <td>Circulatory System</td>
      <td>Adult</td>
      <td>20</td>
    </tr>
    <tr>
      <td><a href='https://www.isrctn.com/ISRCTN38354748' target='_blank'><div>ISRCTN38354748</div></a></td>
      <td>A randomised controlled trial of longer-term clinical outcomes and cost-eff...</td>
      <td>Nervous System Diseases</td>
      <td>Not Specified</td>
      <td>3000</td>
    </tr>
    <tr>
      <td><a href='https://www.isrctn.com/ISRCTN90025501' target='_blank'><div>ISRCTN90025501</div></a></td>
      <td>Wessex epidural steroids trial (WEST)</td>
      <td>Musculoskeletal Diseases</td>
      <td>Not Specified</td>
      <td>240</td>
    </tr>
    <tr>
      <td><a href='https://www.isrctn.com/ISRCTN14453847' target='_blank'><div>ISRCTN14453847</div></a></td>
      <td>A randomised controlled trial to compare the cost-effectiveness of tricycli...</td>
      <td>Mental and Behavioural Disorders</td>
      <td>Not Specified</td>
      <td>327</td>
    </tr>
    <tr>
      <td><a href='https://www.isrctn.com/ISRCTN33419176' target='_blank'><div>ISRCTN33419176</div></a></td>
      <td>Cost utility of the latest antipsychotics in severe schizophrenia (CUtLASS)...</td>
      <td>Mental and Behavioural Disorders</td>
      <td>Adult</td>
      <td>227</td>
    </tr>
    <tr>
      <td><a href='https://www.isrctn.com/ISRCTN87609400' target='_blank'><div>ISRCTN87609400</div></a></td>
      <td>Which anaesthetic agents and techniques are most cost-effective in day surg...</td>
      <td>Not Applicable</td>
      <td>Other</td>
      <td>1760</td>
    </tr>
    <tr>
      <td><a href='https://www.isrctn.com/ISRCTN00922609' target='_blank'><div>ISRCTN00922609</div></a></td>
      <td>Assessment of long-term efficacy of early introduction of inhaled steroids ...</td>
      <td>Respiratory</td>
      <td>Adult</td>
      <td>400</td>
    </tr>
    <tr>
      <td><a href='https://www.isrctn.com/ISRCTN34366936' target='_blank'><div>ISRCTN34366936</div></a></td>
      <td>Assessment of long-term efficacy of early introduction of inhaled steroids ...</td>
      <td>Respiratory</td>
      <td>Other</td>
      <td>0</td>
    </tr>
    <tr>
      <td><a href='https://www.isrctn.com/ISRCTN21526350' target='_blank'><div>ISRCTN21526350</div></a></td>
      <td>Identification of the most cost effective, microbiologically safe antimicro...</td>
      <td>Skin and Connective Tissue Diseases</td>
      <td>Adult</td>
      <td>649</td>
    </tr>
    <tr>
      <td><a href='https://www.isrctn.com/ISRCTN51405816' target='_blank'><div>ISRCTN51405816</div></a></td>
      <td>Cognitive behavioural therapy versus antispasmodic therapy for irritable bo...</td>
      <td>Digestive System</td>
      <td>Adult</td>
      <td>130</td>
    </tr>
    <tr>
      <td><a href='https://www.isrctn.com/ISRCTN99132811' target='_blank'><div>ISRCTN99132811</div></a></td>
      <td>A pragmatic single-blind randomised controlled trial and health economic ev...</td>
      <td>Respiratory</td>
      <td>Not Specified</td>
      <td>720</td>
    </tr>
    <tr>
      <td><a href='https://www.isrctn.com/ISRCTN83809224' target='_blank'><div>ISRCTN83809224</div></a></td>
      <td>Randomised trial of fluoxetine and cognitive-behavioural therapy (CBT) vers...</td>
      <td>Mental and Behavioural Disorders</td>
      <td>Child</td>
      <td>200</td>
    </tr>
    <tr>
      <td><a href='https://www.isrctn.com/ISRCTN79353052' target='_blank'><div>ISRCTN79353052</div></a></td>
      <td>Topical or Oral Ibuprofen</td>
      <td>Musculoskeletal Diseases</td>
      <td>Senior</td>
      <td>283</td>
    </tr>
    <tr>
      <td><a href='https://www.isrctn.com/ISRCTN24461054' target='_blank'><div>ISRCTN24461054</div></a></td>
      <td>Health benefits from anti-viral therapy for mild chronic hepatitis C</td>
      <td>Infections and Infestations</td>
      <td>Adult</td>
      <td>204</td>
    </tr>
  </tbody>
</table>"
1193,-1296.8379817048997,6718132.857514118,Cancer Research UK,51.54423348246736,-0.011649693799922235,1.0,1.0,"<table border=""1"" class=""dataframe"">
  <thead>
    <tr style=""text-align: left;"">
      <th>ISRCTN link</th>
      <th>Title</th>
      <th>Condition category</th>
      <th>Age group</th>
      <th>Target number of participants</th>
    </tr>
  </thead>
  <tbody>
    <tr>
      <td><a href='https://www.isrctn.com/ISRCTN58458258' target='_blank'><div>ISRCTN58458258</div></a></td>
      <td>Randomised phase III study of the local treatment of liver metastases by ra...</td>
      <td>Cancer</td>
      <td>Adult</td>
      <td>142</td>
    </tr>
  </tbody>
</table>"
1194,-15549.303072546925,6716278.93059565,British Heart Foundation,51.53387494245585,-0.13968176607475538,7.0,13.090619551221675,"<table border=""1"" class=""dataframe"">
  <thead>
    <tr style=""text-align: left;"">
      <th>ISRCTN link</th>
      <th>Title</th>
      <th>Condition category</th>
      <th>Age group</th>
      <th>Target number of participants</th>
    </tr>
  </thead>
  <tbody>
    <tr>
      <td><a href='https://www.isrctn.com/ISRCTN97515585' target='_blank'><div>ISRCTN97515585</div></a></td>
      <td>A randomised controlled trial of the effect of angiotensin-converting enzym...</td>
      <td>Circulatory System</td>
      <td>Adult</td>
      <td>60</td>
    </tr>
    <tr>
      <td><a href='https://www.isrctn.com/ISRCTN95530505' target='_blank'><div>ISRCTN95530505</div></a></td>
      <td>Low or high magnesium concentration in intermittent warm blood cardioplegia...</td>
      <td>Circulatory System</td>
      <td>Not Specified</td>
      <td>400</td>
    </tr>
    <tr>
      <td><a href='https://www.isrctn.com/ISRCTN85520592' target='_blank'><div>ISRCTN85520592</div></a></td>
      <td>Spironolactone AmiLoride Thiazide study of aldosterone sensitive hypertensi...</td>
      <td>Circulatory System</td>
      <td>Not Specified</td>
      <td>60</td>
    </tr>
    <tr>
      <td><a href='https://www.isrctn.com/ISRCTN21821912' target='_blank'><div>ISRCTN21821912</div></a></td>
      <td>Double blind, randomised controlled cross over trial comparing the antihype...</td>
      <td>Circulatory System</td>
      <td>Adult</td>
      <td>0</td>
    </tr>
    <tr>
      <td><a href='https://www.isrctn.com/ISRCTN41186152' target='_blank'><div>ISRCTN41186152</div></a></td>
      <td>Randomised, placebo controlled study of the effect of sildenafil on hypoxia...</td>
      <td>Circulatory System</td>
      <td>Adult</td>
      <td>0</td>
    </tr>
    <tr>
      <td><a href='https://www.isrctn.com/ISRCTN28863939' target='_blank'><div>ISRCTN28863939</div></a></td>
      <td>Metformin in women with cardiac syndrome X: a randomised double blind place...</td>
      <td>Circulatory System</td>
      <td>Adult</td>
      <td>0</td>
    </tr>
    <tr>
      <td><a href='https://www.isrctn.com/ISRCTN14031168' target='_blank'><div>ISRCTN14031168</div></a></td>
      <td>HYpertension in the Very Elderly Trial</td>
      <td>Circulatory System</td>
      <td>Senior</td>
      <td>2100</td>
    </tr>
  </tbody>
</table>"
1195,-11897.483020977641,6713822.593033453,Arthritis Research Campaign (ARC),51.520146891449706,-0.10687690840296711,18.0,18.958889470453634,"<table border=""1"" class=""dataframe"">
  <thead>
    <tr style=""text-align: left;"">
      <th>ISRCTN link</th>
      <th>Title</th>
      <th>Condition category</th>
      <th>Age group</th>
      <th>Target number of participants</th>
    </tr>
  </thead>
  <tbody>
    <tr>
      <td><a href='https://www.isrctn.com/ISRCTN24808507' target='_blank'><div>ISRCTN24808507</div></a></td>
      <td>Investigation of treatment of algodystrophy by guanethidine blockade</td>
      <td>Musculoskeletal Diseases</td>
      <td>Not Specified</td>
      <td>0</td>
    </tr>
    <tr>
      <td><a href='https://www.isrctn.com/ISRCTN37786144' target='_blank'><div>ISRCTN37786144</div></a></td>
      <td>Effect of pamidronate on bone loss and implant stability after total hip ar...</td>
      <td>Musculoskeletal Diseases</td>
      <td>Not Specified</td>
      <td>0</td>
    </tr>
    <tr>
      <td><a href='https://www.isrctn.com/ISRCTN59862338' target='_blank'><div>ISRCTN59862338</div></a></td>
      <td>Multicentre randomised actively controlled trial of parenteral methotrexate...</td>
      <td>Musculoskeletal Diseases</td>
      <td>Other</td>
      <td>0</td>
    </tr>
    <tr>
      <td><a href='https://www.isrctn.com/ISRCTN24540377' target='_blank'><div>ISRCTN24540377</div></a></td>
      <td>The long term effectiveness of steroid injection for shoulder pain; a pragm...</td>
      <td>Musculoskeletal Diseases</td>
      <td>Adult</td>
      <td>0</td>
    </tr>
    <tr>
      <td><a href='https://www.isrctn.com/ISRCTN34466933' target='_blank'><div>ISRCTN34466933</div></a></td>
      <td>A randomised placebo-controlled trial of local steroid injection and nonste...</td>
      <td>Musculoskeletal Diseases</td>
      <td>Adult</td>
      <td>164</td>
    </tr>
    <tr>
      <td><a href='https://www.isrctn.com/ISRCTN98945627' target='_blank'><div>ISRCTN98945627</div></a></td>
      <td>Control of Rheumatoid Arthritis (RA) by oral tolerance</td>
      <td>Musculoskeletal Diseases</td>
      <td>Not Specified</td>
      <td>0</td>
    </tr>
    <tr>
      <td><a href='https://www.isrctn.com/ISRCTN25152388' target='_blank'><div>ISRCTN25152388</div></a></td>
      <td>A double-blind placebo-controlled trial of intra-articular triamcinolone wi...</td>
      <td>Musculoskeletal Diseases</td>
      <td>Not Specified</td>
      <td>0</td>
    </tr>
    <tr>
      <td><a href='https://www.isrctn.com/ISRCTN91217042' target='_blank'><div>ISRCTN91217042</div></a></td>
      <td>A prospective randomised placebo controlled trial of treatment for fibrosin...</td>
      <td>Musculoskeletal Diseases</td>
      <td>Adult</td>
      <td>45</td>
    </tr>
    <tr>
      <td><a href='https://www.isrctn.com/ISRCTN36539116' target='_blank'><div>ISRCTN36539116</div></a></td>
      <td>A double-blind, controlled study of corticosteroid injection in plantar fas...</td>
      <td>Musculoskeletal Diseases</td>
      <td>Not Specified</td>
      <td>0</td>
    </tr>
    <tr>
      <td><a href='https://www.isrctn.com/ISRCTN79105828' target='_blank'><div>ISRCTN79105828</div></a></td>
      <td>Can monthly low dose intramuscular (IM) steroids prevent erosive damage in ...</td>
      <td>Musculoskeletal Diseases</td>
      <td>Adult</td>
      <td>91</td>
    </tr>
    <tr>
      <td><a href='https://www.isrctn.com/ISRCTN65477168' target='_blank'><div>ISRCTN65477168</div></a></td>
      <td>A randomised controlled study of combination therapy in rheumatoid arthriti...</td>
      <td>Musculoskeletal Diseases</td>
      <td>Not Specified</td>
      <td>0</td>
    </tr>
    <tr>
      <td><a href='https://www.isrctn.com/ISRCTN69908361' target='_blank'><div>ISRCTN69908361</div></a></td>
      <td>Intramuscular depomedrone in very early inflammatory polyarthritis</td>
      <td>Musculoskeletal Diseases</td>
      <td>Adult</td>
      <td>346</td>
    </tr>
    <tr>
      <td><a href='https://www.isrctn.com/ISRCTN57984704' target='_blank'><div>ISRCTN57984704</div></a></td>
      <td>Prevention of vascular damage in scleroderma with angiotensin-converting en...</td>
      <td>Musculoskeletal Diseases</td>
      <td>Not Specified</td>
      <td>0</td>
    </tr>
    <tr>
      <td><a href='https://www.isrctn.com/ISRCTN30771772' target='_blank'><div>ISRCTN30771772</div></a></td>
      <td>Study of alternative regimens of high dose induction therapy for systemic v...</td>
      <td>Circulatory System</td>
      <td>Not Specified</td>
      <td>0</td>
    </tr>
    <tr>
      <td><a href='https://www.isrctn.com/ISRCTN40085050' target='_blank'><div>ISRCTN40085050</div></a></td>
      <td>Second Line Agents in Myositis</td>
      <td>Musculoskeletal Diseases</td>
      <td>Not Specified</td>
      <td>0</td>
    </tr>
    <tr>
      <td><a href='https://www.isrctn.com/ISRCTN76376467' target='_blank'><div>ISRCTN76376467</div></a></td>
      <td>Risedronate treatment for Children with severe Osteogenesis Imperfecta</td>
      <td>Musculoskeletal Diseases</td>
      <td>Child</td>
      <td>53</td>
    </tr>
    <tr>
      <td><a href='https://www.isrctn.com/ISRCTN81818945' target='_blank'><div>ISRCTN81818945</div></a></td>
      <td>A prospective, multi-centre, randomised trial comparing low-dose aspirin wi...</td>
      <td>Circulatory System</td>
      <td>Not Specified</td>
      <td>0</td>
    </tr>
    <tr>
      <td><a href='https://www.isrctn.com/ISRCTN54376151' target='_blank'><div>ISRCTN54376151</div></a></td>
      <td>Methotrexate In Psoriatic Arthritis</td>
      <td>Musculoskeletal Diseases</td>
      <td>Not Specified</td>
      <td>0</td>
    </tr>
  </tbody>
</table>"
