,merclng,merclat,locations,latitude,longitude,number,radius,HTML
0,-139635.47344398804,6755913.94771293,University of Oxford,51.7548164,-1.2543668,32.0,22.533827903669653,"<table border=""1"" class=""dataframe"">
  <thead>
    <tr style=""text-align: left;"">
      <th>ISRCTN link</th>
      <th>Title</th>
      <th>Intervention type</th>
      <th>Age group</th>
      <th>Target number of participants</th>
    </tr>
  </thead>
  <tbody>
    <tr>
      <td><a href='https://www.isrctn.com/ISRCTN17647940' target='_blank'><div>ISRCTN17647940</div></a></td>
      <td>Comparing treatments for high blood pressure in older patients with more th...</td>
      <td>Other</td>
      <td>Senior</td>
      <td>200</td>
    </tr>
    <tr>
      <td><a href='https://www.isrctn.com/ISRCTN15905609' target='_blank'><div>ISRCTN15905609</div></a></td>
      <td>The short and long-term consequences of critical illness on the heart and b...</td>
      <td>Other</td>
      <td>Adult</td>
      <td>80000</td>
    </tr>
    <tr>
      <td><a href='https://www.isrctn.com/ISRCTN16665769' target='_blank'><div>ISRCTN16665769</div></a></td>
      <td>The role of cerebral embolic protection in preventing strokes and improving...</td>
      <td>Device</td>
      <td>Adult</td>
      <td>7730</td>
    </tr>
    <tr>
      <td><a href='https://www.isrctn.com/ISRCTN57946500' target='_blank'><div>ISRCTN57946500</div></a></td>
      <td>Home blood pressure monitoring versus standard care in hypertension for str...</td>
      <td>Other</td>
      <td>Adult</td>
      <td>610</td>
    </tr>
    <tr>
      <td><a href='https://www.isrctn.com/ISRCTN10417167' target='_blank'><div>ISRCTN10417167</div></a></td>
      <td>Camera monitoring of circulation dynamics using skin perfusion pattern of l...</td>
      <td>Other</td>
      <td>Adult</td>
      <td>30</td>
    </tr>
    <tr>
      <td><a href='https://www.isrctn.com/ISRCTN11142694' target='_blank'><div>ISRCTN11142694</div></a></td>
      <td>Tackling statin intolerance with N-of-1 trials (TASINI)</td>
      <td>Mixed</td>
      <td>Adult</td>
      <td>95</td>
    </tr>
    <tr>
      <td><a href='https://www.isrctn.com/ISRCTN15544176' target='_blank'><div>ISRCTN15544176</div></a></td>
      <td>AMALFI: Active monitoring for atrial fibrillation</td>
      <td>Other</td>
      <td>Adult</td>
      <td>2500</td>
    </tr>
    <tr>
      <td><a href='https://www.isrctn.com/ISRCTN13252515' target='_blank'><div>ISRCTN13252515</div></a></td>
      <td>A review and analysis of treatments for irregular heart rhythm</td>
      <td>Other</td>
      <td>Adult</td>
      <td>1000000</td>
    </tr>
    <tr>
      <td><a href='https://www.isrctn.com/ISRCTN14593637' target='_blank'><div>ISRCTN14593637</div></a></td>
      <td>Inhaled furosemide for dyspnoea relief in advanced heart failure</td>
      <td>Drug</td>
      <td>Adult</td>
      <td>40</td>
    </tr>
    <tr>
      <td><a href='https://www.isrctn.com/ISRCTN12866009' target='_blank'><div>ISRCTN12866009</div></a></td>
      <td>Feasibility study of the use of point-of-care NP measurement</td>
      <td>Other</td>
      <td>Adult</td>
      <td>27</td>
    </tr>
    <tr>
      <td><a href='https://www.isrctn.com/ISRCTN20910962' target='_blank'><div>ISRCTN20910962</div></a></td>
      <td>SALT-SWAP - Testing different approaches to help people reduce their salt i...</td>
      <td>Other</td>
      <td>Adult</td>
      <td>40</td>
    </tr>
    <tr>
      <td><a href='https://www.isrctn.com/ISRCTN97503221' target='_blank'><div>ISRCTN97503221</div></a></td>
      <td>Optimising treatment for mild systolic hypertension in the elderly</td>
      <td>Other</td>
      <td>Adult</td>
      <td>540</td>
    </tr>
    <tr>
      <td><a href='https://www.isrctn.com/ISRCTN87982915' target='_blank'><div>ISRCTN87982915</div></a></td>
      <td>HCMR - Novel Predictors of Outcome in Hypertrophic Cardiomyopathy</td>
      <td>Other</td>
      <td>Adult</td>
      <td>2750</td>
    </tr>
    <tr>
      <td><a href='https://www.isrctn.com/ISRCTN86212709' target='_blank'><div>ISRCTN86212709</div></a></td>
      <td>Home monitoring with integrated risk-stratified disease management support ...</td>
      <td>Other</td>
      <td>Adult</td>
      <td>200</td>
    </tr>
    <tr>
      <td><a href='https://www.isrctn.com/ISRCTN83571366' target='_blank'><div>ISRCTN83571366</div></a></td>
      <td>Telemonitoring and/or self-monitoring in hypertension</td>
      <td>Other</td>
      <td>Adult</td>
      <td>1100</td>
    </tr>
    <tr>
      <td><a href='https://www.isrctn.com/ISRCTN50857950' target='_blank'><div>ISRCTN50857950</div></a></td>
      <td>Oxford Cognitive Screen (OCS)-care: a study for developing and evaluating a...</td>
      <td>Other</td>
      <td>Adult</td>
      <td>400</td>
    </tr>
    <tr>
      <td><a href='https://www.isrctn.com/ISRCTN55722437' target='_blank'><div>ISRCTN55722437</div></a></td>
      <td>Automated risk assessment for stroke in atrial fibrillation</td>
      <td>Other</td>
      <td>Not Specified</td>
      <td>49</td>
    </tr>
    <tr>
      <td><a href='https://www.isrctn.com/ISRCTN48678192' target='_blank'><div>ISRCTN48678192</div></a></td>
      <td>Randomized evaluation of the effects of anacetrapib through lipid-modificat...</td>
      <td>Drug</td>
      <td>Senior</td>
      <td>30624</td>
    </tr>
    <tr>
      <td><a href='https://www.isrctn.com/ISRCTN29161170' target='_blank'><div>ISRCTN29161170</div></a></td>
      <td>Coronary artery grafting in high risk patients randomised to off-pump or on...</td>
      <td>Procedure/Surgery</td>
      <td>Adult</td>
      <td>5420</td>
    </tr>
    <tr>
      <td><a href='https://www.isrctn.com/ISRCTN29503772' target='_blank'><div>ISRCTN29503772</div></a></td>
      <td>HPS2-THRIVE: Treatment of High density lipoprotein to Reduce the Incidence ...</td>
      <td>Drug</td>
      <td>Adult</td>
      <td>25673</td>
    </tr>
    <tr>
      <td><a href='https://www.isrctn.com/ISRCTN21144362' target='_blank'><div>ISRCTN21144362</div></a></td>
      <td>Asymptomatic Carotid Surgery Trial 2: an international randomised trial to ...</td>
      <td>Procedure/Surgery</td>
      <td>Adult</td>
      <td>5000</td>
    </tr>
    <tr>
      <td><a href='https://www.isrctn.com/ISRCTN47956475' target='_blank'><div>ISRCTN47956475</div></a></td>
      <td>The Effects of Folic Acid on Vascular Function in Patients with Coronary Ar...</td>
      <td>Drug</td>
      <td>Adult</td>
      <td>60</td>
    </tr>
    <tr>
      <td><a href='https://www.isrctn.com/ISRCTN74348595' target='_blank'><div>ISRCTN74348595</div></a></td>
      <td>Study of the Effectiveness of Additional Reductions in Cholesterol and Homo...</td>
      <td>Supplement</td>
      <td>Adult</td>
      <td>12064</td>
    </tr>
    <tr>
      <td><a href='https://www.isrctn.com/ISRCTN20472718' target='_blank'><div>ISRCTN20472718</div></a></td>
      <td>Effects of off pump versus on pump coronary surgery on reversible and irrev...</td>
      <td>Procedure/Surgery</td>
      <td>Adult</td>
      <td>50</td>
    </tr>
    <tr>
      <td><a href='https://www.isrctn.com/ISRCTN27140757' target='_blank'><div>ISRCTN27140757</div></a></td>
      <td>A randomised, controlled trial in primary care of a nicotine replacement th...</td>
      <td>Other</td>
      <td>Not Specified</td>
      <td>2400</td>
    </tr>
    <tr>
      <td><a href='https://www.isrctn.com/ISRCTN54137607' target='_blank'><div>ISRCTN54137607</div></a></td>
      <td>Study of Heart And Renal Protection</td>
      <td>Drug</td>
      <td>Adult</td>
      <td>9000</td>
    </tr>
    <tr>
      <td><a href='https://www.isrctn.com/ISRCTN46552265' target='_blank'><div>ISRCTN46552265</div></a></td>
      <td>Arterial Revascularisation Trial - a randomised trial to compare survival f...</td>
      <td>Procedure/Surgery</td>
      <td>Adult</td>
      <td>3000</td>
    </tr>
    <tr>
      <td><a href='https://www.isrctn.com/ISRCTN24616095' target='_blank'><div>ISRCTN24616095</div></a></td>
      <td>A randomised controlled trial of the angiotensin converting enzyme (ACE) in...</td>
      <td>Drug</td>
      <td>Adult</td>
      <td>100</td>
    </tr>
    <tr>
      <td><a href='https://www.isrctn.com/ISRCTN88876914' target='_blank'><div>ISRCTN88876914</div></a></td>
      <td>A double-blind randomized placebo-controlled trial assessing the effects of...</td>
      <td>Drug</td>
      <td>Senior</td>
      <td>15000</td>
    </tr>
    <tr>
      <td><a href='https://www.isrctn.com/ISRCTN26156392' target='_blank'><div>ISRCTN26156392</div></a></td>
      <td>Asymptomatic Carotid Surgery Trial (ACST-1)</td>
      <td>Procedure/Surgery</td>
      <td>Adult</td>
      <td>3120</td>
    </tr>
    <tr>
      <td><a href='https://www.isrctn.com/ISRCTN11011373' target='_blank'><div>ISRCTN11011373</div></a></td>
      <td>Inhaled furosemide for dyspnoea relief</td>
      <td>Drug</td>
      <td>Adult</td>
      <td>12</td>
    </tr>
    <tr>
      <td><a href='https://www.isrctn.com/ISRCTN91306993' target='_blank'><div>ISRCTN91306993</div></a></td>
      <td>Online Supermarket ‘Salt Swap’</td>
      <td>Behavioural</td>
      <td>Adult</td>
      <td>900</td>
    </tr>
  </tbody>
</table>"
1,-67739.89163464309,6664057.162404566,Royal Surrey County Hospital NHS Foundation Trust,51.2411243,-0.6085178,2.0,5.306765580733931,"<table border=""1"" class=""dataframe"">
  <thead>
    <tr style=""text-align: left;"">
      <th>ISRCTN link</th>
      <th>Title</th>
      <th>Intervention type</th>
      <th>Age group</th>
      <th>Target number of participants</th>
    </tr>
  </thead>
  <tbody>
    <tr>
      <td><a href='https://www.isrctn.com/ISRCTN82077534' target='_blank'><div>ISRCTN82077534</div></a></td>
      <td>The measurement of heart and circulation parameters performed non-invasivel...</td>
      <td>Device</td>
      <td>Adult</td>
      <td>140</td>
    </tr>
    <tr>
      <td><a href='https://www.isrctn.com/ISRCTN06487378' target='_blank'><div>ISRCTN06487378</div></a></td>
      <td>The use of a hand-held electrocardiogram (ECG) monitor to diagnose paroxysm...</td>
      <td>Other</td>
      <td>Senior</td>
      <td>30</td>
    </tr>
  </tbody>
</table>"
2,-181976.75458703414,7363080.99091819,Newcastle upon Tyne Hospitals NHS Foundation Trust,55.0062592,-1.634725,16.0,18.227062322935723,"<table border=""1"" class=""dataframe"">
  <thead>
    <tr style=""text-align: left;"">
      <th>ISRCTN link</th>
      <th>Title</th>
      <th>Intervention type</th>
      <th>Age group</th>
      <th>Target number of participants</th>
    </tr>
  </thead>
  <tbody>
    <tr>
      <td><a href='https://www.isrctn.com/ISRCTN14822732' target='_blank'><div>ISRCTN14822732</div></a></td>
      <td>Study of brain and leg characteristics identified using magnetic resonance ...</td>
      <td>Other</td>
      <td>Adult</td>
      <td>30</td>
    </tr>
    <tr>
      <td><a href='https://www.isrctn.com/ISRCTN45337422' target='_blank'><div>ISRCTN45337422</div></a></td>
      <td>Leg strengthening exercise to improve standing blood pressure response duri...</td>
      <td>Behavioural</td>
      <td>Senior</td>
      <td>10</td>
    </tr>
    <tr>
      <td><a href='https://www.isrctn.com/ISRCTN64663470' target='_blank'><div>ISRCTN64663470</div></a></td>
      <td>A pilot study to investigate the use of an impedance threshold device (ITD)...</td>
      <td>Device</td>
      <td>Adult</td>
      <td>120</td>
    </tr>
    <tr>
      <td><a href='https://www.isrctn.com/ISRCTN79169844' target='_blank'><div>ISRCTN79169844</div></a></td>
      <td>Evaluation of a new portable test to identify patients with complex stroke</td>
      <td>Other</td>
      <td>Adult</td>
      <td>124</td>
    </tr>
    <tr>
      <td><a href='https://www.isrctn.com/ISRCTN13301188' target='_blank'><div>ISRCTN13301188</div></a></td>
      <td>Novel pulse device for diagnosis of peripheral arterial disease (NOTEPAD)</td>
      <td>Other</td>
      <td>Adult</td>
      <td>250</td>
    </tr>
    <tr>
      <td><a href='https://www.isrctn.com/ISRCTN15960635' target='_blank'><div>ISRCTN15960635</div></a></td>
      <td>Treatment of poor-grade subarachnoid haemorrhage trial 2</td>
      <td>Procedure/Surgery</td>
      <td>Adult</td>
      <td>346</td>
    </tr>
    <tr>
      <td><a href='https://www.isrctn.com/ISRCTN70523327' target='_blank'><div>ISRCTN70523327</div></a></td>
      <td>The effects of cardiopulmonary bypass on the function of white blood cells</td>
      <td>Procedure/Surgery</td>
      <td>Adult</td>
      <td>35</td>
    </tr>
    <tr>
      <td><a href='https://www.isrctn.com/ISRCTN14072554' target='_blank'><div>ISRCTN14072554</div></a></td>
      <td>Habitual physical activity and exercise capacity in pulmonary hypertension</td>
      <td>Drug</td>
      <td>Adult</td>
      <td>15</td>
    </tr>
    <tr>
      <td><a href='https://www.isrctn.com/ISRCTN15698516' target='_blank'><div>ISRCTN15698516</div></a></td>
      <td>Stroke: an evaluation of thrombectomy in the ageing brain version 1 (STABIL...</td>
      <td>Procedure/Surgery</td>
      <td>Adult</td>
      <td>120</td>
    </tr>
    <tr>
      <td><a href='https://www.isrctn.com/ISRCTN69371850' target='_blank'><div>ISRCTN69371850</div></a></td>
      <td>Robot assisted training for the upper limb after stroke</td>
      <td>Other</td>
      <td>Adult</td>
      <td>720</td>
    </tr>
    <tr>
      <td><a href='https://www.isrctn.com/ISRCTN14582348' target='_blank'><div>ISRCTN14582348</div></a></td>
      <td>Movement as medicine for cardiovascular disease prevention</td>
      <td>Behavioural</td>
      <td>Adult</td>
      <td>200</td>
    </tr>
    <tr>
      <td><a href='https://www.isrctn.com/ISRCTN62199741' target='_blank'><div>ISRCTN62199741</div></a></td>
      <td>Adenosine testing to determine the need for pacing therapy in unexplained s...</td>
      <td>Device</td>
      <td>Adult</td>
      <td>180</td>
    </tr>
    <tr>
      <td><a href='https://www.isrctn.com/ISRCTN54540667' target='_blank'><div>ISRCTN54540667</div></a></td>
      <td>Paramedic Initiated Lisinopril For Acute Stroke</td>
      <td>Other</td>
      <td>Adult</td>
      <td>60</td>
    </tr>
    <tr>
      <td><a href='https://www.isrctn.com/ISRCTN03012467' target='_blank'><div>ISRCTN03012467</div></a></td>
      <td>Effects of increased consumption of leaf and stalk vegetables and beetroot ...</td>
      <td>Other</td>
      <td>Adult</td>
      <td>225</td>
    </tr>
    <tr>
      <td><a href='https://www.isrctn.com/ISRCTN22153967' target='_blank'><div>ISRCTN22153967</div></a></td>
      <td>Surgical trial in lobar intracerebral haemorrhage</td>
      <td>Mixed</td>
      <td>Adult</td>
      <td>600</td>
    </tr>
    <tr>
      <td><a href='https://www.isrctn.com/ISRCTN24808514' target='_blank'><div>ISRCTN24808514</div></a></td>
      <td>Decision Analysis in Routine Treatment II: a randomised controlled trial (e...</td>
      <td>Other</td>
      <td>Senior</td>
      <td>109</td>
    </tr>
  </tbody>
</table>"
4,-14921.27567787947,6714611.999375625,University College London,51.52455920000001,-0.1340401,20.0,19.61353116146786,"<table border=""1"" class=""dataframe"">
  <thead>
    <tr style=""text-align: left;"">
      <th>ISRCTN link</th>
      <th>Title</th>
      <th>Intervention type</th>
      <th>Age group</th>
      <th>Target number of participants</th>
    </tr>
  </thead>
  <tbody>
    <tr>
      <td><a href='https://www.isrctn.com/ISRCTN71987471' target='_blank'><div>ISRCTN71987471</div></a></td>
      <td>Corticosteroids plus standard of care treatment versus standard of care tre...</td>
      <td>Other</td>
      <td>Child</td>
      <td>262</td>
    </tr>
    <tr>
      <td><a href='https://www.isrctn.com/ISRCTN14466044' target='_blank'><div>ISRCTN14466044</div></a></td>
      <td>Reconstructing sentence processing in aphasia</td>
      <td>Mixed</td>
      <td>Adult</td>
      <td>66</td>
    </tr>
    <tr>
      <td><a href='https://www.isrctn.com/ISRCTN10280992' target='_blank'><div>ISRCTN10280992</div></a></td>
      <td>Rivaroxaban for stroke patients with antiphospholipid syndrome</td>
      <td>Drug</td>
      <td>Adult</td>
      <td>140</td>
    </tr>
    <tr>
      <td><a href='https://www.isrctn.com/ISRCTN23416732' target='_blank'><div>ISRCTN23416732</div></a></td>
      <td>PRevention Of Hypertensive Injury to the Brain by Intensive Treatment after...</td>
      <td>Device</td>
      <td>Adult</td>
      <td>112</td>
    </tr>
    <tr>
      <td><a href='https://www.isrctn.com/ISRCTN17896007' target='_blank'><div>ISRCTN17896007</div></a></td>
      <td>Optimal timing of anticoagulation after acute ischaemic stroke</td>
      <td>Drug</td>
      <td>Adult</td>
      <td>3478</td>
    </tr>
    <tr>
      <td><a href='https://www.isrctn.com/ISRCTN86062633' target='_blank'><div>ISRCTN86062633</div></a></td>
      <td>Feasibility study of radiofrequency endoscopic ablation, with ultrasound gu...</td>
      <td>Procedure/Surgery</td>
      <td>Adult</td>
      <td>30</td>
    </tr>
    <tr>
      <td><a href='https://www.isrctn.com/ISRCTN38968048' target='_blank'><div>ISRCTN38968048</div></a></td>
      <td>Intraoperative hypotension in elder patients (IHypE)</td>
      <td>Other</td>
      <td>Adult</td>
      <td>1700</td>
    </tr>
    <tr>
      <td><a href='https://www.isrctn.com/ISRCTN13565602' target='_blank'><div>ISRCTN13565602</div></a></td>
      <td>Investigation into the use of radiofrequency ablation for the treatment of ...</td>
      <td>Procedure/Surgery</td>
      <td>Adult</td>
      <td>30</td>
    </tr>
    <tr>
      <td><a href='https://www.isrctn.com/ISRCTN09502665' target='_blank'><div>ISRCTN09502665</div></a></td>
      <td>Evaluation of blood pressure TREATment stratified according to Central Aort...</td>
      <td>Other</td>
      <td>Adult</td>
      <td>500</td>
    </tr>
    <tr>
      <td><a href='https://www.isrctn.com/ISRCTN49645414' target='_blank'><div>ISRCTN49645414</div></a></td>
      <td>Effect of Remote Ischaemic preConditioning on contrast medium induced nephr...</td>
      <td>Other</td>
      <td>Adult</td>
      <td>362</td>
    </tr>
    <tr>
      <td><a href='https://www.isrctn.com/ISRCTN96717546' target='_blank'><div>ISRCTN96717546</div></a></td>
      <td>Combination therapy for pulmonary hypertension using racecadotril</td>
      <td>Other</td>
      <td>Adult</td>
      <td>24</td>
    </tr>
    <tr>
      <td><a href='https://www.isrctn.com/ISRCTN97744893' target='_blank'><div>ISRCTN97744893</div></a></td>
      <td>European Carotid Surgery Trial 2</td>
      <td>Mixed</td>
      <td>Adult</td>
      <td>200</td>
    </tr>
    <tr>
      <td><a href='https://www.isrctn.com/ISRCTN22537903' target='_blank'><div>ISRCTN22537903</div></a></td>
      <td>Metabolic response to playing video games</td>
      <td>Other</td>
      <td>Adult</td>
      <td>48</td>
    </tr>
    <tr>
      <td><a href='https://www.isrctn.com/ISRCTN78348355' target='_blank'><div>ISRCTN78348355</div></a></td>
      <td>Remote ischaemic postconditioning in the clinical setting</td>
      <td>Other</td>
      <td>Adult</td>
      <td>500</td>
    </tr>
    <tr>
      <td><a href='https://www.isrctn.com/ISRCTN49989273' target='_blank'><div>ISRCTN49989273</div></a></td>
      <td>Elucidating the mechanistic pathways of ischaemic preconditioning and postc...</td>
      <td>Other</td>
      <td>Adult</td>
      <td>400</td>
    </tr>
    <tr>
      <td><a href='https://www.isrctn.com/ISRCTN01775128' target='_blank'><div>ISRCTN01775128</div></a></td>
      <td>Myocardial preconditioning in coronary artery bypass surgery</td>
      <td>Other</td>
      <td>Adult</td>
      <td>500</td>
    </tr>
    <tr>
      <td><a href='https://www.isrctn.com/ISRCTN41280231' target='_blank'><div>ISRCTN41280231</div></a></td>
      <td>How does an internet intervention help patients with coronary heart disease...</td>
      <td>Other</td>
      <td>Adult</td>
      <td>168</td>
    </tr>
    <tr>
      <td><a href='https://www.isrctn.com/ISRCTN03624752' target='_blank'><div>ISRCTN03624752</div></a></td>
      <td>Predicting Outcome and Measuring Benefit from botulinum therapy in Stroke</td>
      <td>Drug</td>
      <td>Not Specified</td>
      <td>30</td>
    </tr>
    <tr>
      <td><a href='https://www.isrctn.com/ISRCTN25337470' target='_blank'><div>ISRCTN25337470</div></a></td>
      <td>A randomised comparison of the risks, benefits and cost effectiveness of pr...</td>
      <td>Procedure/Surgery</td>
      <td>Adult</td>
      <td>36</td>
    </tr>
    <tr>
      <td><a href='https://www.isrctn.com/ISRCTN58625025' target='_blank'><div>ISRCTN58625025</div></a></td>
      <td>MRC Cardiovascular Screening and Mental Health Project: Pilot of screening ...</td>
      <td>Other</td>
      <td>Adult</td>
      <td>180</td>
    </tr>
  </tbody>
</table>"
5,-19154.466482071603,6719549.4513150705,Royal Free London NHS Foundation Trust,51.5521469,-0.1720675,1.0,1.0,"<table border=""1"" class=""dataframe"">
  <thead>
    <tr style=""text-align: left;"">
      <th>ISRCTN link</th>
      <th>Title</th>
      <th>Intervention type</th>
      <th>Age group</th>
      <th>Target number of participants</th>
    </tr>
  </thead>
  <tbody>
    <tr>
      <td><a href='https://www.isrctn.com/ISRCTN55643149' target='_blank'><div>ISRCTN55643149</div></a></td>
      <td>Scleroderma heart study</td>
      <td>Procedure/Surgery</td>
      <td>Adult</td>
      <td>20</td>
    </tr>
  </tbody>
</table>"
7,-173105.45946283842,7133628.765905515,University of Leeds,53.8066815,-1.5550328,11.0,15.898961024049783,"<table border=""1"" class=""dataframe"">
  <thead>
    <tr style=""text-align: left;"">
      <th>ISRCTN link</th>
      <th>Title</th>
      <th>Intervention type</th>
      <th>Age group</th>
      <th>Target number of participants</th>
    </tr>
  </thead>
  <tbody>
    <tr>
      <td><a href='https://www.isrctn.com/ISRCTN82391603' target='_blank'><div>ISRCTN82391603</div></a></td>
      <td>Cardiovascular effects of empagliflozin in diabetes mellitus</td>
      <td>Drug</td>
      <td>Adult</td>
      <td>60</td>
    </tr>
    <tr>
      <td><a href='https://www.isrctn.com/ISRCTN29731761' target='_blank'><div>ISRCTN29731761</div></a></td>
      <td>UK GRACE Risk Score Intervention Study</td>
      <td>Other</td>
      <td>Adult</td>
      <td>9000</td>
    </tr>
    <tr>
      <td><a href='https://www.isrctn.com/ISRCTN67819491' target='_blank'><div>ISRCTN67819491</div></a></td>
      <td>Myocardial perfusion and microvascular dysfunction in stable coronary arter...</td>
      <td>Other</td>
      <td>Adult</td>
      <td>90</td>
    </tr>
    <tr>
      <td><a href='https://www.isrctn.com/ISRCTN50167738' target='_blank'><div>ISRCTN50167738</div></a></td>
      <td>Quantitative MRI to define mechanisms of CArDiovascular co-morbidity in pat...</td>
      <td>Other</td>
      <td>Adult</td>
      <td>100</td>
    </tr>
    <tr>
      <td><a href='https://www.isrctn.com/ISRCTN47059787' target='_blank'><div>ISRCTN47059787</div></a></td>
      <td>Optimising Pacemaker Therapy (OPT-PACE)</td>
      <td>Other</td>
      <td>Adult</td>
      <td>1800</td>
    </tr>
    <tr>
      <td><a href='https://www.isrctn.com/ISRCTN41781196' target='_blank'><div>ISRCTN41781196</div></a></td>
      <td>A study to find out the best way to help people to change their lifestyle a...</td>
      <td>Behavioural</td>
      <td>Adult</td>
      <td>120</td>
    </tr>
    <tr>
      <td><a href='https://www.isrctn.com/ISRCTN16472838' target='_blank'><div>ISRCTN16472838</div></a></td>
      <td>iPAM (robot) Stroke Intervention Trial (iSIT) for arm weakness</td>
      <td>Other</td>
      <td>Adult</td>
      <td>90</td>
    </tr>
    <tr>
      <td><a href='https://www.isrctn.com/ISRCTN99643613' target='_blank'><div>ISRCTN99643613</div></a></td>
      <td>Dopamine Augmented Rehabilitation in Stroke</td>
      <td>Drug</td>
      <td>Adult</td>
      <td>572</td>
    </tr>
    <tr>
      <td><a href='https://www.isrctn.com/ISRCTN17873085' target='_blank'><div>ISRCTN17873085</div></a></td>
      <td>The impact of vitamin D supplementation in chronic heart failure</td>
      <td>Supplement</td>
      <td>Adult</td>
      <td>100</td>
    </tr>
    <tr>
      <td><a href='https://www.isrctn.com/ISRCTN49208824' target='_blank'><div>ISRCTN49208824</div></a></td>
      <td>Training Caregivers after Stroke (TRACS)</td>
      <td>Other</td>
      <td>Not Specified</td>
      <td>900</td>
    </tr>
    <tr>
      <td><a href='https://www.isrctn.com/ISRCTN89508434' target='_blank'><div>ISRCTN89508434</div></a></td>
      <td>Secondary Prevention of Acute Coronary Events. Reduction Of Cholesterol to ...</td>
      <td>Drug</td>
      <td>Adult</td>
      <td>2072</td>
    </tr>
  </tbody>
</table>"
10,-125193.51722956625,6913224.121171489,University of Leicester,52.6211393,-1.1246325,12.0,16.439593106327717,"<table border=""1"" class=""dataframe"">
  <thead>
    <tr style=""text-align: left;"">
      <th>ISRCTN link</th>
      <th>Title</th>
      <th>Intervention type</th>
      <th>Age group</th>
      <th>Target number of participants</th>
    </tr>
  </thead>
  <tbody>
    <tr>
      <td><a href='https://www.isrctn.com/ISRCTN93993995' target='_blank'><div>ISRCTN93993995</div></a></td>
      <td>Improving the heart health of individuals with abdominal aortic aneurysms: ...</td>
      <td>Behavioural</td>
      <td>Adult</td>
      <td>45</td>
    </tr>
    <tr>
      <td><a href='https://www.isrctn.com/ISRCTN42661582' target='_blank'><div>ISRCTN42661582</div></a></td>
      <td>Spontaneous coronary artery dissection (SCAD) study</td>
      <td>Other</td>
      <td>Adult</td>
      <td>1000</td>
    </tr>
    <tr>
      <td><a href='https://www.isrctn.com/ISRCTN66022965' target='_blank'><div>ISRCTN66022965</div></a></td>
      <td>Causes of brain injury during heart surgery</td>
      <td>Mixed</td>
      <td>Adult</td>
      <td>100</td>
    </tr>
    <tr>
      <td><a href='https://www.isrctn.com/ISRCTN10853487' target='_blank'><div>ISRCTN10853487</div></a></td>
      <td>Antihypertensives to reduce blood pressure variability after stroke</td>
      <td>Drug</td>
      <td>Adult</td>
      <td>150</td>
    </tr>
    <tr>
      <td><a href='https://www.isrctn.com/ISRCTN91163727' target='_blank'><div>ISRCTN91163727</div></a></td>
      <td>Physical activity after cardiac events (PACES)</td>
      <td>Other</td>
      <td>Adult</td>
      <td>290</td>
    </tr>
    <tr>
      <td><a href='https://www.isrctn.com/ISRCTN16863160' target='_blank'><div>ISRCTN16863160</div></a></td>
      <td>3R Study (ready to reduce risk)</td>
      <td>Other</td>
      <td>Adult</td>
      <td>210</td>
    </tr>
    <tr>
      <td><a href='https://www.isrctn.com/ISRCTN88646091' target='_blank'><div>ISRCTN88646091</div></a></td>
      <td>The DIASTOLIC Study</td>
      <td>Other</td>
      <td>Adult</td>
      <td>120</td>
    </tr>
    <tr>
      <td><a href='https://www.isrctn.com/ISRCTN17736632' target='_blank'><div>ISRCTN17736632</div></a></td>
      <td>Diversity in blood flow control to the brain</td>
      <td>Other</td>
      <td>Adult</td>
      <td>60</td>
    </tr>
    <tr>
      <td><a href='https://www.isrctn.com/ISRCTN27076315' target='_blank'><div>ISRCTN27076315</div></a></td>
      <td>A randomised controlled trial of red cell washing for the attenuation of tr...</td>
      <td>Other</td>
      <td>Adult</td>
      <td>170</td>
    </tr>
    <tr>
      <td><a href='https://www.isrctn.com/ISRCTN06134609' target='_blank'><div>ISRCTN06134609</div></a></td>
      <td>Study to determine the pharmacokinetic profile, safety and tolerability of ...</td>
      <td>Drug</td>
      <td>Adult</td>
      <td>36</td>
    </tr>
    <tr>
      <td><a href='https://www.isrctn.com/ISRCTN57819173' target='_blank'><div>ISRCTN57819173</div></a></td>
      <td>The United Kingdom Transcatheter Aortic Valve Implantation (UK TAVI) Trial....</td>
      <td>Other</td>
      <td>Senior</td>
      <td>808</td>
    </tr>
    <tr>
      <td><a href='https://www.isrctn.com/ISRCTN86821598' target='_blank'><div>ISRCTN86821598</div></a></td>
      <td>Blood Pressure Variability (BPV) and stroke: its measurement, natural histo...</td>
      <td>Other</td>
      <td>Adult</td>
      <td>300</td>
    </tr>
  </tbody>
</table>"
11,-214903.77978954036,6882052.998582191,University of Birmingham,52.4508168,-1.9305135,24.0,20.746358687061647,"<table border=""1"" class=""dataframe"">
  <thead>
    <tr style=""text-align: left;"">
      <th>ISRCTN link</th>
      <th>Title</th>
      <th>Intervention type</th>
      <th>Age group</th>
      <th>Target number of participants</th>
    </tr>
  </thead>
  <tbody>
    <tr>
      <td><a href='https://www.isrctn.com/ISRCTN15645679' target='_blank'><div>ISRCTN15645679</div></a></td>
      <td>A trial to determine if withholding anticoagulation is not worse than stand...</td>
      <td>Drug</td>
      <td>Adult</td>
      <td>1466</td>
    </tr>
    <tr>
      <td><a href='https://www.isrctn.com/ISRCTN54638034' target='_blank'><div>ISRCTN54638034</div></a></td>
      <td>Communicating cardiovascular disease risk in UK primary care</td>
      <td>Behavioural</td>
      <td>Mixed</td>
      <td>60</td>
    </tr>
    <tr>
      <td><a href='https://www.isrctn.com/ISRCTN95259705' target='_blank'><div>ISRCTN95259705</div></a></td>
      <td>Rate control therapy evaluation in atrial fibrillation</td>
      <td>Other</td>
      <td>Adult</td>
      <td>160</td>
    </tr>
    <tr>
      <td><a href='https://www.isrctn.com/ISRCTN11929227' target='_blank'><div>ISRCTN11929227</div></a></td>
      <td>Fatigue in vasculitis</td>
      <td>Other</td>
      <td>Adult</td>
      <td>50</td>
    </tr>
    <tr>
      <td><a href='https://www.isrctn.com/ISRCTN12923441' target='_blank'><div>ISRCTN12923441</div></a></td>
      <td>Protecting the heart with remote ischaemic preconditioning during children'...</td>
      <td>Procedure/Surgery</td>
      <td>Child</td>
      <td>104</td>
    </tr>
    <tr>
      <td><a href='https://www.isrctn.com/ISRCTN12562576' target='_blank'><div>ISRCTN12562576</div></a></td>
      <td>How accurate are home blood pressure monitors used by patients?</td>
      <td>Other</td>
      <td>Adult</td>
      <td>385</td>
    </tr>
    <tr>
      <td><a href='https://www.isrctn.com/ISRCTN16857539' target='_blank'><div>ISRCTN16857539</div></a></td>
      <td>Home blood pressure monitors in patients with atrial fibrillation</td>
      <td>Device</td>
      <td>Adult</td>
      <td>33</td>
    </tr>
    <tr>
      <td><a href='https://www.isrctn.com/ISRCTN14469736' target='_blank'><div>ISRCTN14469736</div></a></td>
      <td>The BASIL-3 Trial: Balloon vs. Stenting in Severe Ischaemia of the Leg-3</td>
      <td>Procedure/Surgery</td>
      <td>Adult</td>
      <td>480</td>
    </tr>
    <tr>
      <td><a href='https://www.isrctn.com/ISRCTN10259346' target='_blank'><div>ISRCTN10259346</div></a></td>
      <td>IMPRESS-AF: Improved exercise tolerance in heart failure with preserved eje...</td>
      <td>Drug</td>
      <td>Adult</td>
      <td>250</td>
    </tr>
    <tr>
      <td><a href='https://www.isrctn.com/ISRCTN27728689' target='_blank'><div>ISRCTN27728689</div></a></td>
      <td>BASIL-2: Bypass v Angioplasty in Severe Ischaemia of the Leg - 2</td>
      <td>Procedure/Surgery</td>
      <td>Adult</td>
      <td>600</td>
    </tr>
    <tr>
      <td><a href='https://www.isrctn.com/ISRCTN52813039' target='_blank'><div>ISRCTN52813039</div></a></td>
      <td>A rehabilitation programme for individuals who have suffered a stroke</td>
      <td>Other</td>
      <td>Adult</td>
      <td>72</td>
    </tr>
    <tr>
      <td><a href='https://www.isrctn.com/ISRCTN94696478' target='_blank'><div>ISRCTN94696478</div></a></td>
      <td>A randomised multicentre open label blinded end point trial to compare the ...</td>
      <td>Drug</td>
      <td>Adult</td>
      <td>350</td>
    </tr>
    <tr>
      <td><a href='https://www.isrctn.com/ISRCTN80889792' target='_blank'><div>ISRCTN80889792</div></a></td>
      <td>Venous thromboembolism in care homes</td>
      <td>Other</td>
      <td>Adult</td>
      <td>1000</td>
    </tr>
    <tr>
      <td><a href='https://www.isrctn.com/ISRCTN62019087' target='_blank'><div>ISRCTN62019087</div></a></td>
      <td>Rapid Primary care Initiation of Drug treatment for TIA (RAPID−TIA)</td>
      <td>Drug</td>
      <td>Adult</td>
      <td>170</td>
    </tr>
    <tr>
      <td><a href='https://www.isrctn.com/ISRCTN11240937' target='_blank'><div>ISRCTN11240937</div></a></td>
      <td>Can we reduce salt levels in bread without affecting taste?</td>
      <td>Other</td>
      <td>Adult</td>
      <td>350</td>
    </tr>
    <tr>
      <td><a href='https://www.isrctn.com/ISRCTN87171227' target='_blank'><div>ISRCTN87171227</div></a></td>
      <td>Targets and self management for the control of blood pressure in stroke and...</td>
      <td>Other</td>
      <td>Adult</td>
      <td>540</td>
    </tr>
    <tr>
      <td><a href='https://www.isrctn.com/ISRCTN40620137' target='_blank'><div>ISRCTN40620137</div></a></td>
      <td>Effects of external-focus feedback on motor skill acquisition after stroke</td>
      <td>Other</td>
      <td>Not Specified</td>
      <td>42</td>
    </tr>
    <tr>
      <td><a href='https://www.isrctn.com/ISRCTN73819751' target='_blank'><div>ISRCTN73819751</div></a></td>
      <td>Extended AntiCoagulation Treatment for venous thromboembolism (VTE)</td>
      <td>Drug</td>
      <td>Adult</td>
      <td>352</td>
    </tr>
    <tr>
      <td><a href='https://www.isrctn.com/ISRCTN00757750' target='_blank'><div>ISRCTN00757750</div></a></td>
      <td>A cluster randomised controlled trial of an occupational therapy interventi...</td>
      <td>Other</td>
      <td>Adult</td>
      <td>840</td>
    </tr>
    <tr>
      <td><a href='https://www.isrctn.com/ISRCTN29062286' target='_blank'><div>ISRCTN29062286</div></a></td>
      <td>Different blood pressure targets for people with a history of stroke or tra...</td>
      <td>Other</td>
      <td>Adult</td>
      <td>610</td>
    </tr>
    <tr>
      <td><a href='https://www.isrctn.com/ISRCTN17585681' target='_blank'><div>ISRCTN17585681</div></a></td>
      <td>A randomised controlled trial of telemonitoring and self management in the ...</td>
      <td>Other</td>
      <td>Adult</td>
      <td>478</td>
    </tr>
    <tr>
      <td><a href='https://www.isrctn.com/ISRCTN79859980' target='_blank'><div>ISRCTN79859980</div></a></td>
      <td>A randomised trial of an occupational therapy and physiotherapy interventio...</td>
      <td>Other</td>
      <td>Adult</td>
      <td>250</td>
    </tr>
    <tr>
      <td><a href='https://www.isrctn.com/ISRCTN84867253' target='_blank'><div>ISRCTN84867253</div></a></td>
      <td>A pragmatic randomised controlled trial of treatments for Idiopathic Intrac...</td>
      <td>Other</td>
      <td>Not Specified</td>
      <td>0</td>
    </tr>
    <tr>
      <td><a href='https://www.isrctn.com/ISRCTN89345269' target='_blank'><div>ISRCTN89345269</div></a></td>
      <td>A randomised controlled trial of warfarin vs aspirin for atrial fibrillatio...</td>
      <td>Drug</td>
      <td>Senior</td>
      <td>973</td>
    </tr>
  </tbody>
</table>"
12,-132804.10798857908,6971867.107989617,University of Nottingham,52.93978269999999,-1.1929996,33.0,22.725022968909634,"<table border=""1"" class=""dataframe"">
  <thead>
    <tr style=""text-align: left;"">
      <th>ISRCTN link</th>
      <th>Title</th>
      <th>Intervention type</th>
      <th>Age group</th>
      <th>Target number of participants</th>
    </tr>
  </thead>
  <tbody>
    <tr>
      <td><a href='https://www.isrctn.com/ISRCTN40430183' target='_blank'><div>ISRCTN40430183</div></a></td>
      <td>Study of patients with severe high blood pressure referred to hospital for ...</td>
      <td>Other</td>
      <td>Adult</td>
      <td>600</td>
    </tr>
    <tr>
      <td><a href='https://www.isrctn.com/ISRCTN63231313' target='_blank'><div>ISRCTN63231313</div></a></td>
      <td>Remote ischaemic Conditioning After Stroke Trial - 3</td>
      <td>Device</td>
      <td>Adult</td>
      <td>1300</td>
    </tr>
    <tr>
      <td><a href='https://www.isrctn.com/ISRCTN67038373' target='_blank'><div>ISRCTN67038373</div></a></td>
      <td>Desmopressin for treatment of stroke patients on antiplatelet therapy</td>
      <td>Drug</td>
      <td>Adult</td>
      <td>50</td>
    </tr>
    <tr>
      <td><a href='https://www.isrctn.com/ISRCTN15568163' target='_blank'><div>ISRCTN15568163</div></a></td>
      <td>What is the impact of large scale implementation of stroke Early Supported ...</td>
      <td>Other</td>
      <td>Adult</td>
      <td>75</td>
    </tr>
    <tr>
      <td><a href='https://www.isrctn.com/ISRCTN12464275' target='_blank'><div>ISRCTN12464275</div></a></td>
      <td>Return to Work After Stroke (RETAKE)</td>
      <td>Other</td>
      <td>Adult</td>
      <td>760</td>
    </tr>
    <tr>
      <td><a href='https://www.isrctn.com/ISRCTN89812075' target='_blank'><div>ISRCTN89812075</div></a></td>
      <td>A pilot study of a trial of tight control of blood pressure during hip frac...</td>
      <td>Other</td>
      <td>Adult</td>
      <td>75</td>
    </tr>
    <tr>
      <td><a href='https://www.isrctn.com/ISRCTN15643456' target='_blank'><div>ISRCTN15643456</div></a></td>
      <td>Biopsychosocial Intervention for Stroke Carers</td>
      <td>Behavioural</td>
      <td>Adult</td>
      <td>40</td>
    </tr>
    <tr>
      <td><a href='https://www.isrctn.com/ISRCTN26986053' target='_blank'><div>ISRCTN26986053</div></a></td>
      <td>Rapid intervention with glyceryl trinitrate in hypertensive stroke trial-2</td>
      <td>Drug</td>
      <td>Adult</td>
      <td>850</td>
    </tr>
    <tr>
      <td><a href='https://www.isrctn.com/ISRCTN16489086' target='_blank'><div>ISRCTN16489086</div></a></td>
      <td>Early electrical stimulation to the wrist extensors and wrist flexors to pr...</td>
      <td>Procedure/Surgery</td>
      <td>Adult</td>
      <td>40</td>
    </tr>
    <tr>
      <td><a href='https://www.isrctn.com/ISRCTN22848383' target='_blank'><div>ISRCTN22848383</div></a></td>
      <td>Peritoneal dialysis using icodextrin-based solutions for patients with adva...</td>
      <td>Procedure/Surgery</td>
      <td>Adult</td>
      <td>130</td>
    </tr>
    <tr>
      <td><a href='https://www.isrctn.com/ISRCTN16005265' target='_blank'><div>ISRCTN16005265</div></a></td>
      <td>Evaluation of cardiac perfusion, structure and function in chronic liver an...</td>
      <td>Other</td>
      <td>Adult</td>
      <td>30</td>
    </tr>
    <tr>
      <td><a href='https://www.isrctn.com/ISRCTN36330958' target='_blank'><div>ISRCTN36330958</div></a></td>
      <td>An evaluation of the Regaining Confidence after Stroke (RCAS) course</td>
      <td>Other</td>
      <td>Not Specified</td>
      <td>60</td>
    </tr>
    <tr>
      <td><a href='https://www.isrctn.com/ISRCTN93732214' target='_blank'><div>ISRCTN93732214</div></a></td>
      <td>Tranexamic acid for IntraCerebral Haemorrhage (TICH-2)</td>
      <td>Drug</td>
      <td>Adult</td>
      <td>2000</td>
    </tr>
    <tr>
      <td><a href='https://www.isrctn.com/ISRCTN86672015' target='_blank'><div>ISRCTN86672015</div></a></td>
      <td>Remote ischaemic Conditioning After Stroke Trial (ReCAST)</td>
      <td>Other</td>
      <td>Adult</td>
      <td>30</td>
    </tr>
    <tr>
      <td><a href='https://www.isrctn.com/ISRCTN16714730' target='_blank'><div>ISRCTN16714730</div></a></td>
      <td>Stem cell trial of recovery enhancement after stroke 3</td>
      <td>Drug</td>
      <td>Adult</td>
      <td>60</td>
    </tr>
    <tr>
      <td><a href='https://www.isrctn.com/ISRCTN42229581' target='_blank'><div>ISRCTN42229581</div></a></td>
      <td>Wii STAR - Wii Stroke Therapy for Arm Rehabilitation</td>
      <td>Other</td>
      <td>Adult</td>
      <td>60</td>
    </tr>
    <tr>
      <td><a href='https://www.isrctn.com/ISRCTN62250268' target='_blank'><div>ISRCTN62250268</div></a></td>
      <td>HOme VIsits after Stroke</td>
      <td>Other</td>
      <td>Adult</td>
      <td>100</td>
    </tr>
    <tr>
      <td><a href='https://www.isrctn.com/ISRCTN50867461' target='_blank'><div>ISRCTN50867461</div></a></td>
      <td>Tranexamic acid in IntraCerebral Haemorrhage</td>
      <td>Drug</td>
      <td>Adult</td>
      <td>24</td>
    </tr>
    <tr>
      <td><a href='https://www.isrctn.com/ISRCTN55406009' target='_blank'><div>ISRCTN55406009</div></a></td>
      <td>Return To Work after stroke</td>
      <td>Other</td>
      <td>Adult</td>
      <td>52</td>
    </tr>
    <tr>
      <td><a href='https://www.isrctn.com/ISRCTN56078830' target='_blank'><div>ISRCTN56078830</div></a></td>
      <td>Communication And Low Mood (CALM) study</td>
      <td>Other</td>
      <td>Adult</td>
      <td>30</td>
    </tr>
    <tr>
      <td><a href='https://www.isrctn.com/ISRCTN14430342' target='_blank'><div>ISRCTN14430342</div></a></td>
      <td>Dressing Rehabilitation Evaluation Stroke Study</td>
      <td>Other</td>
      <td>Adult</td>
      <td>70</td>
    </tr>
    <tr>
      <td><a href='https://www.isrctn.com/ISRCTN58683841' target='_blank'><div>ISRCTN58683841</div></a></td>
      <td>Getting Out of The House: a multicentre trial to evaluate an outdoor mobili...</td>
      <td>Behavioural</td>
      <td>Adult</td>
      <td>676</td>
    </tr>
    <tr>
      <td><a href='https://www.isrctn.com/ISRCTN47823388' target='_blank'><div>ISRCTN47823388</div></a></td>
      <td>Triple Antiplatelets for Reducing Dependency after Ischaemic Stroke</td>
      <td>Drug</td>
      <td>Adult</td>
      <td>5000</td>
    </tr>
    <tr>
      <td><a href='https://www.isrctn.com/ISRCTN41456162' target='_blank'><div>ISRCTN41456162</div></a></td>
      <td>Effect of an angiotensin receptor antagonist on cerebral blood flow, cerebr...</td>
      <td>Drug</td>
      <td>Adult</td>
      <td>34</td>
    </tr>
    <tr>
      <td><a href='https://www.isrctn.com/ISRCTN66434824' target='_blank'><div>ISRCTN66434824</div></a></td>
      <td>The RIGHT Trial: Rapid Intervention with Glyceryl trinitrate (GTN) in Hyper...</td>
      <td>Drug</td>
      <td>Adult</td>
      <td>41</td>
    </tr>
    <tr>
      <td><a href='https://www.isrctn.com/ISRCTN17943542' target='_blank'><div>ISRCTN17943542</div></a></td>
      <td>The ADDFAM study:  Realising the potential of the family history in risk as...</td>
      <td>Other</td>
      <td>Adult</td>
      <td>1400</td>
    </tr>
    <tr>
      <td><a href='https://www.isrctn.com/ISRCTN63336619' target='_blank'><div>ISRCTN63336619</div></a></td>
      <td>'Stem cell Trial of recovery EnhanceMent after Stroke 2' (STEMS2): pilot ra...</td>
      <td>Drug</td>
      <td>Not Specified</td>
      <td>60</td>
    </tr>
    <tr>
      <td><a href='https://www.isrctn.com/ISRCTN61174381' target='_blank'><div>ISRCTN61174381</div></a></td>
      <td>Is looped nasogastric tube feeding more effective than conventional nasogas...</td>
      <td>Other</td>
      <td>Adult</td>
      <td>110</td>
    </tr>
    <tr>
      <td><a href='https://www.isrctn.com/ISRCTN16784092' target='_blank'><div>ISRCTN16784092</div></a></td>
      <td>A randomised placebo-controlled pilot trial of granulocyte-colony stimulati...</td>
      <td>Other</td>
      <td>Adult</td>
      <td>42</td>
    </tr>
    <tr>
      <td><a href='https://www.isrctn.com/ISRCTN19958964' target='_blank'><div>ISRCTN19958964</div></a></td>
      <td>An assessment of the effects of altering blood pressure on cerebral and sys...</td>
      <td>Drug</td>
      <td>Adult</td>
      <td>24</td>
    </tr>
    <tr>
      <td><a href='https://www.isrctn.com/ISRCTN36285333' target='_blank'><div>ISRCTN36285333</div></a></td>
      <td>To assess the safety and feasibility of administering Dexamphetamine after ...</td>
      <td>Drug</td>
      <td>Adult</td>
      <td>42</td>
    </tr>
    <tr>
      <td><a href='https://www.isrctn.com/ISRCTN83673558' target='_blank'><div>ISRCTN83673558</div></a></td>
      <td>Combined aspirin, clopidogrel and dipyridamole versus aspirin alone in stro...</td>
      <td>Drug</td>
      <td>Adult</td>
      <td>51</td>
    </tr>
    <tr>
      <td><a href='https://www.isrctn.com/ISRCTN99414122' target='_blank'><div>ISRCTN99414122</div></a></td>
      <td>Efficacy of nitric oxide in stroke</td>
      <td>Drug</td>
      <td>Adult</td>
      <td>3500</td>
    </tr>
  </tbody>
</table>"
14,-331970.6179688271,7650185.350090201,University of Dundee,56.45824469999999,-2.9821428,28.0,21.704150712689536,"<table border=""1"" class=""dataframe"">
  <thead>
    <tr style=""text-align: left;"">
      <th>ISRCTN link</th>
      <th>Title</th>
      <th>Intervention type</th>
      <th>Age group</th>
      <th>Target number of participants</th>
    </tr>
  </thead>
  <tbody>
    <tr>
      <td><a href='https://www.isrctn.com/ISRCTN32017426' target='_blank'><div>ISRCTN32017426</div></a></td>
      <td>Allopurinol and cardiovascular outcomes in patients with ischaemic heart di...</td>
      <td>Drug</td>
      <td>Senior</td>
      <td>5215</td>
    </tr>
    <tr>
      <td><a href='https://www.isrctn.com/ISRCTN01772998' target='_blank'><div>ISRCTN01772998</div></a></td>
      <td>Allopurinol as a possible oxygen sparing agent during exercise in periphera...</td>
      <td>Drug</td>
      <td>Adult</td>
      <td>50</td>
    </tr>
    <tr>
      <td><a href='https://www.isrctn.com/ISRCTN67362546' target='_blank'><div>ISRCTN67362546</div></a></td>
      <td>The potential role of B-Type natriuretic peptide (BNP) and high-sensitivity...</td>
      <td>Other</td>
      <td>Adult</td>
      <td>625</td>
    </tr>
    <tr>
      <td><a href='https://www.isrctn.com/ISRCTN73579730' target='_blank'><div>ISRCTN73579730</div></a></td>
      <td>Does a drug allopurinol reduce heart muscle mass and improve blood vessel f...</td>
      <td>Drug</td>
      <td>Adult</td>
      <td>66</td>
    </tr>
    <tr>
      <td><a href='https://www.isrctn.com/ISRCTN96755104' target='_blank'><div>ISRCTN96755104</div></a></td>
      <td>Do xanthine oxidase inhibitors regress left ventricular hypertrophy in diab...</td>
      <td>Drug</td>
      <td>Other</td>
      <td>66</td>
    </tr>
    <tr>
      <td><a href='https://www.isrctn.com/ISRCTN32927244' target='_blank'><div>ISRCTN32927244</div></a></td>
      <td>Vitamin D After Myocardial Infarction (MI): the DAMI study</td>
      <td>Supplement</td>
      <td>Adult</td>
      <td>80</td>
    </tr>
    <tr>
      <td><a href='https://www.isrctn.com/ISRCTN75081811' target='_blank'><div>ISRCTN75081811</div></a></td>
      <td>The effects of oral vitamin D supplementation on cardiovascular disease ris...</td>
      <td>Supplement</td>
      <td>Adult</td>
      <td>60</td>
    </tr>
    <tr>
      <td><a href='https://www.isrctn.com/ISRCTN92186858' target='_blank'><div>ISRCTN92186858</div></a></td>
      <td>Vitamin D for Isolated Systolic Hypertension (VitDISH)</td>
      <td>Supplement</td>
      <td>Senior</td>
      <td>180</td>
    </tr>
    <tr>
      <td><a href='https://www.isrctn.com/ISRCTN45773760' target='_blank'><div>ISRCTN45773760</div></a></td>
      <td>Do xanthine oxidase inhibitors reduce both left ventricular hypertrophy and...</td>
      <td>Drug</td>
      <td>Adult</td>
      <td>60</td>
    </tr>
    <tr>
      <td><a href='https://www.isrctn.com/ISRCTN62172102' target='_blank'><div>ISRCTN62172102</div></a></td>
      <td>Exploring the potential new way of risk prediction in heart diseases</td>
      <td>Other</td>
      <td>Adult</td>
      <td>300</td>
    </tr>
    <tr>
      <td><a href='https://www.isrctn.com/ISRCTN63688695' target='_blank'><div>ISRCTN63688695</div></a></td>
      <td>Does vitamin D reduce blood pressure and left ventricular (LV) mass in resi...</td>
      <td>Supplement</td>
      <td>Adult</td>
      <td>74</td>
    </tr>
    <tr>
      <td><a href='https://www.isrctn.com/ISRCTN51615566' target='_blank'><div>ISRCTN51615566</div></a></td>
      <td>A randomised controlled trial of the effect of exercise training on exercis...</td>
      <td>Behavioural</td>
      <td>Senior</td>
      <td>112</td>
    </tr>
    <tr>
      <td><a href='https://www.isrctn.com/ISRCTN82040078' target='_blank'><div>ISRCTN82040078</div></a></td>
      <td>Do Xanthine Oxidase Inhibitors (XOI) have clinically useful anti-ischaemic ...</td>
      <td>Drug</td>
      <td>Adult</td>
      <td>60</td>
    </tr>
    <tr>
      <td><a href='https://www.isrctn.com/ISRCTN38976321' target='_blank'><div>ISRCTN38976321</div></a></td>
      <td>The TASCFORCE Project: Tayside Screening For risk of Cardiac Events</td>
      <td>Drug</td>
      <td>Adult</td>
      <td>5000</td>
    </tr>
    <tr>
      <td><a href='https://www.isrctn.com/ISRCTN28737567' target='_blank'><div>ISRCTN28737567</div></a></td>
      <td>Does vitamin D improve markers of vascular health in stroke patients?</td>
      <td>Other</td>
      <td>Adult</td>
      <td>68</td>
    </tr>
    <tr>
      <td><a href='https://www.isrctn.com/ISRCTN98638368' target='_blank'><div>ISRCTN98638368</div></a></td>
      <td>Does allopurinol/urate lowering by xanthine oxidase inhibition have an impa...</td>
      <td>Drug</td>
      <td>Not Specified</td>
      <td>120</td>
    </tr>
    <tr>
      <td><a href='https://www.isrctn.com/ISRCTN15253766' target='_blank'><div>ISRCTN15253766</div></a></td>
      <td>Exploring the therapeutic potential of xanthine oxidase inhibitor allopurin...</td>
      <td>Drug</td>
      <td>Adult</td>
      <td>88</td>
    </tr>
    <tr>
      <td><a href='https://www.isrctn.com/ISRCTN57354520' target='_blank'><div>ISRCTN57354520</div></a></td>
      <td>Does allopurinol prevent adverse left ventricular remodelling post-myocardi...</td>
      <td>Drug</td>
      <td>Adult</td>
      <td>36</td>
    </tr>
    <tr>
      <td><a href='https://www.isrctn.com/ISRCTN70010120' target='_blank'><div>ISRCTN70010120</div></a></td>
      <td>Does aldosterone blockade improve endothelial dysfunction in patients with ...</td>
      <td>Drug</td>
      <td>Adult</td>
      <td>88</td>
    </tr>
    <tr>
      <td><a href='https://www.isrctn.com/ISRCTN48331653' target='_blank'><div>ISRCTN48331653</div></a></td>
      <td>Left ventricular hypertrophy: reduction of blood pressure already in the no...</td>
      <td>Drug</td>
      <td>Adult</td>
      <td>48</td>
    </tr>
    <tr>
      <td><a href='https://www.isrctn.com/ISRCTN44536106' target='_blank'><div>ISRCTN44536106</div></a></td>
      <td>GEO 001: What is the dose-response curve between allopurinol and its effect...</td>
      <td>Drug</td>
      <td>Adult</td>
      <td>30</td>
    </tr>
    <tr>
      <td><a href='https://www.isrctn.com/ISRCTN32422978' target='_blank'><div>ISRCTN32422978</div></a></td>
      <td>GEO 002: Is a reduction in urate levels the mechanism by which allopurinol ...</td>
      <td>Drug</td>
      <td>Adult</td>
      <td>30</td>
    </tr>
    <tr>
      <td><a href='https://www.isrctn.com/ISRCTN25487120' target='_blank'><div>ISRCTN25487120</div></a></td>
      <td>Cluster randomised trial of a computer based decision support system (CDSS)...</td>
      <td>Other</td>
      <td>Adult</td>
      <td>3500</td>
    </tr>
    <tr>
      <td><a href='https://www.isrctn.com/ISRCTN51372896' target='_blank'><div>ISRCTN51372896</div></a></td>
      <td>Is vitamin D supplementation associated with an improvement in functional c...</td>
      <td>Drug</td>
      <td>Senior</td>
      <td>136</td>
    </tr>
    <tr>
      <td><a href='https://www.isrctn.com/ISRCTN11081180' target='_blank'><div>ISRCTN11081180</div></a></td>
      <td>Does allopurinol reduce the size of the right side of the heart in patients...</td>
      <td>Drug</td>
      <td>Adult</td>
      <td>72</td>
    </tr>
    <tr>
      <td><a href='https://www.isrctn.com/ISRCTN46635087' target='_blank'><div>ISRCTN46635087</div></a></td>
      <td>Evaluating Diuretics in Normal Care (EVIDENCE) - a cluster randomised evalu...</td>
      <td>Other</td>
      <td>Adult</td>
      <td>240</td>
    </tr>
    <tr>
      <td><a href='https://www.isrctn.com/ISRCTN34488928' target='_blank'><div>ISRCTN34488928</div></a></td>
      <td>We Walk: development of a family-centred intervention to promote regular ou...</td>
      <td>Behavioural</td>
      <td>Adult</td>
      <td>28</td>
    </tr>
    <tr>
      <td><a href='https://www.isrctn.com/ISRCTN14632677' target='_blank'><div>ISRCTN14632677</div></a></td>
      <td>Investigating the role of salt inducible kinases in atherosclerosis</td>
      <td>Other</td>
      <td>Adult</td>
      <td>90</td>
    </tr>
  </tbody>
</table>"
15,-288495.2695133245,6709912.247835172,North Bristol NHS Trust,51.4982841,-2.5915971,3.0,7.826061944859854,"<table border=""1"" class=""dataframe"">
  <thead>
    <tr style=""text-align: left;"">
      <th>ISRCTN link</th>
      <th>Title</th>
      <th>Intervention type</th>
      <th>Age group</th>
      <th>Target number of participants</th>
    </tr>
  </thead>
  <tbody>
    <tr>
      <td><a href='https://www.isrctn.com/ISRCTN54718796' target='_blank'><div>ISRCTN54718796</div></a></td>
      <td>Hemianopia Activity-Based InTervention (HABIT): refining and operationalisi...</td>
      <td>Other</td>
      <td>Adult</td>
      <td>34</td>
    </tr>
    <tr>
      <td><a href='https://www.isrctn.com/ISRCTN86184521' target='_blank'><div>ISRCTN86184521</div></a></td>
      <td>The LoDED study – safe & rapid chest pain management</td>
      <td>Other</td>
      <td>Adult</td>
      <td>594</td>
    </tr>
    <tr>
      <td><a href='https://www.isrctn.com/ISRCTN19332276' target='_blank'><div>ISRCTN19332276</div></a></td>
      <td>A study to assess the feasibility and effects of introducing remote ischaem...</td>
      <td>Procedure/Surgery</td>
      <td>Adult</td>
      <td>60</td>
    </tr>
  </tbody>
</table>"
17,-173822.0898167692,6868991.812706135,University of Warwick,52.3792525,-1.5614704,5.0,11.0,"<table border=""1"" class=""dataframe"">
  <thead>
    <tr style=""text-align: left;"">
      <th>ISRCTN link</th>
      <th>Title</th>
      <th>Intervention type</th>
      <th>Age group</th>
      <th>Target number of participants</th>
    </tr>
  </thead>
  <tbody>
    <tr>
      <td><a href='https://www.isrctn.com/ISRCTN38139840' target='_blank'><div>ISRCTN38139840</div></a></td>
      <td>Mechanical and manual chest compressions for resuscitation in in-hospital c...</td>
      <td>Other</td>
      <td>Adult</td>
      <td>360</td>
    </tr>
    <tr>
      <td><a href='https://www.isrctn.com/ISRCTN10428536' target='_blank'><div>ISRCTN10428536</div></a></td>
      <td>Out of hospital cardiac arrest outcomes</td>
      <td>Procedure/Surgery</td>
      <td>All</td>
      <td>35000</td>
    </tr>
    <tr>
      <td><a href='https://www.isrctn.com/ISRCTN73485024' target='_blank'><div>ISRCTN73485024</div></a></td>
      <td>PARAMEDIC 2: The Adrenaline Trial</td>
      <td>Drug</td>
      <td>Adult</td>
      <td>8000</td>
    </tr>
    <tr>
      <td><a href='https://www.isrctn.com/ISRCTN08233942' target='_blank'><div>ISRCTN08233942</div></a></td>
      <td>Prehospital Randomised Assessment of Mechanical compression Device In Cardi...</td>
      <td>Device</td>
      <td>Adult</td>
      <td>4200</td>
    </tr>
    <tr>
      <td><a href='https://www.isrctn.com/ISRCTN64828380' target='_blank'><div>ISRCTN64828380</div></a></td>
      <td>A randomised controlled trial of automated electronic feedback to reduce th...</td>
      <td>Other</td>
      <td>Adult</td>
      <td>26</td>
    </tr>
  </tbody>
</table>"
18,-330095.57472980337,7058225.529810573,University of Liverpool,53.40478239999999,-2.965299,5.0,11.0,"<table border=""1"" class=""dataframe"">
  <thead>
    <tr style=""text-align: left;"">
      <th>ISRCTN link</th>
      <th>Title</th>
      <th>Intervention type</th>
      <th>Age group</th>
      <th>Target number of participants</th>
    </tr>
  </thead>
  <tbody>
    <tr>
      <td><a href='https://www.isrctn.com/ISRCTN64525751' target='_blank'><div>ISRCTN64525751</div></a></td>
      <td>Insights into drug-induced heart damage from cancer therapy</td>
      <td>Other</td>
      <td>Adult</td>
      <td>12</td>
    </tr>
    <tr>
      <td><a href='https://www.isrctn.com/ISRCTN14747952' target='_blank'><div>ISRCTN14747952</div></a></td>
      <td>Pharmacist implementation of a treatment pathway for atrial fibrillation in...</td>
      <td>Other</td>
      <td>Senior</td>
      <td>50</td>
    </tr>
    <tr>
      <td><a href='https://www.isrctn.com/ISRCTN05956042' target='_blank'><div>ISRCTN05956042</div></a></td>
      <td>Visual impairment in stroke: intervention or not (VISION)</td>
      <td>Other</td>
      <td>Adult</td>
      <td>105</td>
    </tr>
    <tr>
      <td><a href='https://www.isrctn.com/ISRCTN11629138' target='_blank'><div>ISRCTN11629138</div></a></td>
      <td>European Pharmacogenetics of Anticoagulant Therapy</td>
      <td>Other</td>
      <td>Not Specified</td>
      <td>706</td>
    </tr>
    <tr>
      <td><a href='https://www.isrctn.com/ISRCTN33113202' target='_blank'><div>ISRCTN33113202</div></a></td>
      <td>The effectiveness of simvastatin compared to atorvastatin - a feasibility s...</td>
      <td>Drug</td>
      <td>Adult</td>
      <td>300</td>
    </tr>
  </tbody>
</table>"
19,-247990.80449616374,7068684.4314735355,Manchester University NHS Foundation Trust,53.4607569,-2.2277393,6.0,12.132827525593784,"<table border=""1"" class=""dataframe"">
  <thead>
    <tr style=""text-align: left;"">
      <th>ISRCTN link</th>
      <th>Title</th>
      <th>Intervention type</th>
      <th>Age group</th>
      <th>Target number of participants</th>
    </tr>
  </thead>
  <tbody>
    <tr>
      <td><a href='https://www.isrctn.com/ISRCTN67321719' target='_blank'><div>ISRCTN67321719</div></a></td>
      <td>Compression therapies for the treatment of venous leg ulcers</td>
      <td>Other</td>
      <td>Adult</td>
      <td>675</td>
    </tr>
    <tr>
      <td><a href='https://www.isrctn.com/ISRCTN57145331' target='_blank'><div>ISRCTN57145331</div></a></td>
      <td>The efficacy and mechanism of trientine in patients with hypertrophic cardi...</td>
      <td>Drug</td>
      <td>Adult</td>
      <td>172</td>
    </tr>
    <tr>
      <td><a href='https://www.isrctn.com/ISRCTN12363822' target='_blank'><div>ISRCTN12363822</div></a></td>
      <td>How does sinus node disease maintain atrial fibrillation?</td>
      <td>Other</td>
      <td>Adult</td>
      <td>40</td>
    </tr>
    <tr>
      <td><a href='https://www.isrctn.com/ISRCTN15839026' target='_blank'><div>ISRCTN15839026</div></a></td>
      <td>Small volume resuscitation with albumin in intensive care</td>
      <td>Other</td>
      <td>Adult</td>
      <td>400</td>
    </tr>
    <tr>
      <td><a href='https://www.isrctn.com/ISRCTN86818215' target='_blank'><div>ISRCTN86818215</div></a></td>
      <td>Reducing unnecessary admissions for chest pain with the Manchester Acute Co...</td>
      <td>Other</td>
      <td>Adult</td>
      <td>100</td>
    </tr>
    <tr>
      <td><a href='https://www.isrctn.com/ISRCTN75175695' target='_blank'><div>ISRCTN75175695</div></a></td>
      <td>Anticoagulation of Calf Thrombosis (ACT): A Pilot Feasibility Study</td>
      <td>Other</td>
      <td>Adult</td>
      <td>100</td>
    </tr>
  </tbody>
</table>"
20,-155375.22567792505,6609823.30843706,University of Southampton,50.9351092,-1.3957594,6.0,12.132827525593784,"<table border=""1"" class=""dataframe"">
  <thead>
    <tr style=""text-align: left;"">
      <th>ISRCTN link</th>
      <th>Title</th>
      <th>Intervention type</th>
      <th>Age group</th>
      <th>Target number of participants</th>
    </tr>
  </thead>
  <tbody>
    <tr>
      <td><a href='https://www.isrctn.com/ISRCTN11011943' target='_blank'><div>ISRCTN11011943</div></a></td>
      <td>Exploring the interaction between symptom burden and burden of treatment in...</td>
      <td>Other</td>
      <td>Adult</td>
      <td>350</td>
    </tr>
    <tr>
      <td><a href='https://www.isrctn.com/ISRCTN17495003' target='_blank'><div>ISRCTN17495003</div></a></td>
      <td>Screening for atrial fibrillation using economical and accurate technology</td>
      <td>Device</td>
      <td>Senior</td>
      <td>421</td>
    </tr>
    <tr>
      <td><a href='https://www.isrctn.com/ISRCTN13790648' target='_blank'><div>ISRCTN13790648</div></a></td>
      <td>A trial of the Home & Online Management & Evaluation of Blood Pressure (HOM...</td>
      <td>Behavioural</td>
      <td>Adult</td>
      <td>610</td>
    </tr>
    <tr>
      <td><a href='https://www.isrctn.com/ISRCTN71951436' target='_blank'><div>ISRCTN71951436</div></a></td>
      <td>LifeLab Southampton: improving health behaviours in teenagers\n</td>
      <td>Behavioural</td>
      <td>Child</td>
      <td>90</td>
    </tr>
    <tr>
      <td><a href='https://www.isrctn.com/ISRCTN70714356' target='_blank'><div>ISRCTN70714356</div></a></td>
      <td>Self Measurement and management using the Internet for Lowering blood press...</td>
      <td>Other</td>
      <td>Adult</td>
      <td>155</td>
    </tr>
    <tr>
      <td><a href='https://www.isrctn.com/ISRCTN61150880' target='_blank'><div>ISRCTN61150880</div></a></td>
      <td>Effect of plant sterol margarines on serum cholesterol in everyday practice</td>
      <td>Supplement</td>
      <td>Adult</td>
      <td>232</td>
    </tr>
  </tbody>
</table>"
21,-248674.7959753939,7069823.728924356,University of Manchester,53.4668498,-2.2338837,16.0,18.227062322935723,"<table border=""1"" class=""dataframe"">
  <thead>
    <tr style=""text-align: left;"">
      <th>ISRCTN link</th>
      <th>Title</th>
      <th>Intervention type</th>
      <th>Age group</th>
      <th>Target number of participants</th>
    </tr>
  </thead>
  <tbody>
    <tr>
      <td><a href='https://www.isrctn.com/ISRCTN41008456' target='_blank'><div>ISRCTN41008456</div></a></td>
      <td>Improving the care of patients with chest pain in the emergency department</td>
      <td>Other</td>
      <td>Adult</td>
      <td>45040</td>
    </tr>
    <tr>
      <td><a href='https://www.isrctn.com/ISRCTN15911100' target='_blank'><div>ISRCTN15911100</div></a></td>
      <td>OUTREACH study: Urine analysis and antihypertensive treatment</td>
      <td>Other</td>
      <td>Adult</td>
      <td>321</td>
    </tr>
    <tr>
      <td><a href='https://www.isrctn.com/ISRCTN58414120' target='_blank'><div>ISRCTN58414120</div></a></td>
      <td>Organising Support for Carers of Stroke Survivors (OSCARSS): A Cluster Rand...</td>
      <td>Other</td>
      <td>Adult</td>
      <td>400</td>
    </tr>
    <tr>
      <td><a href='https://www.isrctn.com/ISRCTN12144707' target='_blank'><div>ISRCTN12144707</div></a></td>
      <td>Comparing the Rapid Rhythm System to 12-Lead ECG to identify older patients...</td>
      <td>Device</td>
      <td>Senior</td>
      <td>1000</td>
    </tr>
    <tr>
      <td><a href='https://www.isrctn.com/ISRCTN81668376' target='_blank'><div>ISRCTN81668376</div></a></td>
      <td>Does arm training early after a stroke increase the contribution of the non...</td>
      <td>Other</td>
      <td>Adult</td>
      <td>40</td>
    </tr>
    <tr>
      <td><a href='https://www.isrctn.com/ISRCTN52682983' target='_blank'><div>ISRCTN52682983</div></a></td>
      <td>Intracerebral haemorrhage: Imaging microglial activation and blood­brain ba...</td>
      <td>Other</td>
      <td>Adult</td>
      <td>55</td>
    </tr>
    <tr>
      <td><a href='https://www.isrctn.com/ISRCTN84996500' target='_blank'><div>ISRCTN84996500</div></a></td>
      <td>ReaDySpeech for people with dysarthria after stroke</td>
      <td>Other</td>
      <td>Adult</td>
      <td>36</td>
    </tr>
    <tr>
      <td><a href='https://www.isrctn.com/ISRCTN98287938' target='_blank'><div>ISRCTN98287938</div></a></td>
      <td>Orthoses for people with stroke (AFOOT)</td>
      <td>Device</td>
      <td>Adult</td>
      <td>166</td>
    </tr>
    <tr>
      <td><a href='https://www.isrctn.com/ISRCTN15446376' target='_blank'><div>ISRCTN15446376</div></a></td>
      <td>Vascular function in obesity</td>
      <td>Other</td>
      <td>Adult</td>
      <td>60</td>
    </tr>
    <tr>
      <td><a href='https://www.isrctn.com/ISRCTN97286108' target='_blank'><div>ISRCTN97286108</div></a></td>
      <td>Non-invasive brain stimulation for dysphagia after acute stroke</td>
      <td>Device</td>
      <td>Adult</td>
      <td>45</td>
    </tr>
    <tr>
      <td><a href='https://www.isrctn.com/ISRCTN25297151' target='_blank'><div>ISRCTN25297151</div></a></td>
      <td>Producing heart cells from patients with inherited heart rhythm disorders f...</td>
      <td>Procedure/Surgery</td>
      <td>Adult</td>
      <td>50</td>
    </tr>
    <tr>
      <td><a href='https://www.isrctn.com/ISRCTN90048218' target='_blank'><div>ISRCTN90048218</div></a></td>
      <td>Identifying a blood test to predict risk of deterioration of brain haemorrh...</td>
      <td>Procedure/Surgery</td>
      <td>Adult</td>
      <td>40</td>
    </tr>
    <tr>
      <td><a href='https://www.isrctn.com/ISRCTN90031373' target='_blank'><div>ISRCTN90031373</div></a></td>
      <td>ReaDySpeech: clinical testing</td>
      <td>Other</td>
      <td>Adult</td>
      <td>12</td>
    </tr>
    <tr>
      <td><a href='https://www.isrctn.com/ISRCTN54763837' target='_blank'><div>ISRCTN54763837</div></a></td>
      <td>Exploring the ability of lay workers to support heart-health related behavi...</td>
      <td>Behavioural</td>
      <td>Adult</td>
      <td>100</td>
    </tr>
    <tr>
      <td><a href='https://www.isrctn.com/ISRCTN78617680' target='_blank'><div>ISRCTN78617680</div></a></td>
      <td>Assessing the effectiveness of Communication Therapy in the North West</td>
      <td>Behavioural</td>
      <td>Adult</td>
      <td>170</td>
    </tr>
    <tr>
      <td><a href='https://www.isrctn.com/ISRCTN83103698' target='_blank'><div>ISRCTN83103698</div></a></td>
      <td>Therapeutic application of neuro-stimulation in acute dysphagic stroke</td>
      <td>Other</td>
      <td>Adult</td>
      <td>80</td>
    </tr>
  </tbody>
</table>"
22,-52626.211348876524,6715968.262466871,Brunel University London,51.5321389,-0.4727493,1.0,1.0,"<table border=""1"" class=""dataframe"">
  <thead>
    <tr style=""text-align: left;"">
      <th>ISRCTN link</th>
      <th>Title</th>
      <th>Intervention type</th>
      <th>Age group</th>
      <th>Target number of participants</th>
    </tr>
  </thead>
  <tbody>
    <tr>
      <td><a href='https://www.isrctn.com/ISRCTN11440079' target='_blank'><div>ISRCTN11440079</div></a></td>
      <td>Rehabilitation using virtual gaming for hospital and home-based arm and han...</td>
      <td>Device</td>
      <td>Adult</td>
      <td>33</td>
    </tr>
  </tbody>
</table>"
23,-12912.726973547356,6712273.366431493,King's College London,51.5114864,-0.115997,26.0,21.243691992404752,"<table border=""1"" class=""dataframe"">
  <thead>
    <tr style=""text-align: left;"">
      <th>ISRCTN link</th>
      <th>Title</th>
      <th>Intervention type</th>
      <th>Age group</th>
      <th>Target number of participants</th>
    </tr>
  </thead>
  <tbody>
    <tr>
      <td><a href='https://www.isrctn.com/ISRCTN82856726' target='_blank'><div>ISRCTN82856726</div></a></td>
      <td>AFFECT WALES: A comparison between an optimised treatment protocol and stan...</td>
      <td>Other</td>
      <td>Senior</td>
      <td>50</td>
    </tr>
    <tr>
      <td><a href='https://www.isrctn.com/ISRCTN14284759' target='_blank'><div>ISRCTN14284759</div></a></td>
      <td>Paclitaxel assisted balloon angioplasty of venous stenosis in haemodialysis...</td>
      <td>Procedure/Surgery</td>
      <td>Adult</td>
      <td>211</td>
    </tr>
    <tr>
      <td><a href='https://www.isrctn.com/ISRCTN11188205' target='_blank'><div>ISRCTN11188205</div></a></td>
      <td>A study of an abnormal heart rhythm occurring after transcatheter aortic va...</td>
      <td>Procedure/Surgery</td>
      <td>Adult</td>
      <td>400</td>
    </tr>
    <tr>
      <td><a href='https://www.isrctn.com/ISRCTN55465549' target='_blank'><div>ISRCTN55465549</div></a></td>
      <td>Can we successfully deliver and evaluate a physiotherapist-led behaviour-ch...</td>
      <td>Behavioural</td>
      <td>Adult</td>
      <td>24</td>
    </tr>
    <tr>
      <td><a href='https://www.isrctn.com/ISRCTN32888088' target='_blank'><div>ISRCTN32888088</div></a></td>
      <td>Effects of chronic consumption of cocoa flavonoids on vascular function</td>
      <td>Other</td>
      <td>Adult</td>
      <td>16</td>
    </tr>
    <tr>
      <td><a href='https://www.isrctn.com/ISRCTN42856343' target='_blank'><div>ISRCTN42856343</div></a></td>
      <td>NHS Health Checks: improving how people are invited to increase attendance</td>
      <td>Other</td>
      <td>Adult</td>
      <td>21288</td>
    </tr>
    <tr>
      <td><a href='https://www.isrctn.com/ISRCTN45316882' target='_blank'><div>ISRCTN45316882</div></a></td>
      <td>DRISK Study</td>
      <td>Other</td>
      <td>Adult</td>
      <td>40</td>
    </tr>
    <tr>
      <td><a href='https://www.isrctn.com/ISRCTN84864870' target='_blank'><div>ISRCTN84864870</div></a></td>
      <td>Comparing the effectiveness of enhanced motivational interviewing with usua...</td>
      <td>Behavioural</td>
      <td>Adult</td>
      <td>1700</td>
    </tr>
    <tr>
      <td><a href='https://www.isrctn.com/ISRCTN62232400' target='_blank'><div>ISRCTN62232400</div></a></td>
      <td>The effects of high fat meals enriched with n-3 fatty acids on blood pressu...</td>
      <td>Other</td>
      <td>Adult</td>
      <td>22</td>
    </tr>
    <tr>
      <td><a href='https://www.isrctn.com/ISRCTN92382106' target='_blank'><div>ISRCTN92382106</div></a></td>
      <td>Cardiovascular risk reduction study: supported by an integrated dietary app...</td>
      <td>Other</td>
      <td>Adult</td>
      <td>196</td>
    </tr>
    <tr>
      <td><a href='https://www.isrctn.com/ISRCTN05542931' target='_blank'><div>ISRCTN05542931</div></a></td>
      <td>Effect of combined somatosensory stimulation and task specific training on ...</td>
      <td>Other</td>
      <td>Senior</td>
      <td>52</td>
    </tr>
    <tr>
      <td><a href='https://www.isrctn.com/ISRCTN06023644' target='_blank'><div>ISRCTN06023644</div></a></td>
      <td>Genetics of aspirin resistance</td>
      <td>Drug</td>
      <td>Adult</td>
      <td>100</td>
    </tr>
    <tr>
      <td><a href='https://www.isrctn.com/ISRCTN21615909' target='_blank'><div>ISRCTN21615909</div></a></td>
      <td>UPBEAT-UK: Case Management for depression and coronary heart disease</td>
      <td>Other</td>
      <td>Adult</td>
      <td>60</td>
    </tr>
    <tr>
      <td><a href='https://www.isrctn.com/ISRCTN53688797' target='_blank'><div>ISRCTN53688797</div></a></td>
      <td>Myocardial perfusion with an intravascular contrast agent</td>
      <td>Drug</td>
      <td>Adult</td>
      <td>156</td>
    </tr>
    <tr>
      <td><a href='https://www.isrctn.com/ISRCTN20774126' target='_blank'><div>ISRCTN20774126</div></a></td>
      <td>Effects of dietary fat structure on short term changes in blood lipids and ...</td>
      <td>Other</td>
      <td>Adult</td>
      <td>48</td>
    </tr>
    <tr>
      <td><a href='https://www.isrctn.com/ISRCTN66664610' target='_blank'><div>ISRCTN66664610</div></a></td>
      <td>Vascular effects of eicosapentaenoic acid (EPA) and docosahexaenoic acid (D...</td>
      <td>Drug</td>
      <td>Adult</td>
      <td>360</td>
    </tr>
    <tr>
      <td><a href='https://www.isrctn.com/ISRCTN52748737' target='_blank'><div>ISRCTN52748737</div></a></td>
      <td>Comparison of the influence of low-dose supplementation with potassium citr...</td>
      <td>Drug</td>
      <td>Adult</td>
      <td>120</td>
    </tr>
    <tr>
      <td><a href='https://www.isrctn.com/ISRCTN10730637' target='_blank'><div>ISRCTN10730637</div></a></td>
      <td>Stop Stroke: The South London Secondary Prevention Programme</td>
      <td>Other</td>
      <td>Adult</td>
      <td>450</td>
    </tr>
    <tr>
      <td><a href='https://www.isrctn.com/ISRCTN17730734' target='_blank'><div>ISRCTN17730734</div></a></td>
      <td>A trial to investigate whether a heart pump improves the safety and effecti...</td>
      <td>Device</td>
      <td>Adult</td>
      <td>250</td>
    </tr>
    <tr>
      <td><a href='https://www.isrctn.com/ISRCTN45979711' target='_blank'><div>ISRCTN45979711</div></a></td>
      <td>REVascularisation for Ischaemic VEntricular Dysfunction</td>
      <td>Procedure/Surgery</td>
      <td>Adult</td>
      <td>700</td>
    </tr>
    <tr>
      <td><a href='https://www.isrctn.com/ISRCTN11704185' target='_blank'><div>ISRCTN11704185</div></a></td>
      <td>Electrical assessment of cardiac chambers</td>
      <td>NaN</td>
      <td>Adult</td>
      <td>100</td>
    </tr>
    <tr>
      <td><a href='https://www.isrctn.com/ISRCTN10910054' target='_blank'><div>ISRCTN10910054</div></a></td>
      <td>Wall thickness in the upper chamber of the heart and its effect on heart rh...</td>
      <td>NaN</td>
      <td>Adult</td>
      <td>40</td>
    </tr>
    <tr>
      <td><a href='https://www.isrctn.com/ISRCTN14501418' target='_blank'><div>ISRCTN14501418</div></a></td>
      <td>Motivating structured walking activity in intermittent claudication</td>
      <td>Behavioural</td>
      <td>Adult</td>
      <td>192</td>
    </tr>
    <tr>
      <td><a href='https://www.isrctn.com/ISRCTN48328178' target='_blank'><div>ISRCTN48328178</div></a></td>
      <td>Inhibiting white blood cell function as a new way to treat coronary heart d...</td>
      <td>Drug</td>
      <td>Adult</td>
      <td>90</td>
    </tr>
    <tr>
      <td><a href='https://www.isrctn.com/ISRCTN91522248' target='_blank'><div>ISRCTN91522248</div></a></td>
      <td>Can new computer software technology be used to help place the pacing lead ...</td>
      <td>Device</td>
      <td>Adult</td>
      <td>218</td>
    </tr>
    <tr>
      <td><a href='https://www.isrctn.com/ISRCTN40973936' target='_blank'><div>ISRCTN40973936</div></a></td>
      <td>Pregnancy and chronic hypertension; nifedipine or labetalol as anti-hyperte...</td>
      <td>Drug</td>
      <td>Adult</td>
      <td>114</td>
    </tr>
  </tbody>
</table>"
24,15764.29818165693,6831813.114718777,Cambridge University Hospitals NHS Foundation Trust,52.1749083,0.1416131,22.0,20.205726604783713,"<table border=""1"" class=""dataframe"">
  <thead>
    <tr style=""text-align: left;"">
      <th>ISRCTN link</th>
      <th>Title</th>
      <th>Intervention type</th>
      <th>Age group</th>
      <th>Target number of participants</th>
    </tr>
  </thead>
  <tbody>
    <tr>
      <td><a href='https://www.isrctn.com/ISRCTN16502655' target='_blank'><div>ISRCTN16502655</div></a></td>
      <td>Biologics in refractory vasculitis</td>
      <td>Drug</td>
      <td>Mixed</td>
      <td>140</td>
    </tr>
    <tr>
      <td><a href='https://www.isrctn.com/ISRCTN13471603' target='_blank'><div>ISRCTN13471603</div></a></td>
      <td>Management of patients with heart failure with preserved ejection fraction:...</td>
      <td>Other</td>
      <td>Adult</td>
      <td>50</td>
    </tr>
    <tr>
      <td><a href='https://www.isrctn.com/ISRCTN15483452' target='_blank'><div>ISRCTN15483452</div></a></td>
      <td>Switching off leakage and inflammation in small brain blood vessels</td>
      <td>Drug</td>
      <td>Adult</td>
      <td>44</td>
    </tr>
    <tr>
      <td><a href='https://www.isrctn.com/ISRCTN34560142' target='_blank'><div>ISRCTN34560142</div></a></td>
      <td>The VISION study: vascular inflammation imaging using somatostatin receptor...</td>
      <td>Other</td>
      <td>Adult</td>
      <td>50</td>
    </tr>
    <tr>
      <td><a href='https://www.isrctn.com/ISRCTN58452386' target='_blank'><div>ISRCTN58452386</div></a></td>
      <td>PROPS - Preventative Role of a fixed dose combination Pill in Stroke: a mul...</td>
      <td>Drug</td>
      <td>Senior</td>
      <td>1222</td>
    </tr>
    <tr>
      <td><a href='https://www.isrctn.com/ISRCTN91688209' target='_blank'><div>ISRCTN91688209</div></a></td>
      <td>NAtional cohort study of Idiopathic AnD heritable pulmonary arterial hypert...</td>
      <td>Other</td>
      <td>Adult</td>
      <td>3600</td>
    </tr>
    <tr>
      <td><a href='https://www.isrctn.com/ISRCTN61646154' target='_blank'><div>ISRCTN61646154</div></a></td>
      <td>A study investigating the effects of sitagliptin on heart muscle performanc...</td>
      <td>Drug</td>
      <td>Adult</td>
      <td>20</td>
    </tr>
    <tr>
      <td><a href='https://www.isrctn.com/ISRCTN15366107' target='_blank'><div>ISRCTN15366107</div></a></td>
      <td>A randomised clinical trial of mycophenolate mofetil versus cyclophosphamid...</td>
      <td>Drug</td>
      <td>Other</td>
      <td>140</td>
    </tr>
    <tr>
      <td><a href='https://www.isrctn.com/ISRCTN69686930' target='_blank'><div>ISRCTN69686930</div></a></td>
      <td>Investigation of the effect of GLP-1 and left ventricular function during m...</td>
      <td>Drug</td>
      <td>Not Specified</td>
      <td>30</td>
    </tr>
    <tr>
      <td><a href='https://www.isrctn.com/ISRCTN28589999' target='_blank'><div>ISRCTN28589999</div></a></td>
      <td>Double Blind Crossover Comparison of Diuretics in the Young</td>
      <td>Drug</td>
      <td>Adult</td>
      <td>30</td>
    </tr>
    <tr>
      <td><a href='https://www.isrctn.com/ISRCTN56916002' target='_blank'><div>ISRCTN56916002</div></a></td>
      <td>Does the underlying haemodynamic abnormality determine response to antihype...</td>
      <td>Drug</td>
      <td>Adult</td>
      <td>60</td>
    </tr>
    <tr>
      <td><a href='https://www.isrctn.com/ISRCTN78649100' target='_blank'><div>ISRCTN78649100</div></a></td>
      <td>A study investigating the effects of sitagliptin on heart muscle performanc...</td>
      <td>Drug</td>
      <td>Adult</td>
      <td>20</td>
    </tr>
    <tr>
      <td><a href='https://www.isrctn.com/ISRCTN61182546' target='_blank'><div>ISRCTN61182546</div></a></td>
      <td>Does ischaemic preconditioning reduce adverse events following endovascular...</td>
      <td>Other</td>
      <td>Not Specified</td>
      <td>40</td>
    </tr>
    <tr>
      <td><a href='https://www.isrctn.com/ISRCTN75948817' target='_blank'><div>ISRCTN75948817</div></a></td>
      <td>Simvastatin in aneurysmal subarachnoid haemorrhage: a multicentre, randomis...</td>
      <td>Drug</td>
      <td>Adult</td>
      <td>800</td>
    </tr>
    <tr>
      <td><a href='https://www.isrctn.com/ISRCTN28528813' target='_blank'><div>ISRCTN28528813</div></a></td>
      <td>An international, randomised, open label trial comparing a rituximab-based ...</td>
      <td>Drug</td>
      <td>Adult</td>
      <td>40</td>
    </tr>
    <tr>
      <td><a href='https://www.isrctn.com/ISRCTN03001669' target='_blank'><div>ISRCTN03001669</div></a></td>
      <td>European Community SYStemic VASculitis TRIALs group</td>
      <td>Drug</td>
      <td>Adult</td>
      <td>150</td>
    </tr>
    <tr>
      <td><a href='https://www.isrctn.com/ISRCTN98544942' target='_blank'><div>ISRCTN98544942</div></a></td>
      <td>Does remote ischaemic preconditioning reduce heart and cerebral damage foll...</td>
      <td>Other</td>
      <td>Adult</td>
      <td>70</td>
    </tr>
    <tr>
      <td><a href='https://www.isrctn.com/ISRCTN29451493' target='_blank'><div>ISRCTN29451493</div></a></td>
      <td>Silver Impregnated Line Versus External Ventricular Drains (EVD) Randomised...</td>
      <td>Other</td>
      <td>Adult</td>
      <td>280</td>
    </tr>
    <tr>
      <td><a href='https://www.isrctn.com/ISRCTN89918035' target='_blank'><div>ISRCTN89918035</div></a></td>
      <td>Does ischaemic pre-conditioning reduce renal damage during elective infra-r...</td>
      <td>Other</td>
      <td>Adult</td>
      <td>40</td>
    </tr>
    <tr>
      <td><a href='https://www.isrctn.com/ISRCTN57438091' target='_blank'><div>ISRCTN57438091</div></a></td>
      <td>Intravenous bisphosphonates in the prevention of osteoporosis associated wi...</td>
      <td>Drug</td>
      <td>Adult</td>
      <td>30</td>
    </tr>
    <tr>
      <td><a href='https://www.isrctn.com/ISRCTN28538744' target='_blank'><div>ISRCTN28538744</div></a></td>
      <td>64 slice computed tomography angiography (CTA) and rotational digital subtr...</td>
      <td>Other</td>
      <td>Adult</td>
      <td>100</td>
    </tr>
    <tr>
      <td><a href='https://www.isrctn.com/ISRCTN95212240' target='_blank'><div>ISRCTN95212240</div></a></td>
      <td>Vertebral artery Ischaemia Stenting Trial</td>
      <td>Procedure/Surgery</td>
      <td>Adult</td>
      <td>540</td>
    </tr>
  </tbody>
</table>"
25,-169496.79326589472,7133925.454259742,Leeds Teaching Hospitals NHS Trust,53.8082553,-1.5226156,2.0,5.306765580733931,"<table border=""1"" class=""dataframe"">
  <thead>
    <tr style=""text-align: left;"">
      <th>ISRCTN link</th>
      <th>Title</th>
      <th>Intervention type</th>
      <th>Age group</th>
      <th>Target number of participants</th>
    </tr>
  </thead>
  <tbody>
    <tr>
      <td><a href='https://www.isrctn.com/ISRCTN72708537' target='_blank'><div>ISRCTN72708537</div></a></td>
      <td>Comparing conventional verses contact force and electrical coupling index i...</td>
      <td>Other</td>
      <td>Adult</td>
      <td>120</td>
    </tr>
    <tr>
      <td><a href='https://www.isrctn.com/ISRCTN99270116' target='_blank'><div>ISRCTN99270116</div></a></td>
      <td>Is laser treatment or surgery the best way of treating varicose veins?</td>
      <td>Other</td>
      <td>Adult</td>
      <td>342</td>
    </tr>
  </tbody>
</table>"
26,-136281.6843531646,6755938.296665334,Oxford Brookes University,51.7549518,-1.2242392,3.0,7.826061944859854,"<table border=""1"" class=""dataframe"">
  <thead>
    <tr style=""text-align: left;"">
      <th>ISRCTN link</th>
      <th>Title</th>
      <th>Intervention type</th>
      <th>Age group</th>
      <th>Target number of participants</th>
    </tr>
  </thead>
  <tbody>
    <tr>
      <td><a href='https://www.isrctn.com/ISRCTN01423876' target='_blank'><div>ISRCTN01423876</div></a></td>
      <td>Does an adapted cardiac rehabilitation programme delivered in a hospice for...</td>
      <td>Other</td>
      <td>Adult</td>
      <td>20</td>
    </tr>
    <tr>
      <td><a href='https://www.isrctn.com/ISRCTN50586966' target='_blank'><div>ISRCTN50586966</div></a></td>
      <td>Improving community walking after a stroke, a new approach</td>
      <td>Other</td>
      <td>Adult</td>
      <td>50</td>
    </tr>
    <tr>
      <td><a href='https://www.isrctn.com/ISRCTN59902842' target='_blank'><div>ISRCTN59902842</div></a></td>
      <td>Neural correlates of cognitive motor interference (CMI) while walking</td>
      <td>Other</td>
      <td>Adult</td>
      <td>36</td>
    </tr>
  </tbody>
</table>"
27,-289762.31908948265,6702786.54140238,University of Bristol,51.4584172,-2.6029792,12.0,16.439593106327717,"<table border=""1"" class=""dataframe"">
  <thead>
    <tr style=""text-align: left;"">
      <th>ISRCTN link</th>
      <th>Title</th>
      <th>Intervention type</th>
      <th>Age group</th>
      <th>Target number of participants</th>
    </tr>
  </thead>
  <tbody>
    <tr>
      <td><a href='https://www.isrctn.com/ISRCTN18444221' target='_blank'><div>ISRCTN18444221</div></a></td>
      <td>Improving symptoms and exercise responses in patients heart failure with ir...</td>
      <td>Supplement</td>
      <td>Adult</td>
      <td>48</td>
    </tr>
    <tr>
      <td><a href='https://www.isrctn.com/ISRCTN13479086' target='_blank'><div>ISRCTN13479086</div></a></td>
      <td>Investigating how high blood pressure develops differently in men and women</td>
      <td>Other</td>
      <td>Adult</td>
      <td>148</td>
    </tr>
    <tr>
      <td><a href='https://www.isrctn.com/ISRCTN14684459' target='_blank'><div>ISRCTN14684459</div></a></td>
      <td>Comparing the role of the carotid body in human heart failure</td>
      <td>Other</td>
      <td>Adult</td>
      <td>55</td>
    </tr>
    <tr>
      <td><a href='https://www.isrctn.com/ISRCTN15255199' target='_blank'><div>ISRCTN15255199</div></a></td>
      <td>Propofol in cardiac surgery: ProMPT-2</td>
      <td>Drug</td>
      <td>Adult</td>
      <td>240</td>
    </tr>
    <tr>
      <td><a href='https://www.isrctn.com/ISRCTN15878953' target='_blank'><div>ISRCTN15878953</div></a></td>
      <td>The role of MRI in heart attacks with normal heart arteries</td>
      <td>Other</td>
      <td>Adult</td>
      <td>150</td>
    </tr>
    <tr>
      <td><a href='https://www.isrctn.com/ISRCTN92590475' target='_blank'><div>ISRCTN92590475</div></a></td>
      <td>Conventional versus minimally invasive extra-corporeal circulation in patie...</td>
      <td>Other</td>
      <td>Adult</td>
      <td>650</td>
    </tr>
    <tr>
      <td><a href='https://www.isrctn.com/ISRCTN11200968' target='_blank'><div>ISRCTN11200968</div></a></td>
      <td>Cortisol Profiles in the Critically Ill</td>
      <td>Other</td>
      <td>Adult</td>
      <td>20</td>
    </tr>
    <tr>
      <td><a href='https://www.isrctn.com/ISRCTN10085738' target='_blank'><div>ISRCTN10085738</div></a></td>
      <td>Cardiac intensive care: Machine learning to improve patient flow</td>
      <td>Other</td>
      <td>All</td>
      <td>35000</td>
    </tr>
    <tr>
      <td><a href='https://www.isrctn.com/ISRCTN76607611' target='_blank'><div>ISRCTN76607611</div></a></td>
      <td>Risk of bleeding after dual antiplatelet therapy (DAPT) in patients treated...</td>
      <td>Drug</td>
      <td>Adult</td>
      <td>21961</td>
    </tr>
    <tr>
      <td><a href='https://www.isrctn.com/ISRCTN23538073' target='_blank'><div>ISRCTN23538073</div></a></td>
      <td>Injectable valve implantation trial (Invite)</td>
      <td>Other</td>
      <td>Mixed</td>
      <td>60</td>
    </tr>
    <tr>
      <td><a href='https://www.isrctn.com/ISRCTN27508731' target='_blank'><div>ISRCTN27508731</div></a></td>
      <td>Healthlines randomised controlled trial - cardiovascular disease risk</td>
      <td>Other</td>
      <td>Adult</td>
      <td>640</td>
    </tr>
    <tr>
      <td><a href='https://www.isrctn.com/ISRCTN61842716' target='_blank'><div>ISRCTN61842716</div></a></td>
      <td>The effect of using prism adaptation treatment on performance of self care ...</td>
      <td>Other</td>
      <td>Adult</td>
      <td>40</td>
    </tr>
  </tbody>
</table>"
29,-436122.32467356534,7587553.341563439,University of Stirling,56.1460908,-3.9177535,3.0,7.826061944859854,"<table border=""1"" class=""dataframe"">
  <thead>
    <tr style=""text-align: left;"">
      <th>ISRCTN link</th>
      <th>Title</th>
      <th>Intervention type</th>
      <th>Age group</th>
      <th>Target number of participants</th>
    </tr>
  </thead>
  <tbody>
    <tr>
      <td><a href='https://www.isrctn.com/ISRCTN98973169' target='_blank'><div>ISRCTN98973169</div></a></td>
      <td>Patient Centred Assessment Method (PCAM)</td>
      <td>Other</td>
      <td>Adult</td>
      <td>320</td>
    </tr>
    <tr>
      <td><a href='https://www.isrctn.com/ISRCTN38274953' target='_blank'><div>ISRCTN38274953</div></a></td>
      <td>Improving Adherence to Medication in Stroke Survivors</td>
      <td>Other</td>
      <td>Adult</td>
      <td>60</td>
    </tr>
    <tr>
      <td><a href='https://www.isrctn.com/ISRCTN28051878' target='_blank'><div>ISRCTN28051878</div></a></td>
      <td>Changing illness perceptions of patients with intermittent claudication</td>
      <td>Other</td>
      <td>Other</td>
      <td>80</td>
    </tr>
  </tbody>
</table>"
31,-19466.828973237527,6710008.469052965,Imperial College London,51.49882220000001,-0.1748735,23.0,20.481920934663798,"<table border=""1"" class=""dataframe"">
  <thead>
    <tr style=""text-align: left;"">
      <th>ISRCTN link</th>
      <th>Title</th>
      <th>Intervention type</th>
      <th>Age group</th>
      <th>Target number of participants</th>
    </tr>
  </thead>
  <tbody>
    <tr>
      <td><a href='https://www.isrctn.com/ISRCTN44705179' target='_blank'><div>ISRCTN44705179</div></a></td>
      <td>Metabolically personalised dietary advice for people at risk of cardiovascu...</td>
      <td>Other</td>
      <td>Adult</td>
      <td>154</td>
    </tr>
    <tr>
      <td><a href='https://www.isrctn.com/ISRCTN82097895' target='_blank'><div>ISRCTN82097895</div></a></td>
      <td>Evaluation of the effectiveness of the ePATH Guided Re-entry Catheter Kit i...</td>
      <td>Device</td>
      <td>Adult</td>
      <td>10</td>
    </tr>
    <tr>
      <td><a href='https://www.isrctn.com/ISRCTN83535288' target='_blank'><div>ISRCTN83535288</div></a></td>
      <td>Understanding adherence to blood pressure treatment and statins</td>
      <td>Other</td>
      <td>Adult</td>
      <td>450</td>
    </tr>
    <tr>
      <td><a href='https://www.isrctn.com/ISRCTN12924088' target='_blank'><div>ISRCTN12924088</div></a></td>
      <td>Yoga and cardiovascular health trial</td>
      <td>Behavioural</td>
      <td>Adult</td>
      <td>80</td>
    </tr>
    <tr>
      <td><a href='https://www.isrctn.com/ISRCTN17719156' target='_blank'><div>ISRCTN17719156</div></a></td>
      <td>A single-centre study looking at the effect of compression therapy in patie...</td>
      <td>Other</td>
      <td>Adult</td>
      <td>180</td>
    </tr>
    <tr>
      <td><a href='https://www.isrctn.com/ISRCTN13911492' target='_blank'><div>ISRCTN13911492</div></a></td>
      <td>Evaluating the benefits of stocking and heparin in DVT prevention</td>
      <td>Other</td>
      <td>Adult</td>
      <td>2236</td>
    </tr>
    <tr>
      <td><a href='https://www.isrctn.com/ISRCTN86179285' target='_blank'><div>ISRCTN86179285</div></a></td>
      <td>The His optimised pacing evaluated for heart failure trial</td>
      <td>Device</td>
      <td>Adult</td>
      <td>160</td>
    </tr>
    <tr>
      <td><a href='https://www.isrctn.com/ISRCTN02335796' target='_blank'><div>ISRCTN02335796</div></a></td>
      <td>Early Venous Reflux Ablation (EVRA) ulcer trial</td>
      <td>Other</td>
      <td>Adult</td>
      <td>450</td>
    </tr>
    <tr>
      <td><a href='https://www.isrctn.com/ISRCTN33084113' target='_blank'><div>ISRCTN33084113</div></a></td>
      <td>Cardioprotection in CABG and AVR patients with RIPC</td>
      <td>Procedure/Surgery</td>
      <td>Adult</td>
      <td>120</td>
    </tr>
    <tr>
      <td><a href='https://www.isrctn.com/ISRCTN06552809' target='_blank'><div>ISRCTN06552809</div></a></td>
      <td>VNUS vs ClariVein for varicose veins</td>
      <td>Other</td>
      <td>Adult</td>
      <td>170</td>
    </tr>
    <tr>
      <td><a href='https://www.isrctn.com/ISRCTN76821539' target='_blank'><div>ISRCTN76821539</div></a></td>
      <td>Ambulatory Varicosity avUlsion Later or Synchronised (AVULS)</td>
      <td>Other</td>
      <td>Adult</td>
      <td>240</td>
    </tr>
    <tr>
      <td><a href='https://www.isrctn.com/ISRCTN51383267' target='_blank'><div>ISRCTN51383267</div></a></td>
      <td>An evaluation of the effect of an angiotensin-converting enzyme (ACE) inhib...</td>
      <td>Drug</td>
      <td>Senior</td>
      <td>225</td>
    </tr>
    <tr>
      <td><a href='https://www.isrctn.com/ISRCTN67999605' target='_blank'><div>ISRCTN67999605</div></a></td>
      <td>Individual Risk Awareness Intervention in Stroke</td>
      <td>Other</td>
      <td>Adult</td>
      <td>238</td>
    </tr>
    <tr>
      <td><a href='https://www.isrctn.com/ISRCTN59071456' target='_blank'><div>ISRCTN59071456</div></a></td>
      <td>NO BLEeding excess with antiplatelet treatment with thromboserin during cor...</td>
      <td>Drug</td>
      <td>Not Specified</td>
      <td>120</td>
    </tr>
    <tr>
      <td><a href='https://www.isrctn.com/ISRCTN29344450' target='_blank'><div>ISRCTN29344450</div></a></td>
      <td>Optimisation and regulation of breathing in heart failure</td>
      <td>Other</td>
      <td>Adult</td>
      <td>140</td>
    </tr>
    <tr>
      <td><a href='https://www.isrctn.com/ISRCTN48334791' target='_blank'><div>ISRCTN48334791</div></a></td>
      <td>Immediate management of patients with ruptured aneurysm: open versus endova...</td>
      <td>Procedure/Surgery</td>
      <td>Adult</td>
      <td>600</td>
    </tr>
    <tr>
      <td><a href='https://www.isrctn.com/ISRCTN66818013' target='_blank'><div>ISRCTN66818013</div></a></td>
      <td>VNUS® ClosureFAST™ Ablation versus Laser for Varicose Veins</td>
      <td>Other</td>
      <td>Adult</td>
      <td>170</td>
    </tr>
    <tr>
      <td><a href='https://www.isrctn.com/ISRCTN37194085' target='_blank'><div>ISRCTN37194085</div></a></td>
      <td>Does angioplasty offer benefit over best medical treatment and supervised e...</td>
      <td>Other</td>
      <td>Adult</td>
      <td>340</td>
    </tr>
    <tr>
      <td><a href='https://www.isrctn.com/ISRCTN55703451' target='_blank'><div>ISRCTN55703451</div></a></td>
      <td>Endovascular aneurysm repair (EVAR) trials 1 and 2</td>
      <td>Procedure/Surgery</td>
      <td>Senior</td>
      <td>2645</td>
    </tr>
    <tr>
      <td><a href='https://www.isrctn.com/ISRCTN16727984' target='_blank'><div>ISRCTN16727984</div></a></td>
      <td>Study to explain the reason for the variation in blood cholesterol response...</td>
      <td>Behavioural</td>
      <td>Adult</td>
      <td>36</td>
    </tr>
    <tr>
      <td><a href='https://www.isrctn.com/ISRCTN73041168' target='_blank'><div>ISRCTN73041168</div></a></td>
      <td>Graduated compression stockings for patients with a deep vein thrombosis to...</td>
      <td>Mixed</td>
      <td>Adult</td>
      <td>864</td>
    </tr>
    <tr>
      <td><a href='https://www.isrctn.com/ISRCTN21541209' target='_blank'><div>ISRCTN21541209</div></a></td>
      <td>Can the use of decellularised dermis allograft (DCD) help improve ulcer hea...</td>
      <td>Procedure/Surgery</td>
      <td>Adult</td>
      <td>196</td>
    </tr>
    <tr>
      <td><a href='https://www.isrctn.com/ISRCTN18242823' target='_blank'><div>ISRCTN18242823</div></a></td>
      <td>Evaluating the benefits of a neuromuscular electrical stimulation (NMES) de...</td>
      <td>Other</td>
      <td>Adult</td>
      <td>192</td>
    </tr>
  </tbody>
</table>"
32,-353869.5329130179,6707828.061418129,Cardiff University,51.48662710000001,-3.1788641,2.0,5.306765580733931,"<table border=""1"" class=""dataframe"">
  <thead>
    <tr style=""text-align: left;"">
      <th>ISRCTN link</th>
      <th>Title</th>
      <th>Intervention type</th>
      <th>Age group</th>
      <th>Target number of participants</th>
    </tr>
  </thead>
  <tbody>
    <tr>
      <td><a href='https://www.isrctn.com/ISRCTN37913976' target='_blank'><div>ISRCTN37913976</div></a></td>
      <td>Anticoagulation Length in Cancer Associated Thrombosis (ALICAT)</td>
      <td>Other</td>
      <td>Adult</td>
      <td>200</td>
    </tr>
    <tr>
      <td><a href='https://www.isrctn.com/ISRCTN91319318' target='_blank'><div>ISRCTN91319318</div></a></td>
      <td>The effect of different cardiovascular risk presentation formats on individ...</td>
      <td>Other</td>
      <td>Adult</td>
      <td>800</td>
    </tr>
  </tbody>
</table>"
35,-166122.46572901995,7053444.597670693,Sheffield Teaching Hospitals NHS Foundation Trust,53.379171,-1.4923035,6.0,12.132827525593784,"<table border=""1"" class=""dataframe"">
  <thead>
    <tr style=""text-align: left;"">
      <th>ISRCTN link</th>
      <th>Title</th>
      <th>Intervention type</th>
      <th>Age group</th>
      <th>Target number of participants</th>
    </tr>
  </thead>
  <tbody>
    <tr>
      <td><a href='https://www.isrctn.com/ISRCTN27674506' target='_blank'><div>ISRCTN27674506</div></a></td>
      <td>Measuring blood vessel function using diffuse optical tomography</td>
      <td>Device</td>
      <td>Adult</td>
      <td>150</td>
    </tr>
    <tr>
      <td><a href='https://www.isrctn.com/ISRCTN12219184' target='_blank'><div>ISRCTN12219184</div></a></td>
      <td>Two different drug regimens in patients undergoing elective percutaneous co...</td>
      <td>Drug</td>
      <td>Adult</td>
      <td>180</td>
    </tr>
    <tr>
      <td><a href='https://www.isrctn.com/ISRCTN21245595' target='_blank'><div>ISRCTN21245595</div></a></td>
      <td>Diagnosis of Pulmonary Embolism in Pregnancy (DiPEP)</td>
      <td>Other</td>
      <td>Adult</td>
      <td>420</td>
    </tr>
    <tr>
      <td><a href='https://www.isrctn.com/ISRCTN80084036' target='_blank'><div>ISRCTN80084036</div></a></td>
      <td>Electrical muscle stimulation programme for swallowing post stroke</td>
      <td>Mixed</td>
      <td>Adult</td>
      <td>30</td>
    </tr>
    <tr>
      <td><a href='https://www.isrctn.com/ISRCTN41394716' target='_blank'><div>ISRCTN41394716</div></a></td>
      <td>The HubBLe Trial: Haemorrhoidal Artery Ligation (HAL) versus Rubber Band Li...</td>
      <td>Procedure/Surgery</td>
      <td>Adult</td>
      <td>350</td>
    </tr>
    <tr>
      <td><a href='https://www.isrctn.com/ISRCTN78168304' target='_blank'><div>ISRCTN78168304</div></a></td>
      <td>Is Nordic Pole Walking (NWP) more effective than normal walking in intermit...</td>
      <td>Other</td>
      <td>Adult</td>
      <td>50</td>
    </tr>
  </tbody>
</table>"
38,-119174.39443873038,6594754.863302128,Portsmouth Hospitals NHS Trust,50.8497257,-1.0705618,3.0,7.826061944859854,"<table border=""1"" class=""dataframe"">
  <thead>
    <tr style=""text-align: left;"">
      <th>ISRCTN link</th>
      <th>Title</th>
      <th>Intervention type</th>
      <th>Age group</th>
      <th>Target number of participants</th>
    </tr>
  </thead>
  <tbody>
    <tr>
      <td><a href='https://www.isrctn.com/ISRCTN13837507' target='_blank'><div>ISRCTN13837507</div></a></td>
      <td>Assessing acute and late developing heart function in patients with sepsis ...</td>
      <td>Other</td>
      <td>Adult</td>
      <td>108</td>
    </tr>
    <tr>
      <td><a href='https://www.isrctn.com/ISRCTN80063369' target='_blank'><div>ISRCTN80063369</div></a></td>
      <td>Iron Status In Decompensated Heart Failure (IRON STATS-DHF)</td>
      <td>Other</td>
      <td>Adult</td>
      <td>150</td>
    </tr>
    <tr>
      <td><a href='https://www.isrctn.com/ISRCTN35846572' target='_blank'><div>ISRCTN35846572</div></a></td>
      <td>Implantable Loop Recorders in Haemodialysis Patients</td>
      <td>Other</td>
      <td>Adult</td>
      <td>30</td>
    </tr>
  </tbody>
</table>"
39,-129447.76968141648,6981081.701203768,Nottingham University Hospitals NHS Trust,52.9896393,-1.1628491,1.0,1.0,"<table border=""1"" class=""dataframe"">
  <thead>
    <tr style=""text-align: left;"">
      <th>ISRCTN link</th>
      <th>Title</th>
      <th>Intervention type</th>
      <th>Age group</th>
      <th>Target number of participants</th>
    </tr>
  </thead>
  <tbody>
    <tr>
      <td><a href='https://www.isrctn.com/ISRCTN88284896' target='_blank'><div>ISRCTN88284896</div></a></td>
      <td>Neck of femur Optimisation Therapy-Targeted Stroke volume</td>
      <td>Other</td>
      <td>Senior</td>
      <td>130</td>
    </tr>
  </tbody>
</table>"
43,-659946.2020520652,7285291.2192702135,University of Ulster,54.6035026,-5.928397599999999,3.0,7.826061944859854,"<table border=""1"" class=""dataframe"">
  <thead>
    <tr style=""text-align: left;"">
      <th>ISRCTN link</th>
      <th>Title</th>
      <th>Intervention type</th>
      <th>Age group</th>
      <th>Target number of participants</th>
    </tr>
  </thead>
  <tbody>
    <tr>
      <td><a href='https://www.isrctn.com/ISRCTN23620802' target='_blank'><div>ISRCTN23620802</div></a></td>
      <td>Does the B-vitamin riboflavin lower blood pressure in individuals with high...</td>
      <td>Supplement</td>
      <td>Adult</td>
      <td>80</td>
    </tr>
    <tr>
      <td><a href='https://www.isrctn.com/ISRCTN82708510' target='_blank'><div>ISRCTN82708510</div></a></td>
      <td>Choline and bone health</td>
      <td>Drug</td>
      <td>Adult</td>
      <td>44</td>
    </tr>
    <tr>
      <td><a href='https://www.isrctn.com/ISRCTN45296887' target='_blank'><div>ISRCTN45296887</div></a></td>
      <td>Plasma homocysteine response to folic acid intervention</td>
      <td>Drug</td>
      <td>Adult</td>
      <td>200</td>
    </tr>
  </tbody>
</table>"
44,-211322.04177741954,6576048.441885881,Bournemouth University,50.7435102,-1.8983382,1.0,1.0,"<table border=""1"" class=""dataframe"">
  <thead>
    <tr style=""text-align: left;"">
      <th>ISRCTN link</th>
      <th>Title</th>
      <th>Intervention type</th>
      <th>Age group</th>
      <th>Target number of participants</th>
    </tr>
  </thead>
  <tbody>
    <tr>
      <td><a href='https://www.isrctn.com/ISRCTN28232918' target='_blank'><div>ISRCTN28232918</div></a></td>
      <td>The influence of leg position on muscle activity during electrostimulation</td>
      <td>Device</td>
      <td>Senior</td>
      <td>20</td>
    </tr>
  </tbody>
</table>"
45,-659941.6602168409,7285658.070319826,Northern Care Alliance,54.60541139999999,-5.9283568,1.0,1.0,"<table border=""1"" class=""dataframe"">
  <thead>
    <tr style=""text-align: left;"">
      <th>ISRCTN link</th>
      <th>Title</th>
      <th>Intervention type</th>
      <th>Age group</th>
      <th>Target number of participants</th>
    </tr>
  </thead>
  <tbody>
    <tr>
      <td><a href='https://www.isrctn.com/ISRCTN18417679' target='_blank'><div>ISRCTN18417679</div></a></td>
      <td>Investigating imaging and clinical decision tools for identifying and rulin...</td>
      <td>Other</td>
      <td>Adult</td>
      <td>9000</td>
    </tr>
  </tbody>
</table>"
46,12791.555707818878,6837144.079148998,University of Cambridge,52.2042666,0.1149085,8.0,13.920296742201792,"<table border=""1"" class=""dataframe"">
  <thead>
    <tr style=""text-align: left;"">
      <th>ISRCTN link</th>
      <th>Title</th>
      <th>Intervention type</th>
      <th>Age group</th>
      <th>Target number of participants</th>
    </tr>
  </thead>
  <tbody>
    <tr>
      <td><a href='https://www.isrctn.com/ISRCTN72104369' target='_blank'><div>ISRCTN72104369</div></a></td>
      <td>Screening for atrial fibrillation with ECG to reduce stroke</td>
      <td>Other</td>
      <td>Senior</td>
      <td>126000</td>
    </tr>
    <tr>
      <td><a href='https://www.isrctn.com/ISRCTN17721237' target='_blank'><div>ISRCTN17721237</div></a></td>
      <td>Will providing different types of coronary heart disease risk information r...</td>
      <td>Mixed</td>
      <td>Other</td>
      <td>932</td>
    </tr>
    <tr>
      <td><a href='https://www.isrctn.com/ISRCTN82013652' target='_blank'><div>ISRCTN82013652</div></a></td>
      <td>Programme on Adherence to Medication</td>
      <td>Behavioural</td>
      <td>Adult</td>
      <td>542</td>
    </tr>
    <tr>
      <td><a href='https://www.isrctn.com/ISRCTN96168767' target='_blank'><div>ISRCTN96168767</div></a></td>
      <td>Feasibility of a smartphone app for increasing medication adherence</td>
      <td>Device</td>
      <td>Adult</td>
      <td>102</td>
    </tr>
    <tr>
      <td><a href='https://www.isrctn.com/ISRCTN74504989' target='_blank'><div>ISRCTN74504989</div></a></td>
      <td>A very brief face to face intervention, followed by a text message and/or a...</td>
      <td>Behavioural</td>
      <td>Adult</td>
      <td>106</td>
    </tr>
    <tr>
      <td><a href='https://www.isrctn.com/ISRCTN12805654' target='_blank'><div>ISRCTN12805654</div></a></td>
      <td>Assessing acceptability of a brief face-to-face intervention, and app or te...</td>
      <td>Other</td>
      <td>Adult</td>
      <td>34</td>
    </tr>
    <tr>
      <td><a href='https://www.isrctn.com/ISRCTN16939438' target='_blank'><div>ISRCTN16939438</div></a></td>
      <td>Screening for atrial fibrillation with ECG to reduce stroke</td>
      <td>Procedure/Surgery</td>
      <td>Adult</td>
      <td>4800</td>
    </tr>
    <tr>
      <td><a href='https://www.isrctn.com/ISRCTN95212240' target='_blank'><div>ISRCTN95212240</div></a></td>
      <td>Vertebral artery Ischaemia Stenting Trial</td>
      <td>Procedure/Surgery</td>
      <td>Adult</td>
      <td>540</td>
    </tr>
  </tbody>
</table>"
48,-167396.25013437108,6874085.366556519,Coventry University,52.4071747,-1.5037461,1.0,1.0,"<table border=""1"" class=""dataframe"">
  <thead>
    <tr style=""text-align: left;"">
      <th>ISRCTN link</th>
      <th>Title</th>
      <th>Intervention type</th>
      <th>Age group</th>
      <th>Target number of participants</th>
    </tr>
  </thead>
  <tbody>
    <tr>
      <td><a href='https://www.isrctn.com/ISRCTN90110503' target='_blank'><div>ISRCTN90110503</div></a></td>
      <td>An evaluation of a cardiac rehabilitation programme based on the internet</td>
      <td>Other</td>
      <td>Adult</td>
      <td>90</td>
    </tr>
  </tbody>
</table>"
49,120964.14468390832,6668518.098329724,East Kent Hospitals University NHS Foundation Trust,51.2662051,1.0866394,3.0,7.826061944859854,"<table border=""1"" class=""dataframe"">
  <thead>
    <tr style=""text-align: left;"">
      <th>ISRCTN link</th>
      <th>Title</th>
      <th>Intervention type</th>
      <th>Age group</th>
      <th>Target number of participants</th>
    </tr>
  </thead>
  <tbody>
    <tr>
      <td><a href='https://www.isrctn.com/ISRCTN13472393' target='_blank'><div>ISRCTN13472393</div></a></td>
      <td>Isometric exercise for people with raised blood pressure</td>
      <td>Behavioural</td>
      <td>Adult</td>
      <td>100</td>
    </tr>
    <tr>
      <td><a href='https://www.isrctn.com/ISRCTN35657537' target='_blank'><div>ISRCTN35657537</div></a></td>
      <td>Optokinetic chart stimulation-based protocol and conventional functional ac...</td>
      <td>Procedure/Surgery</td>
      <td>Senior</td>
      <td>8</td>
    </tr>
    <tr>
      <td><a href='https://www.isrctn.com/ISRCTN85291842' target='_blank'><div>ISRCTN85291842</div></a></td>
      <td>Electroencephalogram-neurofeedback (EEG-NF) to improve neglect in stroke pa...</td>
      <td>Other</td>
      <td>Adult</td>
      <td>72</td>
    </tr>
  </tbody>
</table>"
53,-199888.09405151912,7133518.919763908,Bradford Teaching Hospitals NHS Foundation Trust,53.8060988,-1.7956253,5.0,11.0,"<table border=""1"" class=""dataframe"">
  <thead>
    <tr style=""text-align: left;"">
      <th>ISRCTN link</th>
      <th>Title</th>
      <th>Intervention type</th>
      <th>Age group</th>
      <th>Target number of participants</th>
    </tr>
  </thead>
  <tbody>
    <tr>
      <td><a href='https://www.isrctn.com/ISRCTN82280581' target='_blank'><div>ISRCTN82280581</div></a></td>
      <td>Reducing sedentary behaviour after stroke</td>
      <td>Behavioural</td>
      <td>Adult</td>
      <td>1156</td>
    </tr>
    <tr>
      <td><a href='https://www.isrctn.com/ISRCTN12246326' target='_blank'><div>ISRCTN12246326</div></a></td>
      <td>Feasibility study of an intervention to reduce sedentary behaviour in peopl...</td>
      <td>Behavioural</td>
      <td>Adult</td>
      <td>90</td>
    </tr>
    <tr>
      <td><a href='https://www.isrctn.com/ISRCTN66212970' target='_blank'><div>ISRCTN66212970</div></a></td>
      <td>Improving the safety and continuity of medicines management at care transit...</td>
      <td>Other</td>
      <td>Adult</td>
      <td>2100</td>
    </tr>
    <tr>
      <td><a href='https://www.isrctn.com/ISRCTN38920246' target='_blank'><div>ISRCTN38920246</div></a></td>
      <td>A longer-term care strategy for stroke – a feasibility study</td>
      <td>Other</td>
      <td>Adult</td>
      <td>269</td>
    </tr>
    <tr>
      <td><a href='https://www.isrctn.com/ISRCTN67932305' target='_blank'><div>ISRCTN67932305</div></a></td>
      <td>Stroke system of care trial: a cluster randomised trial evaluation of a pat...</td>
      <td>Other</td>
      <td>Not Specified</td>
      <td>800</td>
    </tr>
  </tbody>
</table>"
54,-168073.3732010193,7365882.694883192,Northumbria Healthcare NHS Foundation Trust,55.0206902,-1.5098288,6.0,12.132827525593784,"<table border=""1"" class=""dataframe"">
  <thead>
    <tr style=""text-align: left;"">
      <th>ISRCTN link</th>
      <th>Title</th>
      <th>Intervention type</th>
      <th>Age group</th>
      <th>Target number of participants</th>
    </tr>
  </thead>
  <tbody>
    <tr>
      <td><a href='https://www.isrctn.com/ISRCTN26935612' target='_blank'><div>ISRCTN26935612</div></a></td>
      <td>Does a detailed assessment for heart disease help patients who have been ad...</td>
      <td>Mixed</td>
      <td>Adult</td>
      <td>120</td>
    </tr>
    <tr>
      <td><a href='https://www.isrctn.com/ISRCTN22323981' target='_blank'><div>ISRCTN22323981</div></a></td>
      <td>Purines for rapid identification of stroke mimics</td>
      <td>Device</td>
      <td>Adult</td>
      <td>958</td>
    </tr>
    <tr>
      <td><a href='https://www.isrctn.com/ISRCTN10874601' target='_blank'><div>ISRCTN10874601</div></a></td>
      <td>A feasibility study exploring a community walking programme using a metrono...</td>
      <td>Other</td>
      <td>Adult</td>
      <td>72</td>
    </tr>
    <tr>
      <td><a href='https://www.isrctn.com/ISRCTN82306027' target='_blank'><div>ISRCTN82306027</div></a></td>
      <td>WAVES: Wristband accelerometers to motivate arm exercises after stroke</td>
      <td>Other</td>
      <td>Adult</td>
      <td>60</td>
    </tr>
    <tr>
      <td><a href='https://www.isrctn.com/ISRCTN58527251' target='_blank'><div>ISRCTN58527251</div></a></td>
      <td>Repetitive Arm Functional Tasks After Stroke (RAFTAS) study II</td>
      <td>Other</td>
      <td>Adult</td>
      <td>60</td>
    </tr>
    <tr>
      <td><a href='https://www.isrctn.com/ISRCTN45203373' target='_blank'><div>ISRCTN45203373</div></a></td>
      <td>A trial to Evaluate an eXTended RehAbilitation service for Stroke patients ...</td>
      <td>Other</td>
      <td>Adult</td>
      <td>510</td>
    </tr>
  </tbody>
</table>"
55,137944.45245519464,6913367.5528388275,University of East Anglia,52.6219215,1.2391761,6.0,12.132827525593784,"<table border=""1"" class=""dataframe"">
  <thead>
    <tr style=""text-align: left;"">
      <th>ISRCTN link</th>
      <th>Title</th>
      <th>Intervention type</th>
      <th>Age group</th>
      <th>Target number of participants</th>
    </tr>
  </thead>
  <tbody>
    <tr>
      <td><a href='https://www.isrctn.com/ISRCTN66889949' target='_blank'><div>ISRCTN66889949</div></a></td>
      <td>An innovative method for delivering functional strength training exercises ...</td>
      <td>Other</td>
      <td>Adult</td>
      <td>40</td>
    </tr>
    <tr>
      <td><a href='https://www.isrctn.com/ISRCTN23054430' target='_blank'><div>ISRCTN23054430</div></a></td>
      <td>A new dose-finding trial design to identify the optimal therapeutic dose of...</td>
      <td>Other</td>
      <td>Adult</td>
      <td>24</td>
    </tr>
    <tr>
      <td><a href='https://www.isrctn.com/ISRCTN19090862' target='_blank'><div>ISRCTN19090862</div></a></td>
      <td>Clinical efficacy of functional strength training for upper limb motor reco...</td>
      <td>Other</td>
      <td>Adult</td>
      <td>288</td>
    </tr>
    <tr>
      <td><a href='https://www.isrctn.com/ISRCTN39201286' target='_blank'><div>ISRCTN39201286</div></a></td>
      <td>SWIFT Cast: efficacy and neural-biomechanical correlates of response</td>
      <td>Other</td>
      <td>Adult</td>
      <td>120</td>
    </tr>
    <tr>
      <td><a href='https://www.isrctn.com/ISRCTN45392701' target='_blank'><div>ISRCTN45392701</div></a></td>
      <td>Clinical efficacy and prognostic indicators for lower limb pedalling exerci...</td>
      <td>Other</td>
      <td>Adult</td>
      <td>24</td>
    </tr>
    <tr>
      <td><a href='https://www.isrctn.com/ISRCTN59427925' target='_blank'><div>ISRCTN59427925</div></a></td>
      <td>Randomised controlled trial and economic evaluation of home-based medicatio...</td>
      <td>Other</td>
      <td>Not Specified</td>
      <td>306</td>
    </tr>
  </tbody>
</table>"
59,-350277.36426460976,6705898.433687452,Huntleigh Healthcare Ltd,51.4758319,-3.1465951,1.0,1.0,"<table border=""1"" class=""dataframe"">
  <thead>
    <tr style=""text-align: left;"">
      <th>ISRCTN link</th>
      <th>Title</th>
      <th>Intervention type</th>
      <th>Age group</th>
      <th>Target number of participants</th>
    </tr>
  </thead>
  <tbody>
    <tr>
      <td><a href='https://www.isrctn.com/ISRCTN77093550' target='_blank'><div>ISRCTN77093550</div></a></td>
      <td>Intermittent pneumatic compression of the thigh for the treatment of lower ...</td>
      <td>Device</td>
      <td>Adult</td>
      <td>160</td>
    </tr>
  </tbody>
</table>"
63,-311056.4241082445,7626744.103124686,University of St Andrews,56.3417136,-2.7942674,1.0,1.0,"<table border=""1"" class=""dataframe"">
  <thead>
    <tr style=""text-align: left;"">
      <th>ISRCTN link</th>
      <th>Title</th>
      <th>Intervention type</th>
      <th>Age group</th>
      <th>Target number of participants</th>
    </tr>
  </thead>
  <tbody>
    <tr>
      <td><a href='https://www.isrctn.com/ISRCTN27990239' target='_blank'><div>ISRCTN27990239</div></a></td>
      <td>Non-invasive assessment of cardiovascular risk</td>
      <td>Other</td>
      <td>Adult</td>
      <td>200</td>
    </tr>
  </tbody>
</table>"
68,-159707.9806346827,6609566.652367846,Southampton University Hospitals NHS Trust,50.93365619999999,-1.4346812,4.0,9.613531161467861,"<table border=""1"" class=""dataframe"">
  <thead>
    <tr style=""text-align: left;"">
      <th>ISRCTN link</th>
      <th>Title</th>
      <th>Intervention type</th>
      <th>Age group</th>
      <th>Target number of participants</th>
    </tr>
  </thead>
  <tbody>
    <tr>
      <td><a href='https://www.isrctn.com/ISRCTN96536028' target='_blank'><div>ISRCTN96536028</div></a></td>
      <td>Remote monitoring in heart failure patients</td>
      <td>Device</td>
      <td>Adult</td>
      <td>1650</td>
    </tr>
    <tr>
      <td><a href='https://www.isrctn.com/ISRCTN51917813' target='_blank'><div>ISRCTN51917813</div></a></td>
      <td>Short TEG: cessation of clopidogrel following insertion of drug-eluting cor...</td>
      <td>Other</td>
      <td>Adult</td>
      <td>60</td>
    </tr>
    <tr>
      <td><a href='https://www.isrctn.com/ISRCTN47114929' target='_blank'><div>ISRCTN47114929</div></a></td>
      <td>Developing care pathways for remote monitoring</td>
      <td>Other</td>
      <td>Adult</td>
      <td>100</td>
    </tr>
    <tr>
      <td><a href='https://www.isrctn.com/ISRCTN88609279' target='_blank'><div>ISRCTN88609279</div></a></td>
      <td>Is the cardiac model of rehabilitation is more effective than standard care...</td>
      <td>Other</td>
      <td>Adult</td>
      <td>80</td>
    </tr>
  </tbody>
</table>"
69,-19408.40850446922,6713404.673761457,Imperial College Healthcare NHS Trust,51.5178108,-0.1743487,5.0,11.0,"<table border=""1"" class=""dataframe"">
  <thead>
    <tr style=""text-align: left;"">
      <th>ISRCTN link</th>
      <th>Title</th>
      <th>Intervention type</th>
      <th>Age group</th>
      <th>Target number of participants</th>
    </tr>
  </thead>
  <tbody>
    <tr>
      <td><a href='https://www.isrctn.com/ISRCTN17698102' target='_blank'><div>ISRCTN17698102</div></a></td>
      <td>Reducing stroke rates using left atrial appendage occlusion</td>
      <td>Other</td>
      <td>Adult</td>
      <td>200</td>
    </tr>
    <tr>
      <td><a href='https://www.isrctn.com/ISRCTN14627513' target='_blank'><div>ISRCTN14627513</div></a></td>
      <td>'AQURO', a new, potentially automatable approach for quatifying mitral regu...</td>
      <td>Other</td>
      <td>Not Specified</td>
      <td>50</td>
    </tr>
    <tr>
      <td><a href='https://www.isrctn.com/ISRCTN30610605' target='_blank'><div>ISRCTN30610605</div></a></td>
      <td>Cellular stress and inflammation with miniature cardiopulmonary bypass</td>
      <td>Other</td>
      <td>Adult</td>
      <td>48</td>
    </tr>
    <tr>
      <td><a href='https://www.isrctn.com/ISRCTN74789510' target='_blank'><div>ISRCTN74789510</div></a></td>
      <td>Non-invasive haemodynamics to probe physiology and echocardiographic dyssyn...</td>
      <td>Other</td>
      <td>Adult</td>
      <td>60</td>
    </tr>
    <tr>
      <td><a href='https://www.isrctn.com/ISRCTN43384180' target='_blank'><div>ISRCTN43384180</div></a></td>
      <td>Maximising clinical applicability of non-invasive methods for optimisation ...</td>
      <td>Other</td>
      <td>Adult</td>
      <td>50</td>
    </tr>
  </tbody>
</table>"
71,-117082.70120672479,7159956.564079147,University of York,53.9461089,-1.0517718,6.0,12.132827525593784,"<table border=""1"" class=""dataframe"">
  <thead>
    <tr style=""text-align: left;"">
      <th>ISRCTN link</th>
      <th>Title</th>
      <th>Intervention type</th>
      <th>Age group</th>
      <th>Target number of participants</th>
    </tr>
  </thead>
  <tbody>
    <tr>
      <td><a href='https://www.isrctn.com/ISRCTN13671984' target='_blank'><div>ISRCTN13671984</div></a></td>
      <td>A study to assess the feasibility of a future trial on the effect of acupun...</td>
      <td>Other</td>
      <td>Adult</td>
      <td>30</td>
    </tr>
    <tr>
      <td><a href='https://www.isrctn.com/ISRCTN60618114' target='_blank'><div>ISRCTN60618114</div></a></td>
      <td>The development and feasibility of an intervention to reassure patients abo...</td>
      <td>Other</td>
      <td>Adult</td>
      <td>140</td>
    </tr>
    <tr>
      <td><a href='https://www.isrctn.com/ISRCTN49373072' target='_blank'><div>ISRCTN49373072</div></a></td>
      <td>VenUS IV: compression hosiery versus compression bandaging in the treatment...</td>
      <td>Other</td>
      <td>Adult</td>
      <td>489</td>
    </tr>
    <tr>
      <td><a href='https://www.isrctn.com/ISRCTN84692046' target='_blank'><div>ISRCTN84692046</div></a></td>
      <td>A randomised controlled trial of a self-management programme for people wit...</td>
      <td>Other</td>
      <td>Adult</td>
      <td>720</td>
    </tr>
    <tr>
      <td><a href='https://www.isrctn.com/ISRCTN03137160' target='_blank'><div>ISRCTN03137160</div></a></td>
      <td>LAMP: The development and evaluation of a Lay-facilitated Angina Management...</td>
      <td>Other</td>
      <td>Adult</td>
      <td>200</td>
    </tr>
    <tr>
      <td><a href='https://www.isrctn.com/ISRCTN55114812' target='_blank'><div>ISRCTN55114812</div></a></td>
      <td>VenUS II: larval therapy Venous Ulcer Study</td>
      <td>Other</td>
      <td>Adult</td>
      <td>370</td>
    </tr>
  </tbody>
</table>"
76,-4494.468781033024,6714523.953950477,Queen Mary University of London,51.5240671,-0.0403745,8.0,13.920296742201792,"<table border=""1"" class=""dataframe"">
  <thead>
    <tr style=""text-align: left;"">
      <th>ISRCTN link</th>
      <th>Title</th>
      <th>Intervention type</th>
      <th>Age group</th>
      <th>Target number of participants</th>
    </tr>
  </thead>
  <tbody>
    <tr>
      <td><a href='https://www.isrctn.com/ISRCTN82621856' target='_blank'><div>ISRCTN82621856</div></a></td>
      <td>Pacemaker therapy for drug-refractory symptoms in mid-cavity hypertrophic c...</td>
      <td>Device</td>
      <td>Adult</td>
      <td>25</td>
    </tr>
    <tr>
      <td><a href='https://www.isrctn.com/ISRCTN17365679' target='_blank'><div>ISRCTN17365679</div></a></td>
      <td>Prevention of aortic stenosis pilot trial</td>
      <td>Drug</td>
      <td>Adult</td>
      <td>54</td>
    </tr>
    <tr>
      <td><a href='https://www.isrctn.com/ISRCTN17373946' target='_blank'><div>ISRCTN17373946</div></a></td>
      <td>Investigating the effects of dietary nitrate in patients with stable angina</td>
      <td>Other</td>
      <td>Adult</td>
      <td>246</td>
    </tr>
    <tr>
      <td><a href='https://www.isrctn.com/ISRCTN72085021' target='_blank'><div>ISRCTN72085021</div></a></td>
      <td>Effect of dietary nitrate ingestion in stable angina</td>
      <td>Other</td>
      <td>Adult</td>
      <td>16</td>
    </tr>
    <tr>
      <td><a href='https://www.isrctn.com/ISRCTN74757601' target='_blank'><div>ISRCTN74757601</div></a></td>
      <td>INTERACT Trial</td>
      <td>Other</td>
      <td>Adult</td>
      <td>300</td>
    </tr>
    <tr>
      <td><a href='https://www.isrctn.com/ISRCTN36672232' target='_blank'><div>ISRCTN36672232</div></a></td>
      <td>Polypill Prevention Trial 1</td>
      <td>Drug</td>
      <td>Senior</td>
      <td>100</td>
    </tr>
    <tr>
      <td><a href='https://www.isrctn.com/ISRCTN73028481' target='_blank'><div>ISRCTN73028481</div></a></td>
      <td>Preventive Angioplasty in Myocardial Infarction Trial</td>
      <td>Other</td>
      <td>Other</td>
      <td>600</td>
    </tr>
    <tr>
      <td><a href='https://www.isrctn.com/ISRCTN97280940' target='_blank'><div>ISRCTN97280940</div></a></td>
      <td>Randomised crossover trial to determine whether a beta blocker and an Angio...</td>
      <td>Other</td>
      <td>Adult</td>
      <td>60</td>
    </tr>
  </tbody>
</table>"
80,-477560.7156906854,7533061.006069123,University of Glasgow,55.8724256,-4.2900009,3.0,7.826061944859854,"<table border=""1"" class=""dataframe"">
  <thead>
    <tr style=""text-align: left;"">
      <th>ISRCTN link</th>
      <th>Title</th>
      <th>Intervention type</th>
      <th>Age group</th>
      <th>Target number of participants</th>
    </tr>
  </thead>
  <tbody>
    <tr>
      <td><a href='https://www.isrctn.com/ISRCTN77942127' target='_blank'><div>ISRCTN77942127</div></a></td>
      <td>Reversibility of impaired cerebrovascular reactivity in patients with hyper...</td>
      <td>Drug</td>
      <td>Adult</td>
      <td>13</td>
    </tr>
    <tr>
      <td><a href='https://www.isrctn.com/ISRCTN16403302' target='_blank'><div>ISRCTN16403302</div></a></td>
      <td>Intravenous iron treatment in patients with heart failure and iron deficien...</td>
      <td>Other</td>
      <td>Adult</td>
      <td>1300</td>
    </tr>
    <tr>
      <td><a href='https://www.isrctn.com/ISRCTN06452574' target='_blank'><div>ISRCTN06452574</div></a></td>
      <td>New therapeutic targets in stroke prevention: the effects of allopurinol on...</td>
      <td>Drug</td>
      <td>Adult</td>
      <td>80</td>
    </tr>
  </tbody>
</table>"
81,930124.7510432319,6453511.254108253,Abbott (Germany),50.041761,8.3554528,1.0,1.0,"<table border=""1"" class=""dataframe"">
  <thead>
    <tr style=""text-align: left;"">
      <th>ISRCTN link</th>
      <th>Title</th>
      <th>Intervention type</th>
      <th>Age group</th>
      <th>Target number of participants</th>
    </tr>
  </thead>
  <tbody>
    <tr>
      <td><a href='https://www.isrctn.com/ISRCTN35563487' target='_blank'><div>ISRCTN35563487</div></a></td>
      <td>Comparison of the effect of anti-hypertensive treatment with verapamil and ...</td>
      <td>Drug</td>
      <td>Adult</td>
      <td>50</td>
    </tr>
  </tbody>
</table>"
82,-258694.8637167799,7073682.91178754,Salford Royal NHS Foundation Trust,53.487482,-2.3238955,5.0,11.0,"<table border=""1"" class=""dataframe"">
  <thead>
    <tr style=""text-align: left;"">
      <th>ISRCTN link</th>
      <th>Title</th>
      <th>Intervention type</th>
      <th>Age group</th>
      <th>Target number of participants</th>
    </tr>
  </thead>
  <tbody>
    <tr>
      <td><a href='https://www.isrctn.com/ISRCTN55201674' target='_blank'><div>ISRCTN55201674</div></a></td>
      <td>B-cells in stroke-associated infection</td>
      <td>Other</td>
      <td>Adult</td>
      <td>130</td>
    </tr>
    <tr>
      <td><a href='https://www.isrctn.com/ISRCTN13893902' target='_blank'><div>ISRCTN13893902</div></a></td>
      <td>Improving clinical stroke care using a stroke collaborative approach</td>
      <td>Other</td>
      <td>Not Specified</td>
      <td>0</td>
    </tr>
    <tr>
      <td><a href='https://www.isrctn.com/ISRCTN25048895' target='_blank'><div>ISRCTN25048895</div></a></td>
      <td>Can an interleukin-1 receptor antagonist reduce inflammation following suba...</td>
      <td>Drug</td>
      <td>Adult</td>
      <td>140</td>
    </tr>
    <tr>
      <td><a href='https://www.isrctn.com/ISRCTN46365506' target='_blank'><div>ISRCTN46365506</div></a></td>
      <td>The effect of Kineret® on brain biomarkers in patients with subarachnoid ha...</td>
      <td>Drug</td>
      <td>Adult</td>
      <td>32</td>
    </tr>
    <tr>
      <td><a href='https://www.isrctn.com/ISRCTN45931429' target='_blank'><div>ISRCTN45931429</div></a></td>
      <td>An open-label study of the cerebrospinal fluid pharmacokinetics of intraven...</td>
      <td>Drug</td>
      <td>Adult</td>
      <td>100</td>
    </tr>
  </tbody>
</table>"
84,-252923.78301532974,6983633.7531679515,Keele University,53.00343729999999,-2.272053000000001,4.0,9.613531161467861,"<table border=""1"" class=""dataframe"">
  <thead>
    <tr style=""text-align: left;"">
      <th>ISRCTN link</th>
      <th>Title</th>
      <th>Intervention type</th>
      <th>Age group</th>
      <th>Target number of participants</th>
    </tr>
  </thead>
  <tbody>
    <tr>
      <td><a href='https://www.isrctn.com/ISRCTN13676183' target='_blank'><div>ISRCTN13676183</div></a></td>
      <td>Sensory stimulation of the foot and ankle early post-stroke\n</td>
      <td>Other</td>
      <td>Adult</td>
      <td>34</td>
    </tr>
    <tr>
      <td><a href='https://www.isrctn.com/ISRCTN18034911' target='_blank'><div>ISRCTN18034911</div></a></td>
      <td>Does metoclopramide reduce aspiration, pneumonia and hypoxia in acute strok...</td>
      <td>Drug</td>
      <td>Adult</td>
      <td>60</td>
    </tr>
    <tr>
      <td><a href='https://www.isrctn.com/ISRCTN57435427' target='_blank'><div>ISRCTN57435427</div></a></td>
      <td>Is it clinically effective to treat arm flexor spasticity, with Botulinum t...</td>
      <td>Drug</td>
      <td>Adult</td>
      <td>150</td>
    </tr>
    <tr>
      <td><a href='https://www.isrctn.com/ISRCTN99172250' target='_blank'><div>ISRCTN99172250</div></a></td>
      <td>Strength training with Electrical Stimulation - is this a viable method of ...</td>
      <td>Other</td>
      <td>Other</td>
      <td>10</td>
    </tr>
  </tbody>
</table>"
85,-443046.2745494671,6729773.218704072,Swansea University,51.6092184,-3.9799524,1.0,1.0,"<table border=""1"" class=""dataframe"">
  <thead>
    <tr style=""text-align: left;"">
      <th>ISRCTN link</th>
      <th>Title</th>
      <th>Intervention type</th>
      <th>Age group</th>
      <th>Target number of participants</th>
    </tr>
  </thead>
  <tbody>
    <tr>
      <td><a href='https://www.isrctn.com/ISRCTN12601214' target='_blank'><div>ISRCTN12601214</div></a></td>
      <td>A trial of a brief intervention to improve emotional distress after thrombo...</td>
      <td>Other</td>
      <td>Adult</td>
      <td>24</td>
    </tr>
  </tbody>
</table>"
89,576625.2886454072,6815792.603583772,University Medical Center Utrecht,52.0865646,5.179913099999999,1.0,1.0,"<table border=""1"" class=""dataframe"">
  <thead>
    <tr style=""text-align: left;"">
      <th>ISRCTN link</th>
      <th>Title</th>
      <th>Intervention type</th>
      <th>Age group</th>
      <th>Target number of participants</th>
    </tr>
  </thead>
  <tbody>
    <tr>
      <td><a href='https://www.isrctn.com/ISRCTN82217627' target='_blank'><div>ISRCTN82217627</div></a></td>
      <td>Prevention of complications to Improve outcome in elderly patients with acu...</td>
      <td>Drug</td>
      <td>Senior</td>
      <td>3800</td>
    </tr>
  </tbody>
</table>"
90,-357337.079391483,7548547.730360382,European Commission,55.9503985,-3.2100136,1.0,1.0,"<table border=""1"" class=""dataframe"">
  <thead>
    <tr style=""text-align: left;"">
      <th>ISRCTN link</th>
      <th>Title</th>
      <th>Intervention type</th>
      <th>Age group</th>
      <th>Target number of participants</th>
    </tr>
  </thead>
  <tbody>
    <tr>
      <td><a href='https://www.isrctn.com/ISRCTN22301128' target='_blank'><div>ISRCTN22301128</div></a></td>
      <td>Measuring the blood vessel density in patients with heart failure or reduce...</td>
      <td>Mixed</td>
      <td>Senior</td>
      <td>395</td>
    </tr>
  </tbody>
</table>"
92,-288970.57034316455,6702900.955636583,University Hospitals Bristol NHS Foundation Trust,51.45905759999999,-2.5958668,18.0,18.958889470453634,"<table border=""1"" class=""dataframe"">
  <thead>
    <tr style=""text-align: left;"">
      <th>ISRCTN link</th>
      <th>Title</th>
      <th>Intervention type</th>
      <th>Age group</th>
      <th>Target number of participants</th>
    </tr>
  </thead>
  <tbody>
    <tr>
      <td><a href='https://www.isrctn.com/ISRCTN17650644' target='_blank'><div>ISRCTN17650644</div></a></td>
      <td>Outcome monitoring after cardiac procedure in congenital heart disease</td>
      <td>Other</td>
      <td>Mixed</td>
      <td>6000</td>
    </tr>
    <tr>
      <td><a href='https://www.isrctn.com/ISRCTN68065962' target='_blank'><div>ISRCTN68065962</div></a></td>
      <td>Investigating changes in brain networks and cognition after heart surgery</td>
      <td>Other</td>
      <td>Senior</td>
      <td>20</td>
    </tr>
    <tr>
      <td><a href='https://www.isrctn.com/ISRCTN10476641' target='_blank'><div>ISRCTN10476641</div></a></td>
      <td>Use of a new blood test and a special camera for recording flow in the smal...</td>
      <td>Device</td>
      <td>Child</td>
      <td>35</td>
    </tr>
    <tr>
      <td><a href='https://www.isrctn.com/ISRCTN98258655' target='_blank'><div>ISRCTN98258655</div></a></td>
      <td>Peacock - a paediatric cortisol study</td>
      <td>Other</td>
      <td>Mixed</td>
      <td>60</td>
    </tr>
    <tr>
      <td><a href='https://www.isrctn.com/ISRCTN49548506' target='_blank'><div>ISRCTN49548506</div></a></td>
      <td>One hundred percent oxygen versus titrated oxygen following the return of a...</td>
      <td>Other</td>
      <td>Adult</td>
      <td>81</td>
    </tr>
    <tr>
      <td><a href='https://www.isrctn.com/ISRCTN18375201' target='_blank'><div>ISRCTN18375201</div></a></td>
      <td>Prehospital critical care for out-of-hospital cardiac arrest</td>
      <td>Other</td>
      <td>Adult</td>
      <td>6640</td>
    </tr>
    <tr>
      <td><a href='https://www.isrctn.com/ISRCTN34122839' target='_blank'><div>ISRCTN34122839</div></a></td>
      <td>Platelets in out of hospital cardiac arrest</td>
      <td>Other</td>
      <td>Adult</td>
      <td>60</td>
    </tr>
    <tr>
      <td><a href='https://www.isrctn.com/ISRCTN58513123' target='_blank'><div>ISRCTN58513123</div></a></td>
      <td>My Health Tags - To improve taking tablets for heart failure</td>
      <td>Other</td>
      <td>Adult</td>
      <td>30</td>
    </tr>
    <tr>
      <td><a href='https://www.isrctn.com/ISRCTN22628285' target='_blank'><div>ISRCTN22628285</div></a></td>
      <td>Optical coherence tomography to guide stent placement during percutaneous c...</td>
      <td>Procedure/Surgery</td>
      <td>Adult</td>
      <td>128</td>
    </tr>
    <tr>
      <td><a href='https://www.isrctn.com/ISRCTN84335288' target='_blank'><div>ISRCTN84335288</div></a></td>
      <td>The effect of ticagrelor monotherapy on platelet reactivity</td>
      <td>Drug</td>
      <td>Adult</td>
      <td>110</td>
    </tr>
    <tr>
      <td><a href='https://www.isrctn.com/ISRCTN37248047' target='_blank'><div>ISRCTN37248047</div></a></td>
      <td>B-type natriuretic peptide (BNP) testing and monitoring in patients with he...</td>
      <td>Other</td>
      <td>Adult</td>
      <td>50000</td>
    </tr>
    <tr>
      <td><a href='https://www.isrctn.com/ISRCTN82257414' target='_blank'><div>ISRCTN82257414</div></a></td>
      <td>Point of care platelet activity measurement in Primary Percutaneous Coronar...</td>
      <td>Other</td>
      <td>Adult</td>
      <td>108</td>
    </tr>
    <tr>
      <td><a href='https://www.isrctn.com/ISRCTN19569306' target='_blank'><div>ISRCTN19569306</div></a></td>
      <td>Progenitor cell response following Myocardial Infarction Study (ProMIS)</td>
      <td>Other</td>
      <td>Adult</td>
      <td>80</td>
    </tr>
    <tr>
      <td><a href='https://www.isrctn.com/ISRCTN20778544' target='_blank'><div>ISRCTN20778544</div></a></td>
      <td>COagulation and Platelet laboratory Testing in Cardiac surgery</td>
      <td>Other</td>
      <td>Adult</td>
      <td>2400</td>
    </tr>
    <tr>
      <td><a href='https://www.isrctn.com/ISRCTN84968882' target='_blank'><div>ISRCTN84968882</div></a></td>
      <td>Propofol cardioplegia for Myocardial Protection Trial: ProMPT</td>
      <td>Drug</td>
      <td>Adult</td>
      <td>96</td>
    </tr>
    <tr>
      <td><a href='https://www.isrctn.com/ISRCTN71717097' target='_blank'><div>ISRCTN71717097</div></a></td>
      <td>Bone-marrow derived stem cell transplantation in patients undergoing left v...</td>
      <td>Other</td>
      <td>Adult</td>
      <td>40</td>
    </tr>
    <tr>
      <td><a href='https://www.isrctn.com/ISRCTN10567790' target='_blank'><div>ISRCTN10567790</div></a></td>
      <td>The extent of intimal hyperplasia and atherogenesis in bypass vein grafts f...</td>
      <td>Procedure/Surgery</td>
      <td>Adult</td>
      <td>96</td>
    </tr>
    <tr>
      <td><a href='https://www.isrctn.com/ISRCTN02159606' target='_blank'><div>ISRCTN02159606</div></a></td>
      <td>Pre-operative volume replacement versus usual care in diabetic patients hav...</td>
      <td>Procedure/Surgery</td>
      <td>Adult</td>
      <td>170</td>
    </tr>
  </tbody>
</table>"
93,-355024.71753287787,7547378.240693045,University of Edinburgh,55.9445158,-3.1892413,10.0,15.306765580733934,"<table border=""1"" class=""dataframe"">
  <thead>
    <tr style=""text-align: left;"">
      <th>ISRCTN link</th>
      <th>Title</th>
      <th>Intervention type</th>
      <th>Age group</th>
      <th>Target number of participants</th>
    </tr>
  </thead>
  <tbody>
    <tr>
      <td><a href='https://www.isrctn.com/ISRCTN19102565' target='_blank'><div>ISRCTN19102565</div></a></td>
      <td>Rapid Assessment of Potential Ischaemic heart Disease with Computed Tomogra...</td>
      <td>Other</td>
      <td>Adult</td>
      <td>1735</td>
    </tr>
    <tr>
      <td><a href='https://www.isrctn.com/ISRCTN97018444' target='_blank'><div>ISRCTN97018444</div></a></td>
      <td>The effects of tumour necrosis factor antagonism (Etanercept) in patients w...</td>
      <td>Drug</td>
      <td>Adult</td>
      <td>26</td>
    </tr>
    <tr>
      <td><a href='https://www.isrctn.com/ISRCTN24943566' target='_blank'><div>ISRCTN24943566</div></a></td>
      <td>Auto-titrating continuous positive airway pressure in patients with chronic...</td>
      <td>Other</td>
      <td>Not Specified</td>
      <td>30</td>
    </tr>
    <tr>
      <td><a href='https://www.isrctn.com/ISRCTN25765518' target='_blank'><div>ISRCTN25765518</div></a></td>
      <td>Imaging perfusion deficits and thrombolysis safety and efficacy in acute is...</td>
      <td>Drug</td>
      <td>Adult</td>
      <td>6000</td>
    </tr>
    <tr>
      <td><a href='https://www.isrctn.com/ISRCTN66587262' target='_blank'><div>ISRCTN66587262</div></a></td>
      <td>Tackling heart disease: the Scottish aspirin trial</td>
      <td>Drug</td>
      <td>Senior</td>
      <td>3350</td>
    </tr>
    <tr>
      <td><a href='https://www.isrctn.com/ISRCTN93529999' target='_blank'><div>ISRCTN93529999</div></a></td>
      <td>A randomised trial to establish the effectiveness of intermittent pneumatic...</td>
      <td>Other</td>
      <td>Adult</td>
      <td>2000</td>
    </tr>
    <tr>
      <td><a href='https://www.isrctn.com/ISRCTN12113543' target='_blank'><div>ISRCTN12113543</div></a></td>
      <td>Studies of small vessel diseases: the mild stroke study 3</td>
      <td>Other</td>
      <td>Adult</td>
      <td>300</td>
    </tr>
    <tr>
      <td><a href='https://www.isrctn.com/ISRCTN76413758' target='_blank'><div>ISRCTN76413758</div></a></td>
      <td>Magnetic resonance imaging (MRI) for abdominal aortic aneurysms to predict ...</td>
      <td>Other</td>
      <td>Adult</td>
      <td>350</td>
    </tr>
    <tr>
      <td><a href='https://www.isrctn.com/ISRCTN14911850' target='_blank'><div>ISRCTN14911850</div></a></td>
      <td>In patients with a ""small vessel"" stroke, can the risk of further strokes a...</td>
      <td>Drug</td>
      <td>Adult</td>
      <td>400</td>
    </tr>
    <tr>
      <td><a href='https://www.isrctn.com/ISRCTN14911850' target='_blank'><div>ISRCTN14911850</div></a></td>
      <td>In patients with a ""small vessel"" stroke, can the risk of further strokes a...</td>
      <td>Drug</td>
      <td>Adult</td>
      <td>400</td>
    </tr>
  </tbody>
</table>"
96,-233940.7708129778,7793869.012440783,University of Aberdeen,57.16475999999999,-2.1015257,10.0,15.306765580733934,"<table border=""1"" class=""dataframe"">
  <thead>
    <tr style=""text-align: left;"">
      <th>ISRCTN link</th>
      <th>Title</th>
      <th>Intervention type</th>
      <th>Age group</th>
      <th>Target number of participants</th>
    </tr>
  </thead>
  <tbody>
    <tr>
      <td><a href='https://www.isrctn.com/ISRCTN17517647' target='_blank'><div>ISRCTN17517647</div></a></td>
      <td>Wholegrain diet and blood pressure study: the WISH study\n</td>
      <td>Behavioural</td>
      <td>Adult</td>
      <td>72</td>
    </tr>
    <tr>
      <td><a href='https://www.isrctn.com/ISRCTN11698069' target='_blank'><div>ISRCTN11698069</div></a></td>
      <td>Effects of wholegrain-derived compounds supplementation on blood vessel sti...</td>
      <td>Supplement</td>
      <td>Adult</td>
      <td>25</td>
    </tr>
    <tr>
      <td><a href='https://www.isrctn.com/ISRCTN11665494' target='_blank'><div>ISRCTN11665494</div></a></td>
      <td>The effects of a high oat diet on risk factors of heart disease and their l...</td>
      <td>Other</td>
      <td>Other</td>
      <td>60</td>
    </tr>
    <tr>
      <td><a href='https://www.isrctn.com/ISRCTN57596739' target='_blank'><div>ISRCTN57596739</div></a></td>
      <td>Nitrites In Acute Myocardial Infarction trial</td>
      <td>Other</td>
      <td>Adult</td>
      <td>200</td>
    </tr>
    <tr>
      <td><a href='https://www.isrctn.com/ISRCTN12160517' target='_blank'><div>ISRCTN12160517</div></a></td>
      <td>Improving attendance at cardiac rehabilitation: a randomized controlled tri...</td>
      <td>Other</td>
      <td>Adult</td>
      <td>412</td>
    </tr>
    <tr>
      <td><a href='https://www.isrctn.com/ISRCTN66443895' target='_blank'><div>ISRCTN66443895</div></a></td>
      <td>Single port/incision laparoscopic surgery compared with standard 3 port lap...</td>
      <td>Other</td>
      <td>Adult</td>
      <td>80</td>
    </tr>
    <tr>
      <td><a href='https://www.isrctn.com/ISRCTN54802970' target='_blank'><div>ISRCTN54802970</div></a></td>
      <td>Omega-3 fatty acids on platelet and endothelial function in patients with p...</td>
      <td>Drug</td>
      <td>Adult</td>
      <td>150</td>
    </tr>
    <tr>
      <td><a href='https://www.isrctn.com/ISRCTN34203810' target='_blank'><div>ISRCTN34203810</div></a></td>
      <td>Effects of tomato-based foods on cardiovascular disease risk</td>
      <td>Drug</td>
      <td>Adult</td>
      <td>180</td>
    </tr>
    <tr>
      <td><a href='https://www.isrctn.com/ISRCTN23585705' target='_blank'><div>ISRCTN23585705</div></a></td>
      <td>Randomised controlled trial comparing two treatment methods for symptomatic...</td>
      <td>Other</td>
      <td>Other</td>
      <td>60</td>
    </tr>
    <tr>
      <td><a href='https://www.isrctn.com/ISRCTN51995477' target='_blank'><div>ISRCTN51995477</div></a></td>
      <td>Randomised controlled trial comparing foam sclerotherapy, alone or in combi...</td>
      <td>Procedure/Surgery</td>
      <td>Adult</td>
      <td>1015</td>
    </tr>
  </tbody>
</table>"
99,-15299.205349122634,6714813.893758078,University College London Hospitals NHS Foundation Trust,51.5256876,-0.1374351,5.0,11.0,"<table border=""1"" class=""dataframe"">
  <thead>
    <tr style=""text-align: left;"">
      <th>ISRCTN link</th>
      <th>Title</th>
      <th>Intervention type</th>
      <th>Age group</th>
      <th>Target number of participants</th>
    </tr>
  </thead>
  <tbody>
    <tr>
      <td><a href='https://www.isrctn.com/ISRCTN13328713' target='_blank'><div>ISRCTN13328713</div></a></td>
      <td>Prediction in patients who had a stroke and needed care at an intensive car...</td>
      <td>Other</td>
      <td>Adult</td>
      <td>100</td>
    </tr>
    <tr>
      <td><a href='https://www.isrctn.com/ISRCTN99874413' target='_blank'><div>ISRCTN99874413</div></a></td>
      <td>Can Theta Burst stimulation accelerate re-learning of impaired wrist and ha...</td>
      <td>Other</td>
      <td>Adult</td>
      <td>30</td>
    </tr>
    <tr>
      <td><a href='https://www.isrctn.com/ISRCTN54381840' target='_blank'><div>ISRCTN54381840</div></a></td>
      <td>Optimising the Management of Angina (OMA): a pilot study for a cluster rand...</td>
      <td>Other</td>
      <td>Adult</td>
      <td>200</td>
    </tr>
    <tr>
      <td><a href='https://www.isrctn.com/ISRCTN03884521' target='_blank'><div>ISRCTN03884521</div></a></td>
      <td>Theta Burst Stimulation for motor impairment after stroke</td>
      <td>Other</td>
      <td>Adult</td>
      <td>45</td>
    </tr>
    <tr>
      <td><a href='https://www.isrctn.com/ISRCTN88702314' target='_blank'><div>ISRCTN88702314</div></a></td>
      <td>Laminectomy or X-Stop – Which operation is more cost-effective for Lumbar S...</td>
      <td>Device</td>
      <td>Adult</td>
      <td>110</td>
    </tr>
  </tbody>
</table>"
100,-9745.932363358466,6597926.835537341,University of Sussex,50.8677123,-0.0875492,1.0,1.0,"<table border=""1"" class=""dataframe"">
  <thead>
    <tr style=""text-align: left;"">
      <th>ISRCTN link</th>
      <th>Title</th>
      <th>Intervention type</th>
      <th>Age group</th>
      <th>Target number of participants</th>
    </tr>
  </thead>
  <tbody>
    <tr>
      <td><a href='https://www.isrctn.com/ISRCTN13127656' target='_blank'><div>ISRCTN13127656</div></a></td>
      <td>HYVET 2: treatment of white coat hypertension in the very elderly</td>
      <td>Drug</td>
      <td>Senior</td>
      <td>100</td>
    </tr>
  </tbody>
</table>"
103,-135684.81150742923,6757635.9259120105,Oxford Radcliffe Hospitals NHS Trust,51.764391,-1.2188774,6.0,12.132827525593784,"<table border=""1"" class=""dataframe"">
  <thead>
    <tr style=""text-align: left;"">
      <th>ISRCTN link</th>
      <th>Title</th>
      <th>Intervention type</th>
      <th>Age group</th>
      <th>Target number of participants</th>
    </tr>
  </thead>
  <tbody>
    <tr>
      <td><a href='https://www.isrctn.com/ISRCTN64783542' target='_blank'><div>ISRCTN64783542</div></a></td>
      <td>Investigating blood clotting changes in patients with COVID-19</td>
      <td>Other</td>
      <td>Adult</td>
      <td>1000</td>
    </tr>
    <tr>
      <td><a href='https://www.isrctn.com/ISRCTN13986854' target='_blank'><div>ISRCTN13986854</div></a></td>
      <td>Biatrial global high-density electroanatomical mapping of atrial fibrillati...</td>
      <td>Procedure/Surgery</td>
      <td>Adult</td>
      <td>22</td>
    </tr>
    <tr>
      <td><a href='https://www.isrctn.com/ISRCTN17635379' target='_blank'><div>ISRCTN17635379</div></a></td>
      <td>The refer for echocardiogram, clinical decision rule and N-terminal pro-B-t...</td>
      <td>Other</td>
      <td>Adult</td>
      <td>500</td>
    </tr>
    <tr>
      <td><a href='https://www.isrctn.com/ISRCTN45640987' target='_blank'><div>ISRCTN45640987</div></a></td>
      <td>Dual site versus single site irrigated tip catheters in the ablation of atr...</td>
      <td>Other</td>
      <td>Adult</td>
      <td>63</td>
    </tr>
    <tr>
      <td><a href='https://www.isrctn.com/ISRCTN25699844' target='_blank'><div>ISRCTN25699844</div></a></td>
      <td>Myocardial Injury following Coronary Artery bypass Surgery versus percutane...</td>
      <td>Other</td>
      <td>Adult</td>
      <td>60</td>
    </tr>
    <tr>
      <td><a href='https://www.isrctn.com/ISRCTN41388968' target='_blank'><div>ISRCTN41388968</div></a></td>
      <td>A randomised trial of on pump beating heart surgery and blood cardioplegia ...</td>
      <td>Other</td>
      <td>Adult</td>
      <td>50</td>
    </tr>
  </tbody>
</table>"
105,15126.059013142776,6831543.32168535,Papworth Hospital NHS Foundation Trust,52.173422,0.1358797,10.0,15.306765580733934,"<table border=""1"" class=""dataframe"">
  <thead>
    <tr style=""text-align: left;"">
      <th>ISRCTN link</th>
      <th>Title</th>
      <th>Intervention type</th>
      <th>Age group</th>
      <th>Target number of participants</th>
    </tr>
  </thead>
  <tbody>
    <tr>
      <td><a href='https://www.isrctn.com/ISRCTN17399068' target='_blank'><div>ISRCTN17399068</div></a></td>
      <td>High-flow nasal oxygen (HFNO) in high-risk cardiac surgical patients</td>
      <td>Other</td>
      <td>Adult</td>
      <td>74</td>
    </tr>
    <tr>
      <td><a href='https://www.isrctn.com/ISRCTN03253693' target='_blank'><div>ISRCTN03253693</div></a></td>
      <td>Diastolic RV EvAluation with Millar catheter to investigate the effect of G...</td>
      <td>Other</td>
      <td>Adult</td>
      <td>30</td>
    </tr>
    <tr>
      <td><a href='https://www.isrctn.com/ISRCTN31767278' target='_blank'><div>ISRCTN31767278</div></a></td>
      <td>Serial assessment of the index of microcirculatory resistance during primar...</td>
      <td>Other</td>
      <td>Other</td>
      <td>40</td>
    </tr>
    <tr>
      <td><a href='https://www.isrctn.com/ISRCTN04044627' target='_blank'><div>ISRCTN04044627</div></a></td>
      <td>Effective Treatments for Thoracic Aortic Aneurysms</td>
      <td>Other</td>
      <td>Other</td>
      <td>2200</td>
    </tr>
    <tr>
      <td><a href='https://www.isrctn.com/ISRCTN51513145' target='_blank'><div>ISRCTN51513145</div></a></td>
      <td>Haemoconcentration of cardiopulmonary bypass blood with Hemosep</td>
      <td>Other</td>
      <td>Adult</td>
      <td>60</td>
    </tr>
    <tr>
      <td><a href='https://www.isrctn.com/ISRCTN19717943' target='_blank'><div>ISRCTN19717943</div></a></td>
      <td>Targeted left ventricular lead placement in cardiac resynchronisation thera...</td>
      <td>Other</td>
      <td>Adult</td>
      <td>220</td>
    </tr>
    <tr>
      <td><a href='https://www.isrctn.com/ISRCTN77442023' target='_blank'><div>ISRCTN77442023</div></a></td>
      <td>Effect of glucagon-like-peptide-1 (GLP-1) on left ventricular function duri...</td>
      <td>Drug</td>
      <td>Adult</td>
      <td>40</td>
    </tr>
    <tr>
      <td><a href='https://www.isrctn.com/ISRCTN82731440' target='_blank'><div>ISRCTN82731440</div></a></td>
      <td>A randomised controlled trial to investigate the clinical and cost effectiv...</td>
      <td>Device</td>
      <td>Adult</td>
      <td>400</td>
    </tr>
    <tr>
      <td><a href='https://www.isrctn.com/ISRCTN34348429' target='_blank'><div>ISRCTN34348429</div></a></td>
      <td>Do coronary artery bypass patients who stay in critical care have persistin...</td>
      <td>Other</td>
      <td>Adult</td>
      <td>200</td>
    </tr>
    <tr>
      <td><a href='https://www.isrctn.com/ISRCTN56511757' target='_blank'><div>ISRCTN56511757</div></a></td>
      <td>Prospective randomised trial of stented versus stentless bioprosthesis for ...</td>
      <td>Other</td>
      <td>Senior</td>
      <td>240</td>
    </tr>
  </tbody>
</table>"
107,-65619.09948774411,6664416.1057942845,University of Surrey,51.2431429,-0.5894664,2.0,5.306765580733931,"<table border=""1"" class=""dataframe"">
  <thead>
    <tr style=""text-align: left;"">
      <th>ISRCTN link</th>
      <th>Title</th>
      <th>Intervention type</th>
      <th>Age group</th>
      <th>Target number of participants</th>
    </tr>
  </thead>
  <tbody>
    <tr>
      <td><a href='https://www.isrctn.com/ISRCTN71952900' target='_blank'><div>ISRCTN71952900</div></a></td>
      <td>Guildford HyperTension 2000: Exercise interventions to increase levels of p...</td>
      <td>Other</td>
      <td>Adult</td>
      <td>2000</td>
    </tr>
    <tr>
      <td><a href='https://www.isrctn.com/ISRCTN16727984' target='_blank'><div>ISRCTN16727984</div></a></td>
      <td>Study to explain the reason for the variation in blood cholesterol response...</td>
      <td>Behavioural</td>
      <td>Adult</td>
      <td>36</td>
    </tr>
  </tbody>
</table>"
113,-357660.29553300125,7544532.960093776,NHS Lothian,55.9301999,-3.2129171,12.0,16.439593106327717,"<table border=""1"" class=""dataframe"">
  <thead>
    <tr style=""text-align: left;"">
      <th>ISRCTN link</th>
      <th>Title</th>
      <th>Intervention type</th>
      <th>Age group</th>
      <th>Target number of participants</th>
    </tr>
  </thead>
  <tbody>
    <tr>
      <td><a href='https://www.isrctn.com/ISRCTN61528726' target='_blank'><div>ISRCTN61528726</div></a></td>
      <td>Telescot Stroke Study</td>
      <td>Device</td>
      <td>Adult</td>
      <td>56</td>
    </tr>
    <tr>
      <td><a href='https://www.isrctn.com/ISRCTN13532658' target='_blank'><div>ISRCTN13532658</div></a></td>
      <td>Treatment of Intracranial Aneurysms using vascular Reconstruction Assist de...</td>
      <td>Procedure/Surgery</td>
      <td>Adult</td>
      <td>550</td>
    </tr>
    <tr>
      <td><a href='https://www.isrctn.com/ISRCTN57684399' target='_blank'><div>ISRCTN57684399</div></a></td>
      <td>Pharmacist-led home based clinical medication review in stroke</td>
      <td>Other</td>
      <td>Senior</td>
      <td>60</td>
    </tr>
    <tr>
      <td><a href='https://www.isrctn.com/ISRCTN18815770' target='_blank'><div>ISRCTN18815770</div></a></td>
      <td>A trial of cerebral angioplasty for post-subarachnoid haemorrhage symptomat...</td>
      <td>Other</td>
      <td>Adult</td>
      <td>200</td>
    </tr>
    <tr>
      <td><a href='https://www.isrctn.com/ISRCTN30531382' target='_blank'><div>ISRCTN30531382</div></a></td>
      <td>Hydrocoil: Endovascular Aneurysm Occlusion and Packing Study</td>
      <td>Other</td>
      <td>Adult</td>
      <td>500</td>
    </tr>
    <tr>
      <td><a href='https://www.isrctn.com/ISRCTN76413758' target='_blank'><div>ISRCTN76413758</div></a></td>
      <td>Magnetic resonance imaging (MRI) for abdominal aortic aneurysms to predict ...</td>
      <td>Other</td>
      <td>Adult</td>
      <td>350</td>
    </tr>
    <tr>
      <td><a href='https://www.isrctn.com/ISRCTN83290762' target='_blank'><div>ISRCTN83290762</div></a></td>
      <td>Fluoxetine Or Control Under Supervision (FOCUS) trial: to establish the eff...</td>
      <td>Drug</td>
      <td>Adult</td>
      <td>3000</td>
    </tr>
    <tr>
      <td><a href='https://www.isrctn.com/ISRCTN83290762' target='_blank'><div>ISRCTN83290762</div></a></td>
      <td>Fluoxetine Or Control Under Supervision (FOCUS) trial: to establish the eff...</td>
      <td>Drug</td>
      <td>Adult</td>
      <td>3000</td>
    </tr>
    <tr>
      <td><a href='https://www.isrctn.com/ISRCTN71907627' target='_blank'><div>ISRCTN71907627</div></a></td>
      <td>REstart or STop Antithrombotics Randomised Trial</td>
      <td>Drug</td>
      <td>Adult</td>
      <td>720</td>
    </tr>
    <tr>
      <td><a href='https://www.isrctn.com/ISRCTN71907627' target='_blank'><div>ISRCTN71907627</div></a></td>
      <td>REstart or STop Antithrombotics Randomised Trial</td>
      <td>Drug</td>
      <td>Adult</td>
      <td>720</td>
    </tr>
    <tr>
      <td><a href='https://www.isrctn.com/ISRCTN82061264' target='_blank'><div>ISRCTN82061264</div></a></td>
      <td>Elafin Myocardial Protection from Ischaemia RepErfusion injury</td>
      <td>Drug</td>
      <td>Adult</td>
      <td>118</td>
    </tr>
    <tr>
      <td><a href='https://www.isrctn.com/ISRCTN82061264' target='_blank'><div>ISRCTN82061264</div></a></td>
      <td>Elafin Myocardial Protection from Ischaemia RepErfusion injury</td>
      <td>Drug</td>
      <td>Adult</td>
      <td>118</td>
    </tr>
  </tbody>
</table>"
115,-40852.68351631122,7127300.3328536935,University of Hull,53.7730979,-0.3669859,2.0,5.306765580733931,"<table border=""1"" class=""dataframe"">
  <thead>
    <tr style=""text-align: left;"">
      <th>ISRCTN link</th>
      <th>Title</th>
      <th>Intervention type</th>
      <th>Age group</th>
      <th>Target number of participants</th>
    </tr>
  </thead>
  <tbody>
    <tr>
      <td><a href='https://www.isrctn.com/ISRCTN97567719' target='_blank'><div>ISRCTN97567719</div></a></td>
      <td>Hospice in-patient deep vein thrombosis detection study</td>
      <td>Other</td>
      <td>Adult</td>
      <td>217</td>
    </tr>
    <tr>
      <td><a href='https://www.isrctn.com/ISRCTN60260702' target='_blank'><div>ISRCTN60260702</div></a></td>
      <td>NEON: North East Oxygen Network study</td>
      <td>Other</td>
      <td>Adult</td>
      <td>48</td>
    </tr>
  </tbody>
</table>"
130,-253081.24443505672,7073603.847066523,University of Salford,53.4870594,-2.2734675,3.0,7.826061944859854,"<table border=""1"" class=""dataframe"">
  <thead>
    <tr style=""text-align: left;"">
      <th>ISRCTN link</th>
      <th>Title</th>
      <th>Intervention type</th>
      <th>Age group</th>
      <th>Target number of participants</th>
    </tr>
  </thead>
  <tbody>
    <tr>
      <td><a href='https://www.isrctn.com/ISRCTN51433523' target='_blank'><div>ISRCTN51433523</div></a></td>
      <td>Effect of FlowOx™ treatment on healing of lower limb ischaemic ulcers</td>
      <td>Other</td>
      <td>Adult</td>
      <td>30</td>
    </tr>
    <tr>
      <td><a href='https://www.isrctn.com/ISRCTN63526638' target='_blank'><div>ISRCTN63526638</div></a></td>
      <td>Effects of shoes in individuals with intermittent claudication</td>
      <td>Other</td>
      <td>Senior</td>
      <td>80</td>
    </tr>
    <tr>
      <td><a href='https://www.isrctn.com/ISRCTN29533052' target='_blank'><div>ISRCTN29533052</div></a></td>
      <td>Mirror Arm Exercises for STROke</td>
      <td>Behavioural</td>
      <td>Adult</td>
      <td>83</td>
    </tr>
  </tbody>
</table>"
131,-190397.472940295,7355842.174687841,North East Ambulance Service NHS Foundation Trust,54.9689495,-1.7103696,1.0,1.0,"<table border=""1"" class=""dataframe"">
  <thead>
    <tr style=""text-align: left;"">
      <th>ISRCTN link</th>
      <th>Title</th>
      <th>Intervention type</th>
      <th>Age group</th>
      <th>Target number of participants</th>
    </tr>
  </thead>
  <tbody>
    <tr>
      <td><a href='https://www.isrctn.com/ISRCTN24519917' target='_blank'><div>ISRCTN24519917</div></a></td>
      <td>Can a lactate measurement taken during out of hospital cardiac arrest predi...</td>
      <td>Device</td>
      <td>Adult</td>
      <td>100</td>
    </tr>
  </tbody>
</table>"
134,-104842.44414511052,6699750.487666,University of Reading,51.4414205,-0.9418157,2.0,5.306765580733931,"<table border=""1"" class=""dataframe"">
  <thead>
    <tr style=""text-align: left;"">
      <th>ISRCTN link</th>
      <th>Title</th>
      <th>Intervention type</th>
      <th>Age group</th>
      <th>Target number of participants</th>
    </tr>
  </thead>
  <tbody>
    <tr>
      <td><a href='https://www.isrctn.com/ISRCTN36287115' target='_blank'><div>ISRCTN36287115</div></a></td>
      <td>Flavonoids Kinetics Study</td>
      <td>Other</td>
      <td>Adult</td>
      <td>25</td>
    </tr>
    <tr>
      <td><a href='https://www.isrctn.com/ISRCTN16727984' target='_blank'><div>ISRCTN16727984</div></a></td>
      <td>Study to explain the reason for the variation in blood cholesterol response...</td>
      <td>Behavioural</td>
      <td>Adult</td>
      <td>36</td>
    </tr>
  </tbody>
</table>"
135,-216069.76240000725,6882322.40535961,University Hospitals Birmingham NHS Foundation Trust,52.4522917,-1.9409877,3.0,7.826061944859854,"<table border=""1"" class=""dataframe"">
  <thead>
    <tr style=""text-align: left;"">
      <th>ISRCTN link</th>
      <th>Title</th>
      <th>Intervention type</th>
      <th>Age group</th>
      <th>Target number of participants</th>
    </tr>
  </thead>
  <tbody>
    <tr>
      <td><a href='https://www.isrctn.com/ISRCTN72887836' target='_blank'><div>ISRCTN72887836</div></a></td>
      <td>Metabolic Manipulation in chronic heart failure</td>
      <td>Other</td>
      <td>Adult</td>
      <td>50</td>
    </tr>
    <tr>
      <td><a href='https://www.isrctn.com/ISRCTN25678870' target='_blank'><div>ISRCTN25678870</div></a></td>
      <td>Randomised double-blind controlled trial of Perhexiline in heart failure wi...</td>
      <td>Drug</td>
      <td>Not Specified</td>
      <td>50</td>
    </tr>
    <tr>
      <td><a href='https://www.isrctn.com/ISRCTN32114200' target='_blank'><div>ISRCTN32114200</div></a></td>
      <td>Evaluation of a programme of cardiovascular disease prevention in primary c...</td>
      <td>Other</td>
      <td>Adult</td>
      <td>6250</td>
    </tr>
  </tbody>
</table>"
138,-248038.19320339445,7062854.470165027,Christie Hospital NHS Foundation Trust,53.4295649,-2.228165,1.0,1.0,"<table border=""1"" class=""dataframe"">
  <thead>
    <tr style=""text-align: left;"">
      <th>ISRCTN link</th>
      <th>Title</th>
      <th>Intervention type</th>
      <th>Age group</th>
      <th>Target number of participants</th>
    </tr>
  </thead>
  <tbody>
    <tr>
      <td><a href='https://www.isrctn.com/ISRCTN13797354' target='_blank'><div>ISRCTN13797354</div></a></td>
      <td>Imaging cerebral neuro-inflammation in acute and chronic cerebrovascular di...</td>
      <td>Other</td>
      <td>Adult</td>
      <td>50</td>
    </tr>
  </tbody>
</table>"
140,-349417.3989343336,7542951.3872058885,ACCORD,55.92224,-3.1388699,5.0,11.0,"<table border=""1"" class=""dataframe"">
  <thead>
    <tr style=""text-align: left;"">
      <th>ISRCTN link</th>
      <th>Title</th>
      <th>Intervention type</th>
      <th>Age group</th>
      <th>Target number of participants</th>
    </tr>
  </thead>
  <tbody>
    <tr>
      <td><a href='https://www.isrctn.com/ISRCTN24439460' target='_blank'><div>ISRCTN24439460</div></a></td>
      <td>The Cardiac CARE Trial – can heart muscle injury related to chemotherapy be...</td>
      <td>Drug</td>
      <td>Adult</td>
      <td>168</td>
    </tr>
    <tr>
      <td><a href='https://www.isrctn.com/ISRCTN98001632' target='_blank'><div>ISRCTN98001632</div></a></td>
      <td>MRI assessment for beta-blockers in portal hypertension</td>
      <td>Device</td>
      <td>Adult</td>
      <td>20</td>
    </tr>
    <tr>
      <td><a href='https://www.isrctn.com/ISRCTN12113543' target='_blank'><div>ISRCTN12113543</div></a></td>
      <td>Studies of small vessel diseases: the mild stroke study 3</td>
      <td>Other</td>
      <td>Adult</td>
      <td>300</td>
    </tr>
    <tr>
      <td><a href='https://www.isrctn.com/ISRCTN18274006' target='_blank'><div>ISRCTN18274006</div></a></td>
      <td>Understanding cognitive decline after stroke and the impact of COVID-19</td>
      <td>Other</td>
      <td>Adult</td>
      <td>2000</td>
    </tr>
    <tr>
      <td><a href='https://www.isrctn.com/ISRCTN10514229' target='_blank'><div>ISRCTN10514229</div></a></td>
      <td>An observational study of brain blood vessel function in cerebral small ves...</td>
      <td>Other</td>
      <td>Adult</td>
      <td>75</td>
    </tr>
  </tbody>
</table>"
144,-10435.022275266989,6704483.374082789,King's College Hospital NHS Foundation Trust,51.4679138,-0.0937394,5.0,11.0,"<table border=""1"" class=""dataframe"">
  <thead>
    <tr style=""text-align: left;"">
      <th>ISRCTN link</th>
      <th>Title</th>
      <th>Intervention type</th>
      <th>Age group</th>
      <th>Target number of participants</th>
    </tr>
  </thead>
  <tbody>
    <tr>
      <td><a href='https://www.isrctn.com/ISRCTN10324656' target='_blank'><div>ISRCTN10324656</div></a></td>
      <td>Beta-blockers or placebo for primary prophylaxis of oesophageal varices tri...</td>
      <td>Drug</td>
      <td>Adult</td>
      <td>1200</td>
    </tr>
    <tr>
      <td><a href='https://www.isrctn.com/ISRCTN50253271' target='_blank'><div>ISRCTN50253271</div></a></td>
      <td>Early prolonged ambulatory heart monitoring in patients with stroke</td>
      <td>Mixed</td>
      <td>Adult</td>
      <td>120</td>
    </tr>
    <tr>
      <td><a href='https://www.isrctn.com/ISRCTN50896492' target='_blank'><div>ISRCTN50896492</div></a></td>
      <td>Erythropoeitin to facilitate stroke recovery</td>
      <td>Drug</td>
      <td>Adult</td>
      <td>90</td>
    </tr>
    <tr>
      <td><a href='https://www.isrctn.com/ISRCTN40298220' target='_blank'><div>ISRCTN40298220</div></a></td>
      <td>Respiratory muscle training in stroke</td>
      <td>Other</td>
      <td>Senior</td>
      <td>60</td>
    </tr>
    <tr>
      <td><a href='https://www.isrctn.com/ISRCTN37118456' target='_blank'><div>ISRCTN37118456</div></a></td>
      <td>Antibiotics to Prevent Infections in Stroke</td>
      <td>Drug</td>
      <td>Not Specified</td>
      <td>1200</td>
    </tr>
  </tbody>
</table>"
145,-325895.9133562383,7341065.344468118,Cumbria Partnership NHS Foundation Trust,54.89268029999999,-2.927572800000001,3.0,7.826061944859854,"<table border=""1"" class=""dataframe"">
  <thead>
    <tr style=""text-align: left;"">
      <th>ISRCTN link</th>
      <th>Title</th>
      <th>Intervention type</th>
      <th>Age group</th>
      <th>Target number of participants</th>
    </tr>
  </thead>
  <tbody>
    <tr>
      <td><a href='https://www.isrctn.com/ISRCTN21615265' target='_blank'><div>ISRCTN21615265</div></a></td>
      <td>Effectiveness and acceptableness of an exercise regime using a portable dev...</td>
      <td>Other</td>
      <td>Adult</td>
      <td>24</td>
    </tr>
    <tr>
      <td><a href='https://www.isrctn.com/ISRCTN95282887' target='_blank'><div>ISRCTN95282887</div></a></td>
      <td>A multi-centre interventional study to determine patient and clinician impr...</td>
      <td>Other</td>
      <td>Adult</td>
      <td>30</td>
    </tr>
    <tr>
      <td><a href='https://www.isrctn.com/ISRCTN14126613' target='_blank'><div>ISRCTN14126613</div></a></td>
      <td>Dressing of diabetic foot ulcers; infection deterrent (DRUID)</td>
      <td>Other</td>
      <td>Adult</td>
      <td>45</td>
    </tr>
  </tbody>
</table>"
146,-21018.266452525222,6682449.373414582,Institute of Cancer Research,51.3444431,-0.1888103,1.0,1.0,"<table border=""1"" class=""dataframe"">
  <thead>
    <tr style=""text-align: left;"">
      <th>ISRCTN link</th>
      <th>Title</th>
      <th>Intervention type</th>
      <th>Age group</th>
      <th>Target number of participants</th>
    </tr>
  </thead>
  <tbody>
    <tr>
      <td><a href='https://www.isrctn.com/ISRCTN00743708' target='_blank'><div>ISRCTN00743708</div></a></td>
      <td>Randomised phase II trial of Hyperbaric Oxygen Therapy in patients with chr...</td>
      <td>Other</td>
      <td>Adult</td>
      <td>63</td>
    </tr>
  </tbody>
</table>"
149,-177353.03274524107,7362485.32925916,The Newcastle Upon Tyne Hospitals NHS Foundation Trust,55.0031904,-1.5931894,6.0,12.132827525593784,"<table border=""1"" class=""dataframe"">
  <thead>
    <tr style=""text-align: left;"">
      <th>ISRCTN link</th>
      <th>Title</th>
      <th>Intervention type</th>
      <th>Age group</th>
      <th>Target number of participants</th>
    </tr>
  </thead>
  <tbody>
    <tr>
      <td><a href='https://www.isrctn.com/ISRCTN15084870' target='_blank'><div>ISRCTN15084870</div></a></td>
      <td>Evaluating non drug therapies in older people with orthostatic hypotension</td>
      <td>Other</td>
      <td>Adult</td>
      <td>25</td>
    </tr>
    <tr>
      <td><a href='https://www.isrctn.com/ISRCTN11343602' target='_blank'><div>ISRCTN11343602</div></a></td>
      <td>A study to evaluate the benefit of medical therapy versus angiography and s...</td>
      <td>Other</td>
      <td>Adult</td>
      <td>2300</td>
    </tr>
    <tr>
      <td><a href='https://www.isrctn.com/ISRCTN65439252' target='_blank'><div>ISRCTN65439252</div></a></td>
      <td>Influence of age on response to new generation blood-thinning medicines</td>
      <td>Drug</td>
      <td>Adult</td>
      <td>60</td>
    </tr>
    <tr>
      <td><a href='https://www.isrctn.com/ISRCTN27767229' target='_blank'><div>ISRCTN27767229</div></a></td>
      <td>Ciclosporin to reduce reperfusion injury in primary percutaneous coronary i...</td>
      <td>Drug</td>
      <td>Adult</td>
      <td>68</td>
    </tr>
    <tr>
      <td><a href='https://www.isrctn.com/ISRCTN98942199' target='_blank'><div>ISRCTN98942199</div></a></td>
      <td>Effects of vitamin C and inorganic nitrate on blood pressure and vascular h...</td>
      <td>Supplement</td>
      <td>Adult</td>
      <td>12</td>
    </tr>
    <tr>
      <td><a href='https://www.isrctn.com/ISRCTN78533119' target='_blank'><div>ISRCTN78533119</div></a></td>
      <td>What is the clinical effect and cost effectiveness of treating upper limb s...</td>
      <td>Drug</td>
      <td>Adult</td>
      <td>390</td>
    </tr>
  </tbody>
</table>"
158,-15264.796494518432,6714519.337898758,Joint UCLH and UCL Biomedical Research Unit,51.5240413,-0.137126,1.0,1.0,"<table border=""1"" class=""dataframe"">
  <thead>
    <tr style=""text-align: left;"">
      <th>ISRCTN link</th>
      <th>Title</th>
      <th>Intervention type</th>
      <th>Age group</th>
      <th>Target number of participants</th>
    </tr>
  </thead>
  <tbody>
    <tr>
      <td><a href='https://www.isrctn.com/ISRCTN15750232' target='_blank'><div>ISRCTN15750232</div></a></td>
      <td>How common are pelvic blood clots in women visiting a gynaecology clinic?</td>
      <td>Procedure/Surgery</td>
      <td>Adult</td>
      <td>1298</td>
    </tr>
  </tbody>
</table>"
167,-165690.47931304757,7053851.281417849,University of Sheffield,53.3813502,-1.4884229,4.0,9.613531161467861,"<table border=""1"" class=""dataframe"">
  <thead>
    <tr style=""text-align: left;"">
      <th>ISRCTN link</th>
      <th>Title</th>
      <th>Intervention type</th>
      <th>Age group</th>
      <th>Target number of participants</th>
    </tr>
  </thead>
  <tbody>
    <tr>
      <td><a href='https://www.isrctn.com/ISRCTN12514767' target='_blank'><div>ISRCTN12514767</div></a></td>
      <td>Pilot trial of Intensive Language Action Therapy - assessing efficient deli...</td>
      <td>Behavioural</td>
      <td>Adult</td>
      <td>42</td>
    </tr>
    <tr>
      <td><a href='https://www.isrctn.com/ISRCTN68798818' target='_blank'><div>ISRCTN68798818</div></a></td>
      <td>Cost effectiveness of Aphasia Computer Treatment versus Usual Stimulation o...</td>
      <td>Other</td>
      <td>Adult</td>
      <td>285</td>
    </tr>
    <tr>
      <td><a href='https://www.isrctn.com/ISRCTN37823923' target='_blank'><div>ISRCTN37823923</div></a></td>
      <td>A randomised controlled trial of point-of-care cardiac markers in the emerg...</td>
      <td>Other</td>
      <td>Not Specified</td>
      <td>3130</td>
    </tr>
    <tr>
      <td><a href='https://www.isrctn.com/ISRCTN89369318' target='_blank'><div>ISRCTN89369318</div></a></td>
      <td>Investigation of the effect of InterLeukin-1 receptor Antagonist on markers...</td>
      <td>Drug</td>
      <td>Adult</td>
      <td>186</td>
    </tr>
  </tbody>
</table>"
168,-135503.29394574172,7275518.420243988,South Tees Hospitals NHS Foundation Trust,54.5526198,-1.2172468,7.0,13.090619551221675,"<table border=""1"" class=""dataframe"">
  <thead>
    <tr style=""text-align: left;"">
      <th>ISRCTN link</th>
      <th>Title</th>
      <th>Intervention type</th>
      <th>Age group</th>
      <th>Target number of participants</th>
    </tr>
  </thead>
  <tbody>
    <tr>
      <td><a href='https://www.isrctn.com/ISRCTN16613292' target='_blank'><div>ISRCTN16613292</div></a></td>
      <td>Telomerase activator TA-65MD®  in patients with ACS (TACTIC)</td>
      <td>Drug</td>
      <td>Adult</td>
      <td>90</td>
    </tr>
    <tr>
      <td><a href='https://www.isrctn.com/ISRCTN13930454' target='_blank'><div>ISRCTN13930454</div></a></td>
      <td>Minimally invasive thoracoscopically-guided right minithoracotomy versus co...</td>
      <td>Other</td>
      <td>Adult</td>
      <td>316</td>
    </tr>
    <tr>
      <td><a href='https://www.isrctn.com/ISRCTN29567910' target='_blank'><div>ISRCTN29567910</div></a></td>
      <td>Manubrium-limited ministernotomy versus conventional sternotomy for aortic ...</td>
      <td>Procedure/Surgery</td>
      <td>Adult</td>
      <td>220</td>
    </tr>
    <tr>
      <td><a href='https://www.isrctn.com/ISRCTN09433624' target='_blank'><div>ISRCTN09433624</div></a></td>
      <td>High-intensity interval exercise training prior to abdominal aortic aneurys...</td>
      <td>Other</td>
      <td>Adult</td>
      <td>50</td>
    </tr>
    <tr>
      <td><a href='https://www.isrctn.com/ISRCTN65254102' target='_blank'><div>ISRCTN65254102</div></a></td>
      <td>The RASCAL study (refractory angina spinal cord stimulation and usual care)</td>
      <td>Other</td>
      <td>Adult</td>
      <td>45</td>
    </tr>
    <tr>
      <td><a href='https://www.isrctn.com/ISRCTN05886349' target='_blank'><div>ISRCTN05886349</div></a></td>
      <td>The STARS (steroids against re-stenosis) trial: the use of peri-procedural ...</td>
      <td>Drug</td>
      <td>Not Specified</td>
      <td>548</td>
    </tr>
    <tr>
      <td><a href='https://www.isrctn.com/ISRCTN32335568' target='_blank'><div>ISRCTN32335568</div></a></td>
      <td>Cardiopulmonary exercise testing: does anaerobic threshold increase after a...</td>
      <td>Other</td>
      <td>Not Specified</td>
      <td>30</td>
    </tr>
  </tbody>
</table>"
171,-322518.53566531563,7021901.093929497,Countess of Chester NHS Foundation Trust,53.2098063,-2.8972333,2.0,5.306765580733931,"<table border=""1"" class=""dataframe"">
  <thead>
    <tr style=""text-align: left;"">
      <th>ISRCTN link</th>
      <th>Title</th>
      <th>Intervention type</th>
      <th>Age group</th>
      <th>Target number of participants</th>
    </tr>
  </thead>
  <tbody>
    <tr>
      <td><a href='https://www.isrctn.com/ISRCTN55624892' target='_blank'><div>ISRCTN55624892</div></a></td>
      <td>Motivational interviewing for low mood after stroke</td>
      <td>Other</td>
      <td>Adult</td>
      <td>120</td>
    </tr>
    <tr>
      <td><a href='https://www.isrctn.com/ISRCTN17422343' target='_blank'><div>ISRCTN17422343</div></a></td>
      <td>Effect of repetitive upper limb sensory stimulation immediately after a str...</td>
      <td>Device</td>
      <td>Adult</td>
      <td>60</td>
    </tr>
  </tbody>
</table>"
176,-126341.62192981176,6914257.025768537,University Hospitals of Leicester NHS Trust,52.62677189999999,-1.1349461,10.0,15.306765580733934,"<table border=""1"" class=""dataframe"">
  <thead>
    <tr style=""text-align: left;"">
      <th>ISRCTN link</th>
      <th>Title</th>
      <th>Intervention type</th>
      <th>Age group</th>
      <th>Target number of participants</th>
    </tr>
  </thead>
  <tbody>
    <tr>
      <td><a href='https://www.isrctn.com/ISRCTN13899108' target='_blank'><div>ISRCTN13899108</div></a></td>
      <td>Can a physical activity programme or pulmonary rehabilitation reduce the ri...</td>
      <td>Behavioural</td>
      <td>Mixed</td>
      <td>60</td>
    </tr>
    <tr>
      <td><a href='https://www.isrctn.com/ISRCTN10726798' target='_blank'><div>ISRCTN10726798</div></a></td>
      <td>A web-based cardiac rehabilitation alternative for those declining or dropp...</td>
      <td>Behavioural</td>
      <td>Adult</td>
      <td>60</td>
    </tr>
    <tr>
      <td><a href='https://www.isrctn.com/ISRCTN14861846' target='_blank'><div>ISRCTN14861846</div></a></td>
      <td>A study to identify what is needed for a larger trial which will aim to det...</td>
      <td>Mixed</td>
      <td>Adult</td>
      <td>122</td>
    </tr>
    <tr>
      <td><a href='https://www.isrctn.com/ISRCTN65957980' target='_blank'><div>ISRCTN65957980</div></a></td>
      <td>A feasibility study to identify attitudes, determine outcome measures and d...</td>
      <td>Behavioural</td>
      <td>Adult</td>
      <td>902</td>
    </tr>
    <tr>
      <td><a href='https://www.isrctn.com/ISRCTN70913605' target='_blank'><div>ISRCTN70913605</div></a></td>
      <td>Complete Versus Lesion-only Primary PCI Pilot Study</td>
      <td>Procedure/Surgery</td>
      <td>Adult</td>
      <td>1250</td>
    </tr>
    <tr>
      <td><a href='https://www.isrctn.com/ISRCTN56811468' target='_blank'><div>ISRCTN56811468</div></a></td>
      <td>Early rehabilitation after hospitalisation for an acute exacerbation of chr...</td>
      <td>Other</td>
      <td>Adult</td>
      <td>56</td>
    </tr>
    <tr>
      <td><a href='https://www.isrctn.com/ISRCTN89712435' target='_blank'><div>ISRCTN89712435</div></a></td>
      <td>Continue Or Stop post-Stroke Antihypertensives Collaborative Study</td>
      <td>Other</td>
      <td>Adult</td>
      <td>3000</td>
    </tr>
    <tr>
      <td><a href='https://www.isrctn.com/ISRCTN22639386' target='_blank'><div>ISRCTN22639386</div></a></td>
      <td>Autologous bone marrow-derived cells for cardioprotection during heart surg...</td>
      <td>Other</td>
      <td>Adult</td>
      <td>44</td>
    </tr>
    <tr>
      <td><a href='https://www.isrctn.com/ISRCTN98978563' target='_blank'><div>ISRCTN98978563</div></a></td>
      <td>BAIL-OUT: 'Bail-out Anticoagulation in coronary Intervention TriaL - OUTcom...</td>
      <td>Drug</td>
      <td>Not Specified</td>
      <td>100</td>
    </tr>
    <tr>
      <td><a href='https://www.isrctn.com/ISRCTN74381875' target='_blank'><div>ISRCTN74381875</div></a></td>
      <td>Percutaneous Randomised Infusion of Marrow Aspirate To Improve Ventricular ...</td>
      <td>Other</td>
      <td>Adult</td>
      <td>150</td>
    </tr>
  </tbody>
</table>"
177,-39883.53602946498,7121862.737414685,Hull and East Yorkshire Hospitals NHS Trust,53.74422029999999,-0.3582799,10.0,15.306765580733934,"<table border=""1"" class=""dataframe"">
  <thead>
    <tr style=""text-align: left;"">
      <th>ISRCTN link</th>
      <th>Title</th>
      <th>Intervention type</th>
      <th>Age group</th>
      <th>Target number of participants</th>
    </tr>
  </thead>
  <tbody>
    <tr>
      <td><a href='https://www.isrctn.com/ISRCTN80441309' target='_blank'><div>ISRCTN80441309</div></a></td>
      <td>Feasibility of early cardiac rehabilitation after coronary artery bypass gr...</td>
      <td>Other</td>
      <td>Adult</td>
      <td>100</td>
    </tr>
    <tr>
      <td><a href='https://www.isrctn.com/ISRCTN41349358' target='_blank'><div>ISRCTN41349358</div></a></td>
      <td>Morphine for the relief of breathlessness in chronic heart failure (CHF)</td>
      <td>Drug</td>
      <td>Adult</td>
      <td>346</td>
    </tr>
    <tr>
      <td><a href='https://www.isrctn.com/ISRCTN31383218' target='_blank'><div>ISRCTN31383218</div></a></td>
      <td>The Hull and East Yorkshire Angioplasty (HEYA): A study investigating the e...</td>
      <td>Procedure/Surgery</td>
      <td>Adult</td>
      <td>50</td>
    </tr>
    <tr>
      <td><a href='https://www.isrctn.com/ISRCTN04764631' target='_blank'><div>ISRCTN04764631</div></a></td>
      <td>The HeartCycle Nitrates Study - to assess the effectiveness of non-invasive...</td>
      <td>Device</td>
      <td>Adult</td>
      <td>26</td>
    </tr>
    <tr>
      <td><a href='https://www.isrctn.com/ISRCTN49496801' target='_blank'><div>ISRCTN49496801</div></a></td>
      <td>Modified citrus pectin as therapy in heart failure</td>
      <td>Drug</td>
      <td>Adult</td>
      <td>100</td>
    </tr>
    <tr>
      <td><a href='https://www.isrctn.com/ISRCTN13415258' target='_blank'><div>ISRCTN13415258</div></a></td>
      <td>Clopidogrel versus Aspirin in Chronic HEart failure</td>
      <td>Drug</td>
      <td>Adult</td>
      <td>3000</td>
    </tr>
    <tr>
      <td><a href='https://www.isrctn.com/ISRCTN66339600' target='_blank'><div>ISRCTN66339600</div></a></td>
      <td>Heart Revascularisation Trial - UK</td>
      <td>Mixed</td>
      <td>Adult</td>
      <td>140</td>
    </tr>
    <tr>
      <td><a href='https://www.isrctn.com/ISRCTN05434670' target='_blank'><div>ISRCTN05434670</div></a></td>
      <td>Metformin against gliclazide in patients with diabetes and heart failure</td>
      <td>Other</td>
      <td>Adult</td>
      <td>60</td>
    </tr>
    <tr>
      <td><a href='https://www.isrctn.com/ISRCTN85268059' target='_blank'><div>ISRCTN85268059</div></a></td>
      <td>Opioids in the management of breathlessness in advanced heart failure</td>
      <td>Drug</td>
      <td>Adult</td>
      <td>48</td>
    </tr>
    <tr>
      <td><a href='https://www.isrctn.com/ISRCTN96643197' target='_blank'><div>ISRCTN96643197</div></a></td>
      <td>Observational study to predict readmission for heart failure patients</td>
      <td>Other</td>
      <td>Adult</td>
      <td>1000</td>
    </tr>
  </tbody>
</table>"
178,682546.897330115,6377103.455962198,EU Horizon 2020,49.59892019999999,6.1314231,1.0,1.0,"<table border=""1"" class=""dataframe"">
  <thead>
    <tr style=""text-align: left;"">
      <th>ISRCTN link</th>
      <th>Title</th>
      <th>Intervention type</th>
      <th>Age group</th>
      <th>Target number of participants</th>
    </tr>
  </thead>
  <tbody>
    <tr>
      <td><a href='https://www.isrctn.com/ISRCTN68334579' target='_blank'><div>ISRCTN68334579</div></a></td>
      <td>Heart health without a doctor: an implementation study of CVD prevention an...</td>
      <td>Behavioural</td>
      <td>Adult</td>
      <td>800</td>
    </tr>
  </tbody>
</table>"
182,-163237.19811104724,6967189.358494778,Derby Hospitals NHS Foundation Trust,52.91445119999999,-1.4663847,2.0,5.306765580733931,"<table border=""1"" class=""dataframe"">
  <thead>
    <tr style=""text-align: left;"">
      <th>ISRCTN link</th>
      <th>Title</th>
      <th>Intervention type</th>
      <th>Age group</th>
      <th>Target number of participants</th>
    </tr>
  </thead>
  <tbody>
    <tr>
      <td><a href='https://www.isrctn.com/ISRCTN23510813' target='_blank'><div>ISRCTN23510813</div></a></td>
      <td>Oxygen concentration and myocardial stunning</td>
      <td>Other</td>
      <td>Adult</td>
      <td>24</td>
    </tr>
    <tr>
      <td><a href='https://www.isrctn.com/ISRCTN22392984' target='_blank'><div>ISRCTN22392984</div></a></td>
      <td>Randomised controlled trial of remote ischaemic pre-conditioning to reduce ...</td>
      <td>Other</td>
      <td>Adult</td>
      <td>80</td>
    </tr>
  </tbody>
</table>"
199,-192208.07332609853,6717178.491639159,Great Western Hospitals NHS Foundation Trust,51.5389014,-1.7266345,1.0,1.0,"<table border=""1"" class=""dataframe"">
  <thead>
    <tr style=""text-align: left;"">
      <th>ISRCTN link</th>
      <th>Title</th>
      <th>Intervention type</th>
      <th>Age group</th>
      <th>Target number of participants</th>
    </tr>
  </thead>
  <tbody>
    <tr>
      <td><a href='https://www.isrctn.com/ISRCTN14600175' target='_blank'><div>ISRCTN14600175</div></a></td>
      <td>Observational study – patients undergoing physiological pacing (His Bundle)...</td>
      <td>Other</td>
      <td>Adult</td>
      <td>40</td>
    </tr>
  </tbody>
</table>"
200,-6553.233707661985,6713415.407300916,Barts and The London NHS Trust,51.5178708,-0.0588687,2.0,5.306765580733931,"<table border=""1"" class=""dataframe"">
  <thead>
    <tr style=""text-align: left;"">
      <th>ISRCTN link</th>
      <th>Title</th>
      <th>Intervention type</th>
      <th>Age group</th>
      <th>Target number of participants</th>
    </tr>
  </thead>
  <tbody>
    <tr>
      <td><a href='https://www.isrctn.com/ISRCTN68837678' target='_blank'><div>ISRCTN68837678</div></a></td>
      <td>Randomised controlled trial to compare the effects of granulocyte-colony st...</td>
      <td>Other</td>
      <td>Adult</td>
      <td>300</td>
    </tr>
    <tr>
      <td><a href='https://www.isrctn.com/ISRCTN38736987' target='_blank'><div>ISRCTN38736987</div></a></td>
      <td>A randomised, double-blind, placebo-controlled trial assessing the safety a...</td>
      <td>Other</td>
      <td>Adult</td>
      <td>80</td>
    </tr>
  </tbody>
</table>"
201,-128488.5964209453,6975258.167869225,Nottingham Trent University,52.9581371,-1.1542327,1.0,1.0,"<table border=""1"" class=""dataframe"">
  <thead>
    <tr style=""text-align: left;"">
      <th>ISRCTN link</th>
      <th>Title</th>
      <th>Intervention type</th>
      <th>Age group</th>
      <th>Target number of participants</th>
    </tr>
  </thead>
  <tbody>
    <tr>
      <td><a href='https://www.isrctn.com/ISRCTN21855728' target='_blank'><div>ISRCTN21855728</div></a></td>
      <td>The effect of a one hour bout of games-based activity on adolescent cardiov...</td>
      <td>Behavioural</td>
      <td>Child</td>
      <td>40</td>
    </tr>
  </tbody>
</table>"
218,-31180.77861433029,6708832.970730977,Royal Embassy of Saudi Arabia Cultural Bureau,51.492248,-0.2801017000000001,1.0,1.0,"<table border=""1"" class=""dataframe"">
  <thead>
    <tr style=""text-align: left;"">
      <th>ISRCTN link</th>
      <th>Title</th>
      <th>Intervention type</th>
      <th>Age group</th>
      <th>Target number of participants</th>
    </tr>
  </thead>
  <tbody>
    <tr>
      <td><a href='https://www.isrctn.com/ISRCTN14746723' target='_blank'><div>ISRCTN14746723</div></a></td>
      <td>Effect of different doses of beetroot juice on cognitive function and cereb...</td>
      <td>Supplement</td>
      <td>Senior</td>
      <td>60</td>
    </tr>
  </tbody>
</table>"
225,-18348.64695211725,6719793.827113766,Royal Free Hospital,51.5535119,-0.1648287,1.0,1.0,"<table border=""1"" class=""dataframe"">
  <thead>
    <tr style=""text-align: left;"">
      <th>ISRCTN link</th>
      <th>Title</th>
      <th>Intervention type</th>
      <th>Age group</th>
      <th>Target number of participants</th>
    </tr>
  </thead>
  <tbody>
    <tr>
      <td><a href='https://www.isrctn.com/ISRCTN12870218' target='_blank'><div>ISRCTN12870218</div></a></td>
      <td>To determine whether changes in pulse wave velocity predict hypotension dur...</td>
      <td>Other</td>
      <td>Adult</td>
      <td>100</td>
    </tr>
  </tbody>
</table>"
228,-13365.685981585186,6714388.318265595,Institute of Child Health,51.523309,-0.120066,1.0,1.0,"<table border=""1"" class=""dataframe"">
  <thead>
    <tr style=""text-align: left;"">
      <th>ISRCTN link</th>
      <th>Title</th>
      <th>Intervention type</th>
      <th>Age group</th>
      <th>Target number of participants</th>
    </tr>
  </thead>
  <tbody>
    <tr>
      <td><a href='https://www.isrctn.com/ISRCTN19987575' target='_blank'><div>ISRCTN19987575</div></a></td>
      <td>The Influence of n-3 Fatty acid Supplementation on Vascular and Cognitive F...</td>
      <td>Other</td>
      <td>Adult</td>
      <td>300</td>
    </tr>
  </tbody>
</table>"
230,-424589.458448146,6730584.303541024,Abertawe Bro Morgannwg University Health Board,51.613743,-3.814152,1.0,1.0,"<table border=""1"" class=""dataframe"">
  <thead>
    <tr style=""text-align: left;"">
      <th>ISRCTN link</th>
      <th>Title</th>
      <th>Intervention type</th>
      <th>Age group</th>
      <th>Target number of participants</th>
    </tr>
  </thead>
  <tbody>
    <tr>
      <td><a href='https://www.isrctn.com/ISRCTN10709813' target='_blank'><div>ISRCTN10709813</div></a></td>
      <td>Assessment of remote heart rhythm sampling using the AliveCor® heart monito...</td>
      <td>Device</td>
      <td>Senior</td>
      <td>1000</td>
    </tr>
  </tbody>
</table>"
235,-196597.90178578589,7130761.277135239,University of Bradford,53.7914677,-1.766069,1.0,1.0,"<table border=""1"" class=""dataframe"">
  <thead>
    <tr style=""text-align: left;"">
      <th>ISRCTN link</th>
      <th>Title</th>
      <th>Intervention type</th>
      <th>Age group</th>
      <th>Target number of participants</th>
    </tr>
  </thead>
  <tbody>
    <tr>
      <td><a href='https://www.isrctn.com/ISRCTN41973090' target='_blank'><div>ISRCTN41973090</div></a></td>
      <td>The use of health belief derived interventions to improve the ability of pa...</td>
      <td>Behavioural</td>
      <td>Adult</td>
      <td>33</td>
    </tr>
  </tbody>
</table>"
236,-175684.74319646767,7316387.616306924,Durham University,54.7649859,-1.5782029,1.0,1.0,"<table border=""1"" class=""dataframe"">
  <thead>
    <tr style=""text-align: left;"">
      <th>ISRCTN link</th>
      <th>Title</th>
      <th>Intervention type</th>
      <th>Age group</th>
      <th>Target number of participants</th>
    </tr>
  </thead>
  <tbody>
    <tr>
      <td><a href='https://www.isrctn.com/ISRCTN19781227' target='_blank'><div>ISRCTN19781227</div></a></td>
      <td>Heart Failure in Older People In Care Homes</td>
      <td>Other</td>
      <td>Senior</td>
      <td>500</td>
    </tr>
  </tbody>
</table>"
238,-337638.20493968687,7651395.375952595,NHS Tayside,56.4642503,-3.0330556,7.0,13.090619551221675,"<table border=""1"" class=""dataframe"">
  <thead>
    <tr style=""text-align: left;"">
      <th>ISRCTN link</th>
      <th>Title</th>
      <th>Intervention type</th>
      <th>Age group</th>
      <th>Target number of participants</th>
    </tr>
  </thead>
  <tbody>
    <tr>
      <td><a href='https://www.isrctn.com/ISRCTN18157641' target='_blank'><div>ISRCTN18157641</div></a></td>
      <td>Treatment in morning versus evening study</td>
      <td>Other</td>
      <td>Adult</td>
      <td>20860</td>
    </tr>
    <tr>
      <td><a href='https://www.isrctn.com/ISRCTN11081180' target='_blank'><div>ISRCTN11081180</div></a></td>
      <td>Does allopurinol reduce the size of the right side of the heart in patients...</td>
      <td>Drug</td>
      <td>Adult</td>
      <td>72</td>
    </tr>
    <tr>
      <td><a href='https://www.isrctn.com/ISRCTN46635087' target='_blank'><div>ISRCTN46635087</div></a></td>
      <td>Evaluating Diuretics in Normal Care (EVIDENCE) - a cluster randomised evalu...</td>
      <td>Other</td>
      <td>Adult</td>
      <td>240</td>
    </tr>
    <tr>
      <td><a href='https://www.isrctn.com/ISRCTN34488928' target='_blank'><div>ISRCTN34488928</div></a></td>
      <td>We Walk: development of a family-centred intervention to promote regular ou...</td>
      <td>Behavioural</td>
      <td>Adult</td>
      <td>28</td>
    </tr>
    <tr>
      <td><a href='https://www.isrctn.com/ISRCTN14632677' target='_blank'><div>ISRCTN14632677</div></a></td>
      <td>Investigating the role of salt inducible kinases in atherosclerosis</td>
      <td>Other</td>
      <td>Adult</td>
      <td>90</td>
    </tr>
    <tr>
      <td><a href='https://www.isrctn.com/ISRCTN40476871' target='_blank'><div>ISRCTN40476871</div></a></td>
      <td>Does allopurinol reduce thickening of the left ventricle of the heart in pa...</td>
      <td>Drug</td>
      <td>Adult</td>
      <td>66</td>
    </tr>
    <tr>
      <td><a href='https://www.isrctn.com/ISRCTN40476871' target='_blank'><div>ISRCTN40476871</div></a></td>
      <td>Does allopurinol reduce thickening of the left ventricle of the heart in pa...</td>
      <td>Drug</td>
      <td>Adult</td>
      <td>66</td>
    </tr>
  </tbody>
</table>"
241,-301253.7522004287,7130511.553403362,Lancashire Teaching Hospitals NHS Trust,53.79014249999999,-2.7062085,1.0,1.0,"<table border=""1"" class=""dataframe"">
  <thead>
    <tr style=""text-align: left;"">
      <th>ISRCTN link</th>
      <th>Title</th>
      <th>Intervention type</th>
      <th>Age group</th>
      <th>Target number of participants</th>
    </tr>
  </thead>
  <tbody>
    <tr>
      <td><a href='https://www.isrctn.com/ISRCTN08609907' target='_blank'><div>ISRCTN08609907</div></a></td>
      <td>Identifying Continence OptioNs after Stroke</td>
      <td>Other</td>
      <td>Adult</td>
      <td>796</td>
    </tr>
  </tbody>
</table>"
248,8596354.037957737,3328249.699889958,UKIERI,28.6269455,77.22236219999999,1.0,1.0,"<table border=""1"" class=""dataframe"">
  <thead>
    <tr style=""text-align: left;"">
      <th>ISRCTN link</th>
      <th>Title</th>
      <th>Intervention type</th>
      <th>Age group</th>
      <th>Target number of participants</th>
    </tr>
  </thead>
  <tbody>
    <tr>
      <td><a href='https://www.isrctn.com/ISRCTN13139098' target='_blank'><div>ISRCTN13139098</div></a></td>
      <td>Effect of EEG-EMG based hybrid brain-computer interface operated hand exosk...</td>
      <td>Device</td>
      <td>Adult</td>
      <td>20</td>
    </tr>
  </tbody>
</table>"
253,-198659.46083163374,6722173.3028083015,Medical Research Council,51.56680069999999,-1.7845883,2.0,5.306765580733931,"<table border=""1"" class=""dataframe"">
  <thead>
    <tr style=""text-align: left;"">
      <th>ISRCTN link</th>
      <th>Title</th>
      <th>Intervention type</th>
      <th>Age group</th>
      <th>Target number of participants</th>
    </tr>
  </thead>
  <tbody>
    <tr>
      <td><a href='https://www.isrctn.com/ISRCTN93825268' target='_blank'><div>ISRCTN93825268</div></a></td>
      <td>Short term effect of a hazelnut skin drink on the health of blood vessels</td>
      <td>Other</td>
      <td>Other</td>
      <td>40</td>
    </tr>
    <tr>
      <td><a href='https://www.isrctn.com/ISRCTN28163533' target='_blank'><div>ISRCTN28163533</div></a></td>
      <td>A randomised trial to establish the effectiveness of graduated compression ...</td>
      <td>Other</td>
      <td>Not Specified</td>
      <td>5500</td>
    </tr>
  </tbody>
</table>"
254,253110.2765582556,6238366.201860755,Centre Chirurgical Marie Lannelongue,48.7844518,2.2737283,1.0,1.0,"<table border=""1"" class=""dataframe"">
  <thead>
    <tr style=""text-align: left;"">
      <th>ISRCTN link</th>
      <th>Title</th>
      <th>Intervention type</th>
      <th>Age group</th>
      <th>Target number of participants</th>
    </tr>
  </thead>
  <tbody>
    <tr>
      <td><a href='https://www.isrctn.com/ISRCTN16716994' target='_blank'><div>ISRCTN16716994</div></a></td>
      <td>Endovascular treatment of aortic arch chronic dissection with a branched en...</td>
      <td>Procedure/Surgery</td>
      <td>Adult</td>
      <td>70</td>
    </tr>
  </tbody>
</table>"
255,-163228.84914923777,7053317.363977433,Sheffield Hallam University,53.3784892,-1.4663097,3.0,7.826061944859854,"<table border=""1"" class=""dataframe"">
  <thead>
    <tr style=""text-align: left;"">
      <th>ISRCTN link</th>
      <th>Title</th>
      <th>Intervention type</th>
      <th>Age group</th>
      <th>Target number of participants</th>
    </tr>
  </thead>
  <tbody>
    <tr>
      <td><a href='https://www.isrctn.com/ISRCTN06733130' target='_blank'><div>ISRCTN06733130</div></a></td>
      <td>SEDRIC  Structured EDucation for Rehabilitation in Intermittent Claudicati...</td>
      <td>Other</td>
      <td>Adult</td>
      <td>55</td>
    </tr>
    <tr>
      <td><a href='https://www.isrctn.com/ISRCTN50394448' target='_blank'><div>ISRCTN50394448</div></a></td>
      <td>The effects of upper-limb aerobic exercise training on walking performance ...</td>
      <td>Other</td>
      <td>Not Specified</td>
      <td>30</td>
    </tr>
    <tr>
      <td><a href='https://www.isrctn.com/ISRCTN76180797' target='_blank'><div>ISRCTN76180797</div></a></td>
      <td>A comparison of upper-limb and lower-limb exercise training in patients wit...</td>
      <td>Other</td>
      <td>Adult</td>
      <td>104</td>
    </tr>
  </tbody>
</table>"
265,-255275.07329986515,7055247.716972181,University Hospital of South Manchester NHS Foundation Trust,53.38883209999999,-2.293175,2.0,5.306765580733931,"<table border=""1"" class=""dataframe"">
  <thead>
    <tr style=""text-align: left;"">
      <th>ISRCTN link</th>
      <th>Title</th>
      <th>Intervention type</th>
      <th>Age group</th>
      <th>Target number of participants</th>
    </tr>
  </thead>
  <tbody>
    <tr>
      <td><a href='https://www.isrctn.com/ISRCTN91621241' target='_blank'><div>ISRCTN91621241</div></a></td>
      <td>The PIROUETTE trial</td>
      <td>Drug</td>
      <td>Adult</td>
      <td>200</td>
    </tr>
    <tr>
      <td><a href='https://www.isrctn.com/ISRCTN18530525' target='_blank'><div>ISRCTN18530525</div></a></td>
      <td>Copper (II) chelation therapy in the treatment of hypertrophic cardiomyopat...</td>
      <td>Drug</td>
      <td>Adult</td>
      <td>20</td>
    </tr>
  </tbody>
</table>"
282,-472260.99510910106,7531014.683548528,University of Strathclyde,55.862111,-4.2423927,3.0,7.826061944859854,"<table border=""1"" class=""dataframe"">
  <thead>
    <tr style=""text-align: left;"">
      <th>ISRCTN link</th>
      <th>Title</th>
      <th>Intervention type</th>
      <th>Age group</th>
      <th>Target number of participants</th>
    </tr>
  </thead>
  <tbody>
    <tr>
      <td><a href='https://www.isrctn.com/ISRCTN14268457' target='_blank'><div>ISRCTN14268457</div></a></td>
      <td>Augmented visual feedback in upper limb stroke rehabilitation</td>
      <td>Behavioural</td>
      <td>Adult</td>
      <td>45</td>
    </tr>
    <tr>
      <td><a href='https://www.isrctn.com/ISRCTN79005974' target='_blank'><div>ISRCTN79005974</div></a></td>
      <td>Augmented visual feedback with gait training in sub-acute stroke</td>
      <td>Other</td>
      <td>Adult</td>
      <td>45</td>
    </tr>
    <tr>
      <td><a href='https://www.isrctn.com/ISRCTN52126764' target='_blank'><div>ISRCTN52126764</div></a></td>
      <td>Biomechanics visualisation in ankle-foot orthoses (AFO) tuning for stroke</td>
      <td>Device</td>
      <td>Adult</td>
      <td>70</td>
    </tr>
  </tbody>
</table>"
286,337821.6038007688,6552752.895726325,Centre Hospitalier Regional et Universitaire de Lille,50.6108999,3.0347031,1.0,1.0,"<table border=""1"" class=""dataframe"">
  <thead>
    <tr style=""text-align: left;"">
      <th>ISRCTN link</th>
      <th>Title</th>
      <th>Intervention type</th>
      <th>Age group</th>
      <th>Target number of participants</th>
    </tr>
  </thead>
  <tbody>
    <tr>
      <td><a href='https://www.isrctn.com/ISRCTN17506970' target='_blank'><div>ISRCTN17506970</div></a></td>
      <td>Evaluation of the radiation dose delivered to patients and staff during end...</td>
      <td>Procedure/Surgery</td>
      <td>Adult</td>
      <td>50</td>
    </tr>
  </tbody>
</table>"
288,-242246.60745174,6984675.02410709,Staffordshire University,53.0090658,-2.1761383,2.0,5.306765580733931,"<table border=""1"" class=""dataframe"">
  <thead>
    <tr style=""text-align: left;"">
      <th>ISRCTN link</th>
      <th>Title</th>
      <th>Intervention type</th>
      <th>Age group</th>
      <th>Target number of participants</th>
    </tr>
  </thead>
  <tbody>
    <tr>
      <td><a href='https://www.isrctn.com/ISRCTN15840751' target='_blank'><div>ISRCTN15840751</div></a></td>
      <td>HEalth Check TRial (HECTR): Risk-tailored invitations to improve uptake of ...</td>
      <td>Other</td>
      <td>Adult</td>
      <td>2500</td>
    </tr>
    <tr>
      <td><a href='https://www.isrctn.com/ISRCTN10443908' target='_blank'><div>ISRCTN10443908</div></a></td>
      <td>Understanding the influence of NHS Health Check Cardiovascular Disease (CVD...</td>
      <td>Other</td>
      <td>Adult</td>
      <td>240</td>
    </tr>
  </tbody>
</table>"
304,-10906181.073833847,3546886.3259912175,MicroTransponder Inc.,30.3365682,-97.9718915,1.0,1.0,"<table border=""1"" class=""dataframe"">
  <thead>
    <tr style=""text-align: left;"">
      <th>ISRCTN link</th>
      <th>Title</th>
      <th>Intervention type</th>
      <th>Age group</th>
      <th>Target number of participants</th>
    </tr>
  </thead>
  <tbody>
    <tr>
      <td><a href='https://www.isrctn.com/ISRCTN14280559' target='_blank'><div>ISRCTN14280559</div></a></td>
      <td>Paired vagus nerve stimulation for improved upper limb function after strok...</td>
      <td>Device</td>
      <td>Adult</td>
      <td>120</td>
    </tr>
  </tbody>
</table>"
319,-69241.04609993947,6739353.738278273,Buckinghamshire Healthcare NHS Trust,51.6626341,-0.6220029,1.0,1.0,"<table border=""1"" class=""dataframe"">
  <thead>
    <tr style=""text-align: left;"">
      <th>ISRCTN link</th>
      <th>Title</th>
      <th>Intervention type</th>
      <th>Age group</th>
      <th>Target number of participants</th>
    </tr>
  </thead>
  <tbody>
    <tr>
      <td><a href='https://www.isrctn.com/ISRCTN25579748' target='_blank'><div>ISRCTN25579748</div></a></td>
      <td>PICSO in NSTEMI</td>
      <td>Procedure/Surgery</td>
      <td>Adult</td>
      <td>60</td>
    </tr>
  </tbody>
</table>"
321,-436888.75936767703,6736970.884978152,Welsh Ambulance Services NHS Trust,51.6493545,-3.9246385,1.0,1.0,"<table border=""1"" class=""dataframe"">
  <thead>
    <tr style=""text-align: left;"">
      <th>ISRCTN link</th>
      <th>Title</th>
      <th>Intervention type</th>
      <th>Age group</th>
      <th>Target number of participants</th>
    </tr>
  </thead>
  <tbody>
    <tr>
      <td><a href='https://www.isrctn.com/ISRCTN85516498' target='_blank'><div>ISRCTN85516498</div></a></td>
      <td>Transient ischaemic attack 999 emergency referral</td>
      <td>Procedure/Surgery</td>
      <td>All</td>
      <td>156</td>
    </tr>
  </tbody>
</table>"
324,-10270.803762448752,6710352.092322927,Guy's and St Thomas' NHS Foundation Trust,51.5007438,-0.09226419999999999,16.0,18.227062322935723,"<table border=""1"" class=""dataframe"">
  <thead>
    <tr style=""text-align: left;"">
      <th>ISRCTN link</th>
      <th>Title</th>
      <th>Intervention type</th>
      <th>Age group</th>
      <th>Target number of participants</th>
    </tr>
  </thead>
  <tbody>
    <tr>
      <td><a href='https://www.isrctn.com/ISRCTN14501418' target='_blank'><div>ISRCTN14501418</div></a></td>
      <td>Motivating structured walking activity in intermittent claudication</td>
      <td>Behavioural</td>
      <td>Adult</td>
      <td>192</td>
    </tr>
    <tr>
      <td><a href='https://www.isrctn.com/ISRCTN75836930' target='_blank'><div>ISRCTN75836930</div></a></td>
      <td>Assessing the effects of stenting in significant coronary artery disease pr...</td>
      <td>Other</td>
      <td>Adult</td>
      <td>310</td>
    </tr>
    <tr>
      <td><a href='https://www.isrctn.com/ISRCTN48328178' target='_blank'><div>ISRCTN48328178</div></a></td>
      <td>Inhibiting white blood cell function as a new way to treat coronary heart d...</td>
      <td>Drug</td>
      <td>Adult</td>
      <td>90</td>
    </tr>
    <tr>
      <td><a href='https://www.isrctn.com/ISRCTN47936804' target='_blank'><div>ISRCTN47936804</div></a></td>
      <td>Study of vitamin D therapy to improve heart function and immune response in...</td>
      <td>Supplement</td>
      <td>Adult</td>
      <td>50</td>
    </tr>
    <tr>
      <td><a href='https://www.isrctn.com/ISRCTN63203157' target='_blank'><div>ISRCTN63203157</div></a></td>
      <td>Guy's and St Thomas' Paediatric Thrombosis Registry</td>
      <td>Other</td>
      <td>Child</td>
      <td>1000</td>
    </tr>
    <tr>
      <td><a href='https://www.isrctn.com/ISRCTN40898239' target='_blank'><div>ISRCTN40898239</div></a></td>
      <td>Improving symptoms of intermittent claudication in patients with erectile d...</td>
      <td>Drug</td>
      <td>Adult</td>
      <td>20</td>
    </tr>
    <tr>
      <td><a href='https://www.isrctn.com/ISRCTN44159497' target='_blank'><div>ISRCTN44159497</div></a></td>
      <td>Evaluating the impact of a new nurse led service for people with chronic he...</td>
      <td>Other</td>
      <td>Adult</td>
      <td>170</td>
    </tr>
    <tr>
      <td><a href='https://www.isrctn.com/ISRCTN36496918' target='_blank'><div>ISRCTN36496918</div></a></td>
      <td>The effect of MultiPoint™ pacing on reverse remodelling and the incidence o...</td>
      <td>Device</td>
      <td>Adult</td>
      <td>344</td>
    </tr>
    <tr>
      <td><a href='https://www.isrctn.com/ISRCTN96585404' target='_blank'><div>ISRCTN96585404</div></a></td>
      <td>A randomised trial of expedited transfer to a cardiac arrest centre for non...</td>
      <td>Procedure/Surgery</td>
      <td>Adult</td>
      <td>900</td>
    </tr>
    <tr>
      <td><a href='https://www.isrctn.com/ISRCTN19619299' target='_blank'><div>ISRCTN19619299</div></a></td>
      <td>Creating a registry of data of patients who have undergone endovascular rec...</td>
      <td>Device</td>
      <td>Adult</td>
      <td>0</td>
    </tr>
    <tr>
      <td><a href='https://www.isrctn.com/ISRCTN11704185' target='_blank'><div>ISRCTN11704185</div></a></td>
      <td>Electrical assessment of cardiac chambers</td>
      <td>NaN</td>
      <td>Adult</td>
      <td>100</td>
    </tr>
    <tr>
      <td><a href='https://www.isrctn.com/ISRCTN10910054' target='_blank'><div>ISRCTN10910054</div></a></td>
      <td>Wall thickness in the upper chamber of the heart and its effect on heart rh...</td>
      <td>NaN</td>
      <td>Adult</td>
      <td>40</td>
    </tr>
    <tr>
      <td><a href='https://www.isrctn.com/ISRCTN17730734' target='_blank'><div>ISRCTN17730734</div></a></td>
      <td>A trial to investigate whether a heart pump improves the safety and effecti...</td>
      <td>Device</td>
      <td>Adult</td>
      <td>250</td>
    </tr>
    <tr>
      <td><a href='https://www.isrctn.com/ISRCTN91522248' target='_blank'><div>ISRCTN91522248</div></a></td>
      <td>Can new computer software technology be used to help place the pacing lead ...</td>
      <td>Device</td>
      <td>Adult</td>
      <td>218</td>
    </tr>
    <tr>
      <td><a href='https://www.isrctn.com/ISRCTN40973936' target='_blank'><div>ISRCTN40973936</div></a></td>
      <td>Pregnancy and chronic hypertension; nifedipine or labetalol as anti-hyperte...</td>
      <td>Drug</td>
      <td>Adult</td>
      <td>114</td>
    </tr>
    <tr>
      <td><a href='https://www.isrctn.com/ISRCTN45979711' target='_blank'><div>ISRCTN45979711</div></a></td>
      <td>REVascularisation for Ischaemic VEntricular Dysfunction</td>
      <td>Procedure/Surgery</td>
      <td>Adult</td>
      <td>700</td>
    </tr>
  </tbody>
</table>"
329,-199080.40435411944,6629303.459308616,Salisbury NHS Foundation Trust,51.0452592,-1.7883697,2.0,5.306765580733931,"<table border=""1"" class=""dataframe"">
  <thead>
    <tr style=""text-align: left;"">
      <th>ISRCTN link</th>
      <th>Title</th>
      <th>Intervention type</th>
      <th>Age group</th>
      <th>Target number of participants</th>
    </tr>
  </thead>
  <tbody>
    <tr>
      <td><a href='https://www.isrctn.com/ISRCTN12548377' target='_blank'><div>ISRCTN12548377</div></a></td>
      <td>Re-education of arm and hand function following stroke</td>
      <td>Other</td>
      <td>Adult</td>
      <td>60</td>
    </tr>
    <tr>
      <td><a href='https://www.isrctn.com/ISRCTN91639560' target='_blank'><div>ISRCTN91639560</div></a></td>
      <td>Pilot study to investigate the effectiveness of combining physiotherapy and...</td>
      <td>Other</td>
      <td>Adult</td>
      <td>30</td>
    </tr>
  </tbody>
</table>"
335,-180232.4115621508,7358025.390370238,Royal Victoria Hospital,54.98020570000001,-1.6190553,4.0,9.613531161467861,"<table border=""1"" class=""dataframe"">
  <thead>
    <tr style=""text-align: left;"">
      <th>ISRCTN link</th>
      <th>Title</th>
      <th>Intervention type</th>
      <th>Age group</th>
      <th>Target number of participants</th>
    </tr>
  </thead>
  <tbody>
    <tr>
      <td><a href='https://www.isrctn.com/ISRCTN55798944' target='_blank'><div>ISRCTN55798944</div></a></td>
      <td>The renin-angiotensin-aldosterone (RAAS) axis, endothelial function and hyp...</td>
      <td>Drug</td>
      <td>Adult</td>
      <td>83</td>
    </tr>
    <tr>
      <td><a href='https://www.isrctn.com/ISRCTN27753612' target='_blank'><div>ISRCTN27753612</div></a></td>
      <td>Restrictive versus standard fluid regime in patients undergoing elective in...</td>
      <td>Other</td>
      <td>Adult</td>
      <td>22</td>
    </tr>
    <tr>
      <td><a href='https://www.isrctn.com/ISRCTN35782567' target='_blank'><div>ISRCTN35782567</div></a></td>
      <td>Applications of body surface mapping in cardiac resynchronisation therapy a...</td>
      <td>Other</td>
      <td>Adult</td>
      <td>70</td>
    </tr>
    <tr>
      <td><a href='https://www.isrctn.com/ISRCTN41026907' target='_blank'><div>ISRCTN41026907</div></a></td>
      <td>The effect of exercise on brain blood flow and metabolism in stroke survivo...</td>
      <td>Other</td>
      <td>Adult</td>
      <td>42</td>
    </tr>
  </tbody>
</table>"
336,-90206.45805823605,6996747.749170473,Lombard Medical,53.07427029999999,-0.8103384,1.0,1.0,"<table border=""1"" class=""dataframe"">
  <thead>
    <tr style=""text-align: left;"">
      <th>ISRCTN link</th>
      <th>Title</th>
      <th>Intervention type</th>
      <th>Age group</th>
      <th>Target number of participants</th>
    </tr>
  </thead>
  <tbody>
    <tr>
      <td><a href='https://www.isrctn.com/ISRCTN13771116' target='_blank'><div>ISRCTN13771116</div></a></td>
      <td>Altura post-market registry study: Altitude</td>
      <td>Procedure/Surgery</td>
      <td>Adult</td>
      <td>1200</td>
    </tr>
  </tbody>
</table>"
344,14057.848311439602,6831872.799680899,European Vasculitis Society,52.1752371,0.1262838,1.0,1.0,"<table border=""1"" class=""dataframe"">
  <thead>
    <tr style=""text-align: left;"">
      <th>ISRCTN link</th>
      <th>Title</th>
      <th>Intervention type</th>
      <th>Age group</th>
      <th>Target number of participants</th>
    </tr>
  </thead>
  <tbody>
    <tr>
      <td><a href='https://www.isrctn.com/ISRCTN13739474' target='_blank'><div>ISRCTN13739474</div></a></td>
      <td>Evaluation of the optimal duration of immunosuppressive treatment after ind...</td>
      <td>Drug</td>
      <td>Adult</td>
      <td>116</td>
    </tr>
  </tbody>
</table>"
347,-566865.5192693431,6492510.50393023,Royal Cornwall Hospitals NHS Trust,50.2662301,-5.0922396,5.0,11.0,"<table border=""1"" class=""dataframe"">
  <thead>
    <tr style=""text-align: left;"">
      <th>ISRCTN link</th>
      <th>Title</th>
      <th>Intervention type</th>
      <th>Age group</th>
      <th>Target number of participants</th>
    </tr>
  </thead>
  <tbody>
    <tr>
      <td><a href='https://www.isrctn.com/ISRCTN15412695' target='_blank'><div>ISRCTN15412695</div></a></td>
      <td>Standing practice in rehabilitation early after stroke</td>
      <td>Other</td>
      <td>Adult</td>
      <td>50</td>
    </tr>
    <tr>
      <td><a href='https://www.isrctn.com/ISRCTN78539530' target='_blank'><div>ISRCTN78539530</div></a></td>
      <td>Rehabilitation enablement in chronic heart failure</td>
      <td>Other</td>
      <td>Adult</td>
      <td>50</td>
    </tr>
    <tr>
      <td><a href='https://www.isrctn.com/ISRCTN86234930' target='_blank'><div>ISRCTN86234930</div></a></td>
      <td>Rehabilitation Enablement in Chronic Heart Failure (REACH HF). A multicentr...</td>
      <td>Other</td>
      <td>Adult</td>
      <td>324</td>
    </tr>
    <tr>
      <td><a href='https://www.isrctn.com/ISRCTN25032672' target='_blank'><div>ISRCTN25032672</div></a></td>
      <td>Rehabilitation EnAblement in Chronic Heart Failure (REACH-HF)</td>
      <td>Other</td>
      <td>Adult</td>
      <td>24</td>
    </tr>
    <tr>
      <td><a href='https://www.isrctn.com/ISRCTN06807619' target='_blank'><div>ISRCTN06807619</div></a></td>
      <td>Does the use of Nintendo WiiTM Sports improve dominant arm function and is ...</td>
      <td>Other</td>
      <td>Adult</td>
      <td>240</td>
    </tr>
  </tbody>
</table>"
349,-253587.2583124066,7065780.915091414,Manchester Mental Health and Social Care Trust,53.44522509999999,-2.2780131,1.0,1.0,"<table border=""1"" class=""dataframe"">
  <thead>
    <tr style=""text-align: left;"">
      <th>ISRCTN link</th>
      <th>Title</th>
      <th>Intervention type</th>
      <th>Age group</th>
      <th>Target number of participants</th>
    </tr>
  </thead>
  <tbody>
    <tr>
      <td><a href='https://www.isrctn.com/ISRCTN74643496' target='_blank'><div>ISRCTN74643496</div></a></td>
      <td>Improving the effectiveness of psychological interventions for depression a...</td>
      <td>Other</td>
      <td>Adult</td>
      <td>350</td>
    </tr>
  </tbody>
</table>"
361,-332263.6220005441,6725866.566525421,Aneurin Bevan University Health Board,51.587419,-2.9847749,1.0,1.0,"<table border=""1"" class=""dataframe"">
  <thead>
    <tr style=""text-align: left;"">
      <th>ISRCTN link</th>
      <th>Title</th>
      <th>Intervention type</th>
      <th>Age group</th>
      <th>Target number of participants</th>
    </tr>
  </thead>
  <tbody>
    <tr>
      <td><a href='https://www.isrctn.com/ISRCTN85710690' target='_blank'><div>ISRCTN85710690</div></a></td>
      <td>Perineural local anaesthetic catheter after major lower limb amputation tri...</td>
      <td>Drug</td>
      <td>Adult</td>
      <td>50</td>
    </tr>
  </tbody>
</table>"
362,-37655.57660877932,6700201.643485057,Adtec Europe Limited,51.4439466,-0.3382658,1.0,1.0,"<table border=""1"" class=""dataframe"">
  <thead>
    <tr style=""text-align: left;"">
      <th>ISRCTN link</th>
      <th>Title</th>
      <th>Intervention type</th>
      <th>Age group</th>
      <th>Target number of participants</th>
    </tr>
  </thead>
  <tbody>
    <tr>
      <td><a href='https://www.isrctn.com/ISRCTN17491903' target='_blank'><div>ISRCTN17491903</div></a></td>
      <td>Efficacy of non-thermal gas plasma on sub-clinical wound infection (biofilm...</td>
      <td>Device</td>
      <td>Adult</td>
      <td>60</td>
    </tr>
  </tbody>
</table>"
371,76558.06509783225,6719856.023267924,Southend University Hospital NHS Foundation Trust,51.5538593,0.6877327999999999,1.0,1.0,"<table border=""1"" class=""dataframe"">
  <thead>
    <tr style=""text-align: left;"">
      <th>ISRCTN link</th>
      <th>Title</th>
      <th>Intervention type</th>
      <th>Age group</th>
      <th>Target number of participants</th>
    </tr>
  </thead>
  <tbody>
    <tr>
      <td><a href='https://www.isrctn.com/ISRCTN40911426' target='_blank'><div>ISRCTN40911426</div></a></td>
      <td>A study of effectiveness and safety of delayed release prednisolone in pati...</td>
      <td>Other</td>
      <td>Adult</td>
      <td>30</td>
    </tr>
  </tbody>
</table>"
374,-329964.8633837139,7059084.65674228,Royal Liverpool University Hospital,53.4093831,-2.9641248,2.0,5.306765580733931,"<table border=""1"" class=""dataframe"">
  <thead>
    <tr style=""text-align: left;"">
      <th>ISRCTN link</th>
      <th>Title</th>
      <th>Intervention type</th>
      <th>Age group</th>
      <th>Target number of participants</th>
    </tr>
  </thead>
  <tbody>
    <tr>
      <td><a href='https://www.isrctn.com/ISRCTN33236666' target='_blank'><div>ISRCTN33236666</div></a></td>
      <td>Contribution of inflammatory mechanisms to myocardial and vascular injury i...</td>
      <td>Other</td>
      <td>Not Specified</td>
      <td>50</td>
    </tr>
    <tr>
      <td><a href='https://www.isrctn.com/ISRCTN54465472' target='_blank'><div>ISRCTN54465472</div></a></td>
      <td>Motivational interviewing: altering outcome after stroke</td>
      <td>Other</td>
      <td>Adult</td>
      <td>400</td>
    </tr>
  </tbody>
</table>"
389,2113120.97607307,10966303.072624773,University Hospital of North Norway,69.6829614,18.9824887,1.0,1.0,"<table border=""1"" class=""dataframe"">
  <thead>
    <tr style=""text-align: left;"">
      <th>ISRCTN link</th>
      <th>Title</th>
      <th>Intervention type</th>
      <th>Age group</th>
      <th>Target number of participants</th>
    </tr>
  </thead>
  <tbody>
    <tr>
      <td><a href='https://www.isrctn.com/ISRCTN10601890' target='_blank'><div>ISRCTN10601890</div></a></td>
      <td>Tenecteplase in Wake-up Ischaemic Stroke Trial</td>
      <td>Drug</td>
      <td>Adult</td>
      <td>500</td>
    </tr>
  </tbody>
</table>"
398,-270438.88075233594,7086129.616771462,Bolton NHS Foundation Trust,53.553957,-2.4293938,1.0,1.0,"<table border=""1"" class=""dataframe"">
  <thead>
    <tr style=""text-align: left;"">
      <th>ISRCTN link</th>
      <th>Title</th>
      <th>Intervention type</th>
      <th>Age group</th>
      <th>Target number of participants</th>
    </tr>
  </thead>
  <tbody>
    <tr>
      <td><a href='https://www.isrctn.com/ISRCTN18119345' target='_blank'><div>ISRCTN18119345</div></a></td>
      <td>Is leg compression needed after heat treatment of varicose veins?</td>
      <td>Device</td>
      <td>Adult</td>
      <td>240</td>
    </tr>
  </tbody>
</table>"
400,247226.48487237713,6251278.016564732,Institut de Recherches Internationales Servier (France),48.8608179,2.2208733,9.0,14.652123889719707,"<table border=""1"" class=""dataframe"">
  <thead>
    <tr style=""text-align: left;"">
      <th>ISRCTN link</th>
      <th>Title</th>
      <th>Intervention type</th>
      <th>Age group</th>
      <th>Target number of participants</th>
    </tr>
  </thead>
  <tbody>
    <tr>
      <td><a href='https://www.isrctn.com/ISRCTN60567801' target='_blank'><div>ISRCTN60567801</div></a></td>
      <td>Determination of the efficacious and safe dose of ivabradine in paediatric ...</td>
      <td>Drug</td>
      <td>Child</td>
      <td>90</td>
    </tr>
    <tr>
      <td><a href='https://www.isrctn.com/ISRCTN43070564' target='_blank'><div>ISRCTN43070564</div></a></td>
      <td>Registry to provide contemporary information regarding characteristics, man...</td>
      <td>Other</td>
      <td>Adult</td>
      <td>33000</td>
    </tr>
    <tr>
      <td><a href='https://www.isrctn.com/ISRCTN59214686' target='_blank'><div>ISRCTN59214686</div></a></td>
      <td>S 05985 combination versus angiotensin II receptor blocker/calcium channel ...</td>
      <td>Drug</td>
      <td>Adult</td>
      <td>1600</td>
    </tr>
    <tr>
      <td><a href='https://www.isrctn.com/ISRCTN14227980' target='_blank'><div>ISRCTN14227980</div></a></td>
      <td>Evaluation of the anti-arrhythmic effects of 3 dosages of S 44121 versus pl...</td>
      <td>Drug</td>
      <td>Adult</td>
      <td>160</td>
    </tr>
    <tr>
      <td><a href='https://www.isrctn.com/ISRCTN37166280' target='_blank'><div>ISRCTN37166280</div></a></td>
      <td>The EUROPA study: EUropean trial on Reduction Of cardiac events with Perind...</td>
      <td>Drug</td>
      <td>Adult</td>
      <td>12230</td>
    </tr>
    <tr>
      <td><a href='https://www.isrctn.com/ISRCTN61576291' target='_blank'><div>ISRCTN61576291</div></a></td>
      <td>Effects of ivabradine in patients with stable coronary artery disease witho...</td>
      <td>Other</td>
      <td>Adult</td>
      <td>16850</td>
    </tr>
    <tr>
      <td><a href='https://www.isrctn.com/ISRCTN67252793' target='_blank'><div>ISRCTN67252793</div></a></td>
      <td>Effects of a 10 or 15 mg single intravenous bolus of ivabradine versus plac...</td>
      <td>Drug</td>
      <td>Adult</td>
      <td>330</td>
    </tr>
    <tr>
      <td><a href='https://www.isrctn.com/ISRCTN61335805' target='_blank'><div>ISRCTN61335805</div></a></td>
      <td>S 05985 combination versus AT1-Receptor Blocker/thiazide: a comparison of b...</td>
      <td>Drug</td>
      <td>Adult</td>
      <td>3000</td>
    </tr>
    <tr>
      <td><a href='https://www.isrctn.com/ISRCTN70429960' target='_blank'><div>ISRCTN70429960</div></a></td>
      <td>Effects of ivabradine on cardiovascular events in patients with moderate to...</td>
      <td>Drug</td>
      <td>Adult</td>
      <td>6500</td>
    </tr>
  </tbody>
</table>"
410,-237279.86573101656,7791647.25952496,Grampian Health Board and University of Aberdeen,57.1539365,-2.1315213,2.0,5.306765580733931,"<table border=""1"" class=""dataframe"">
  <thead>
    <tr style=""text-align: left;"">
      <th>ISRCTN link</th>
      <th>Title</th>
      <th>Intervention type</th>
      <th>Age group</th>
      <th>Target number of participants</th>
    </tr>
  </thead>
  <tbody>
    <tr>
      <td><a href='https://www.isrctn.com/ISRCTN77887299' target='_blank'><div>ISRCTN77887299</div></a></td>
      <td>Is cessation of clopidogrel therapy associated with rebound of platelet act...</td>
      <td>Other</td>
      <td>Adult</td>
      <td>156</td>
    </tr>
    <tr>
      <td><a href='https://www.isrctn.com/ISRCTN77887299' target='_blank'><div>ISRCTN77887299</div></a></td>
      <td>Is cessation of clopidogrel therapy associated with rebound of platelet act...</td>
      <td>Other</td>
      <td>Adult</td>
      <td>156</td>
    </tr>
  </tbody>
</table>"
418,513836.8545654017,6563070.049190235,Université catholique de Louvain (Belgium),50.6696767,4.615875,1.0,1.0,"<table border=""1"" class=""dataframe"">
  <thead>
    <tr style=""text-align: left;"">
      <th>ISRCTN link</th>
      <th>Title</th>
      <th>Intervention type</th>
      <th>Age group</th>
      <th>Target number of participants</th>
    </tr>
  </thead>
  <tbody>
    <tr>
      <td><a href='https://www.isrctn.com/ISRCTN65055502' target='_blank'><div>ISRCTN65055502</div></a></td>
      <td>Assessment of efficacy of mirabegron, a new beta3-adrenergic receptor in th...</td>
      <td>Drug</td>
      <td>Adult</td>
      <td>297</td>
    </tr>
  </tbody>
</table>"
421,-337883.95384756214,7650883.162850727,Tayside Medical Science Centre,56.4617082,-3.0352632,1.0,1.0,"<table border=""1"" class=""dataframe"">
  <thead>
    <tr style=""text-align: left;"">
      <th>ISRCTN link</th>
      <th>Title</th>
      <th>Intervention type</th>
      <th>Age group</th>
      <th>Target number of participants</th>
    </tr>
  </thead>
  <tbody>
    <tr>
      <td><a href='https://www.isrctn.com/ISRCTN93213492' target='_blank'><div>ISRCTN93213492</div></a></td>
      <td>Vitamin K to improve markers of vascular health and physical function in ol...</td>
      <td>Supplement</td>
      <td>Senior</td>
      <td>80</td>
    </tr>
  </tbody>
</table>"
422,-246367.07613955488,6983716.517076816,University Hospital of North Staffordshire,53.00388470000001,-2.2131531,2.0,5.306765580733931,"<table border=""1"" class=""dataframe"">
  <thead>
    <tr style=""text-align: left;"">
      <th>ISRCTN link</th>
      <th>Title</th>
      <th>Intervention type</th>
      <th>Age group</th>
      <th>Target number of participants</th>
    </tr>
  </thead>
  <tbody>
    <tr>
      <td><a href='https://www.isrctn.com/ISRCTN49519227' target='_blank'><div>ISRCTN49519227</div></a></td>
      <td>Evaluation of lifestyle support programme for the reduction of cardiovascul...</td>
      <td>Other</td>
      <td>Adult</td>
      <td>1840</td>
    </tr>
    <tr>
      <td><a href='https://www.isrctn.com/ISRCTN34651260' target='_blank'><div>ISRCTN34651260</div></a></td>
      <td>Can treatment with electrical stimulation help the recovery of arm function...</td>
      <td>Other</td>
      <td>Adult</td>
      <td>90</td>
    </tr>
  </tbody>
</table>"
431,-13140.0525056963,6713423.546911105,Medical Research Council (MRC),51.5179163,-0.1180391,13.0,16.936926411670825,"<table border=""1"" class=""dataframe"">
  <thead>
    <tr style=""text-align: left;"">
      <th>ISRCTN link</th>
      <th>Title</th>
      <th>Intervention type</th>
      <th>Age group</th>
      <th>Target number of participants</th>
    </tr>
  </thead>
  <tbody>
    <tr>
      <td><a href='https://www.isrctn.com/ISRCTN59754564' target='_blank'><div>ISRCTN59754564</div></a></td>
      <td>Investigating the effects of cognitive training on attention</td>
      <td>Other</td>
      <td>Adult</td>
      <td>100</td>
    </tr>
    <tr>
      <td><a href='https://www.isrctn.com/ISRCTN14315618' target='_blank'><div>ISRCTN14315618</div></a></td>
      <td>NNTV: NSA Nutritional supplementation Trial of fruit and vegetable extracts...</td>
      <td>Supplement</td>
      <td>Adult</td>
      <td>80</td>
    </tr>
    <tr>
      <td><a href='https://www.isrctn.com/ISRCTN77698896' target='_blank'><div>ISRCTN77698896</div></a></td>
      <td>Surgery for Asymptomatic Popliteal Aneurysm: a multicentre trial</td>
      <td>Other</td>
      <td>Not Specified</td>
      <td>0</td>
    </tr>
    <tr>
      <td><a href='https://www.isrctn.com/ISRCTN73797494' target='_blank'><div>ISRCTN73797494</div></a></td>
      <td>Two parallel randomized controlled trials of clopidogrel plus aspirin versu...</td>
      <td>Other</td>
      <td>Not Specified</td>
      <td>0</td>
    </tr>
    <tr>
      <td><a href='https://www.isrctn.com/ISRCTN62197120' target='_blank'><div>ISRCTN62197120</div></a></td>
      <td>The Women's Hormone Intervention Secondary Prevention Pilot Study</td>
      <td>Other</td>
      <td>Adult</td>
      <td>125</td>
    </tr>
    <tr>
      <td><a href='https://www.isrctn.com/ISRCTN19943732' target='_blank'><div>ISRCTN19943732</div></a></td>
      <td>Intravenous MAGnesium Efficacy in Stroke</td>
      <td>Drug</td>
      <td>Adult</td>
      <td>2700</td>
    </tr>
    <tr>
      <td><a href='https://www.isrctn.com/ISRCTN97621126' target='_blank'><div>ISRCTN97621126</div></a></td>
      <td>Does venous surgery improve healing and minimise recurrence of venous ulcer...</td>
      <td>Other</td>
      <td>Adult</td>
      <td>1000</td>
    </tr>
    <tr>
      <td><a href='https://www.isrctn.com/ISRCTN86284615' target='_blank'><div>ISRCTN86284615</div></a></td>
      <td>Heart failure revascularisation</td>
      <td>Other</td>
      <td>Adult</td>
      <td>800</td>
    </tr>
    <tr>
      <td><a href='https://www.isrctn.com/ISRCTN37445539' target='_blank'><div>ISRCTN37445539</div></a></td>
      <td>United Kingdom Pacing And Cardiovascular Events study</td>
      <td>Other</td>
      <td>Senior</td>
      <td>2000</td>
    </tr>
    <tr>
      <td><a href='https://www.isrctn.com/ISRCTN37381646' target='_blank'><div>ISRCTN37381646</div></a></td>
      <td>Multicentre aneurysm screening study</td>
      <td>Other</td>
      <td>Senior</td>
      <td>66000</td>
    </tr>
    <tr>
      <td><a href='https://www.isrctn.com/ISRCTN41194621' target='_blank'><div>ISRCTN41194621</div></a></td>
      <td>Randomised controlled trial of bezafibrate in patients with lower extremity...</td>
      <td>Drug</td>
      <td>Not Specified</td>
      <td>1568</td>
    </tr>
    <tr>
      <td><a href='https://www.isrctn.com/ISRCTN48489393' target='_blank'><div>ISRCTN48489393</div></a></td>
      <td>Heart protection study</td>
      <td>Supplement</td>
      <td>Adult</td>
      <td>20000</td>
    </tr>
    <tr>
      <td><a href='https://www.isrctn.com/ISRCTN26156392' target='_blank'><div>ISRCTN26156392</div></a></td>
      <td>Asymptomatic Carotid Surgery Trial (ACST-1)</td>
      <td>Procedure/Surgery</td>
      <td>Adult</td>
      <td>3120</td>
    </tr>
  </tbody>
</table>"
445,-492719.02396031097,7539718.855240119,NHS National Waiting Times Centre Board,55.9059659,-4.4261703,2.0,5.306765580733931,"<table border=""1"" class=""dataframe"">
  <thead>
    <tr style=""text-align: left;"">
      <th>ISRCTN link</th>
      <th>Title</th>
      <th>Intervention type</th>
      <th>Age group</th>
      <th>Target number of participants</th>
    </tr>
  </thead>
  <tbody>
    <tr>
      <td><a href='https://www.isrctn.com/ISRCTN69497594' target='_blank'><div>ISRCTN69497594</div></a></td>
      <td>Is there a rebound increase in platelet aggregation following withdrawal of...</td>
      <td>Drug</td>
      <td>Adult</td>
      <td>60</td>
    </tr>
    <tr>
      <td><a href='https://www.isrctn.com/ISRCTN97489534' target='_blank'><div>ISRCTN97489534</div></a></td>
      <td>A developmental clinical study of management guided by coronary angiography...</td>
      <td>Other</td>
      <td>Adult</td>
      <td>0</td>
    </tr>
  </tbody>
</table>"
452,-19356.355510574285,6697166.855111391,St George's University of London,51.4269516,-0.1738811,6.0,12.132827525593784,"<table border=""1"" class=""dataframe"">
  <thead>
    <tr style=""text-align: left;"">
      <th>ISRCTN link</th>
      <th>Title</th>
      <th>Intervention type</th>
      <th>Age group</th>
      <th>Target number of participants</th>
    </tr>
  </thead>
  <tbody>
    <tr>
      <td><a href='https://www.isrctn.com/ISRCTN65746249' target='_blank'><div>ISRCTN65746249</div></a></td>
      <td>Aneurysm care trial - cardiac rehabilitation after aneurysm repair</td>
      <td>Other</td>
      <td>Adult</td>
      <td>84</td>
    </tr>
    <tr>
      <td><a href='https://www.isrctn.com/ISRCTN41450337' target='_blank'><div>ISRCTN41450337</div></a></td>
      <td>The effect of modest salt reduction on blood pressure and endothelial funct...</td>
      <td>Other</td>
      <td>Adult</td>
      <td>50</td>
    </tr>
    <tr>
      <td><a href='https://www.isrctn.com/ISRCTN44555237' target='_blank'><div>ISRCTN44555237</div></a></td>
      <td>Cervical Artery Dissection In Stroke Study</td>
      <td>Drug</td>
      <td>Not Specified</td>
      <td>250</td>
    </tr>
    <tr>
      <td><a href='https://www.isrctn.com/ISRCTN29111908' target='_blank'><div>ISRCTN29111908</div></a></td>
      <td>New Transcatheter Aortic Valve Implantation (TAVI) Guidewire</td>
      <td>Other</td>
      <td>Adult</td>
      <td>20</td>
    </tr>
    <tr>
      <td><a href='https://www.isrctn.com/ISRCTN62554526' target='_blank'><div>ISRCTN62554526</div></a></td>
      <td>Effects of an ARB on microcirculation in essential hypertension</td>
      <td>Drug</td>
      <td>Adult</td>
      <td>46</td>
    </tr>
    <tr>
      <td><a href='https://www.isrctn.com/ISRCTN63135694' target='_blank'><div>ISRCTN63135694</div></a></td>
      <td>Endovascular Varicose vein Vnus® (endovenous radiofrequency ablation) vs Ev...</td>
      <td>Other</td>
      <td>Adult</td>
      <td>100</td>
    </tr>
  </tbody>
</table>"
456,-179843.7395600461,7351142.003840249,Gateshead Health NHS Foundation Trust,54.9447057,-1.6155638,1.0,1.0,"<table border=""1"" class=""dataframe"">
  <thead>
    <tr style=""text-align: left;"">
      <th>ISRCTN link</th>
      <th>Title</th>
      <th>Intervention type</th>
      <th>Age group</th>
      <th>Target number of participants</th>
    </tr>
  </thead>
  <tbody>
    <tr>
      <td><a href='https://www.isrctn.com/ISRCTN00165319' target='_blank'><div>ISRCTN00165319</div></a></td>
      <td>Venous Pressure Monitoring in Patients Undergoing Foam Sclerotherapy</td>
      <td>Device</td>
      <td>Adult</td>
      <td>36</td>
    </tr>
  </tbody>
</table>"
463,754705.9946380656,6660226.183848862,Phagenesis Limited,51.2195744,6.779639299999999,1.0,1.0,"<table border=""1"" class=""dataframe"">
  <thead>
    <tr style=""text-align: left;"">
      <th>ISRCTN link</th>
      <th>Title</th>
      <th>Intervention type</th>
      <th>Age group</th>
      <th>Target number of participants</th>
    </tr>
  </thead>
  <tbody>
    <tr>
      <td><a href='https://www.isrctn.com/ISRCTN25681641' target='_blank'><div>ISRCTN25681641</div></a></td>
      <td>Swallowing treatment using electrical pharyngeal stimulation: a treatment o...</td>
      <td>Procedure/Surgery</td>
      <td>Adult</td>
      <td>140</td>
    </tr>
  </tbody>
</table>"
465,-344592.5895643715,7051556.119996657,Wirral University Teaching Hospital,53.3690502,-3.0955279,1.0,1.0,"<table border=""1"" class=""dataframe"">
  <thead>
    <tr style=""text-align: left;"">
      <th>ISRCTN link</th>
      <th>Title</th>
      <th>Intervention type</th>
      <th>Age group</th>
      <th>Target number of participants</th>
    </tr>
  </thead>
  <tbody>
    <tr>
      <td><a href='https://www.isrctn.com/ISRCTN54219044' target='_blank'><div>ISRCTN54219044</div></a></td>
      <td>Comparison study for treatment of great saphenous vein varicosities</td>
      <td>Procedure/Surgery</td>
      <td>Adult</td>
      <td>84</td>
    </tr>
  </tbody>
</table>"
467,-395619.2511500395,6530228.177926505,South Devon Healthcare NHS Foundation Trust,50.4823211,-3.5539082,1.0,1.0,"<table border=""1"" class=""dataframe"">
  <thead>
    <tr style=""text-align: left;"">
      <th>ISRCTN link</th>
      <th>Title</th>
      <th>Intervention type</th>
      <th>Age group</th>
      <th>Target number of participants</th>
    </tr>
  </thead>
  <tbody>
    <tr>
      <td><a href='https://www.isrctn.com/ISRCTN84197855' target='_blank'><div>ISRCTN84197855</div></a></td>
      <td>The effect of dietary nitrate supplementation on dynamic cerebral autoregul...</td>
      <td>Other</td>
      <td>Other</td>
      <td>16</td>
    </tr>
  </tbody>
</table>"
470,-8529357.014681004,4769037.876865328,Johns Hopkins University,39.3299013,-76.6205177,1.0,1.0,"<table border=""1"" class=""dataframe"">
  <thead>
    <tr style=""text-align: left;"">
      <th>ISRCTN link</th>
      <th>Title</th>
      <th>Intervention type</th>
      <th>Age group</th>
      <th>Target number of participants</th>
    </tr>
  </thead>
  <tbody>
    <tr>
      <td><a href='https://www.isrctn.com/ISRCTN50142667' target='_blank'><div>ISRCTN50142667</div></a></td>
      <td>Minimally invasive surgery plus rt-PA for ICH evacuation</td>
      <td>Other</td>
      <td>Adult</td>
      <td>110</td>
    </tr>
  </tbody>
</table>"
472,-385730.7519148221,6572015.108985163,South Western Ambulance Service NHS Foundation Trust,50.7205772,-3.4650783,1.0,1.0,"<table border=""1"" class=""dataframe"">
  <thead>
    <tr style=""text-align: left;"">
      <th>ISRCTN link</th>
      <th>Title</th>
      <th>Intervention type</th>
      <th>Age group</th>
      <th>Target number of participants</th>
    </tr>
  </thead>
  <tbody>
    <tr>
      <td><a href='https://www.isrctn.com/ISRCTN08256118' target='_blank'><div>ISRCTN08256118</div></a></td>
      <td>Airway management in out of hospital cardiac arrest patients.</td>
      <td>Procedure/Surgery</td>
      <td>Adult</td>
      <td>10370</td>
    </tr>
  </tbody>
</table>"
473,-179961.72708833788,7357571.112697389,Institute of Food Research,54.97786379999999,-1.6166237,2.0,5.306765580733931,"<table border=""1"" class=""dataframe"">
  <thead>
    <tr style=""text-align: left;"">
      <th>ISRCTN link</th>
      <th>Title</th>
      <th>Intervention type</th>
      <th>Age group</th>
      <th>Target number of participants</th>
    </tr>
  </thead>
  <tbody>
    <tr>
      <td><a href='https://www.isrctn.com/ISRCTN86702316' target='_blank'><div>ISRCTN86702316</div></a></td>
      <td>The Orange Juice and Cardiovascular Disease Study</td>
      <td>Other</td>
      <td>Adult</td>
      <td>42</td>
    </tr>
    <tr>
      <td><a href='https://www.isrctn.com/ISRCTN20997112' target='_blank'><div>ISRCTN20997112</div></a></td>
      <td>Diet and Vascular Health</td>
      <td>Other</td>
      <td>Senior</td>
      <td>54</td>
    </tr>
  </tbody>
</table>"
477,845362.4394739355,6794617.961544888,Kompetenznetz Vorhofflimmern e.V. (AFNET) [Atrial Fibrillation NETwork],51.96953,7.59402,2.0,5.306765580733931,"<table border=""1"" class=""dataframe"">
  <thead>
    <tr style=""text-align: left;"">
      <th>ISRCTN link</th>
      <th>Title</th>
      <th>Intervention type</th>
      <th>Age group</th>
      <th>Target number of participants</th>
    </tr>
  </thead>
  <tbody>
    <tr>
      <td><a href='https://www.isrctn.com/ISRCTN87711003' target='_blank'><div>ISRCTN87711003</div></a></td>
      <td>Anticoagulation using the direct factor Xa inhibitor apixaban during Atrial...</td>
      <td>Drug</td>
      <td>Adult</td>
      <td>630</td>
    </tr>
    <tr>
      <td><a href='https://www.isrctn.com/ISRCTN17309850' target='_blank'><div>ISRCTN17309850</div></a></td>
      <td>Non-vitamin K antagonist oral anticoagulants in patients with atrial high r...</td>
      <td>Drug</td>
      <td>Senior</td>
      <td>2538</td>
    </tr>
  </tbody>
</table>"
483,9835187.440520586,2573470.03340872,Meril Life Sciences Pvt. Ltd. (India),22.514996,88.35099199999999,1.0,1.0,"<table border=""1"" class=""dataframe"">
  <thead>
    <tr style=""text-align: left;"">
      <th>ISRCTN link</th>
      <th>Title</th>
      <th>Intervention type</th>
      <th>Age group</th>
      <th>Target number of participants</th>
    </tr>
  </thead>
  <tbody>
    <tr>
      <td><a href='https://www.isrctn.com/ISRCTN06697555' target='_blank'><div>ISRCTN06697555</div></a></td>
      <td>Prospective clinical trial to compare safety & efficacy of BioMime Sirolimu...</td>
      <td>Procedure/Surgery</td>
      <td>Adult</td>
      <td>258</td>
    </tr>
  </tbody>
</table>"
484,-1019855.5075214611,4685452.281720253,Institute of Molecular Medicine (Instituto de Medicina Molecular) (Portugal),38.7466936,-9.1615179,1.0,1.0,"<table border=""1"" class=""dataframe"">
  <thead>
    <tr style=""text-align: left;"">
      <th>ISRCTN link</th>
      <th>Title</th>
      <th>Intervention type</th>
      <th>Age group</th>
      <th>Target number of participants</th>
    </tr>
  </thead>
  <tbody>
    <tr>
      <td><a href='https://www.isrctn.com/ISRCTN25644448' target='_blank'><div>ISRCTN25644448</div></a></td>
      <td>EXCOA-CVT study: the benefit of EXtending oral antiCOAgulation treatment af...</td>
      <td>Other</td>
      <td>Adult</td>
      <td>1500</td>
    </tr>
  </tbody>
</table>"
486,-202852.72133447832,6576839.51136494,Royal Bournemouth Hospital,50.7480068,-1.822257,1.0,1.0,"<table border=""1"" class=""dataframe"">
  <thead>
    <tr style=""text-align: left;"">
      <th>ISRCTN link</th>
      <th>Title</th>
      <th>Intervention type</th>
      <th>Age group</th>
      <th>Target number of participants</th>
    </tr>
  </thead>
  <tbody>
    <tr>
      <td><a href='https://www.isrctn.com/ISRCTN99728983' target='_blank'><div>ISRCTN99728983</div></a></td>
      <td>A feasibility study of a randomised controlled trial of an Arts for Health ...</td>
      <td>Other</td>
      <td>Adult</td>
      <td>64</td>
    </tr>
  </tbody>
</table>"
488,-322616.53021306096,7021608.621165295,Countess of Chester Hospital,53.2082328,-2.8981136,1.0,1.0,"<table border=""1"" class=""dataframe"">
  <thead>
    <tr style=""text-align: left;"">
      <th>ISRCTN link</th>
      <th>Title</th>
      <th>Intervention type</th>
      <th>Age group</th>
      <th>Target number of participants</th>
    </tr>
  </thead>
  <tbody>
    <tr>
      <td><a href='https://www.isrctn.com/ISRCTN17422343' target='_blank'><div>ISRCTN17422343</div></a></td>
      <td>Effect of repetitive upper limb sensory stimulation immediately after a str...</td>
      <td>Device</td>
      <td>Adult</td>
      <td>60</td>
    </tr>
  </tbody>
</table>"
490,140531.19459470702,6915616.640589995,NHS Norfolk,52.634185,1.2624132,1.0,1.0,"<table border=""1"" class=""dataframe"">
  <thead>
    <tr style=""text-align: left;"">
      <th>ISRCTN link</th>
      <th>Title</th>
      <th>Intervention type</th>
      <th>Age group</th>
      <th>Target number of participants</th>
    </tr>
  </thead>
  <tbody>
    <tr>
      <td><a href='https://www.isrctn.com/ISRCTN37002304' target='_blank'><div>ISRCTN37002304</div></a></td>
      <td>Supported Communication to Improve Participation in Rehabilitation of peopl...</td>
      <td>Other</td>
      <td>Adult</td>
      <td>100</td>
    </tr>
  </tbody>
</table>"
496,-242380.8698895858,6908430.500000394,Wolverhampton Coronary Aftercare Support Group,52.5949894,-2.1773444,1.0,1.0,"<table border=""1"" class=""dataframe"">
  <thead>
    <tr style=""text-align: left;"">
      <th>ISRCTN link</th>
      <th>Title</th>
      <th>Intervention type</th>
      <th>Age group</th>
      <th>Target number of participants</th>
    </tr>
  </thead>
  <tbody>
    <tr>
      <td><a href='https://www.isrctn.com/ISRCTN43298975' target='_blank'><div>ISRCTN43298975</div></a></td>
      <td>A study assessing the usefulness of measuring platelet function after cardi...</td>
      <td>Other</td>
      <td>Adult</td>
      <td>84</td>
    </tr>
  </tbody>
</table>"
498,-8965999.501939202,5384103.176656612,Population Health Research Institute (Canada),43.4720647,-80.54294390000001,1.0,1.0,"<table border=""1"" class=""dataframe"">
  <thead>
    <tr style=""text-align: left;"">
      <th>ISRCTN link</th>
      <th>Title</th>
      <th>Intervention type</th>
      <th>Age group</th>
      <th>Target number of participants</th>
    </tr>
  </thead>
  <tbody>
    <tr>
      <td><a href='https://www.isrctn.com/ISRCTN21662248' target='_blank'><div>ISRCTN21662248</div></a></td>
      <td>Complete versus culprit-only revascularization strategies to treat multi-ve...</td>
      <td>Other</td>
      <td>Adult</td>
      <td>3900</td>
    </tr>
  </tbody>
</table>"
499,-366097.2553999688,7543470.674123358,Edinburgh Napier University,55.9248537,-3.2887076,1.0,1.0,"<table border=""1"" class=""dataframe"">
  <thead>
    <tr style=""text-align: left;"">
      <th>ISRCTN link</th>
      <th>Title</th>
      <th>Intervention type</th>
      <th>Age group</th>
      <th>Target number of participants</th>
    </tr>
  </thead>
  <tbody>
    <tr>
      <td><a href='https://www.isrctn.com/ISRCTN72614272' target='_blank'><div>ISRCTN72614272</div></a></td>
      <td>Sharing responsibility: The public health impact of a nurse-led telemetric ...</td>
      <td>Other</td>
      <td>Adult</td>
      <td>400</td>
    </tr>
  </tbody>
</table>"
500,-38551.264363651084,6711565.3149342425,Ealing Hospital NHS Trust,51.5075277,-0.3463119,3.0,7.826061944859854,"<table border=""1"" class=""dataframe"">
  <thead>
    <tr style=""text-align: left;"">
      <th>ISRCTN link</th>
      <th>Title</th>
      <th>Intervention type</th>
      <th>Age group</th>
      <th>Target number of participants</th>
    </tr>
  </thead>
  <tbody>
    <tr>
      <td><a href='https://www.isrctn.com/ISRCTN45952875' target='_blank'><div>ISRCTN45952875</div></a></td>
      <td>Performance of different stockings in the treatment of chronic venous insuf...</td>
      <td>Other</td>
      <td>Adult</td>
      <td>48</td>
    </tr>
    <tr>
      <td><a href='https://www.isrctn.com/ISRCTN62966817' target='_blank'><div>ISRCTN62966817</div></a></td>
      <td>Ultrasound guided foam sclerotherapy combined with sapheno-femoral ligation...</td>
      <td>Other</td>
      <td>Adult</td>
      <td>60</td>
    </tr>
    <tr>
      <td><a href='https://www.isrctn.com/ISRCTN03080206' target='_blank'><div>ISRCTN03080206</div></a></td>
      <td>Endovenous laser therapy (EVLT) versus ultrasound-guided foam sclerotherapy...</td>
      <td>Procedure/Surgery</td>
      <td>Adult</td>
      <td>100</td>
    </tr>
  </tbody>
</table>"
501,-19506.33626052006,6697097.476211271,St George's Healthcare NHS Trust,51.42656299999999,-0.1752284,4.0,9.613531161467861,"<table border=""1"" class=""dataframe"">
  <thead>
    <tr style=""text-align: left;"">
      <th>ISRCTN link</th>
      <th>Title</th>
      <th>Intervention type</th>
      <th>Age group</th>
      <th>Target number of participants</th>
    </tr>
  </thead>
  <tbody>
    <tr>
      <td><a href='https://www.isrctn.com/ISRCTN72151906' target='_blank'><div>ISRCTN72151906</div></a></td>
      <td>Goal-directed therapy: to determine a systematic approach in reducing compl...</td>
      <td>Other</td>
      <td>Adult</td>
      <td>4000</td>
    </tr>
    <tr>
      <td><a href='https://www.isrctn.com/ISRCTN45792044' target='_blank'><div>ISRCTN45792044</div></a></td>
      <td>Aortic valve replacement in high risk patients: conventional surgery compar...</td>
      <td>Procedure/Surgery</td>
      <td>Senior</td>
      <td>657</td>
    </tr>
    <tr>
      <td><a href='https://www.isrctn.com/ISRCTN68019845' target='_blank'><div>ISRCTN68019845</div></a></td>
      <td>What is the best treatment after stroke?</td>
      <td>Drug</td>
      <td>Adult</td>
      <td>60</td>
    </tr>
    <tr>
      <td><a href='https://www.isrctn.com/ISRCTN51663857' target='_blank'><div>ISRCTN51663857</div></a></td>
      <td>Anticoagulation following tissue aortic valve replacement</td>
      <td>Other</td>
      <td>Adult</td>
      <td>400</td>
    </tr>
  </tbody>
</table>"
508,-65143.119609010246,6718759.890110523,Servier Laboratories Ltd,51.54773640000001,-0.5851906,1.0,1.0,"<table border=""1"" class=""dataframe"">
  <thead>
    <tr style=""text-align: left;"">
      <th>ISRCTN link</th>
      <th>Title</th>
      <th>Intervention type</th>
      <th>Age group</th>
      <th>Target number of participants</th>
    </tr>
  </thead>
  <tbody>
    <tr>
      <td><a href='https://www.isrctn.com/ISRCTN32613680' target='_blank'><div>ISRCTN32613680</div></a></td>
      <td>Older heart failure patients initiated on ivabradine in the UK: Quality of ...</td>
      <td>Other</td>
      <td>Senior</td>
      <td>220</td>
    </tr>
  </tbody>
</table>"
510,-348889.2770061121,7542851.177623541,Royal Infirmary of Edinburgh,55.9217356,-3.1341257,1.0,1.0,"<table border=""1"" class=""dataframe"">
  <thead>
    <tr style=""text-align: left;"">
      <th>ISRCTN link</th>
      <th>Title</th>
      <th>Intervention type</th>
      <th>Age group</th>
      <th>Target number of participants</th>
    </tr>
  </thead>
  <tbody>
    <tr>
      <td><a href='https://www.isrctn.com/ISRCTN32335049' target='_blank'><div>ISRCTN32335049</div></a></td>
      <td>Deriving a reduced lead system from the 80-lead body surface map for the el...</td>
      <td>Other</td>
      <td>Not Specified</td>
      <td>400</td>
    </tr>
  </tbody>
</table>"
518,15310.66012472526,6831680.023198534,MRC Human Nutrition Research,52.1741751,0.137538,1.0,1.0,"<table border=""1"" class=""dataframe"">
  <thead>
    <tr style=""text-align: left;"">
      <th>ISRCTN link</th>
      <th>Title</th>
      <th>Intervention type</th>
      <th>Age group</th>
      <th>Target number of participants</th>
    </tr>
  </thead>
  <tbody>
    <tr>
      <td><a href='https://www.isrctn.com/ISRCTN29111298' target='_blank'><div>ISRCTN29111298</div></a></td>
      <td>Impact of the amount and composition of dietary fat and carbohydrate on met...</td>
      <td>Drug</td>
      <td>Adult</td>
      <td>650</td>
    </tr>
  </tbody>
</table>"
519,-466658.207213832,7858142.450834101,Centre for Health Science,57.4765057,-4.192062,1.0,1.0,"<table border=""1"" class=""dataframe"">
  <thead>
    <tr style=""text-align: left;"">
      <th>ISRCTN link</th>
      <th>Title</th>
      <th>Intervention type</th>
      <th>Age group</th>
      <th>Target number of participants</th>
    </tr>
  </thead>
  <tbody>
    <tr>
      <td><a href='https://www.isrctn.com/ISRCTN51509735' target='_blank'><div>ISRCTN51509735</div></a></td>
      <td>Effects of intravascular contrast media on platelet function in patients un...</td>
      <td>Other</td>
      <td>Adult</td>
      <td>12</td>
    </tr>
  </tbody>
</table>"
530,-9174.852243639894,6712713.928674957,Individual Sponsor (USA),51.51394939999999,-0.0824191,1.0,1.0,"<table border=""1"" class=""dataframe"">
  <thead>
    <tr style=""text-align: left;"">
      <th>ISRCTN link</th>
      <th>Title</th>
      <th>Intervention type</th>
      <th>Age group</th>
      <th>Target number of participants</th>
    </tr>
  </thead>
  <tbody>
    <tr>
      <td><a href='https://www.isrctn.com/ISRCTN70157009' target='_blank'><div>ISRCTN70157009</div></a></td>
      <td>Clot lysis: evaluating accelerated resolution of intraventricular haemorrha...</td>
      <td>Mixed</td>
      <td>Adult</td>
      <td>500</td>
    </tr>
  </tbody>
</table>"
532,-160342.88021847306,6876780.769194723,University Hospitals Coventry and Warwickshire NHS Trust,52.4219434,-1.4403846,4.0,9.613531161467861,"<table border=""1"" class=""dataframe"">
  <thead>
    <tr style=""text-align: left;"">
      <th>ISRCTN link</th>
      <th>Title</th>
      <th>Intervention type</th>
      <th>Age group</th>
      <th>Target number of participants</th>
    </tr>
  </thead>
  <tbody>
    <tr>
      <td><a href='https://www.isrctn.com/ISRCTN10608766' target='_blank'><div>ISRCTN10608766</div></a></td>
      <td>Supervised Pulmonary Hypertension Exercise REhabilitation (SPHERe) trial</td>
      <td>Behavioural</td>
      <td>Adult</td>
      <td>352</td>
    </tr>
    <tr>
      <td><a href='https://www.isrctn.com/ISRCTN16749049' target='_blank'><div>ISRCTN16749049</div></a></td>
      <td>The effects of electrical muscle stimulation in patients with chronic heart...</td>
      <td>Device</td>
      <td>Adult</td>
      <td>60</td>
    </tr>
    <tr>
      <td><a href='https://www.isrctn.com/ISRCTN80453162' target='_blank'><div>ISRCTN80453162</div></a></td>
      <td>The impact of the COVID-19 pandemic on the provision, practice, and outcome...</td>
      <td>Other</td>
      <td>All</td>
      <td>200</td>
    </tr>
    <tr>
      <td><a href='https://www.isrctn.com/ISRCTN45323485' target='_blank'><div>ISRCTN45323485</div></a></td>
      <td>Assessing the feasibility of a supervised exercise rehabilitation intervent...</td>
      <td>Other</td>
      <td>Adult</td>
      <td>62</td>
    </tr>
  </tbody>
</table>"
538,-10620239.11721695,3465451.4183698045,The University of Texas Health Science Center at Houston (USA),29.7031663,-95.4032312,1.0,1.0,"<table border=""1"" class=""dataframe"">
  <thead>
    <tr style=""text-align: left;"">
      <th>ISRCTN link</th>
      <th>Title</th>
      <th>Intervention type</th>
      <th>Age group</th>
      <th>Target number of participants</th>
    </tr>
  </thead>
  <tbody>
    <tr>
      <td><a href='https://www.isrctn.com/ISRCTN51505768' target='_blank'><div>ISRCTN51505768</div></a></td>
      <td>ARTSS-2:  A pilot, phase IIb, randomised, multicentre, safety and activity ...</td>
      <td>Drug</td>
      <td>Adult</td>
      <td>50</td>
    </tr>
  </tbody>
</table>"
543,-236102.6955117249,7086119.310554523,Pennine Acute Hospitals NHS Trust,53.553902,-2.1209466,1.0,1.0,"<table border=""1"" class=""dataframe"">
  <thead>
    <tr style=""text-align: left;"">
      <th>ISRCTN link</th>
      <th>Title</th>
      <th>Intervention type</th>
      <th>Age group</th>
      <th>Target number of participants</th>
    </tr>
  </thead>
  <tbody>
    <tr>
      <td><a href='https://www.isrctn.com/ISRCTN57614136' target='_blank'><div>ISRCTN57614136</div></a></td>
      <td>The role of thrombophilia in the management of patients with venous leg ulc...</td>
      <td>Other</td>
      <td>Not Specified</td>
      <td>0</td>
    </tr>
  </tbody>
</table>"
552,-9665.170072787947,6710789.564163728,Guy's Hospital,51.5031901,-0.08682369999999999,1.0,1.0,"<table border=""1"" class=""dataframe"">
  <thead>
    <tr style=""text-align: left;"">
      <th>ISRCTN link</th>
      <th>Title</th>
      <th>Intervention type</th>
      <th>Age group</th>
      <th>Target number of participants</th>
    </tr>
  </thead>
  <tbody>
    <tr>
      <td><a href='https://www.isrctn.com/ISRCTN23698917' target='_blank'><div>ISRCTN23698917</div></a></td>
      <td>Improved diagnosis of Congenital Heart Disease by magnetic resonance imagin...</td>
      <td>Drug</td>
      <td>Adult</td>
      <td>20</td>
    </tr>
  </tbody>
</table>"
566,-326548.2455722867,7069605.090208877,Aintree University Hospitals NHS Foundation Trust,53.4656806,-2.9334328,1.0,1.0,"<table border=""1"" class=""dataframe"">
  <thead>
    <tr style=""text-align: left;"">
      <th>ISRCTN link</th>
      <th>Title</th>
      <th>Intervention type</th>
      <th>Age group</th>
      <th>Target number of participants</th>
    </tr>
  </thead>
  <tbody>
    <tr>
      <td><a href='https://www.isrctn.com/ISRCTN55373356' target='_blank'><div>ISRCTN55373356</div></a></td>
      <td>The CareFile Project: An assessment of the impact of individualised informa...</td>
      <td>Other</td>
      <td>Adult</td>
      <td>100</td>
    </tr>
  </tbody>
</table>"
570,-172867.13556499913,7132848.659510056,Leeds General Infirmary,53.80254309999999,-1.5528919,2.0,5.306765580733931,"<table border=""1"" class=""dataframe"">
  <thead>
    <tr style=""text-align: left;"">
      <th>ISRCTN link</th>
      <th>Title</th>
      <th>Intervention type</th>
      <th>Age group</th>
      <th>Target number of participants</th>
    </tr>
  </thead>
  <tbody>
    <tr>
      <td><a href='https://www.isrctn.com/ISRCTN31316759' target='_blank'><div>ISRCTN31316759</div></a></td>
      <td>Randomised controlled trial of standard EndoVenous Laser Ablation (EVLA) ve...</td>
      <td>Other</td>
      <td>Not Specified</td>
      <td>69</td>
    </tr>
    <tr>
      <td><a href='https://www.isrctn.com/ISRCTN21626059' target='_blank'><div>ISRCTN21626059</div></a></td>
      <td>To investigate the effect of methylprednisolone on inflammatory cytokines a...</td>
      <td>Drug</td>
      <td>Adult</td>
      <td>20</td>
    </tr>
  </tbody>
</table>"
578,-159039.29558543657,6887300.281825336,NHS Warwickshire,52.4795348,-1.4286743,1.0,1.0,"<table border=""1"" class=""dataframe"">
  <thead>
    <tr style=""text-align: left;"">
      <th>ISRCTN link</th>
      <th>Title</th>
      <th>Intervention type</th>
      <th>Age group</th>
      <th>Target number of participants</th>
    </tr>
  </thead>
  <tbody>
    <tr>
      <td><a href='https://www.isrctn.com/ISRCTN71032732' target='_blank'><div>ISRCTN71032732</div></a></td>
      <td>Development of a Nutrition Assessment Tool for Stroke - NATS Study</td>
      <td>Other</td>
      <td>Adult</td>
      <td>79</td>
    </tr>
  </tbody>
</table>"
581,16830135.874642916,-4014244.064365657,The George Institute for Global Health (Australia),-33.8915123,151.1876829,1.0,1.0,"<table border=""1"" class=""dataframe"">
  <thead>
    <tr style=""text-align: left;"">
      <th>ISRCTN link</th>
      <th>Title</th>
      <th>Intervention type</th>
      <th>Age group</th>
      <th>Target number of participants</th>
    </tr>
  </thead>
  <tbody>
    <tr>
      <td><a href='https://www.isrctn.com/ISRCTN82387104' target='_blank'><div>ISRCTN82387104</div></a></td>
      <td>ENhanced Control of Hypertension ANd Thrombolysis strokE stuDy</td>
      <td>Other</td>
      <td>Adult</td>
      <td>5000</td>
    </tr>
  </tbody>
</table>"
589,-340878.1030594797,7206057.885174051,GlaxoSmithKline,54.189135,-3.0621601,1.0,1.0,"<table border=""1"" class=""dataframe"">
  <thead>
    <tr style=""text-align: left;"">
      <th>ISRCTN link</th>
      <th>Title</th>
      <th>Intervention type</th>
      <th>Age group</th>
      <th>Target number of participants</th>
    </tr>
  </thead>
  <tbody>
    <tr>
      <td><a href='https://www.isrctn.com/ISRCTN64894118' target='_blank'><div>ISRCTN64894118</div></a></td>
      <td>A 12-week, randomised, double-blind study evaluating the effects of low-dos...</td>
      <td>Drug</td>
      <td>Adult</td>
      <td>40</td>
    </tr>
  </tbody>
</table>"
590,-15214.713855610538,6712922.5019750465,INRange (USA),51.5151154,-0.1366761,1.0,1.0,"<table border=""1"" class=""dataframe"">
  <thead>
    <tr style=""text-align: left;"">
      <th>ISRCTN link</th>
      <th>Title</th>
      <th>Intervention type</th>
      <th>Age group</th>
      <th>Target number of participants</th>
    </tr>
  </thead>
  <tbody>
    <tr>
      <td><a href='https://www.isrctn.com/ISRCTN51444951' target='_blank'><div>ISRCTN51444951</div></a></td>
      <td>A study of an Electronic Medicine Management Assistant (EMMA®) system</td>
      <td>Other</td>
      <td>Adult</td>
      <td>312</td>
    </tr>
  </tbody>
</table>"
592,-7911971.203925715,5216931.266387462,Philips Research Laboratories (Germany),42.37242550000001,-71.0744466,1.0,1.0,"<table border=""1"" class=""dataframe"">
  <thead>
    <tr style=""text-align: left;"">
      <th>ISRCTN link</th>
      <th>Title</th>
      <th>Intervention type</th>
      <th>Age group</th>
      <th>Target number of participants</th>
    </tr>
  </thead>
  <tbody>
    <tr>
      <td><a href='https://www.isrctn.com/ISRCTN00926323' target='_blank'><div>ISRCTN00926323</div></a></td>
      <td>The HeartCycle heart failure trials programme</td>
      <td>Other</td>
      <td>Adult</td>
      <td>180</td>
    </tr>
  </tbody>
</table>"
593,-333119.8581278787,7047203.534247206,Unilever,53.3457145,-2.9924666,1.0,1.0,"<table border=""1"" class=""dataframe"">
  <thead>
    <tr style=""text-align: left;"">
      <th>ISRCTN link</th>
      <th>Title</th>
      <th>Intervention type</th>
      <th>Age group</th>
      <th>Target number of participants</th>
    </tr>
  </thead>
  <tbody>
    <tr>
      <td><a href='https://www.isrctn.com/ISRCTN99445309' target='_blank'><div>ISRCTN99445309</div></a></td>
      <td>Evaluation of a CVD risk assessment tool for the promotion of healthier lif...</td>
      <td>Other</td>
      <td>Adult</td>
      <td>400</td>
    </tr>
  </tbody>
</table>"
614,-646942.0261168311,7283853.405083923,Ulster Hospital,54.59602049999999,-5.811579099999999,1.0,1.0,"<table border=""1"" class=""dataframe"">
  <thead>
    <tr style=""text-align: left;"">
      <th>ISRCTN link</th>
      <th>Title</th>
      <th>Intervention type</th>
      <th>Age group</th>
      <th>Target number of participants</th>
    </tr>
  </thead>
  <tbody>
    <tr>
      <td><a href='https://www.isrctn.com/ISRCTN52480460' target='_blank'><div>ISRCTN52480460</div></a></td>
      <td>Cardiac computed tomography (CT) for the Assessment of chest Pain and Plaqu...</td>
      <td>Other</td>
      <td>Adult</td>
      <td>500</td>
    </tr>
  </tbody>
</table>"
618,-8787363.411875026,4300817.561699034,Duke University (USA),36.0014258,-78.9382286,1.0,1.0,"<table border=""1"" class=""dataframe"">
  <thead>
    <tr style=""text-align: left;"">
      <th>ISRCTN link</th>
      <th>Title</th>
      <th>Intervention type</th>
      <th>Age group</th>
      <th>Target number of participants</th>
    </tr>
  </thead>
  <tbody>
    <tr>
      <td><a href='https://www.isrctn.com/ISRCTN09382700' target='_blank'><div>ISRCTN09382700</div></a></td>
      <td>Surgical Treatment for Ischaemic Heart Failure Trial (STICH)</td>
      <td>Other</td>
      <td>Adult</td>
      <td>2800</td>
    </tr>
  </tbody>
</table>"
620,-481013.30082958785,7535282.289562013,NHS Greater Glasgow and Clyde,55.883619,-4.321016,11.0,15.898961024049783,"<table border=""1"" class=""dataframe"">
  <thead>
    <tr style=""text-align: left;"">
      <th>ISRCTN link</th>
      <th>Title</th>
      <th>Intervention type</th>
      <th>Age group</th>
      <th>Target number of participants</th>
    </tr>
  </thead>
  <tbody>
    <tr>
      <td><a href='https://www.isrctn.com/ISRCTN97412358' target='_blank'><div>ISRCTN97412358</div></a></td>
      <td>ECG monitoring to detect atrial fibrillation after stroke</td>
      <td>Other</td>
      <td>All</td>
      <td>5000</td>
    </tr>
    <tr>
      <td><a href='https://www.isrctn.com/ISRCTN06452574' target='_blank'><div>ISRCTN06452574</div></a></td>
      <td>New therapeutic targets in stroke prevention: the effects of allopurinol on...</td>
      <td>Drug</td>
      <td>Adult</td>
      <td>80</td>
    </tr>
    <tr>
      <td><a href='https://www.isrctn.com/ISRCTN74743444' target='_blank'><div>ISRCTN74743444</div></a></td>
      <td>A multi-centre, randomised, double-blind, placebo controlled clinical trial...</td>
      <td>Supplement</td>
      <td>Not Specified</td>
      <td>8000</td>
    </tr>
    <tr>
      <td><a href='https://www.isrctn.com/ISRCTN74743444' target='_blank'><div>ISRCTN74743444</div></a></td>
      <td>A multi-centre, randomised, double-blind, placebo controlled clinical trial...</td>
      <td>Supplement</td>
      <td>Not Specified</td>
      <td>8000</td>
    </tr>
    <tr>
      <td><a href='https://www.isrctn.com/ISRCTN98129255' target='_blank'><div>ISRCTN98129255</div></a></td>
      <td>A Very Early Rehabilitation Trial (AVERT)</td>
      <td>Other</td>
      <td>Adult</td>
      <td>2104</td>
    </tr>
    <tr>
      <td><a href='https://www.isrctn.com/ISRCTN33421390' target='_blank'><div>ISRCTN33421390</div></a></td>
      <td>Arm Intervention After Stroke (AIAS): a feasibility study</td>
      <td>Other</td>
      <td>Adult</td>
      <td>18</td>
    </tr>
    <tr>
      <td><a href='https://www.isrctn.com/ISRCTN11970568' target='_blank'><div>ISRCTN11970568</div></a></td>
      <td>The effect of allopurinol on carotid ultrasound intima-media thickness and ...</td>
      <td>Drug</td>
      <td>Adult</td>
      <td>80</td>
    </tr>
    <tr>
      <td><a href='https://www.isrctn.com/ISRCTN89080534' target='_blank'><div>ISRCTN89080534</div></a></td>
      <td>The use of erythropoietin in cardiac surgery to protect against ischaemia-r...</td>
      <td>Drug</td>
      <td>Senior</td>
      <td>84</td>
    </tr>
    <tr>
      <td><a href='https://www.isrctn.com/ISRCTN53784122' target='_blank'><div>ISRCTN53784122</div></a></td>
      <td>Understanding delivery of a new home rehabilitation programme for people wi...</td>
      <td>Behavioural</td>
      <td>Adult</td>
      <td>280</td>
    </tr>
    <tr>
      <td><a href='https://www.isrctn.com/ISRCTN23817752' target='_blank'><div>ISRCTN23817752</div></a></td>
      <td>Very Early Rehabilitation or Intensive Telemetry After Stroke (VERITAS)</td>
      <td>Other</td>
      <td>Adult</td>
      <td>20</td>
    </tr>
    <tr>
      <td><a href='https://www.isrctn.com/ISRCTN16403302' target='_blank'><div>ISRCTN16403302</div></a></td>
      <td>Intravenous iron treatment in patients with heart failure and iron deficien...</td>
      <td>Other</td>
      <td>Adult</td>
      <td>1300</td>
    </tr>
  </tbody>
</table>"
622,-10955.630137859891,6714240.554693721,William Harvey Research Institute,51.5224831,-0.09841609999999999,1.0,1.0,"<table border=""1"" class=""dataframe"">
  <thead>
    <tr style=""text-align: left;"">
      <th>ISRCTN link</th>
      <th>Title</th>
      <th>Intervention type</th>
      <th>Age group</th>
      <th>Target number of participants</th>
    </tr>
  </thead>
  <tbody>
    <tr>
      <td><a href='https://www.isrctn.com/ISRCTN99472145' target='_blank'><div>ISRCTN99472145</div></a></td>
      <td>High blood pressure control and lipid lowering in patients at high cardiova...</td>
      <td>Other</td>
      <td>Adult</td>
      <td>10000</td>
    </tr>
  </tbody>
</table>"
625,-351935.245440994,6703890.194735161,Welsh Assembly Government,51.46459420000001,-3.1614881,1.0,1.0,"<table border=""1"" class=""dataframe"">
  <thead>
    <tr style=""text-align: left;"">
      <th>ISRCTN link</th>
      <th>Title</th>
      <th>Intervention type</th>
      <th>Age group</th>
      <th>Target number of participants</th>
    </tr>
  </thead>
  <tbody>
    <tr>
      <td><a href='https://www.isrctn.com/ISRCTN47680448' target='_blank'><div>ISRCTN47680448</div></a></td>
      <td>A pragmatic randomised controlled trial of the Welsh National Exercise Refe...</td>
      <td>Other</td>
      <td>Adult</td>
      <td>2104</td>
    </tr>
  </tbody>
</table>"
639,-47889.477960030104,6736084.589878826,Medtronic Ltd,51.6444142,-0.4301985,3.0,7.826061944859854,"<table border=""1"" class=""dataframe"">
  <thead>
    <tr style=""text-align: left;"">
      <th>ISRCTN link</th>
      <th>Title</th>
      <th>Intervention type</th>
      <th>Age group</th>
      <th>Target number of participants</th>
    </tr>
  </thead>
  <tbody>
    <tr>
      <td><a href='https://www.isrctn.com/ISRCTN66301072' target='_blank'><div>ISRCTN66301072</div></a></td>
      <td>Endeavor primary percutaneous coronary intervention (PCI) study</td>
      <td>Drug</td>
      <td>Adult</td>
      <td>100</td>
    </tr>
    <tr>
      <td><a href='https://www.isrctn.com/ISRCTN70212111' target='_blank'><div>ISRCTN70212111</div></a></td>
      <td>Evaluation of a self-help, home-based comprehensive rehabilitation programm...</td>
      <td>Other</td>
      <td>Adult</td>
      <td>188</td>
    </tr>
    <tr>
      <td><a href='https://www.isrctn.com/ISRCTN82728969' target='_blank'><div>ISRCTN82728969</div></a></td>
      <td>Dual chamber and atrial tachyarrhythmias adverse events study</td>
      <td>Device</td>
      <td>Not Specified</td>
      <td>360</td>
    </tr>
  </tbody>
</table>"
644,-15049.827425847543,6714789.757060698,The Wellcome Trust,51.5255527,-0.1351949,1.0,1.0,"<table border=""1"" class=""dataframe"">
  <thead>
    <tr style=""text-align: left;"">
      <th>ISRCTN link</th>
      <th>Title</th>
      <th>Intervention type</th>
      <th>Age group</th>
      <th>Target number of participants</th>
    </tr>
  </thead>
  <tbody>
    <tr>
      <td><a href='https://www.isrctn.com/ISRCTN35701810' target='_blank'><div>ISRCTN35701810</div></a></td>
      <td>Secondary prevention after first stroke</td>
      <td>Other</td>
      <td>Adult</td>
      <td>100</td>
    </tr>
  </tbody>
</table>"
650,526670.1216864208,6593926.016710399,Terumo Europe N.V. (Belgium),50.8450246,4.731158199999999,3.0,7.826061944859854,"<table border=""1"" class=""dataframe"">
  <thead>
    <tr style=""text-align: left;"">
      <th>ISRCTN link</th>
      <th>Title</th>
      <th>Intervention type</th>
      <th>Age group</th>
      <th>Target number of participants</th>
    </tr>
  </thead>
  <tbody>
    <tr>
      <td><a href='https://www.isrctn.com/ISRCTN57930977' target='_blank'><div>ISRCTN57930977</div></a></td>
      <td>Safety and efficacy of the Misago® peripheral self-expanding stent system i...</td>
      <td>Other</td>
      <td>Adult</td>
      <td>2000</td>
    </tr>
    <tr>
      <td><a href='https://www.isrctn.com/ISRCTN81649913' target='_blank'><div>ISRCTN81649913</div></a></td>
      <td>Nobori 2 study to confirm the efficacy and safety of the CE marked Nobori s...</td>
      <td>Device</td>
      <td>Adult</td>
      <td>3000</td>
    </tr>
    <tr>
      <td><a href='https://www.isrctn.com/ISRCTN58138617' target='_blank'><div>ISRCTN58138617</div></a></td>
      <td>Prospective, non-randomised, multi-centre, observational study to confirm t...</td>
      <td>Drug</td>
      <td>Adult</td>
      <td>500</td>
    </tr>
  </tbody>
</table>"
652,-10778362.142073667,3887931.927658844,Valor Medical Inc. (USA),32.9444423,-96.8236745,1.0,1.0,"<table border=""1"" class=""dataframe"">
  <thead>
    <tr style=""text-align: left;"">
      <th>ISRCTN link</th>
      <th>Title</th>
      <th>Intervention type</th>
      <th>Age group</th>
      <th>Target number of participants</th>
    </tr>
  </thead>
  <tbody>
    <tr>
      <td><a href='https://www.isrctn.com/ISRCTN36582296' target='_blank'><div>ISRCTN36582296</div></a></td>
      <td>A safety study of Neucrylate AN™ Liquid Embolic System for the treatment of...</td>
      <td>Other</td>
      <td>Adult</td>
      <td>40</td>
    </tr>
  </tbody>
</table>"
658,557991.5747412666,5988972.166468767,Laboratoires Urgo (France),47.2865486,5.0125236,1.0,1.0,"<table border=""1"" class=""dataframe"">
  <thead>
    <tr style=""text-align: left;"">
      <th>ISRCTN link</th>
      <th>Title</th>
      <th>Intervention type</th>
      <th>Age group</th>
      <th>Target number of participants</th>
    </tr>
  </thead>
  <tbody>
    <tr>
      <td><a href='https://www.isrctn.com/ISRCTN47210331' target='_blank'><div>ISRCTN47210331</div></a></td>
      <td>Efficacy and safety of K-Two® versus Actico® compression system in the mana...</td>
      <td>Other</td>
      <td>Adult</td>
      <td>232</td>
    </tr>
  </tbody>
</table>"
661,-355014.5206675212,7549096.364480496,Lothian NHS Board,55.9531579,-3.1891497,3.0,7.826061944859854,"<table border=""1"" class=""dataframe"">
  <thead>
    <tr style=""text-align: left;"">
      <th>ISRCTN link</th>
      <th>Title</th>
      <th>Intervention type</th>
      <th>Age group</th>
      <th>Target number of participants</th>
    </tr>
  </thead>
  <tbody>
    <tr>
      <td><a href='https://www.isrctn.com/ISRCTN22305120' target='_blank'><div>ISRCTN22305120</div></a></td>
      <td>The role of platelet activation and inflammation in the associated cardiac ...</td>
      <td>Drug</td>
      <td>Adult</td>
      <td>100</td>
    </tr>
    <tr>
      <td><a href='https://www.isrctn.com/ISRCTN93529999' target='_blank'><div>ISRCTN93529999</div></a></td>
      <td>A randomised trial to establish the effectiveness of intermittent pneumatic...</td>
      <td>Other</td>
      <td>Adult</td>
      <td>2000</td>
    </tr>
    <tr>
      <td><a href='https://www.isrctn.com/ISRCTN24439460' target='_blank'><div>ISRCTN24439460</div></a></td>
      <td>The Cardiac CARE Trial – can heart muscle injury related to chemotherapy be...</td>
      <td>Drug</td>
      <td>Adult</td>
      <td>168</td>
    </tr>
  </tbody>
</table>"
670,-275674.8152656957,7004939.944656255,The Stroke Association,53.11846,-2.476429,1.0,1.0,"<table border=""1"" class=""dataframe"">
  <thead>
    <tr style=""text-align: left;"">
      <th>ISRCTN link</th>
      <th>Title</th>
      <th>Intervention type</th>
      <th>Age group</th>
      <th>Target number of participants</th>
    </tr>
  </thead>
  <tbody>
    <tr>
      <td><a href='https://www.isrctn.com/ISRCTN71632550' target='_blank'><div>ISRCTN71632550</div></a></td>
      <td>Functional strength training to improve walking and upper limb function in ...</td>
      <td>Other</td>
      <td>Adult</td>
      <td>58</td>
    </tr>
  </tbody>
</table>"
676,-110184.19896641838,6695828.264260649,Bayer Plc,51.41945339999999,-0.9898015,1.0,1.0,"<table border=""1"" class=""dataframe"">
  <thead>
    <tr style=""text-align: left;"">
      <th>ISRCTN link</th>
      <th>Title</th>
      <th>Intervention type</th>
      <th>Age group</th>
      <th>Target number of participants</th>
    </tr>
  </thead>
  <tbody>
    <tr>
      <td><a href='https://www.isrctn.com/ISRCTN93952605' target='_blank'><div>ISRCTN93952605</div></a></td>
      <td>Educational intervention for atrial fibrillation</td>
      <td>Drug</td>
      <td>Adult</td>
      <td>200</td>
    </tr>
  </tbody>
</table>"
678,-330817.7376624266,7017694.088856182,Datascope Corp. (USA),53.1871671,-2.9717863,1.0,1.0,"<table border=""1"" class=""dataframe"">
  <thead>
    <tr style=""text-align: left;"">
      <th>ISRCTN link</th>
      <th>Title</th>
      <th>Intervention type</th>
      <th>Age group</th>
      <th>Target number of participants</th>
    </tr>
  </thead>
  <tbody>
    <tr>
      <td><a href='https://www.isrctn.com/ISRCTN89012474' target='_blank'><div>ISRCTN89012474</div></a></td>
      <td>Counterpulsation to Reduce Infarct Size pre-percutaneous coronary intervent...</td>
      <td>Other</td>
      <td>Adult</td>
      <td>300</td>
    </tr>
  </tbody>
</table>"
692,-471287.3391828777,7531524.616293998,Glasgow Royal Infirmary,55.8646816,-4.2336462,1.0,1.0,"<table border=""1"" class=""dataframe"">
  <thead>
    <tr style=""text-align: left;"">
      <th>ISRCTN link</th>
      <th>Title</th>
      <th>Intervention type</th>
      <th>Age group</th>
      <th>Target number of participants</th>
    </tr>
  </thead>
  <tbody>
    <tr>
      <td><a href='https://www.isrctn.com/ISRCTN20081026' target='_blank'><div>ISRCTN20081026</div></a></td>
      <td>A randomised controlled trial to assess the impact of audiotaped consultati...</td>
      <td>Other</td>
      <td>Other</td>
      <td>84</td>
    </tr>
  </tbody>
</table>"
694,-288915.5228549673,6703083.532206059,United Bristol Healthcare NHS Trust,51.4600795,-2.5953723,3.0,7.826061944859854,"<table border=""1"" class=""dataframe"">
  <thead>
    <tr style=""text-align: left;"">
      <th>ISRCTN link</th>
      <th>Title</th>
      <th>Intervention type</th>
      <th>Age group</th>
      <th>Target number of participants</th>
    </tr>
  </thead>
  <tbody>
    <tr>
      <td><a href='https://www.isrctn.com/ISRCTN65630838' target='_blank'><div>ISRCTN65630838</div></a></td>
      <td>Selected autologous bone marrow cell transplant following trans-mural myoca...</td>
      <td>Other</td>
      <td>Adult</td>
      <td>60</td>
    </tr>
    <tr>
      <td><a href='https://www.isrctn.com/ISRCTN65770930' target='_blank'><div>ISRCTN65770930</div></a></td>
      <td>Shortening cardioplegic arrest time during combined coronary and valvular s...</td>
      <td>Procedure/Surgery</td>
      <td>Adult</td>
      <td>160</td>
    </tr>
    <tr>
      <td><a href='https://www.isrctn.com/ISRCTN77366282' target='_blank'><div>ISRCTN77366282</div></a></td>
      <td>A randomised controlled trial of median Sternotomy versus anterolateral lef...</td>
      <td>Other</td>
      <td>Adult</td>
      <td>180</td>
    </tr>
  </tbody>
</table>"
706,-457586.62606180104,6518587.628347009,Peninsula Medical School,50.4157354,-4.1105706,1.0,1.0,"<table border=""1"" class=""dataframe"">
  <thead>
    <tr style=""text-align: left;"">
      <th>ISRCTN link</th>
      <th>Title</th>
      <th>Intervention type</th>
      <th>Age group</th>
      <th>Target number of participants</th>
    </tr>
  </thead>
  <tbody>
    <tr>
      <td><a href='https://www.isrctn.com/ISRCTN52215857' target='_blank'><div>ISRCTN52215857</div></a></td>
      <td>Home versus Hospital based cardiac rehabilitation: a randomised trial with ...</td>
      <td>Other</td>
      <td>Adult</td>
      <td>230</td>
    </tr>
  </tbody>
</table>"
707,-26163.341997499534,6713282.276633075,Hammersmith Hospitals NHS Trust,51.5171266,-0.2350293,1.0,1.0,"<table border=""1"" class=""dataframe"">
  <thead>
    <tr style=""text-align: left;"">
      <th>ISRCTN link</th>
      <th>Title</th>
      <th>Intervention type</th>
      <th>Age group</th>
      <th>Target number of participants</th>
    </tr>
  </thead>
  <tbody>
    <tr>
      <td><a href='https://www.isrctn.com/ISRCTN60289857' target='_blank'><div>ISRCTN60289857</div></a></td>
      <td>Investigation of leukocyte trafficking into skin blisters during cardiopulm...</td>
      <td>Drug</td>
      <td>Adult</td>
      <td>48</td>
    </tr>
  </tbody>
</table>"
712,-9800232.641737688,5191425.60548107,Fresenius Kabi (Germany),42.2029273,-88.0369877,1.0,1.0,"<table border=""1"" class=""dataframe"">
  <thead>
    <tr style=""text-align: left;"">
      <th>ISRCTN link</th>
      <th>Title</th>
      <th>Intervention type</th>
      <th>Age group</th>
      <th>Target number of participants</th>
    </tr>
  </thead>
  <tbody>
    <tr>
      <td><a href='https://www.isrctn.com/ISRCTN70166506' target='_blank'><div>ISRCTN70166506</div></a></td>
      <td>The effect of intravenous fluids on abdominal aortic aneurysm surgery</td>
      <td>Drug</td>
      <td>Not Specified</td>
      <td>60</td>
    </tr>
  </tbody>
</table>"
716,-8889287.927263563,5352041.053729503,Population Health Research Institute (PHRI) (Canada),43.2626851,-79.85383209999999,1.0,1.0,"<table border=""1"" class=""dataframe"">
  <thead>
    <tr style=""text-align: left;"">
      <th>ISRCTN link</th>
      <th>Title</th>
      <th>Intervention type</th>
      <th>Age group</th>
      <th>Target number of participants</th>
    </tr>
  </thead>
  <tbody>
    <tr>
      <td><a href='https://www.isrctn.com/ISRCTN84724990' target='_blank'><div>ISRCTN84724990</div></a></td>
      <td>Coronary artery bypass graft (CABG) off- or on-pump revascularisation study</td>
      <td>Other</td>
      <td>Adult</td>
      <td>4700</td>
    </tr>
  </tbody>
</table>"
719,-8596802.410602754,4741464.524886426,Sorin Biomedica Cardio S.R.L (Italy),39.138044,-77.22639,1.0,1.0,"<table border=""1"" class=""dataframe"">
  <thead>
    <tr style=""text-align: left;"">
      <th>ISRCTN link</th>
      <th>Title</th>
      <th>Intervention type</th>
      <th>Age group</th>
      <th>Target number of participants</th>
    </tr>
  </thead>
  <tbody>
    <tr>
      <td><a href='https://www.isrctn.com/ISRCTN95484395' target='_blank'><div>ISRCTN95484395</div></a></td>
      <td>Mitroflow® vs Perimount® international clinical evaluation</td>
      <td>Other</td>
      <td>Not Specified</td>
      <td>150</td>
    </tr>
  </tbody>
</table>"
726,-11834.375066232915,6712606.173857521,The Health Foundation,51.513347,-0.10631,2.0,5.306765580733931,"<table border=""1"" class=""dataframe"">
  <thead>
    <tr style=""text-align: left;"">
      <th>ISRCTN link</th>
      <th>Title</th>
      <th>Intervention type</th>
      <th>Age group</th>
      <th>Target number of participants</th>
    </tr>
  </thead>
  <tbody>
    <tr>
      <td><a href='https://www.isrctn.com/ISRCTN69862441' target='_blank'><div>ISRCTN69862441</div></a></td>
      <td>A pragmatic randomised trial of exercise training in older people with hear...</td>
      <td>Other</td>
      <td>Senior</td>
      <td>82</td>
    </tr>
    <tr>
      <td><a href='https://www.isrctn.com/ISRCTN07337345' target='_blank'><div>ISRCTN07337345</div></a></td>
      <td>Trial of Homocysteine Reduction In the prevention of Vascular Events and De...</td>
      <td>Supplement</td>
      <td>Senior</td>
      <td>100</td>
    </tr>
  </tbody>
</table>"
731,-330037.36576806754,7059192.934205879,Royal Liverpool and Broadgreen University Hospitals NHS Trust,53.4099629,-2.9647761,3.0,7.826061944859854,"<table border=""1"" class=""dataframe"">
  <thead>
    <tr style=""text-align: left;"">
      <th>ISRCTN link</th>
      <th>Title</th>
      <th>Intervention type</th>
      <th>Age group</th>
      <th>Target number of participants</th>
    </tr>
  </thead>
  <tbody>
    <tr>
      <td><a href='https://www.isrctn.com/ISRCTN06531828' target='_blank'><div>ISRCTN06531828</div></a></td>
      <td>Optimisation of defibrillation for ventricular fibrillation: the use of low...</td>
      <td>Other</td>
      <td>Not Specified</td>
      <td>110</td>
    </tr>
    <tr>
      <td><a href='https://www.isrctn.com/ISRCTN11449939' target='_blank'><div>ISRCTN11449939</div></a></td>
      <td>Evaluating Fractional Flow Reserve computed from Cardiac CT images</td>
      <td>Other</td>
      <td>Adult</td>
      <td>80</td>
    </tr>
    <tr>
      <td><a href='https://www.isrctn.com/ISRCTN85731188' target='_blank'><div>ISRCTN85731188</div></a></td>
      <td>A comparison study of open surgery, minimal invasive surgery and medical ma...</td>
      <td>Procedure/Surgery</td>
      <td>Adult</td>
      <td>2000</td>
    </tr>
  </tbody>
</table>"
733,-241309.8205408674,6977150.384824263,North Staffordshire Combined Healthcare NHS Trust,52.9683755,-2.167723,1.0,1.0,"<table border=""1"" class=""dataframe"">
  <thead>
    <tr style=""text-align: left;"">
      <th>ISRCTN link</th>
      <th>Title</th>
      <th>Intervention type</th>
      <th>Age group</th>
      <th>Target number of participants</th>
    </tr>
  </thead>
  <tbody>
    <tr>
      <td><a href='https://www.isrctn.com/ISRCTN52416964' target='_blank'><div>ISRCTN52416964</div></a></td>
      <td>The Stroke Oxygen Study: a multi-centre, prospective, randomised, open, bli...</td>
      <td>Drug</td>
      <td>Adult</td>
      <td>6000</td>
    </tr>
  </tbody>
</table>"
743,-78755.66769337858,6595301.520036732,Respironics Inc. (USA),50.852826,-0.7074741999999999,1.0,1.0,"<table border=""1"" class=""dataframe"">
  <thead>
    <tr style=""text-align: left;"">
      <th>ISRCTN link</th>
      <th>Title</th>
      <th>Intervention type</th>
      <th>Age group</th>
      <th>Target number of participants</th>
    </tr>
  </thead>
  <tbody>
    <tr>
      <td><a href='https://www.isrctn.com/ISRCTN04353156' target='_blank'><div>ISRCTN04353156</div></a></td>
      <td>Randomised controlled trial of BiPAP autoSV™ therapy in patients with chron...</td>
      <td>Other</td>
      <td>Adult</td>
      <td>70</td>
    </tr>
  </tbody>
</table>"
747,-15569.778503444766,6714439.720364028,British Cardiovascular Interventional Society,51.52359629999999,-0.1398657,1.0,1.0,"<table border=""1"" class=""dataframe"">
  <thead>
    <tr style=""text-align: left;"">
      <th>ISRCTN link</th>
      <th>Title</th>
      <th>Intervention type</th>
      <th>Age group</th>
      <th>Target number of participants</th>
    </tr>
  </thead>
  <tbody>
    <tr>
      <td><a href='https://www.isrctn.com/ISRCTN40553718' target='_blank'><div>ISRCTN40553718</div></a></td>
      <td>Balloon pump assisted Coronary Intervention Study</td>
      <td>Drug</td>
      <td>Adult</td>
      <td>300</td>
    </tr>
  </tbody>
</table>"
758,-201661.69183858295,6903527.615867217,Good Hope Hospital NHS Trust,52.5682273,-1.8115578,1.0,1.0,"<table border=""1"" class=""dataframe"">
  <thead>
    <tr style=""text-align: left;"">
      <th>ISRCTN link</th>
      <th>Title</th>
      <th>Intervention type</th>
      <th>Age group</th>
      <th>Target number of participants</th>
    </tr>
  </thead>
  <tbody>
    <tr>
      <td><a href='https://www.isrctn.com/ISRCTN12205645' target='_blank'><div>ISRCTN12205645</div></a></td>
      <td>A randomised study on use of impedance cardiography for optimisation of car...</td>
      <td>Other</td>
      <td>Not Specified</td>
      <td>80</td>
    </tr>
  </tbody>
</table>"
759,-19269.760078686195,6697117.204325361,St. George's Hospital Charitable Foundation,51.4266735,-0.1731032,1.0,1.0,"<table border=""1"" class=""dataframe"">
  <thead>
    <tr style=""text-align: left;"">
      <th>ISRCTN link</th>
      <th>Title</th>
      <th>Intervention type</th>
      <th>Age group</th>
      <th>Target number of participants</th>
    </tr>
  </thead>
  <tbody>
    <tr>
      <td><a href='https://www.isrctn.com/ISRCTN41309956' target='_blank'><div>ISRCTN41309956</div></a></td>
      <td>The role of high dose statins in the prevention of postoperative atrial fib...</td>
      <td>Drug</td>
      <td>Adult</td>
      <td>450</td>
    </tr>
  </tbody>
</table>"
760,-173258.43470708656,7132544.15162978,Heart Research,53.80092759999999,-1.556407,1.0,1.0,"<table border=""1"" class=""dataframe"">
  <thead>
    <tr style=""text-align: left;"">
      <th>ISRCTN link</th>
      <th>Title</th>
      <th>Intervention type</th>
      <th>Age group</th>
      <th>Target number of participants</th>
    </tr>
  </thead>
  <tbody>
    <tr>
      <td><a href='https://www.isrctn.com/ISRCTN99667121' target='_blank'><div>ISRCTN99667121</div></a></td>
      <td>Testosterone therapy as an adjunct to exercise rehabilitation: effects on e...</td>
      <td>Drug</td>
      <td>Adult</td>
      <td>36</td>
    </tr>
  </tbody>
</table>"
762,788868.1318548216,5406149.8437066525,European Society of Cardiology (France),43.6156196,7.086523000000001,1.0,1.0,"<table border=""1"" class=""dataframe"">
  <thead>
    <tr style=""text-align: left;"">
      <th>ISRCTN link</th>
      <th>Title</th>
      <th>Intervention type</th>
      <th>Age group</th>
      <th>Target number of participants</th>
    </tr>
  </thead>
  <tbody>
    <tr>
      <td><a href='https://www.isrctn.com/ISRCTN71715857' target='_blank'><div>ISRCTN71715857</div></a></td>
      <td>EUROACTION - A European wide effort to raise the standards of preventive ca...</td>
      <td>Other</td>
      <td>Adult</td>
      <td>10000</td>
    </tr>
  </tbody>
</table>"
763,-8188377.722204395,5702373.386351671,Centre Hosp. de l'Université de Montréal (CHUM) (Canada),45.5112735,-73.5574486,1.0,1.0,"<table border=""1"" class=""dataframe"">
  <thead>
    <tr style=""text-align: left;"">
      <th>ISRCTN link</th>
      <th>Title</th>
      <th>Intervention type</th>
      <th>Age group</th>
      <th>Target number of participants</th>
    </tr>
  </thead>
  <tbody>
    <tr>
      <td><a href='https://www.isrctn.com/ISRCTN62758344' target='_blank'><div>ISRCTN62758344</div></a></td>
      <td>Trial on Endovascular Management of Unruptured Aneurysms</td>
      <td>Procedure/Surgery</td>
      <td>Adult</td>
      <td>2000</td>
    </tr>
  </tbody>
</table>"
768,-469090.89431003557,7536884.005817471,Greater Glasgow Primary Care NHS Trust,55.8916883,-4.2139152,2.0,5.306765580733931,"<table border=""1"" class=""dataframe"">
  <thead>
    <tr style=""text-align: left;"">
      <th>ISRCTN link</th>
      <th>Title</th>
      <th>Intervention type</th>
      <th>Age group</th>
      <th>Target number of participants</th>
    </tr>
  </thead>
  <tbody>
    <tr>
      <td><a href='https://www.isrctn.com/ISRCTN61233866' target='_blank'><div>ISRCTN61233866</div></a></td>
      <td>A cluster randomised controlled trial of the effectiveness and cost effecti...</td>
      <td>Drug</td>
      <td>Not Specified</td>
      <td>30</td>
    </tr>
    <tr>
      <td><a href='https://www.isrctn.com/ISRCTN70118765' target='_blank'><div>ISRCTN70118765</div></a></td>
      <td>Preventing hospitalisation and early death from chronic heart failure in pr...</td>
      <td>Other</td>
      <td>Adult</td>
      <td>2400</td>
    </tr>
  </tbody>
</table>"
777,951548.7881716478,6001444.723677227,Bioheart Inc. (USA),47.3624963,8.5479082,1.0,1.0,"<table border=""1"" class=""dataframe"">
  <thead>
    <tr style=""text-align: left;"">
      <th>ISRCTN link</th>
      <th>Title</th>
      <th>Intervention type</th>
      <th>Age group</th>
      <th>Target number of participants</th>
    </tr>
  </thead>
  <tbody>
    <tr>
      <td><a href='https://www.isrctn.com/ISRCTN17181395' target='_blank'><div>ISRCTN17181395</div></a></td>
      <td>A Phase II, Open-label, Randomized, Multicenter Study to Assess the Safety ...</td>
      <td>Drug</td>
      <td>Adult</td>
      <td>46</td>
    </tr>
  </tbody>
</table>"
804,-357136.5373288189,7548974.243580259,The Peel Trust Fund,55.9525437,-3.2082121,1.0,1.0,"<table border=""1"" class=""dataframe"">
  <thead>
    <tr style=""text-align: left;"">
      <th>ISRCTN link</th>
      <th>Title</th>
      <th>Intervention type</th>
      <th>Age group</th>
      <th>Target number of participants</th>
    </tr>
  </thead>
  <tbody>
    <tr>
      <td><a href='https://www.isrctn.com/ISRCTN80334919' target='_blank'><div>ISRCTN80334919</div></a></td>
      <td>Double Blind Randomised Placebo Controlled Trial of Oral Co-trimoxazole in ...</td>
      <td>Drug</td>
      <td>Adult</td>
      <td>20</td>
    </tr>
  </tbody>
</table>"
806,-132098.2310974589,6972713.112406033,Queens Medical Centre University Hospital,52.9443625,-1.1866586,1.0,1.0,"<table border=""1"" class=""dataframe"">
  <thead>
    <tr style=""text-align: left;"">
      <th>ISRCTN link</th>
      <th>Title</th>
      <th>Intervention type</th>
      <th>Age group</th>
      <th>Target number of participants</th>
    </tr>
  </thead>
  <tbody>
    <tr>
      <td><a href='https://www.isrctn.com/ISRCTN16302432' target='_blank'><div>ISRCTN16302432</div></a></td>
      <td>Impact of specialist care in patients with newly diagnosed heart failure</td>
      <td>Other</td>
      <td>Adult</td>
      <td>114</td>
    </tr>
  </tbody>
</table>"
823,732397.757926228,6721938.507983967,Solvay Pharmaceuticals (Germany),51.5654896,6.579241,1.0,1.0,"<table border=""1"" class=""dataframe"">
  <thead>
    <tr style=""text-align: left;"">
      <th>ISRCTN link</th>
      <th>Title</th>
      <th>Intervention type</th>
      <th>Age group</th>
      <th>Target number of participants</th>
    </tr>
  </thead>
  <tbody>
    <tr>
      <td><a href='https://www.isrctn.com/ISRCTN55725285' target='_blank'><div>ISRCTN55725285</div></a></td>
      <td>A novel approach to treatment of hypertension in diabetic patients - A mult...</td>
      <td>Other</td>
      <td>Not Specified</td>
      <td>0</td>
    </tr>
  </tbody>
</table>"
834,-36524.615110115985,6634006.366566513,Action Medical Research,51.0718125,-0.3281062,1.0,1.0,"<table border=""1"" class=""dataframe"">
  <thead>
    <tr style=""text-align: left;"">
      <th>ISRCTN link</th>
      <th>Title</th>
      <th>Intervention type</th>
      <th>Age group</th>
      <th>Target number of participants</th>
    </tr>
  </thead>
  <tbody>
    <tr>
      <td><a href='https://www.isrctn.com/ISRCTN74167784' target='_blank'><div>ISRCTN74167784</div></a></td>
      <td>Exercise training early after stroke: a feasibility study</td>
      <td>Other</td>
      <td>Adult</td>
      <td>60</td>
    </tr>
  </tbody>
</table>"
839,-8879571.750600096,5370771.723865677,Boehringer Ingelheim (Canada) Ltd,43.3850923,-79.76655020000001,2.0,5.306765580733931,"<table border=""1"" class=""dataframe"">
  <thead>
    <tr style=""text-align: left;"">
      <th>ISRCTN link</th>
      <th>Title</th>
      <th>Intervention type</th>
      <th>Age group</th>
      <th>Target number of participants</th>
    </tr>
  </thead>
  <tbody>
    <tr>
      <td><a href='https://www.isrctn.com/ISRCTN75807641' target='_blank'><div>ISRCTN75807641</div></a></td>
      <td>Telmisartan randomised assessment study in ACE intolerant subjects with car...</td>
      <td>Drug</td>
      <td>Adult</td>
      <td>6000</td>
    </tr>
    <tr>
      <td><a href='https://www.isrctn.com/ISRCTN16228603' target='_blank'><div>ISRCTN16228603</div></a></td>
      <td>Ongoing telmisartan alone or in combination with ramipril global endpoint t...</td>
      <td>Drug</td>
      <td>Adult</td>
      <td>31546</td>
    </tr>
  </tbody>
</table>"
857,1048615.1317388339,7321698.293486482,St. Franziskus Hospital,54.7925,9.41987,1.0,1.0,"<table border=""1"" class=""dataframe"">
  <thead>
    <tr style=""text-align: left;"">
      <th>ISRCTN link</th>
      <th>Title</th>
      <th>Intervention type</th>
      <th>Age group</th>
      <th>Target number of participants</th>
    </tr>
  </thead>
  <tbody>
    <tr>
      <td><a href='https://www.isrctn.com/ISRCTN19619299' target='_blank'><div>ISRCTN19619299</div></a></td>
      <td>Creating a registry of data of patients who have undergone endovascular rec...</td>
      <td>Device</td>
      <td>Adult</td>
      <td>0</td>
    </tr>
  </tbody>
</table>"
866,241381.77745971616,6255902.210017566,The Medicines Company,48.8881391,2.1683694,1.0,1.0,"<table border=""1"" class=""dataframe"">
  <thead>
    <tr style=""text-align: left;"">
      <th>ISRCTN link</th>
      <th>Title</th>
      <th>Intervention type</th>
      <th>Age group</th>
      <th>Target number of participants</th>
    </tr>
  </thead>
  <tbody>
    <tr>
      <td><a href='https://www.isrctn.com/ISRCTN88876914' target='_blank'><div>ISRCTN88876914</div></a></td>
      <td>A double-blind randomized placebo-controlled trial assessing the effects of...</td>
      <td>Drug</td>
      <td>Senior</td>
      <td>15000</td>
    </tr>
  </tbody>
</table>"
892,-288606.93409453926,6702999.93489192,South West NHS R&D Directorate,51.4596116,-2.5926002,1.0,1.0,"<table border=""1"" class=""dataframe"">
  <thead>
    <tr style=""text-align: left;"">
      <th>ISRCTN link</th>
      <th>Title</th>
      <th>Intervention type</th>
      <th>Age group</th>
      <th>Target number of participants</th>
    </tr>
  </thead>
  <tbody>
    <tr>
      <td><a href='https://www.isrctn.com/ISRCTN07549334' target='_blank'><div>ISRCTN07549334</div></a></td>
      <td>A study to investigate the Effect of Surgery and Compression on Healing And...</td>
      <td>Other</td>
      <td>Not Specified</td>
      <td>500</td>
    </tr>
  </tbody>
</table>"
893,-14332.373307684895,6714896.485103432,Intensive Care National Audit and Research Centre,51.5261492,-0.1287499,1.0,1.0,"<table border=""1"" class=""dataframe"">
  <thead>
    <tr style=""text-align: left;"">
      <th>ISRCTN link</th>
      <th>Title</th>
      <th>Intervention type</th>
      <th>Age group</th>
      <th>Target number of participants</th>
    </tr>
  </thead>
  <tbody>
    <tr>
      <td><a href='https://www.isrctn.com/ISRCTN10580502' target='_blank'><div>ISRCTN10580502</div></a></td>
      <td>The 65 trial</td>
      <td>Other</td>
      <td>Adult</td>
      <td>2600</td>
    </tr>
  </tbody>
</table>"
896,-13399.827669411483,6589252.163352294,Brighton and Sussex University Hospitals NHS Trust,50.8185063,-0.1203727,5.0,11.0,"<table border=""1"" class=""dataframe"">
  <thead>
    <tr style=""text-align: left;"">
      <th>ISRCTN link</th>
      <th>Title</th>
      <th>Intervention type</th>
      <th>Age group</th>
      <th>Target number of participants</th>
    </tr>
  </thead>
  <tbody>
    <tr>
      <td><a href='https://www.isrctn.com/ISRCTN10487159' target='_blank'><div>ISRCTN10487159</div></a></td>
      <td>Revascularisation or medical therapy in elderly patients with acute anginal...</td>
      <td>Mixed</td>
      <td>Senior</td>
      <td>750</td>
    </tr>
    <tr>
      <td><a href='https://www.isrctn.com/ISRCTN87206264' target='_blank'><div>ISRCTN87206264</div></a></td>
      <td>Nordic-Baltic-British left main revascularisation study</td>
      <td>Other</td>
      <td>Not Specified</td>
      <td>1200</td>
    </tr>
    <tr>
      <td><a href='https://www.isrctn.com/ISRCTN92243650' target='_blank'><div>ISRCTN92243650</div></a></td>
      <td>Xience® or Vision® stent - Management of Angina in the elderly</td>
      <td>Other</td>
      <td>Adult</td>
      <td>800</td>
    </tr>
    <tr>
      <td><a href='https://www.isrctn.com/ISRCTN10615430' target='_blank'><div>ISRCTN10615430</div></a></td>
      <td>Electrical mapping of the inside and outside of the heart during atrial fib...</td>
      <td>Other</td>
      <td>Adult</td>
      <td>20</td>
    </tr>
    <tr>
      <td><a href='https://www.isrctn.com/ISRCTN38385178' target='_blank'><div>ISRCTN38385178</div></a></td>
      <td>A randomised comparison of cardioversion and catheter cryoablation in patie...</td>
      <td>Procedure/Surgery</td>
      <td>Adult</td>
      <td>150</td>
    </tr>
  </tbody>
</table>"
898,-390131.96835841757,6571487.683851399,Royal Devon and Exeter NHS Foundation Trust,50.7175775,-3.5046151,2.0,5.306765580733931,"<table border=""1"" class=""dataframe"">
  <thead>
    <tr style=""text-align: left;"">
      <th>ISRCTN link</th>
      <th>Title</th>
      <th>Intervention type</th>
      <th>Age group</th>
      <th>Target number of participants</th>
    </tr>
  </thead>
  <tbody>
    <tr>
      <td><a href='https://www.isrctn.com/ISRCTN67937027' target='_blank'><div>ISRCTN67937027</div></a></td>
      <td>Modified Valsalva Effectivness in Re-entrant Tachycardias (REVERT) study</td>
      <td>Other</td>
      <td>Adult</td>
      <td>372</td>
    </tr>
    <tr>
      <td><a href='https://www.isrctn.com/ISRCTN63816609' target='_blank'><div>ISRCTN63816609</div></a></td>
      <td>Improving the prevention of vascular events after stroke or transient ische...</td>
      <td>Other</td>
      <td>Adult</td>
      <td>30</td>
    </tr>
  </tbody>
</table>"
900,-660848.2684137594,7286371.64180247,Belfast Health and Social Care Trust,54.60912399999999,-5.936501,5.0,11.0,"<table border=""1"" class=""dataframe"">
  <thead>
    <tr style=""text-align: left;"">
      <th>ISRCTN link</th>
      <th>Title</th>
      <th>Intervention type</th>
      <th>Age group</th>
      <th>Target number of participants</th>
    </tr>
  </thead>
  <tbody>
    <tr>
      <td><a href='https://www.isrctn.com/ISRCTN74393113' target='_blank'><div>ISRCTN74393113</div></a></td>
      <td>Biophysical & psychosocial wellbeing in children with congenital heart dise...</td>
      <td>Other</td>
      <td>Child</td>
      <td>180</td>
    </tr>
    <tr>
      <td><a href='https://www.isrctn.com/ISRCTN27986270' target='_blank'><div>ISRCTN27986270</div></a></td>
      <td>Biophysical & psychosocial wellbeing in teenagers with congenital heart dis...</td>
      <td>Other</td>
      <td>Child</td>
      <td>180</td>
    </tr>
    <tr>
      <td><a href='https://www.isrctn.com/ISRCTN27369400' target='_blank'><div>ISRCTN27369400</div></a></td>
      <td>Ascorbic Acid in open Abdominal Aortic Aneurysm repair</td>
      <td>Drug</td>
      <td>Adult</td>
      <td>31</td>
    </tr>
    <tr>
      <td><a href='https://www.isrctn.com/ISRCTN41260134' target='_blank'><div>ISRCTN41260134</div></a></td>
      <td>Effect of statins on functional regulation of endothelial nitric oxide synt...</td>
      <td>Drug</td>
      <td>Adult</td>
      <td>60</td>
    </tr>
    <tr>
      <td><a href='https://www.isrctn.com/ISRCTN21269614' target='_blank'><div>ISRCTN21269614</div></a></td>
      <td>Insulin action and hypertension: effects of hyperaldosteronism and its trea...</td>
      <td>Drug</td>
      <td>Adult</td>
      <td>16</td>
    </tr>
  </tbody>
</table>"
901,-14506.298880100305,6713958.059816249,London School of Hygiene and Tropical Medicine,51.5209041,-0.1303123,1.0,1.0,"<table border=""1"" class=""dataframe"">
  <thead>
    <tr style=""text-align: left;"">
      <th>ISRCTN link</th>
      <th>Title</th>
      <th>Intervention type</th>
      <th>Age group</th>
      <th>Target number of participants</th>
    </tr>
  </thead>
  <tbody>
    <tr>
      <td><a href='https://www.isrctn.com/ISRCTN30952488' target='_blank'><div>ISRCTN30952488</div></a></td>
      <td>Web-based investigation of statin side-effects</td>
      <td>Drug</td>
      <td>Adult</td>
      <td>200</td>
    </tr>
  </tbody>
</table>"
902,-19011.098109878945,6707881.621036919,Royal Brompton and Harefield NHS Trust,51.4869267,-0.1707796,4.0,9.613531161467861,"<table border=""1"" class=""dataframe"">
  <thead>
    <tr style=""text-align: left;"">
      <th>ISRCTN link</th>
      <th>Title</th>
      <th>Intervention type</th>
      <th>Age group</th>
      <th>Target number of participants</th>
    </tr>
  </thead>
  <tbody>
    <tr>
      <td><a href='https://www.isrctn.com/ISRCTN15915491' target='_blank'><div>ISRCTN15915491</div></a></td>
      <td>Iloprost in patients with Eisenmenger syndrome</td>
      <td>Drug</td>
      <td>Adult</td>
      <td>15</td>
    </tr>
    <tr>
      <td><a href='https://www.isrctn.com/ISRCTN99704819' target='_blank'><div>ISRCTN99704819</div></a></td>
      <td>Sleep-disordered breathing in patients with implanted cardiac devices: asse...</td>
      <td>Device</td>
      <td>Adult</td>
      <td>40</td>
    </tr>
    <tr>
      <td><a href='https://www.isrctn.com/ISRCTN18250790' target='_blank'><div>ISRCTN18250790</div></a></td>
      <td>Catheter versus thoracoscopic surgical ablation in long standing persistent...</td>
      <td>Procedure/Surgery</td>
      <td>Adult</td>
      <td>120</td>
    </tr>
    <tr>
      <td><a href='https://www.isrctn.com/ISRCTN42475919' target='_blank'><div>ISRCTN42475919</div></a></td>
      <td>An optical coherence tomography study to determine stent coverage in polyme...</td>
      <td>Other</td>
      <td>Adult</td>
      <td>40</td>
    </tr>
  </tbody>
</table>"
903,-171173.5987557138,7050809.980771261,Sheffield Health and Social Care NHS Foundation Trust,53.3650508,-1.5376786,2.0,5.306765580733931,"<table border=""1"" class=""dataframe"">
  <thead>
    <tr style=""text-align: left;"">
      <th>ISRCTN link</th>
      <th>Title</th>
      <th>Intervention type</th>
      <th>Age group</th>
      <th>Target number of participants</th>
    </tr>
  </thead>
  <tbody>
    <tr>
      <td><a href='https://www.isrctn.com/ISRCTN16899826' target='_blank'><div>ISRCTN16899826</div></a></td>
      <td>Development and feasibility-testing of a home-based exercise training and c...</td>
      <td>Other</td>
      <td>Adult</td>
      <td>58</td>
    </tr>
    <tr>
      <td><a href='https://www.isrctn.com/ISRCTN10205425' target='_blank'><div>ISRCTN10205425</div></a></td>
      <td>Feasibility of an Exercise Intervention in Patients with Venous Ulcers</td>
      <td>Other</td>
      <td>Adult</td>
      <td>80</td>
    </tr>
  </tbody>
</table>"
905,-29302.67408930972,6708665.194160314,R&D Hammersmith Hospital,51.4913096,-0.2632304,1.0,1.0,"<table border=""1"" class=""dataframe"">
  <thead>
    <tr style=""text-align: left;"">
      <th>ISRCTN link</th>
      <th>Title</th>
      <th>Intervention type</th>
      <th>Age group</th>
      <th>Target number of participants</th>
    </tr>
  </thead>
  <tbody>
    <tr>
      <td><a href='https://www.isrctn.com/ISRCTN85570732' target='_blank'><div>ISRCTN85570732</div></a></td>
      <td>Effect of postoperative nasal ventilation in patients undergoing coronary a...</td>
      <td>Other</td>
      <td>Adult</td>
      <td>200</td>
    </tr>
  </tbody>
</table>"
906,-338264.14330446837,7651420.361851727,Ninewells Hospital and Medical School,56.4643743,-3.0386785,1.0,1.0,"<table border=""1"" class=""dataframe"">
  <thead>
    <tr style=""text-align: left;"">
      <th>ISRCTN link</th>
      <th>Title</th>
      <th>Intervention type</th>
      <th>Age group</th>
      <th>Target number of participants</th>
    </tr>
  </thead>
  <tbody>
    <tr>
      <td><a href='https://www.isrctn.com/ISRCTN93126600' target='_blank'><div>ISRCTN93126600</div></a></td>
      <td>Does the ALDOsterone:RENin ratio predict the efficacy of spironolactone ove...</td>
      <td>Drug</td>
      <td>Not Specified</td>
      <td>120</td>
    </tr>
  </tbody>
</table>"
907,-390333.70153963316,6571376.073859549,Royal Devon and Exeter Hospital,50.7169427,-3.5064273,1.0,1.0,"<table border=""1"" class=""dataframe"">
  <thead>
    <tr style=""text-align: left;"">
      <th>ISRCTN link</th>
      <th>Title</th>
      <th>Intervention type</th>
      <th>Age group</th>
      <th>Target number of participants</th>
    </tr>
  </thead>
  <tbody>
    <tr>
      <td><a href='https://www.isrctn.com/ISRCTN57475376' target='_blank'><div>ISRCTN57475376</div></a></td>
      <td>Diagnosing and treating severe hypertension</td>
      <td>Other</td>
      <td>Adult</td>
      <td>100</td>
    </tr>
  </tbody>
</table>"
910,-322779.80251020746,7059567.397364316,Liverpool Heart and Chest Hospital NHS Trust,53.41196799999999,-2.8995803,1.0,1.0,"<table border=""1"" class=""dataframe"">
  <thead>
    <tr style=""text-align: left;"">
      <th>ISRCTN link</th>
      <th>Title</th>
      <th>Intervention type</th>
      <th>Age group</th>
      <th>Target number of participants</th>
    </tr>
  </thead>
  <tbody>
    <tr>
      <td><a href='https://www.isrctn.com/ISRCTN51223303' target='_blank'><div>ISRCTN51223303</div></a></td>
      <td>Systematic Assessment of the Cook Radial shEath Device</td>
      <td>Device</td>
      <td>Adult</td>
      <td>415</td>
    </tr>
  </tbody>
</table>"
911,-18952.878016194063,6708198.8206126075,Royal Brompton and Harefield NHS Foundation Trust,51.488701,-0.1702566,1.0,1.0,"<table border=""1"" class=""dataframe"">
  <thead>
    <tr style=""text-align: left;"">
      <th>ISRCTN link</th>
      <th>Title</th>
      <th>Intervention type</th>
      <th>Age group</th>
      <th>Target number of participants</th>
    </tr>
  </thead>
  <tbody>
    <tr>
      <td><a href='https://www.isrctn.com/ISRCTN03530985' target='_blank'><div>ISRCTN03530985</div></a></td>
      <td>Comparison of outcomes following aortic valve replacement with two differen...</td>
      <td>Other</td>
      <td>Adult</td>
      <td>216</td>
    </tr>
  </tbody>
</table>"
914,-355137.86266332015,6711434.414331684,Cardiff and Vale University Health Board,51.50679580000001,-3.1902577,1.0,1.0,"<table border=""1"" class=""dataframe"">
  <thead>
    <tr style=""text-align: left;"">
      <th>ISRCTN link</th>
      <th>Title</th>
      <th>Intervention type</th>
      <th>Age group</th>
      <th>Target number of participants</th>
    </tr>
  </thead>
  <tbody>
    <tr>
      <td><a href='https://www.isrctn.com/ISRCTN24438635' target='_blank'><div>ISRCTN24438635</div></a></td>
      <td>MIST ultrasound therapy compared to UK standard care for the treatment of n...</td>
      <td>Procedure/Surgery</td>
      <td>Adult</td>
      <td>40</td>
    </tr>
  </tbody>
</table>"
920,-14685.701371462746,6716733.446428423,Camden and Islington NHS Foundation Trust,51.53641469999999,-0.1319239,1.0,1.0,"<table border=""1"" class=""dataframe"">
  <thead>
    <tr style=""text-align: left;"">
      <th>ISRCTN link</th>
      <th>Title</th>
      <th>Intervention type</th>
      <th>Age group</th>
      <th>Target number of participants</th>
    </tr>
  </thead>
  <tbody>
    <tr>
      <td><a href='https://www.isrctn.com/ISRCTN13762819' target='_blank'><div>ISRCTN13762819</div></a></td>
      <td>Managing cardiovascular risk for people with severe mental illnesses. A cli...</td>
      <td>Other</td>
      <td>Adult</td>
      <td>350</td>
    </tr>
  </tbody>
</table>"
941,-160931.59334553327,6728917.101549039,NHS R&D 'Time-Limited' National Programmes,51.6044421,-1.4456731,1.0,1.0,"<table border=""1"" class=""dataframe"">
  <thead>
    <tr style=""text-align: left;"">
      <th>ISRCTN link</th>
      <th>Title</th>
      <th>Intervention type</th>
      <th>Age group</th>
      <th>Target number of participants</th>
    </tr>
  </thead>
  <tbody>
    <tr>
      <td><a href='https://www.isrctn.com/ISRCTN76824295' target='_blank'><div>ISRCTN76824295</div></a></td>
      <td>Rehabilitation by limb activation training reduces left-sided motor impairm...</td>
      <td>Other</td>
      <td>Not Specified</td>
      <td>0</td>
    </tr>
  </tbody>
</table>"
947,-8317161.604706618,4908060.557581317,Bristol-Myers Squibb Company (USA),40.2892212,-74.7143339,1.0,1.0,"<table border=""1"" class=""dataframe"">
  <thead>
    <tr style=""text-align: left;"">
      <th>ISRCTN link</th>
      <th>Title</th>
      <th>Intervention type</th>
      <th>Age group</th>
      <th>Target number of participants</th>
    </tr>
  </thead>
  <tbody>
    <tr>
      <td><a href='https://www.isrctn.com/ISRCTN40976937' target='_blank'><div>ISRCTN40976937</div></a></td>
      <td>PROspective Study of Pravastatin in the Elderly at Risk (PROSPER)</td>
      <td>Drug</td>
      <td>Senior</td>
      <td>5500</td>
    </tr>
  </tbody>
</table>"
959,135840.41389166008,6912499.007155243,Norfolk and Norwich University Hospitals NHS Foundation Trust,52.6171847,1.2202752,5.0,11.0,"<table border=""1"" class=""dataframe"">
  <thead>
    <tr style=""text-align: left;"">
      <th>ISRCTN link</th>
      <th>Title</th>
      <th>Intervention type</th>
      <th>Age group</th>
      <th>Target number of participants</th>
    </tr>
  </thead>
  <tbody>
    <tr>
      <td><a href='https://www.isrctn.com/ISRCTN16356908' target='_blank'><div>ISRCTN16356908</div></a></td>
      <td>Effects of inorganic nitrite on cardiac and skeletal muscle</td>
      <td>Other</td>
      <td>Adult</td>
      <td>56</td>
    </tr>
    <tr>
      <td><a href='https://www.isrctn.com/ISRCTN86192648' target='_blank'><div>ISRCTN86192648</div></a></td>
      <td>Effectiveness and cost effectiveness of self-monitoring and treatment of bl...</td>
      <td>Other</td>
      <td>Adult</td>
      <td>156</td>
    </tr>
    <tr>
      <td><a href='https://www.isrctn.com/ISRCTN42688361' target='_blank'><div>ISRCTN42688361</div></a></td>
      <td>Following stroke or TIA can patient screening & enhanced risk factor manage...</td>
      <td>Procedure/Surgery</td>
      <td>Adult</td>
      <td>100</td>
    </tr>
    <tr>
      <td><a href='https://www.isrctn.com/ISRCTN32451749' target='_blank'><div>ISRCTN32451749</div></a></td>
      <td>An exploratory randomised controlled trial of a DEPression Recognition and ...</td>
      <td>Other</td>
      <td>Adult</td>
      <td>126</td>
    </tr>
    <tr>
      <td><a href='https://www.isrctn.com/ISRCTN09053426' target='_blank'><div>ISRCTN09053426</div></a></td>
      <td>Norfolk Platelet And Stroke Study (PASS)</td>
      <td>Other</td>
      <td>Adult</td>
      <td>80</td>
    </tr>
  </tbody>
</table>"
960,1118187.6984143048,7111266.409119179,Ethicon Endo-Surgery (Germany),53.687889,10.044851,1.0,1.0,"<table border=""1"" class=""dataframe"">
  <thead>
    <tr style=""text-align: left;"">
      <th>ISRCTN link</th>
      <th>Title</th>
      <th>Intervention type</th>
      <th>Age group</th>
      <th>Target number of participants</th>
    </tr>
  </thead>
  <tbody>
    <tr>
      <td><a href='https://www.isrctn.com/ISRCTN68315343' target='_blank'><div>ISRCTN68315343</div></a></td>
      <td>An open prospective multicentre randomised study of haemorrhoid excision (M...</td>
      <td>Other</td>
      <td>Not Specified</td>
      <td>200</td>
    </tr>
  </tbody>
</table>"
963,965167.8929740238,6346275.261867194,Ruprecht-Karls-University Heidelberg (Germany),49.4190991,8.6702507,1.0,1.0,"<table border=""1"" class=""dataframe"">
  <thead>
    <tr style=""text-align: left;"">
      <th>ISRCTN link</th>
      <th>Title</th>
      <th>Intervention type</th>
      <th>Age group</th>
      <th>Target number of participants</th>
    </tr>
  </thead>
  <tbody>
    <tr>
      <td><a href='https://www.isrctn.com/ISRCTN71616222' target='_blank'><div>ISRCTN71616222</div></a></td>
      <td>European Cooperative Acute Stroke Study-4: Extending the time for thromboly...</td>
      <td>Drug</td>
      <td>Adult</td>
      <td>264</td>
    </tr>
  </tbody>
</table>"
964,-9751.041927985878,6713591.475144857,Schering-Plough UK Ltd,51.51885499999999,-0.0875951,1.0,1.0,"<table border=""1"" class=""dataframe"">
  <thead>
    <tr style=""text-align: left;"">
      <th>ISRCTN link</th>
      <th>Title</th>
      <th>Intervention type</th>
      <th>Age group</th>
      <th>Target number of participants</th>
    </tr>
  </thead>
  <tbody>
    <tr>
      <td><a href='https://www.isrctn.com/ISRCTN47214063' target='_blank'><div>ISRCTN47214063</div></a></td>
      <td>Simvastatin (20 mg) vs ezetimibe (10 mg) plus simvastatin (20 mg) in subjec...</td>
      <td>Other</td>
      <td>Adult</td>
      <td>0</td>
    </tr>
  </tbody>
</table>"
967,-8837660.596837524,5412448.584671227,University Health Network/Toronto Rehabilitation Institute (Canada),43.6565705,-79.3900559,1.0,1.0,"<table border=""1"" class=""dataframe"">
  <thead>
    <tr style=""text-align: left;"">
      <th>ISRCTN link</th>
      <th>Title</th>
      <th>Intervention type</th>
      <th>Age group</th>
      <th>Target number of participants</th>
    </tr>
  </thead>
  <tbody>
    <tr>
      <td><a href='https://www.isrctn.com/ISRCTN67500535' target='_blank'><div>ISRCTN67500535</div></a></td>
      <td>The effects of adaptive servo ventilation on survival and frequency of card...</td>
      <td>Device</td>
      <td>Adult</td>
      <td>860</td>
    </tr>
  </tbody>
</table>"
976,-13106817.43719887,3982502.439397038,"Biosense Webster, Inc.",33.6544911,-117.7405443,2.0,5.306765580733931,"<table border=""1"" class=""dataframe"">
  <thead>
    <tr style=""text-align: left;"">
      <th>ISRCTN link</th>
      <th>Title</th>
      <th>Intervention type</th>
      <th>Age group</th>
      <th>Target number of participants</th>
    </tr>
  </thead>
  <tbody>
    <tr>
      <td><a href='https://www.isrctn.com/ISRCTN93591221' target='_blank'><div>ISRCTN93591221</div></a></td>
      <td>Study utilizing a novel mapping catheter in heart arrhythmias</td>
      <td>Device</td>
      <td>Adult</td>
      <td>30</td>
    </tr>
    <tr>
      <td><a href='https://www.isrctn.com/ISRCTN11764506' target='_blank'><div>ISRCTN11764506</div></a></td>
      <td>Early feasibility first-in-human study using a novel radiofrequency ablatio...</td>
      <td>Device</td>
      <td>Adult</td>
      <td>40</td>
    </tr>
  </tbody>
</table>"
983,-13632041.307192855,4545949.687969389,"University of California, San Francisco",37.7626459,-122.4587106,1.0,1.0,"<table border=""1"" class=""dataframe"">
  <thead>
    <tr style=""text-align: left;"">
      <th>ISRCTN link</th>
      <th>Title</th>
      <th>Intervention type</th>
      <th>Age group</th>
      <th>Target number of participants</th>
    </tr>
  </thead>
  <tbody>
    <tr>
      <td><a href='https://www.isrctn.com/ISRCTN73630073' target='_blank'><div>ISRCTN73630073</div></a></td>
      <td>Platelet oriented inhibition in new transient ischaemic attack (TIA) and mi...</td>
      <td>Drug</td>
      <td>Adult</td>
      <td>4150</td>
    </tr>
  </tbody>
</table>"
991,-354679.00372227025,6711658.103791588,"University of Wales College of Medicine, UK",51.5080465,-3.1861357,1.0,1.0,"<table border=""1"" class=""dataframe"">
  <thead>
    <tr style=""text-align: left;"">
      <th>ISRCTN link</th>
      <th>Title</th>
      <th>Intervention type</th>
      <th>Age group</th>
      <th>Target number of participants</th>
    </tr>
  </thead>
  <tbody>
    <tr>
      <td><a href='https://www.isrctn.com/ISRCTN28343638' target='_blank'><div>ISRCTN28343638</div></a></td>
      <td>Histamine Release and Implications of H1- and H2-Blockade in Adult Cardiac ...</td>
      <td>Drug</td>
      <td>Not Specified</td>
      <td>80</td>
    </tr>
  </tbody>
</table>"
995,16832502.42682964,-4013445.8886091574,"ResMed Ltd (Sydney, Australia)",-33.8855602,151.208942,1.0,1.0,"<table border=""1"" class=""dataframe"">
  <thead>
    <tr style=""text-align: left;"">
      <th>ISRCTN link</th>
      <th>Title</th>
      <th>Intervention type</th>
      <th>Age group</th>
      <th>Target number of participants</th>
    </tr>
  </thead>
  <tbody>
    <tr>
      <td><a href='https://www.isrctn.com/ISRCTN19572887' target='_blank'><div>ISRCTN19572887</div></a></td>
      <td>Treatment of sleep-disordered breathing with predominant central sleep apno...</td>
      <td>Other</td>
      <td>Adult</td>
      <td>1325</td>
    </tr>
  </tbody>
</table>"
1005,497359.24335063953,6784028.294315015,"Erasmus MC university medical center, department of Public Health",51.9108848,4.467854099999999,1.0,1.0,"<table border=""1"" class=""dataframe"">
  <thead>
    <tr style=""text-align: left;"">
      <th>ISRCTN link</th>
      <th>Title</th>
      <th>Intervention type</th>
      <th>Age group</th>
      <th>Target number of participants</th>
    </tr>
  </thead>
  <tbody>
    <tr>
      <td><a href='https://www.isrctn.com/ISRCTN11248135' target='_blank'><div>ISRCTN11248135</div></a></td>
      <td>Implementing the concepts of mindfulness and community engagement to self-m...</td>
      <td>Behavioural</td>
      <td>Adult</td>
      <td>2500</td>
    </tr>
  </tbody>
</table>"
1011,1447260.2136278707,7477176.761931277,"Skane University Hospital Malmö-Lund, Sweden",55.5897527,13.0009597,1.0,1.0,"<table border=""1"" class=""dataframe"">
  <thead>
    <tr style=""text-align: left;"">
      <th>ISRCTN link</th>
      <th>Title</th>
      <th>Intervention type</th>
      <th>Age group</th>
      <th>Target number of participants</th>
    </tr>
  </thead>
  <tbody>
    <tr>
      <td><a href='https://www.isrctn.com/ISRCTN52952998' target='_blank'><div>ISRCTN52952998</div></a></td>
      <td>Long-term follow up of patients in European Vasculitis Study Group clinical...</td>
      <td>Other</td>
      <td>Adult</td>
      <td>875</td>
    </tr>
  </tbody>
</table>"
1018,-466193.31475638115,7857251.691272693,NHS Highland,57.4722033,-4.1878858,2.0,5.306765580733931,"<table border=""1"" class=""dataframe"">
  <thead>
    <tr style=""text-align: left;"">
      <th>ISRCTN link</th>
      <th>Title</th>
      <th>Intervention type</th>
      <th>Age group</th>
      <th>Target number of participants</th>
    </tr>
  </thead>
  <tbody>
    <tr>
      <td><a href='https://www.isrctn.com/ISRCTN80061723' target='_blank'><div>ISRCTN80061723</div></a></td>
      <td>The eTHoS study (haemorrhoids treatment): either Traditional Haemorrhoidect...</td>
      <td>Procedure/Surgery</td>
      <td>Adult</td>
      <td>800</td>
    </tr>
    <tr>
      <td><a href='https://www.isrctn.com/ISRCTN80061723' target='_blank'><div>ISRCTN80061723</div></a></td>
      <td>The eTHoS study (haemorrhoids treatment): either Traditional Haemorrhoidect...</td>
      <td>Procedure/Surgery</td>
      <td>Adult</td>
      <td>800</td>
    </tr>
  </tbody>
</table>"
1025,-203439.20807172268,6886994.26379817,Heart of England NHS Foundation Trust,52.4778605,-1.8275255,4.0,9.613531161467861,"<table border=""1"" class=""dataframe"">
  <thead>
    <tr style=""text-align: left;"">
      <th>ISRCTN link</th>
      <th>Title</th>
      <th>Intervention type</th>
      <th>Age group</th>
      <th>Target number of participants</th>
    </tr>
  </thead>
  <tbody>
    <tr>
      <td><a href='https://www.isrctn.com/ISRCTN17623123' target='_blank'><div>ISRCTN17623123</div></a></td>
      <td>RESynchronisation in Patients with heart failure and a Normal QRS Duration ...</td>
      <td>Other</td>
      <td>Adult</td>
      <td>60</td>
    </tr>
    <tr>
      <td><a href='https://www.isrctn.com/ISRCTN39758339' target='_blank'><div>ISRCTN39758339</div></a></td>
      <td>A study of the use of debriefing to improve cardiopulmonary resuscitation d...</td>
      <td>Other</td>
      <td>Adult</td>
      <td>520</td>
    </tr>
    <tr>
      <td><a href='https://www.isrctn.com/ISRCTN56583860' target='_blank'><div>ISRCTN56583860</div></a></td>
      <td>Cardiopulmonary resuscitation (CPR) quality improvement programme</td>
      <td>Other</td>
      <td>Adult</td>
      <td>912</td>
    </tr>
    <tr>
      <td><a href='https://www.isrctn.com/ISRCTN22028180' target='_blank'><div>ISRCTN22028180</div></a></td>
      <td>Magnesium sulphate for the prevention of supra-ventricular dysrhythmia foll...</td>
      <td>Drug</td>
      <td>Adult</td>
      <td>200</td>
    </tr>
  </tbody>
</table>"
1026,-211900.0237055673,6886777.48294411,Birmingham City Council - Adults and Communities,52.4766744,-1.9035303,1.0,1.0,"<table border=""1"" class=""dataframe"">
  <thead>
    <tr style=""text-align: left;"">
      <th>ISRCTN link</th>
      <th>Title</th>
      <th>Intervention type</th>
      <th>Age group</th>
      <th>Target number of participants</th>
    </tr>
  </thead>
  <tbody>
    <tr>
      <td><a href='https://www.isrctn.com/ISRCTN84064492' target='_blank'><div>ISRCTN84064492</div></a></td>
      <td>Developing stroke care for adults in the community: rehabilitation through ...</td>
      <td>Other</td>
      <td>Adult</td>
      <td>120</td>
    </tr>
  </tbody>
</table>"
1038,-141259.69160635635,6757141.179043332,Clinical Trials and Research Governance - University of Oxford,51.7616403,-1.2689574,1.0,1.0,"<table border=""1"" class=""dataframe"">
  <thead>
    <tr style=""text-align: left;"">
      <th>ISRCTN link</th>
      <th>Title</th>
      <th>Intervention type</th>
      <th>Age group</th>
      <th>Target number of participants</th>
    </tr>
  </thead>
  <tbody>
    <tr>
      <td><a href='https://www.isrctn.com/ISRCTN80586284' target='_blank'><div>ISRCTN80586284</div></a></td>
      <td>Screening for high blood pressure in the inpatient environment: the SHINE s...</td>
      <td>Other</td>
      <td>Adult</td>
      <td>200</td>
    </tr>
  </tbody>
</table>"
1043,-283579.01118167577,6710334.478059256,University of the West of England,51.5006453,-2.5474336,1.0,1.0,"<table border=""1"" class=""dataframe"">
  <thead>
    <tr style=""text-align: left;"">
      <th>ISRCTN link</th>
      <th>Title</th>
      <th>Intervention type</th>
      <th>Age group</th>
      <th>Target number of participants</th>
    </tr>
  </thead>
  <tbody>
    <tr>
      <td><a href='https://www.isrctn.com/ISRCTN56716589' target='_blank'><div>ISRCTN56716589</div></a></td>
      <td>Home based reach to grasp training after stroke</td>
      <td>Behavioural</td>
      <td>Adult</td>
      <td>60</td>
    </tr>
  </tbody>
</table>"
1045,-202983.744375142,6576838.8780004475,Royal Bournemouth and Christchurch Hospitals NHS Foundation Trust,50.7480032,-1.823434,1.0,1.0,"<table border=""1"" class=""dataframe"">
  <thead>
    <tr style=""text-align: left;"">
      <th>ISRCTN link</th>
      <th>Title</th>
      <th>Intervention type</th>
      <th>Age group</th>
      <th>Target number of participants</th>
    </tr>
  </thead>
  <tbody>
    <tr>
      <td><a href='https://www.isrctn.com/ISRCTN17309312' target='_blank'><div>ISRCTN17309312</div></a></td>
      <td>Isoprenaline infusion as a method of induction of atrial fibrillation</td>
      <td>Drug</td>
      <td>Adult</td>
      <td>235</td>
    </tr>
  </tbody>
</table>"
1052,16600423.240729248,-4202313.198595031,National Health and Medical Research Council (NHMRC) (Australia),-35.2823156,149.1241392,1.0,1.0,"<table border=""1"" class=""dataframe"">
  <thead>
    <tr style=""text-align: left;"">
      <th>ISRCTN link</th>
      <th>Title</th>
      <th>Intervention type</th>
      <th>Age group</th>
      <th>Target number of participants</th>
    </tr>
  </thead>
  <tbody>
    <tr>
      <td><a href='https://www.isrctn.com/ISRCTN73916115' target='_blank'><div>ISRCTN73916115</div></a></td>
      <td>The second intensive blood pressure reduction in acute cerebral haemorrhage...</td>
      <td>Drug</td>
      <td>Adult</td>
      <td>2839</td>
    </tr>
  </tbody>
</table>"
1065,576193.2243057912,6816283.172621141,Nutricia Research Foundation (Netherlands),52.0892724,5.1760318,1.0,1.0,"<table border=""1"" class=""dataframe"">
  <thead>
    <tr style=""text-align: left;"">
      <th>ISRCTN link</th>
      <th>Title</th>
      <th>Intervention type</th>
      <th>Age group</th>
      <th>Target number of participants</th>
    </tr>
  </thead>
  <tbody>
    <tr>
      <td><a href='https://www.isrctn.com/ISRCTN76272133' target='_blank'><div>ISRCTN76272133</div></a></td>
      <td>Effects of fish oil on blood vessel function</td>
      <td>Other</td>
      <td>Adult</td>
      <td>90</td>
    </tr>
  </tbody>
</table>"
1066,-660374.0585149291,7283162.369765822,Northern Ireland Chest Heart and Stroke Association,54.59242399999999,-5.9322411,1.0,1.0,"<table border=""1"" class=""dataframe"">
  <thead>
    <tr style=""text-align: left;"">
      <th>ISRCTN link</th>
      <th>Title</th>
      <th>Intervention type</th>
      <th>Age group</th>
      <th>Target number of participants</th>
    </tr>
  </thead>
  <tbody>
    <tr>
      <td><a href='https://www.isrctn.com/ISRCTN67466633' target='_blank'><div>ISRCTN67466633</div></a></td>
      <td>Virtual Reality in the Rehabilitation of the Upper Limb after stroke</td>
      <td>Other</td>
      <td>Adult</td>
      <td>30</td>
    </tr>
  </tbody>
</table>"
1078,-23581.98772134155,6786435.093397633,East and North Hertfordshire NHS Trust,51.92422029999999,-0.2118406,1.0,1.0,"<table border=""1"" class=""dataframe"">
  <thead>
    <tr style=""text-align: left;"">
      <th>ISRCTN link</th>
      <th>Title</th>
      <th>Intervention type</th>
      <th>Age group</th>
      <th>Target number of participants</th>
    </tr>
  </thead>
  <tbody>
    <tr>
      <td><a href='https://www.isrctn.com/ISRCTN78985727' target='_blank'><div>ISRCTN78985727</div></a></td>
      <td>Effect of epleronone on thrombotic and thrombolytic status in heart failure...</td>
      <td>Drug</td>
      <td>Adult</td>
      <td>105</td>
    </tr>
  </tbody>
</table>"
1079,28996.100211665045,6870810.201769078,NHS Cambridgeshire and Peterborough CCG,52.3892227,0.2604764,7.0,13.090619551221675,"<table border=""1"" class=""dataframe"">
  <thead>
    <tr style=""text-align: left;"">
      <th>ISRCTN link</th>
      <th>Title</th>
      <th>Intervention type</th>
      <th>Age group</th>
      <th>Target number of participants</th>
    </tr>
  </thead>
  <tbody>
    <tr>
      <td><a href='https://www.isrctn.com/ISRCTN70039829' target='_blank'><div>ISRCTN70039829</div></a></td>
      <td>“My Life After Stroke” - a feasibility study</td>
      <td>Other</td>
      <td>Adult</td>
      <td>48</td>
    </tr>
    <tr>
      <td><a href='https://www.isrctn.com/ISRCTN96168767' target='_blank'><div>ISRCTN96168767</div></a></td>
      <td>Feasibility of a smartphone app for increasing medication adherence</td>
      <td>Device</td>
      <td>Adult</td>
      <td>102</td>
    </tr>
    <tr>
      <td><a href='https://www.isrctn.com/ISRCTN74504989' target='_blank'><div>ISRCTN74504989</div></a></td>
      <td>A very brief face to face intervention, followed by a text message and/or a...</td>
      <td>Behavioural</td>
      <td>Adult</td>
      <td>106</td>
    </tr>
    <tr>
      <td><a href='https://www.isrctn.com/ISRCTN12805654' target='_blank'><div>ISRCTN12805654</div></a></td>
      <td>Assessing acceptability of a brief face-to-face intervention, and app or te...</td>
      <td>Other</td>
      <td>Adult</td>
      <td>34</td>
    </tr>
    <tr>
      <td><a href='https://www.isrctn.com/ISRCTN58449011' target='_blank'><div>ISRCTN58449011</div></a></td>
      <td>Improving primary care after stroke: testing a new stroke service</td>
      <td>Other</td>
      <td>Adult</td>
      <td>100</td>
    </tr>
    <tr>
      <td><a href='https://www.isrctn.com/ISRCTN16939438' target='_blank'><div>ISRCTN16939438</div></a></td>
      <td>Screening for atrial fibrillation with ECG to reduce stroke</td>
      <td>Procedure/Surgery</td>
      <td>Adult</td>
      <td>4800</td>
    </tr>
    <tr>
      <td><a href='https://www.isrctn.com/ISRCTN82013652' target='_blank'><div>ISRCTN82013652</div></a></td>
      <td>Programme on Adherence to Medication</td>
      <td>Behavioural</td>
      <td>Adult</td>
      <td>542</td>
    </tr>
  </tbody>
</table>"
1093,721659.467962193,5861113.267400386,Medtronic Sàrl (Switzerland),46.5016908,6.4827773,1.0,1.0,"<table border=""1"" class=""dataframe"">
  <thead>
    <tr style=""text-align: left;"">
      <th>ISRCTN link</th>
      <th>Title</th>
      <th>Intervention type</th>
      <th>Age group</th>
      <th>Target number of participants</th>
    </tr>
  </thead>
  <tbody>
    <tr>
      <td><a href='https://www.isrctn.com/ISRCTN09648950' target='_blank'><div>ISRCTN09648950</div></a></td>
      <td>A study to compare spinal cord stimulator implantation with laser treatment...</td>
      <td>Other</td>
      <td>Adult</td>
      <td>68</td>
    </tr>
  </tbody>
</table>"
1094,-713534.1581416501,7252869.224153756,Southern Health and Social Care Trust,54.43445070000001,-6.4097864,1.0,1.0,"<table border=""1"" class=""dataframe"">
  <thead>
    <tr style=""text-align: left;"">
      <th>ISRCTN link</th>
      <th>Title</th>
      <th>Intervention type</th>
      <th>Age group</th>
      <th>Target number of participants</th>
    </tr>
  </thead>
  <tbody>
    <tr>
      <td><a href='https://www.isrctn.com/ISRCTN60873148' target='_blank'><div>ISRCTN60873148</div></a></td>
      <td>RApid Diagnosis And Risk stratification of Acute Coronary Syndrome with nov...</td>
      <td>Device</td>
      <td>Adult</td>
      <td>650</td>
    </tr>
  </tbody>
</table>"
1095,-198869.9771206729,6722178.478363504,Biotechnology and Biological Sciences Research Council (BBSRC),51.5668296,-1.7864794,1.0,1.0,"<table border=""1"" class=""dataframe"">
  <thead>
    <tr style=""text-align: left;"">
      <th>ISRCTN link</th>
      <th>Title</th>
      <th>Intervention type</th>
      <th>Age group</th>
      <th>Target number of participants</th>
    </tr>
  </thead>
  <tbody>
    <tr>
      <td><a href='https://www.isrctn.com/ISRCTN38867650' target='_blank'><div>ISRCTN38867650</div></a></td>
      <td>The pharmacokinetics and potential health effects of champagne wine in huma...</td>
      <td>Other</td>
      <td>Adult</td>
      <td>15</td>
    </tr>
  </tbody>
</table>"
1101,-931184.6795748201,6782837.098037634,"SafeFood, The Food Safety Promotion Board (Ireland)",51.90428319999999,-8.3649743,1.0,1.0,"<table border=""1"" class=""dataframe"">
  <thead>
    <tr style=""text-align: left;"">
      <th>ISRCTN link</th>
      <th>Title</th>
      <th>Intervention type</th>
      <th>Age group</th>
      <th>Target number of participants</th>
    </tr>
  </thead>
  <tbody>
    <tr>
      <td><a href='https://www.isrctn.com/ISRCTN99748080' target='_blank'><div>ISRCTN99748080</div></a></td>
      <td>The effect of gamma-tocopherol supplementation on gamma-tocopherol status, ...</td>
      <td>Supplement</td>
      <td>Adult</td>
      <td>70</td>
    </tr>
  </tbody>
</table>"
1105,-335501.293730521,7136290.895044456,"Blackpool, Fylde and Wyre Hospitals NHS Trust",53.8208008,-3.0138594,1.0,1.0,"<table border=""1"" class=""dataframe"">
  <thead>
    <tr style=""text-align: left;"">
      <th>ISRCTN link</th>
      <th>Title</th>
      <th>Intervention type</th>
      <th>Age group</th>
      <th>Target number of participants</th>
    </tr>
  </thead>
  <tbody>
    <tr>
      <td><a href='https://www.isrctn.com/ISRCTN42121335' target='_blank'><div>ISRCTN42121335</div></a></td>
      <td>ROLO The Renoprotective value of Leukodepletion in Heart Valve surgery</td>
      <td>Other</td>
      <td>Adult</td>
      <td>54</td>
    </tr>
  </tbody>
</table>"
1109,-170678.32720922545,7366610.941901791,NHS Service Delivery and Organisation Programme (SDO),55.0244404,-1.5332295,1.0,1.0,"<table border=""1"" class=""dataframe"">
  <thead>
    <tr style=""text-align: left;"">
      <th>ISRCTN link</th>
      <th>Title</th>
      <th>Intervention type</th>
      <th>Age group</th>
      <th>Target number of participants</th>
    </tr>
  </thead>
  <tbody>
    <tr>
      <td><a href='https://www.isrctn.com/ISRCTN55318418' target='_blank'><div>ISRCTN55318418</div></a></td>
      <td>Multi-centre evaluation of the role of chest pain units in the NHS</td>
      <td>Other</td>
      <td>Adult</td>
      <td>8700</td>
    </tr>
  </tbody>
</table>"
1113,-354819.87853786914,6706797.393335772,NHS Wales Office of Research and Development,51.48086139999999,-3.1874012,1.0,1.0,"<table border=""1"" class=""dataframe"">
  <thead>
    <tr style=""text-align: left;"">
      <th>ISRCTN link</th>
      <th>Title</th>
      <th>Intervention type</th>
      <th>Age group</th>
      <th>Target number of participants</th>
    </tr>
  </thead>
  <tbody>
    <tr>
      <td><a href='https://www.isrctn.com/ISRCTN87597585' target='_blank'><div>ISRCTN87597585</div></a></td>
      <td>Randomised trial evaluating the framing of cardiovascular risk and its impa...</td>
      <td>Other</td>
      <td>Not Specified</td>
      <td>457</td>
    </tr>
  </tbody>
</table>"
1117,-174319.52096137893,7271429.293001353,County Durham and Darlington NHS Foundation Trust,54.5313106,-1.5659389,1.0,1.0,"<table border=""1"" class=""dataframe"">
  <thead>
    <tr style=""text-align: left;"">
      <th>ISRCTN link</th>
      <th>Title</th>
      <th>Intervention type</th>
      <th>Age group</th>
      <th>Target number of participants</th>
    </tr>
  </thead>
  <tbody>
    <tr>
      <td><a href='https://www.isrctn.com/ISRCTN72340423' target='_blank'><div>ISRCTN72340423</div></a></td>
      <td>Reveal and Carelink (Real Care): Does using remote monitoring in combinatio...</td>
      <td>Other</td>
      <td>Adult</td>
      <td>80</td>
    </tr>
  </tbody>
</table>"
1119,-659960.8183012063,7283543.685365062,Department for Employment and Learning,54.59440859999999,-5.9285289,1.0,1.0,"<table border=""1"" class=""dataframe"">
  <thead>
    <tr style=""text-align: left;"">
      <th>ISRCTN link</th>
      <th>Title</th>
      <th>Intervention type</th>
      <th>Age group</th>
      <th>Target number of participants</th>
    </tr>
  </thead>
  <tbody>
    <tr>
      <td><a href='https://www.isrctn.com/ISRCTN22062283' target='_blank'><div>ISRCTN22062283</div></a></td>
      <td>Effects of accumulated exercise on risk factors for heart disease</td>
      <td>Behavioural</td>
      <td>Adult</td>
      <td>90</td>
    </tr>
  </tbody>
</table>"
1120,-156833.1547849464,7343031.216069204,City Hospitals Sunderland NHS Foundation Trust,54.9028353,-1.4088562,1.0,1.0,"<table border=""1"" class=""dataframe"">
  <thead>
    <tr style=""text-align: left;"">
      <th>ISRCTN link</th>
      <th>Title</th>
      <th>Intervention type</th>
      <th>Age group</th>
      <th>Target number of participants</th>
    </tr>
  </thead>
  <tbody>
    <tr>
      <td><a href='https://www.isrctn.com/ISRCTN76657275' target='_blank'><div>ISRCTN76657275</div></a></td>
      <td>Acute Candesartan Cilexetil Outcomes Stroke Trial</td>
      <td>Other</td>
      <td>Adult</td>
      <td>50</td>
    </tr>
  </tbody>
</table>"
1122,-474638.31189058407,7531097.878083581,Tenovus Scotland,55.8625304,-4.2637485,1.0,1.0,"<table border=""1"" class=""dataframe"">
  <thead>
    <tr style=""text-align: left;"">
      <th>ISRCTN link</th>
      <th>Title</th>
      <th>Intervention type</th>
      <th>Age group</th>
      <th>Target number of participants</th>
    </tr>
  </thead>
  <tbody>
    <tr>
      <td><a href='https://www.isrctn.com/ISRCTN76558770' target='_blank'><div>ISRCTN76558770</div></a></td>
      <td>The effects of spironolactone on endothelial function, autonomic function a...</td>
      <td>Drug</td>
      <td>Not Specified</td>
      <td>50</td>
    </tr>
  </tbody>
</table>"
1132,-659067.156561067,7285961.492658176,Food Standards Agency,54.6069901,-5.920501,2.0,5.306765580733931,"<table border=""1"" class=""dataframe"">
  <thead>
    <tr style=""text-align: left;"">
      <th>ISRCTN link</th>
      <th>Title</th>
      <th>Intervention type</th>
      <th>Age group</th>
      <th>Target number of participants</th>
    </tr>
  </thead>
  <tbody>
    <tr>
      <td><a href='https://www.isrctn.com/ISRCTN50011192' target='_blank'><div>ISRCTN50011192</div></a></td>
      <td>A dose response study of the effects of increased fruit and vegetables inta...</td>
      <td>Drug</td>
      <td>Adult</td>
      <td>48</td>
    </tr>
    <tr>
      <td><a href='https://www.isrctn.com/ISRCTN47748735' target='_blank'><div>ISRCTN47748735</div></a></td>
      <td>FLAVonoids: University of Reading Study</td>
      <td>Other</td>
      <td>Adult</td>
      <td>180</td>
    </tr>
  </tbody>
</table>"
1134,-8583229.191694483,4722069.376133689,NIH - National Institute of Neurological Disorders and Stroke (USA),39.0027771,-77.10445969999999,1.0,1.0,"<table border=""1"" class=""dataframe"">
  <thead>
    <tr style=""text-align: left;"">
      <th>ISRCTN link</th>
      <th>Title</th>
      <th>Intervention type</th>
      <th>Age group</th>
      <th>Target number of participants</th>
    </tr>
  </thead>
  <tbody>
    <tr>
      <td><a href='https://www.isrctn.com/ISRCTN44013133' target='_blank'><div>ISRCTN44013133</div></a></td>
      <td>A randomised trial of unruptured brain arteriovenous malformations</td>
      <td>Mixed</td>
      <td>Adult</td>
      <td>800</td>
    </tr>
  </tbody>
</table>"
1149,135928.54553252112,6912664.226760784,Norfolk and Norwich University Hospital,52.6180858,1.2210669,1.0,1.0,"<table border=""1"" class=""dataframe"">
  <thead>
    <tr style=""text-align: left;"">
      <th>ISRCTN link</th>
      <th>Title</th>
      <th>Intervention type</th>
      <th>Age group</th>
      <th>Target number of participants</th>
    </tr>
  </thead>
  <tbody>
    <tr>
      <td><a href='https://www.isrctn.com/ISRCTN75718175' target='_blank'><div>ISRCTN75718175</div></a></td>
      <td>Randomised controlled study of the effect of low flow oxygen on capillary b...</td>
      <td>Other</td>
      <td>Not Specified</td>
      <td>40</td>
    </tr>
  </tbody>
</table>"
1153,-264152.02345419314,6684827.798340218,Bath and North East Somerset Primary Care Trust,51.35778699999999,-2.372918,1.0,1.0,"<table border=""1"" class=""dataframe"">
  <thead>
    <tr style=""text-align: left;"">
      <th>ISRCTN link</th>
      <th>Title</th>
      <th>Intervention type</th>
      <th>Age group</th>
      <th>Target number of participants</th>
    </tr>
  </thead>
  <tbody>
    <tr>
      <td><a href='https://www.isrctn.com/ISRCTN10707899' target='_blank'><div>ISRCTN10707899</div></a></td>
      <td>Waste the Waist: Pilot study for a randomised controlled trial of a pragmat...</td>
      <td>Other</td>
      <td>Adult</td>
      <td>100</td>
    </tr>
  </tbody>
</table>"
1158,-245424.2111844849,6682897.363897394,Cereal Partners Worldwide (Switzerland),51.3469568,-2.2046832,2.0,5.306765580733931,"<table border=""1"" class=""dataframe"">
  <thead>
    <tr style=""text-align: left;"">
      <th>ISRCTN link</th>
      <th>Title</th>
      <th>Intervention type</th>
      <th>Age group</th>
      <th>Target number of participants</th>
    </tr>
  </thead>
  <tbody>
    <tr>
      <td><a href='https://www.isrctn.com/ISRCTN77566972' target='_blank'><div>ISRCTN77566972</div></a></td>
      <td>Ingrained health</td>
      <td>Other</td>
      <td>Adult</td>
      <td>82</td>
    </tr>
    <tr>
      <td><a href='https://www.isrctn.com/ISRCTN36521837' target='_blank'><div>ISRCTN36521837</div></a></td>
      <td>WHolegrain and IMmunity study</td>
      <td>Other</td>
      <td>Adult</td>
      <td>40</td>
    </tr>
  </tbody>
</table>"
1159,607431.2545342365,6694458.3738862835,"Philips Electronics Nederland, B.V. - HandHeld Diagnostics",51.4117786,5.4566478,1.0,1.0,"<table border=""1"" class=""dataframe"">
  <thead>
    <tr style=""text-align: left;"">
      <th>ISRCTN link</th>
      <th>Title</th>
      <th>Intervention type</th>
      <th>Age group</th>
      <th>Target number of participants</th>
    </tr>
  </thead>
  <tbody>
    <tr>
      <td><a href='https://www.isrctn.com/ISRCTN99484822' target='_blank'><div>ISRCTN99484822</div></a></td>
      <td>Performance testing of the Minicare cTnI system in the Emergency Department</td>
      <td>Device</td>
      <td>Adult</td>
      <td>700</td>
    </tr>
  </tbody>
</table>"
1165,-1000424.1449379902,7038367.464082772,Sahajanand Medical Technologies Pvt. Ltd (SMT),53.298302,-8.986963,2.0,5.306765580733931,"<table border=""1"" class=""dataframe"">
  <thead>
    <tr style=""text-align: left;"">
      <th>ISRCTN link</th>
      <th>Title</th>
      <th>Intervention type</th>
      <th>Age group</th>
      <th>Target number of participants</th>
    </tr>
  </thead>
  <tbody>
    <tr>
      <td><a href='https://www.isrctn.com/ISRCTN39751665' target='_blank'><div>ISRCTN39751665</div></a></td>
      <td>Collection of Information on the long-term results of treatment with the Su...</td>
      <td>Other</td>
      <td>Adult</td>
      <td>3000</td>
    </tr>
    <tr>
      <td><a href='https://www.isrctn.com/ISRCTN44076071' target='_blank'><div>ISRCTN44076071</div></a></td>
      <td>Collection of information on the long-term results of treatment with the Su...</td>
      <td>Other</td>
      <td>Adult</td>
      <td>500</td>
    </tr>
  </tbody>
</table>"
1170,-697226.631976871,7289374.060094775,Randox Laboratories,54.6247414,-6.263293399999999,1.0,1.0,"<table border=""1"" class=""dataframe"">
  <thead>
    <tr style=""text-align: left;"">
      <th>ISRCTN link</th>
      <th>Title</th>
      <th>Intervention type</th>
      <th>Age group</th>
      <th>Target number of participants</th>
    </tr>
  </thead>
  <tbody>
    <tr>
      <td><a href='https://www.isrctn.com/ISRCTN52922229' target='_blank'><div>ISRCTN52922229</div></a></td>
      <td>Predicting safe patient discharge post percutaneous revascularisation</td>
      <td>Other</td>
      <td>Adult</td>
      <td>275</td>
    </tr>
  </tbody>
</table>"
1174,-648941.1237963949,7284434.602175085,The Research and Development Office for Health and Personal Social Services in Northern Ireland,54.5990451,-5.8295373,1.0,1.0,"<table border=""1"" class=""dataframe"">
  <thead>
    <tr style=""text-align: left;"">
      <th>ISRCTN link</th>
      <th>Title</th>
      <th>Intervention type</th>
      <th>Age group</th>
      <th>Target number of participants</th>
    </tr>
  </thead>
  <tbody>
    <tr>
      <td><a href='https://www.isrctn.com/ISRCTN07286796' target='_blank'><div>ISRCTN07286796</div></a></td>
      <td>The effectiveness and cost-effectiveness of public access defibrillation in...</td>
      <td>Other</td>
      <td>Adult</td>
      <td>300</td>
    </tr>
  </tbody>
</table>"
1175,-246388.30476644918,6983711.966334464,University Hospitals North Midlands (UHNM) NHS Trust,53.0038601,-2.2133438,1.0,1.0,"<table border=""1"" class=""dataframe"">
  <thead>
    <tr style=""text-align: left;"">
      <th>ISRCTN link</th>
      <th>Title</th>
      <th>Intervention type</th>
      <th>Age group</th>
      <th>Target number of participants</th>
    </tr>
  </thead>
  <tbody>
    <tr>
      <td><a href='https://www.isrctn.com/ISRCTN14124645' target='_blank'><div>ISRCTN14124645</div></a></td>
      <td>Metoclopramide and selective oral decontamination for avoiding pneumonia af...</td>
      <td>Drug</td>
      <td>Adult</td>
      <td>1160</td>
    </tr>
  </tbody>
</table>"
1186,-135585.08037562756,6757334.239509386,Nuffield Dept of Obstetrics and Gynaecology,51.7627137,-1.2179815,1.0,1.0,"<table border=""1"" class=""dataframe"">
  <thead>
    <tr style=""text-align: left;"">
      <th>ISRCTN link</th>
      <th>Title</th>
      <th>Intervention type</th>
      <th>Age group</th>
      <th>Target number of participants</th>
    </tr>
  </thead>
  <tbody>
    <tr>
      <td><a href='https://www.isrctn.com/ISRCTN11011373' target='_blank'><div>ISRCTN11011373</div></a></td>
      <td>Inhaled furosemide for dyspnoea relief</td>
      <td>Drug</td>
      <td>Adult</td>
      <td>12</td>
    </tr>
  </tbody>
</table>"
1188,-13570.113094477952,6714184.985263146,National Hospital for Neurology and Neurosurgery,51.5221725,-0.1219024,1.0,1.0,"<table border=""1"" class=""dataframe"">
  <thead>
    <tr style=""text-align: left;"">
      <th>ISRCTN link</th>
      <th>Title</th>
      <th>Intervention type</th>
      <th>Age group</th>
      <th>Target number of participants</th>
    </tr>
  </thead>
  <tbody>
    <tr>
      <td><a href='https://www.isrctn.com/ISRCTN96487050' target='_blank'><div>ISRCTN96487050</div></a></td>
      <td>Upper limb retraining in stroke</td>
      <td>Other</td>
      <td>Other</td>
      <td>100</td>
    </tr>
  </tbody>
</table>"
1192,-14827.812031357762,6709852.226837003,Department of Health,51.49794844005473,-0.13320050177820006,69.0,27.30798287952365,"<table border=""1"" class=""dataframe"">
  <thead>
    <tr style=""text-align: left;"">
      <th>ISRCTN link</th>
      <th>Title</th>
      <th>Intervention type</th>
      <th>Age group</th>
      <th>Target number of participants</th>
    </tr>
  </thead>
  <tbody>
    <tr>
      <td><a href='https://www.isrctn.com/ISRCTN82678318' target='_blank'><div>ISRCTN82678318</div></a></td>
      <td>Use of Aspirin in Elderly Patients with Heart Failure</td>
      <td>Other</td>
      <td>Senior</td>
      <td>260</td>
    </tr>
    <tr>
      <td><a href='https://www.isrctn.com/ISRCTN98382551' target='_blank'><div>ISRCTN98382551</div></a></td>
      <td>Use of recombinant activated Factor Seven in bleeding extracorporeal membra...</td>
      <td>Other</td>
      <td>Not Specified</td>
      <td>40</td>
    </tr>
    <tr>
      <td><a href='https://www.isrctn.com/ISRCTN81324728' target='_blank'><div>ISRCTN81324728</div></a></td>
      <td>A comparison of the effects of Sevoflurane and Isoflurane on cardiovascular...</td>
      <td>Other</td>
      <td>Child</td>
      <td>10</td>
    </tr>
    <tr>
      <td><a href='https://www.isrctn.com/ISRCTN28389872' target='_blank'><div>ISRCTN28389872</div></a></td>
      <td>Treatment with doxycycline to promote the healing of chronic venous ulcer a...</td>
      <td>Drug</td>
      <td>Not Specified</td>
      <td>60</td>
    </tr>
    <tr>
      <td><a href='https://www.isrctn.com/ISRCTN37477515' target='_blank'><div>ISRCTN37477515</div></a></td>
      <td>Grid removals vs. dose and image quality for diagnostic imaging on a Innova...</td>
      <td>Other</td>
      <td>Adult</td>
      <td>100</td>
    </tr>
    <tr>
      <td><a href='https://www.isrctn.com/ISRCTN71578179' target='_blank'><div>ISRCTN71578179</div></a></td>
      <td>Ultrasonic assisted debridement in venous leg ulcer: A randomised controlle...</td>
      <td>Other</td>
      <td>Adult</td>
      <td>200</td>
    </tr>
    <tr>
      <td><a href='https://www.isrctn.com/ISRCTN45671257' target='_blank'><div>ISRCTN45671257</div></a></td>
      <td>Nurse led hypertension clinics in primary care: a pilot project</td>
      <td>Other</td>
      <td>Not Specified</td>
      <td>100</td>
    </tr>
    <tr>
      <td><a href='https://www.isrctn.com/ISRCTN54081245' target='_blank'><div>ISRCTN54081245</div></a></td>
      <td>The effect of red cell washing on serum biochemistry in neonates and infant...</td>
      <td>Other</td>
      <td>Neonate</td>
      <td>40</td>
    </tr>
    <tr>
      <td><a href='https://www.isrctn.com/ISRCTN26501252' target='_blank'><div>ISRCTN26501252</div></a></td>
      <td>Does use of a daily muscle stretch regime prevent development contractures ...</td>
      <td>Other</td>
      <td>Other</td>
      <td>200</td>
    </tr>
    <tr>
      <td><a href='https://www.isrctn.com/ISRCTN21169730' target='_blank'><div>ISRCTN21169730</div></a></td>
      <td>A randomised trial of sodium restriction and its effect on blood pressure i...</td>
      <td>Other</td>
      <td>Not Specified</td>
      <td>0</td>
    </tr>
    <tr>
      <td><a href='https://www.isrctn.com/ISRCTN46173989' target='_blank'><div>ISRCTN46173989</div></a></td>
      <td>Combination drug treatment in moderate-to-severe essential hypertension</td>
      <td>Drug</td>
      <td>Not Specified</td>
      <td>20</td>
    </tr>
    <tr>
      <td><a href='https://www.isrctn.com/ISRCTN73488933' target='_blank'><div>ISRCTN73488933</div></a></td>
      <td>A randomized trial of sodium restriction and its effect on blood pressure i...</td>
      <td>Other</td>
      <td>Not Specified</td>
      <td>0</td>
    </tr>
    <tr>
      <td><a href='https://www.isrctn.com/ISRCTN65511274' target='_blank'><div>ISRCTN65511274</div></a></td>
      <td>A comparison of enoxaparin and tinzaparin as thromboprophylaxis during preg...</td>
      <td>Other</td>
      <td>Adult</td>
      <td>200</td>
    </tr>
    <tr>
      <td><a href='https://www.isrctn.com/ISRCTN44717376' target='_blank'><div>ISRCTN44717376</div></a></td>
      <td>Clinical effectiveness of shoulder taping versus routine rehabilitation in ...</td>
      <td>Other</td>
      <td>Senior</td>
      <td>30</td>
    </tr>
    <tr>
      <td><a href='https://www.isrctn.com/ISRCTN51525117' target='_blank'><div>ISRCTN51525117</div></a></td>
      <td>A randomised controlled parallel group study of a culturally focused cardia...</td>
      <td>Other</td>
      <td>Not Specified</td>
      <td>150</td>
    </tr>
    <tr>
      <td><a href='https://www.isrctn.com/ISRCTN76658104' target='_blank'><div>ISRCTN76658104</div></a></td>
      <td>A randomised controlled trial of Infliximab in ANCA associated systemic vas...</td>
      <td>Other</td>
      <td>Not Specified</td>
      <td>40</td>
    </tr>
    <tr>
      <td><a href='https://www.isrctn.com/ISRCTN46226449' target='_blank'><div>ISRCTN46226449</div></a></td>
      <td>A study to assess the efficacy of maggots as a wound debridement agent for ...</td>
      <td>Other</td>
      <td>Not Specified</td>
      <td>40</td>
    </tr>
    <tr>
      <td><a href='https://www.isrctn.com/ISRCTN05758301' target='_blank'><div>ISRCTN05758301</div></a></td>
      <td>Metabolic substrate support in left ventricular hypertrophy -HINGE Trial ( ...</td>
      <td>Other</td>
      <td>Adult</td>
      <td>0</td>
    </tr>
    <tr>
      <td><a href='https://www.isrctn.com/ISRCTN28259373' target='_blank'><div>ISRCTN28259373</div></a></td>
      <td>The effects of patterned electrical stimulation on the temporal pattern of ...</td>
      <td>Other</td>
      <td>Not Specified</td>
      <td>24</td>
    </tr>
    <tr>
      <td><a href='https://www.isrctn.com/ISRCTN00079388' target='_blank'><div>ISRCTN00079388</div></a></td>
      <td>Routine Screening in the management of Abdominal Aortic Aneurysms (AAA)</td>
      <td>Other</td>
      <td>Senior</td>
      <td>16000</td>
    </tr>
    <tr>
      <td><a href='https://www.isrctn.com/ISRCTN21175670' target='_blank'><div>ISRCTN21175670</div></a></td>
      <td>VenUS III: Ultrasound for venous leg ulcers</td>
      <td>Other</td>
      <td>Adult</td>
      <td>336</td>
    </tr>
    <tr>
      <td><a href='https://www.isrctn.com/ISRCTN93135831' target='_blank'><div>ISRCTN93135831</div></a></td>
      <td>Exquires study - electrical stimulation of quadricep muscles in the rehabil...</td>
      <td>Procedure/Surgery</td>
      <td>Not Specified</td>
      <td>0</td>
    </tr>
    <tr>
      <td><a href='https://www.isrctn.com/ISRCTN48337167' target='_blank'><div>ISRCTN48337167</div></a></td>
      <td>Comparing the treatment of heart failure patients in primary and secondary ...</td>
      <td>Other</td>
      <td>Not Specified</td>
      <td>0</td>
    </tr>
    <tr>
      <td><a href='https://www.isrctn.com/ISRCTN18842004' target='_blank'><div>ISRCTN18842004</div></a></td>
      <td>A pilot study to determine the effects of corticotrophin releasing hormone ...</td>
      <td>Drug</td>
      <td>Adult</td>
      <td>10</td>
    </tr>
    <tr>
      <td><a href='https://www.isrctn.com/ISRCTN24184235' target='_blank'><div>ISRCTN24184235</div></a></td>
      <td>Facilitating cardiac rehabilitation behaviours; a randomised controlled tri...</td>
      <td>Other</td>
      <td>Adult</td>
      <td>0</td>
    </tr>
    <tr>
      <td><a href='https://www.isrctn.com/ISRCTN61345521' target='_blank'><div>ISRCTN61345521</div></a></td>
      <td>An investigation into the relationship between full range arm and shoulder ...</td>
      <td>Other</td>
      <td>Adult</td>
      <td>0</td>
    </tr>
    <tr>
      <td><a href='https://www.isrctn.com/ISRCTN77640412' target='_blank'><div>ISRCTN77640412</div></a></td>
      <td>A prospective randomised trial of local anaesthetic (LA) with adrenaline on...</td>
      <td>Drug</td>
      <td>Not Specified</td>
      <td>25</td>
    </tr>
    <tr>
      <td><a href='https://www.isrctn.com/ISRCTN12716615' target='_blank'><div>ISRCTN12716615</div></a></td>
      <td>Randomised controlled trial to compare the benefits of aerobic, resistance ...</td>
      <td>Other</td>
      <td>Adult</td>
      <td>30</td>
    </tr>
    <tr>
      <td><a href='https://www.isrctn.com/ISRCTN85229111' target='_blank'><div>ISRCTN85229111</div></a></td>
      <td>Efficacy of magnesium and sotalol in prevention of Atrial fibrillation (AF)...</td>
      <td>Drug</td>
      <td>Not Specified</td>
      <td>200</td>
    </tr>
    <tr>
      <td><a href='https://www.isrctn.com/ISRCTN27475248' target='_blank'><div>ISRCTN27475248</div></a></td>
      <td>A comparison of the effects of Lisinopril and Bendrofluazide on cardiac bar...</td>
      <td>Drug</td>
      <td>Adult</td>
      <td>0</td>
    </tr>
    <tr>
      <td><a href='https://www.isrctn.com/ISRCTN18883083' target='_blank'><div>ISRCTN18883083</div></a></td>
      <td>Study into the effects of ischaemic pre-conditioning (IPC) on ischaemia-rep...</td>
      <td>Other</td>
      <td>Not Specified</td>
      <td>0</td>
    </tr>
    <tr>
      <td><a href='https://www.isrctn.com/ISRCTN65746454' target='_blank'><div>ISRCTN65746454</div></a></td>
      <td>Effects of ethanol on injury-induced changes in cardiovascular control</td>
      <td>Other</td>
      <td>Not Specified</td>
      <td>0</td>
    </tr>
    <tr>
      <td><a href='https://www.isrctn.com/ISRCTN77127531' target='_blank'><div>ISRCTN77127531</div></a></td>
      <td>Evaluation of the effects of chronic low frequency electrical stimulation o...</td>
      <td>Other</td>
      <td>Adult</td>
      <td>40</td>
    </tr>
    <tr>
      <td><a href='https://www.isrctn.com/ISRCTN68886157' target='_blank'><div>ISRCTN68886157</div></a></td>
      <td>A randomised controlled trial of exercise rehabilitation in addition to spe...</td>
      <td>Other</td>
      <td>Not Specified</td>
      <td>169</td>
    </tr>
    <tr>
      <td><a href='https://www.isrctn.com/ISRCTN72485131' target='_blank'><div>ISRCTN72485131</div></a></td>
      <td>Randomised controlled trial (RCT) and economic modelling to evaluate the pl...</td>
      <td>Other</td>
      <td>Adult</td>
      <td>300</td>
    </tr>
    <tr>
      <td><a href='https://www.isrctn.com/ISRCTN77374331' target='_blank'><div>ISRCTN77374331</div></a></td>
      <td>Topical anaesthetic drops for fluorescein angiography</td>
      <td>Other</td>
      <td>Not Specified</td>
      <td>0</td>
    </tr>
    <tr>
      <td><a href='https://www.isrctn.com/ISRCTN73339495' target='_blank'><div>ISRCTN73339495</div></a></td>
      <td>Pedometer use as an adjunct to exercise training in peripheral vascular dis...</td>
      <td>Other</td>
      <td>Not Specified</td>
      <td>60</td>
    </tr>
    <tr>
      <td><a href='https://www.isrctn.com/ISRCTN50504182' target='_blank'><div>ISRCTN50504182</div></a></td>
      <td>Diffusion and perfusion weighted magnetic resonance imaging (MRI) following...</td>
      <td>Other</td>
      <td>Not Specified</td>
      <td>20</td>
    </tr>
    <tr>
      <td><a href='https://www.isrctn.com/ISRCTN12248079' target='_blank'><div>ISRCTN12248079</div></a></td>
      <td>A pilot project to evaluate a nurse-implemented 'Group Protocol' for the ma...</td>
      <td>Drug</td>
      <td>Not Specified</td>
      <td>0</td>
    </tr>
    <tr>
      <td><a href='https://www.isrctn.com/ISRCTN44663253' target='_blank'><div>ISRCTN44663253</div></a></td>
      <td>Thalidomide for chronic heart failure</td>
      <td>Drug</td>
      <td>Not Specified</td>
      <td>20</td>
    </tr>
    <tr>
      <td><a href='https://www.isrctn.com/ISRCTN42024810' target='_blank'><div>ISRCTN42024810</div></a></td>
      <td>A prospective randomised, controlled trial of a single interview session de...</td>
      <td>Other</td>
      <td>Not Specified</td>
      <td>49</td>
    </tr>
    <tr>
      <td><a href='https://www.isrctn.com/ISRCTN47757485' target='_blank'><div>ISRCTN47757485</div></a></td>
      <td>Does surface neuromuscular stimulation (NMES) to the upper limb following s...</td>
      <td>Other</td>
      <td>Adult</td>
      <td>176</td>
    </tr>
    <tr>
      <td><a href='https://www.isrctn.com/ISRCTN79725810' target='_blank'><div>ISRCTN79725810</div></a></td>
      <td>Pathophysiological mechanisms of hypertensive left ventricular hypertrophy:...</td>
      <td>Other</td>
      <td>Not Specified</td>
      <td>0</td>
    </tr>
    <tr>
      <td><a href='https://www.isrctn.com/ISRCTN81127756' target='_blank'><div>ISRCTN81127756</div></a></td>
      <td>Does early compression therapy following deep vein thrombosis prevent devel...</td>
      <td>Other</td>
      <td>Not Specified</td>
      <td>250</td>
    </tr>
    <tr>
      <td><a href='https://www.isrctn.com/ISRCTN00582888' target='_blank'><div>ISRCTN00582888</div></a></td>
      <td>Two studies of blood pressure (BP) elevation associated with pregnancy and ...</td>
      <td>Drug</td>
      <td>Adult</td>
      <td>75</td>
    </tr>
    <tr>
      <td><a href='https://www.isrctn.com/ISRCTN23388474' target='_blank'><div>ISRCTN23388474</div></a></td>
      <td>Development of an intelligent robotic system to aid physical therapy in str...</td>
      <td>Other</td>
      <td>Not Specified</td>
      <td>0</td>
    </tr>
    <tr>
      <td><a href='https://www.isrctn.com/ISRCTN37319631' target='_blank'><div>ISRCTN37319631</div></a></td>
      <td>Acceptability, effectiveness and cost-effectiveness of intermediate care fo...</td>
      <td>Other</td>
      <td>Senior</td>
      <td>160</td>
    </tr>
    <tr>
      <td><a href='https://www.isrctn.com/ISRCTN65522010' target='_blank'><div>ISRCTN65522010</div></a></td>
      <td>Pharmacogenomics and essential hypertension</td>
      <td>Other</td>
      <td>Not Specified</td>
      <td>400</td>
    </tr>
    <tr>
      <td><a href='https://www.isrctn.com/ISRCTN77323728' target='_blank'><div>ISRCTN77323728</div></a></td>
      <td>A randomised controlled trial investigating the role of subfascial endoscop...</td>
      <td>Procedure/Surgery</td>
      <td>Adult</td>
      <td>0</td>
    </tr>
    <tr>
      <td><a href='https://www.isrctn.com/ISRCTN20367656' target='_blank'><div>ISRCTN20367656</div></a></td>
      <td>A single centre, placebo controlled trial to investigate the safety and tol...</td>
      <td>Drug</td>
      <td>Not Specified</td>
      <td>20</td>
    </tr>
    <tr>
      <td><a href='https://www.isrctn.com/ISRCTN34742708' target='_blank'><div>ISRCTN34742708</div></a></td>
      <td>The effect of myocardial ischaemia on pro-inflammatory cytokines and stress...</td>
      <td>Drug</td>
      <td>Not Specified</td>
      <td>40</td>
    </tr>
    <tr>
      <td><a href='https://www.isrctn.com/ISRCTN23630276' target='_blank'><div>ISRCTN23630276</div></a></td>
      <td>A study to compare the Vasotrac non-invasive blood pressure monitor with an...</td>
      <td>Other</td>
      <td>Not Specified</td>
      <td>0</td>
    </tr>
    <tr>
      <td><a href='https://www.isrctn.com/ISRCTN57635230' target='_blank'><div>ISRCTN57635230</div></a></td>
      <td>Avulsion or ligation - small tributaries of long saphenous vein in groin, d...</td>
      <td>Procedure/Surgery</td>
      <td>Not Specified</td>
      <td>40</td>
    </tr>
    <tr>
      <td><a href='https://www.isrctn.com/ISRCTN81113179' target='_blank'><div>ISRCTN81113179</div></a></td>
      <td>Hypertension and coronary prevention research project</td>
      <td>Other</td>
      <td>Adult</td>
      <td>700</td>
    </tr>
    <tr>
      <td><a href='https://www.isrctn.com/ISRCTN42864201' target='_blank'><div>ISRCTN42864201</div></a></td>
      <td>Modulation of ischaemic induced cardiac dysfunction by remote pre-condition...</td>
      <td>Drug</td>
      <td>Adult</td>
      <td>20</td>
    </tr>
    <tr>
      <td><a href='https://www.isrctn.com/ISRCTN98029969' target='_blank'><div>ISRCTN98029969</div></a></td>
      <td>Social-environmental, psychological and physical approaches to stroke rehab...</td>
      <td>Other</td>
      <td>Adult</td>
      <td>400</td>
    </tr>
    <tr>
      <td><a href='https://www.isrctn.com/ISRCTN38733901' target='_blank'><div>ISRCTN38733901</div></a></td>
      <td>A multi-centre randomised controlled trial of minimally invasive bypass gra...</td>
      <td>Other</td>
      <td>Not Specified</td>
      <td>0</td>
    </tr>
    <tr>
      <td><a href='https://www.isrctn.com/ISRCTN19083957' target='_blank'><div>ISRCTN19083957</div></a></td>
      <td>A randomised trial comparing four methods of investigating patients with su...</td>
      <td>Other</td>
      <td>Adult</td>
      <td>0</td>
    </tr>
    <tr>
      <td><a href='https://www.isrctn.com/ISRCTN06644918' target='_blank'><div>ISRCTN06644918</div></a></td>
      <td>A randomised controlled trial of two bandages for treating venous leg ulcer...</td>
      <td>Other</td>
      <td>Adult</td>
      <td>400</td>
    </tr>
    <tr>
      <td><a href='https://www.isrctn.com/ISRCTN19633732' target='_blank'><div>ISRCTN19633732</div></a></td>
      <td>Randomised controlled trial and cost effectiveness study of targeted screen...</td>
      <td>Other</td>
      <td>Senior</td>
      <td>15000</td>
    </tr>
    <tr>
      <td><a href='https://www.isrctn.com/ISRCTN90757358' target='_blank'><div>ISRCTN90757358</div></a></td>
      <td>Mild to moderate claudication: the cost-effectiveness of supervised exercis...</td>
      <td>Other</td>
      <td>Not Specified</td>
      <td>0</td>
    </tr>
    <tr>
      <td><a href='https://www.isrctn.com/ISRCTN07448447' target='_blank'><div>ISRCTN07448447</div></a></td>
      <td>The effect of continuous positive airway pressure (CPAP) and non-invasive p...</td>
      <td>Other</td>
      <td>Adult</td>
      <td>1200</td>
    </tr>
    <tr>
      <td><a href='https://www.isrctn.com/ISRCTN32956054' target='_blank'><div>ISRCTN32956054</div></a></td>
      <td>Assessment of cost-effectiveness of the treatment of varicose veins</td>
      <td>Other</td>
      <td>Adult</td>
      <td>1009</td>
    </tr>
    <tr>
      <td><a href='https://www.isrctn.com/ISRCTN84583734' target='_blank'><div>ISRCTN84583734</div></a></td>
      <td>A controlled comparison of alternative strategies in stroke rehabilitation</td>
      <td>Other</td>
      <td>Adult</td>
      <td>457</td>
    </tr>
    <tr>
      <td><a href='https://www.isrctn.com/ISRCTN04539889' target='_blank'><div>ISRCTN04539889</div></a></td>
      <td>An evaluation of the clinical and cost-effectiveness of pulmonary artery fl...</td>
      <td>Other</td>
      <td>Adult</td>
      <td>1041</td>
    </tr>
    <tr>
      <td><a href='https://www.isrctn.com/ISRCTN45398889' target='_blank'><div>ISRCTN45398889</div></a></td>
      <td>Multi-centre randomised controlled trial of the cost-effectiveness of infra...</td>
      <td>Other</td>
      <td>Not Specified</td>
      <td>452</td>
    </tr>
    <tr>
      <td><a href='https://www.isrctn.com/ISRCTN47108462' target='_blank'><div>ISRCTN47108462</div></a></td>
      <td>The cost-effectiveness of functional cardiac testing in the diagnosis and m...</td>
      <td>Other</td>
      <td>Not Specified</td>
      <td>898</td>
    </tr>
    <tr>
      <td><a href='https://www.isrctn.com/ISRCTN72884263' target='_blank'><div>ISRCTN72884263</div></a></td>
      <td>The Birmingham Rehabilitation Uptake Maximisation Study (BRUM). Home-based ...</td>
      <td>Other</td>
      <td>Not Specified</td>
      <td>650</td>
    </tr>
    <tr>
      <td><a href='https://www.isrctn.com/ISRCTN65375365' target='_blank'><div>ISRCTN65375365</div></a></td>
      <td>A multicentre international randomised trial to evaluate percutaneous endos...</td>
      <td>Other</td>
      <td>Not Specified</td>
      <td>4023</td>
    </tr>
  </tbody>
</table>"
1194,-15549.303072546925,6716278.93059565,British Heart Foundation,51.53387494245585,-0.13968176607475538,17.0,18.603744277225882,"<table border=""1"" class=""dataframe"">
  <thead>
    <tr style=""text-align: left;"">
      <th>ISRCTN link</th>
      <th>Title</th>
      <th>Intervention type</th>
      <th>Age group</th>
      <th>Target number of participants</th>
    </tr>
  </thead>
  <tbody>
    <tr>
      <td><a href='https://www.isrctn.com/ISRCTN34690731' target='_blank'><div>ISRCTN34690731</div></a></td>
      <td>PET CT analysis of restenosis after lower limb revascularisation</td>
      <td>Device</td>
      <td>Adult</td>
      <td>50</td>
    </tr>
    <tr>
      <td><a href='https://www.isrctn.com/ISRCTN33370579' target='_blank'><div>ISRCTN33370579</div></a></td>
      <td>Platelet receptor glycoprotein VI in thrombus formation and growth in atria...</td>
      <td>Other</td>
      <td>Adult</td>
      <td>150</td>
    </tr>
    <tr>
      <td><a href='https://www.isrctn.com/ISRCTN77246133' target='_blank'><div>ISRCTN77246133</div></a></td>
      <td>Clinical evaluation of MAgnetic Resonance imaging in Coronary heart disease</td>
      <td>Other</td>
      <td>Adult</td>
      <td>750</td>
    </tr>
    <tr>
      <td><a href='https://www.isrctn.com/ISRCTN97515585' target='_blank'><div>ISRCTN97515585</div></a></td>
      <td>A randomised controlled trial of the effect of angiotensin-converting enzym...</td>
      <td>Drug</td>
      <td>Adult</td>
      <td>60</td>
    </tr>
    <tr>
      <td><a href='https://www.isrctn.com/ISRCTN55265355' target='_blank'><div>ISRCTN55265355</div></a></td>
      <td>Randomised controlled trial of programme to reduce risk factors in patients...</td>
      <td>Other</td>
      <td>Adult</td>
      <td>0</td>
    </tr>
    <tr>
      <td><a href='https://www.isrctn.com/ISRCTN11820918' target='_blank'><div>ISRCTN11820918</div></a></td>
      <td>A multicentre randomised controlled trial comparing catheter ablation again...</td>
      <td>Other</td>
      <td>Not Specified</td>
      <td>0</td>
    </tr>
    <tr>
      <td><a href='https://www.isrctn.com/ISRCTN95530505' target='_blank'><div>ISRCTN95530505</div></a></td>
      <td>Low or high magnesium concentration in intermittent warm blood cardioplegia...</td>
      <td>Drug</td>
      <td>Not Specified</td>
      <td>400</td>
    </tr>
    <tr>
      <td><a href='https://www.isrctn.com/ISRCTN85520592' target='_blank'><div>ISRCTN85520592</div></a></td>
      <td>Spironolactone AmiLoride Thiazide study of aldosterone sensitive hypertensi...</td>
      <td>Drug</td>
      <td>Not Specified</td>
      <td>60</td>
    </tr>
    <tr>
      <td><a href='https://www.isrctn.com/ISRCTN21821912' target='_blank'><div>ISRCTN21821912</div></a></td>
      <td>Double blind, randomised controlled cross over trial comparing the antihype...</td>
      <td>Drug</td>
      <td>Adult</td>
      <td>0</td>
    </tr>
    <tr>
      <td><a href='https://www.isrctn.com/ISRCTN41186152' target='_blank'><div>ISRCTN41186152</div></a></td>
      <td>Randomised, placebo controlled study of the effect of sildenafil on hypoxia...</td>
      <td>Drug</td>
      <td>Adult</td>
      <td>0</td>
    </tr>
    <tr>
      <td><a href='https://www.isrctn.com/ISRCTN69596728' target='_blank'><div>ISRCTN69596728</div></a></td>
      <td>A randomised controlled factorial trial of simple strategies to implement n...</td>
      <td>Other</td>
      <td>Not Specified</td>
      <td>0</td>
    </tr>
    <tr>
      <td><a href='https://www.isrctn.com/ISRCTN28863939' target='_blank'><div>ISRCTN28863939</div></a></td>
      <td>Metformin in women with cardiac syndrome X: a randomised double blind place...</td>
      <td>Drug</td>
      <td>Adult</td>
      <td>0</td>
    </tr>
    <tr>
      <td><a href='https://www.isrctn.com/ISRCTN89811481' target='_blank'><div>ISRCTN89811481</div></a></td>
      <td>UK Pacing And Cardiovascular Events study: benefits in quality of life and ...</td>
      <td>Other</td>
      <td>Senior</td>
      <td>0</td>
    </tr>
    <tr>
      <td><a href='https://www.isrctn.com/ISRCTN14031168' target='_blank'><div>ISRCTN14031168</div></a></td>
      <td>HYpertension in the Very Elderly Trial</td>
      <td>Drug</td>
      <td>Senior</td>
      <td>2100</td>
    </tr>
    <tr>
      <td><a href='https://www.isrctn.com/ISRCTN31931021' target='_blank'><div>ISRCTN31931021</div></a></td>
      <td>Rescue angioplasty versus conservative treatment or repeat thrombolysis (th...</td>
      <td>Other</td>
      <td>Not Specified</td>
      <td>0</td>
    </tr>
    <tr>
      <td><a href='https://www.isrctn.com/ISRCTN07752711' target='_blank'><div>ISRCTN07752711</div></a></td>
      <td>Intervention versus conservative treatment strategy in patients with unstab...</td>
      <td>Procedure/Surgery</td>
      <td>Adult</td>
      <td>1810</td>
    </tr>
    <tr>
      <td><a href='https://www.isrctn.com/ISRCTN21931925' target='_blank'><div>ISRCTN21931925</div></a></td>
      <td>Test of the open artery hypothesis</td>
      <td>Other</td>
      <td>Not Specified</td>
      <td>0</td>
    </tr>
  </tbody>
</table>"
1195,-11897.483020977641,6713822.593033453,Arthritis Research Campaign (ARC),51.520146891449706,-0.10687690840296711,2.0,5.306765580733931,"<table border=""1"" class=""dataframe"">
  <thead>
    <tr style=""text-align: left;"">
      <th>ISRCTN link</th>
      <th>Title</th>
      <th>Intervention type</th>
      <th>Age group</th>
      <th>Target number of participants</th>
    </tr>
  </thead>
  <tbody>
    <tr>
      <td><a href='https://www.isrctn.com/ISRCTN30771772' target='_blank'><div>ISRCTN30771772</div></a></td>
      <td>Study of alternative regimens of high dose induction therapy for systemic v...</td>
      <td>Drug</td>
      <td>Not Specified</td>
      <td>0</td>
    </tr>
    <tr>
      <td><a href='https://www.isrctn.com/ISRCTN81818945' target='_blank'><div>ISRCTN81818945</div></a></td>
      <td>A prospective, multi-centre, randomised trial comparing low-dose aspirin wi...</td>
      <td>Drug</td>
      <td>Not Specified</td>
      <td>0</td>
    </tr>
  </tbody>
</table>"
